account_id,account_creation_date,account_age_days,device_id,address_id,abuse_label
ACC_N_0,2025-10-08T00:00:00,328,DEV_N_0,ADDR_N_0,0
ACC_N_1,2026-03-10T00:00:00,175,DEV_N_1,ADDR_N_1,0
ACC_N_2,2026-06-19T00:00:00,74,DEV_N_2,ADDR_N_2,0
ACC_N_3,2025-11-28T00:00:00,277,DEV_N_3,ADDR_N_3,0
ACC_N_4,2026-05-25T00:00:00,99,DEV_N_4,ADDR_N_4,0
ACC_N_5,2025-11-05T00:00:00,300,DEV_N_5,ADDR_N_5,0
ACC_N_6,2025-10-22T00:00:00,314,DEV_N_6,ADDR_N_6,0
ACC_N_7,2026-01-23T00:00:00,221,DEV_N_7,ADDR_N_7,0
ACC_N_8,2026-03-24T00:00:00,161,DEV_N_8,ADDR_N_8,0
ACC_N_9,2026-03-22T00:00:00,163,DEV_N_9,ADDR_N_9,0
ACC_N_10,2025-12-25T00:00:00,250,DEV_N_9,ADDR_N_9,0
ACC_N_11,2026-01-04T00:00:00,240,DEV_N_11,ADDR_N_11,0
ACC_N_12,2025-10-25T00:00:00,311,DEV_N_12,ADDR_N_12,0
ACC_N_13,2025-09-12T00:00:00,354,DEV_N_13,ADDR_N_13,0
ACC_N_14,2025-12-24T00:00:00,251,DEV_N_14,ADDR_N_14,0
ACC_N_15,2026-02-28T00:00:00,185,DEV_N_15,ADDR_N_15,0
ACC_N_16,2025-10-18T00:00:00,318,DEV_N_16,ADDR_N_16,0
ACC_N_17,2026-01-03T00:00:00,241,DEV_N_17,ADDR_N_17,0
ACC_N_18,2026-02-03T00:00:00,210,DEV_N_18,ADDR_N_18,0
ACC_N_19,2026-08-30T00:00:00,2,DEV_N_19,ADDR_N_19,0
ACC_N_20,2026-02-18T00:00:00,195,DEV_N_19,ADDR_N_19,0
ACC_N_21,2025-10-25T00:00:00,311,DEV_N_21,ADDR_N_21,0
ACC_N_22,2026-01-11T00:00:00,233,DEV_N_22,ADDR_N_22,0
ACC_N_23,2026-03-01T00:00:00,184,DEV_N_23,ADDR_N_23,0
ACC_N_24,2026-07-25T00:00:00,38,DEV_N_24,ADDR_N_24,0
ACC_N_25,2025-09-30T00:00:00,336,DEV_N_25,ADDR_N_25,0
ACC_N_26,2026-03-05T00:00:00,180,DEV_N_26,ADDR_N_26,0
ACC_N_27,2026-02-18T00:00:00,195,DEV_N_27,ADDR_N_27,0
ACC_N_28,2026-05-03T00:00:00,121,DEV_N_28,ADDR_N_28,0
ACC_N_29,2026-03-19T00:00:00,166,DEV_N_29,ADDR_N_29,0
ACC_N_30,2025-10-05T00:00:00,331,DEV_N_29,ADDR_N_29,0
ACC_N_31,2025-09-30T00:00:00,336,DEV_N_31,ADDR_N_31,0
ACC_N_32,2026-02-24T00:00:00,189,DEV_N_32,ADDR_N_32,0
ACC_N_33,2026-07-12T00:00:00,51,DEV_N_33,ADDR_N_33,0
ACC_N_34,2026-08-09T00:00:00,23,DEV_N_34,ADDR_N_34,0
ACC_N_35,2026-03-05T00:00:00,180,DEV_N_35,ADDR_N_35,0
ACC_N_36,2026-08-18T00:00:00,14,DEV_N_36,ADDR_N_36,0
ACC_N_37,2026-07-22T00:00:00,41,DEV_N_37,ADDR_N_37,0
ACC_N_38,2026-03-24T00:00:00,161,DEV_N_38,ADDR_N_38,0
ACC_N_39,2026-02-25T00:00:00,188,DEV_N_39,ADDR_N_39,0
ACC_N_40,2025-12-06T00:00:00,269,DEV_N_39,ADDR_N_39,0
ACC_N_41,2025-11-17T00:00:00,288,DEV_N_41,ADDR_N_41,0
ACC_N_42,2025-12-16T00:00:00,259,DEV_N_42,ADDR_N_42,0
ACC_N_43,2026-06-03T00:00:00,90,DEV_N_43,ADDR_N_43,0
ACC_N_44,2025-10-21T00:00:00,315,DEV_N_44,ADDR_N_44,0
ACC_N_45,2026-01-10T00:00:00,234,DEV_N_45,ADDR_N_45,0
ACC_N_46,2026-08-15T00:00:00,17,DEV_N_46,ADDR_N_46,0
ACC_N_47,2026-05-26T00:00:00,98,DEV_N_47,ADDR_N_47,0
ACC_N_48,2025-12-19T00:00:00,256,DEV_N_48,ADDR_N_48,0
ACC_N_49,2025-10-09T00:00:00,327,DEV_N_49,ADDR_N_49,0
ACC_N_50,2025-10-09T00:00:00,327,DEV_N_49,ADDR_N_49,0
ACC_N_51,2025-10-26T00:00:00,310,DEV_N_51,ADDR_N_51,0
ACC_N_52,2026-07-15T00:00:00,48,DEV_N_52,ADDR_N_52,0
ACC_N_53,2025-09-16T00:00:00,350,DEV_N_53,ADDR_N_53,0
ACC_N_54,2026-04-02T00:00:00,152,DEV_N_54,ADDR_N_54,0
ACC_N_55,2026-07-28T00:00:00,35,DEV_N_55,ADDR_N_55,0
ACC_N_56,2026-01-25T00:00:00,219,DEV_N_56,ADDR_N_56,0
ACC_N_57,2026-07-04T00:00:00,59,DEV_N_57,ADDR_N_57,0
ACC_N_58,2026-04-04T00:00:00,150,DEV_N_58,ADDR_N_58,0
ACC_N_59,2026-01-19T00:00:00,225,DEV_N_59,ADDR_N_59,0
ACC_N_60,2026-02-09T00:00:00,204,DEV_N_59,ADDR_N_59,0
ACC_N_61,2026-01-24T00:00:00,220,DEV_N_61,ADDR_N_61,0
ACC_N_62,2026-01-24T00:00:00,220,DEV_N_62,ADDR_N_62,0
ACC_N_63,2026-08-27T00:00:00,5,DEV_N_63,ADDR_N_63,0
ACC_N_64,2026-06-22T00:00:00,71,DEV_N_64,ADDR_N_64,0
ACC_N_65,2026-02-09T00:00:00,204,DEV_N_65,ADDR_N_65,0
ACC_N_66,2026-06-07T00:00:00,86,DEV_N_66,ADDR_N_66,0
ACC_N_67,2025-11-25T00:00:00,280,DEV_N_67,ADDR_N_67,0
ACC_N_68,2026-03-13T00:00:00,172,DEV_N_68,ADDR_N_68,0
ACC_N_69,2026-06-21T00:00:00,72,DEV_N_69,ADDR_N_69,0
ACC_N_70,2026-01-02T00:00:00,242,DEV_N_69,ADDR_N_69,0
ACC_N_71,2025-11-02T00:00:00,303,DEV_N_71,ADDR_N_71,0
ACC_N_72,2026-02-12T00:00:00,201,DEV_N_72,ADDR_N_72,0
ACC_N_73,2026-03-09T00:00:00,176,DEV_N_73,ADDR_N_73,0
ACC_N_74,2026-06-15T00:00:00,78,DEV_N_74,ADDR_N_74,0
ACC_N_75,2025-11-30T00:00:00,275,DEV_N_75,ADDR_N_75,0
ACC_N_76,2025-11-30T00:00:00,275,DEV_N_76,ADDR_N_76,0
ACC_N_77,2026-05-07T00:00:00,117,DEV_N_77,ADDR_N_77,0
ACC_N_78,2025-11-22T00:00:00,283,DEV_N_78,ADDR_N_78,0
ACC_N_79,2026-03-09T00:00:00,176,DEV_N_79,ADDR_N_79,0
ACC_N_80,2026-08-04T00:00:00,28,DEV_N_79,ADDR_N_79,0
ACC_N_81,2025-11-09T00:00:00,296,DEV_N_81,ADDR_N_81,0
ACC_N_82,2025-09-12T00:00:00,354,DEV_N_82,ADDR_N_82,0
ACC_N_83,2025-10-25T00:00:00,311,DEV_N_83,ADDR_N_83,0
ACC_N_84,2025-11-02T00:00:00,303,DEV_N_84,ADDR_N_84,0
ACC_N_85,2026-06-08T00:00:00,85,DEV_N_85,ADDR_N_85,0
ACC_N_86,2025-10-26T00:00:00,310,DEV_N_86,ADDR_N_86,0
ACC_N_87,2026-06-24T00:00:00,69,DEV_N_87,ADDR_N_87,0
ACC_N_88,2025-11-20T00:00:00,285,DEV_N_88,ADDR_N_88,0
ACC_N_89,2025-12-01T00:00:00,274,DEV_N_89,ADDR_N_89,0
ACC_N_90,2025-10-11T00:00:00,325,DEV_N_89,ADDR_N_89,0
ACC_N_91,2025-11-29T00:00:00,276,DEV_N_91,ADDR_N_91,0
ACC_N_92,2026-04-25T00:00:00,129,DEV_N_92,ADDR_N_92,0
ACC_N_93,2026-05-13T00:00:00,111,DEV_N_93,ADDR_N_93,0
ACC_N_94,2025-12-07T00:00:00,268,DEV_N_94,ADDR_N_94,0
ACC_N_95,2025-10-21T00:00:00,315,DEV_N_95,ADDR_N_95,0
ACC_N_96,2026-04-03T00:00:00,151,DEV_N_96,ADDR_N_96,0
ACC_N_97,2025-12-19T00:00:00,256,DEV_N_97,ADDR_N_97,0
ACC_N_98,2025-12-23T00:00:00,252,DEV_N_98,ADDR_N_98,0
ACC_N_99,2026-07-11T00:00:00,52,DEV_N_99,ADDR_N_99,0
ACC_N_100,2026-04-08T00:00:00,146,DEV_N_99,ADDR_N_99,0
ACC_N_101,2026-08-04T00:00:00,28,DEV_N_101,ADDR_N_101,0
ACC_N_102,2026-02-10T00:00:00,203,DEV_N_102,ADDR_N_102,0
ACC_N_103,2026-04-25T00:00:00,129,DEV_N_103,ADDR_N_103,0
ACC_N_104,2026-01-01T00:00:00,243,DEV_N_104,ADDR_N_104,0
ACC_N_105,2026-07-27T00:00:00,36,DEV_N_105,ADDR_N_105,0
ACC_N_106,2025-12-05T00:00:00,270,DEV_N_106,ADDR_N_106,0
ACC_N_107,2025-12-01T00:00:00,274,DEV_N_107,ADDR_N_107,0
ACC_N_108,2026-08-20T00:00:00,12,DEV_N_108,ADDR_N_108,0
ACC_N_109,2026-04-19T00:00:00,135,DEV_N_109,ADDR_N_109,0
ACC_N_110,2026-04-23T00:00:00,131,DEV_N_109,ADDR_N_109,0
ACC_N_111,2026-01-14T00:00:00,230,DEV_N_111,ADDR_N_111,0
ACC_N_112,2026-07-28T00:00:00,35,DEV_N_112,ADDR_N_112,0
ACC_N_113,2026-01-17T00:00:00,227,DEV_N_113,ADDR_N_113,0
ACC_N_114,2026-02-11T00:00:00,202,DEV_N_114,ADDR_N_114,0
ACC_N_115,2026-07-16T00:00:00,47,DEV_N_115,ADDR_N_115,0
ACC_N_116,2026-08-06T00:00:00,26,DEV_N_116,ADDR_N_116,0
ACC_N_117,2026-02-18T00:00:00,195,DEV_N_117,ADDR_N_117,0
ACC_N_118,2026-05-24T00:00:00,100,DEV_N_118,ADDR_N_118,0
ACC_N_119,2026-05-20T00:00:00,104,DEV_N_119,ADDR_N_119,0
ACC_N_120,2025-12-27T00:00:00,248,DEV_N_119,ADDR_N_119,0
ACC_N_121,2025-11-01T00:00:00,304,DEV_N_121,ADDR_N_121,0
ACC_N_122,2025-10-26T00:00:00,310,DEV_N_122,ADDR_N_122,0
ACC_N_123,2026-02-05T00:00:00,208,DEV_N_123,ADDR_N_123,0
ACC_N_124,2025-10-07T00:00:00,329,DEV_N_124,ADDR_N_124,0
ACC_N_125,2026-04-24T00:00:00,130,DEV_N_125,ADDR_N_125,0
ACC_N_126,2026-05-24T00:00:00,100,DEV_N_126,ADDR_N_126,0
ACC_N_127,2026-07-15T00:00:00,48,DEV_N_127,ADDR_N_127,0
ACC_N_128,2026-06-30T00:00:00,63,DEV_N_128,ADDR_N_128,0
ACC_N_129,2026-05-25T00:00:00,99,DEV_N_129,ADDR_N_129,0
ACC_N_130,2025-11-08T00:00:00,297,DEV_N_129,ADDR_N_129,0
ACC_N_131,2026-04-08T00:00:00,146,DEV_N_131,ADDR_N_131,0
ACC_N_132,2026-02-20T00:00:00,193,DEV_N_132,ADDR_N_132,0
ACC_N_133,2026-05-10T00:00:00,114,DEV_N_133,ADDR_N_133,0
ACC_N_134,2025-12-21T00:00:00,254,DEV_N_134,ADDR_N_134,0
ACC_N_135,2026-04-02T00:00:00,152,DEV_N_135,ADDR_N_135,0
ACC_N_136,2026-08-19T00:00:00,13,DEV_N_136,ADDR_N_136,0
ACC_N_137,2025-11-27T00:00:00,278,DEV_N_137,ADDR_N_137,0
ACC_N_138,2026-04-12T00:00:00,142,DEV_N_138,ADDR_N_138,0
ACC_N_139,2026-02-02T00:00:00,211,DEV_N_139,ADDR_N_139,0
ACC_N_140,2025-09-13T00:00:00,353,DEV_N_139,ADDR_N_139,0
ACC_N_141,2026-05-11T00:00:00,113,DEV_N_141,ADDR_N_141,0
ACC_N_142,2026-05-23T00:00:00,101,DEV_N_142,ADDR_N_142,0
ACC_N_143,2025-11-02T00:00:00,303,DEV_N_143,ADDR_N_143,0
ACC_N_144,2026-04-12T00:00:00,142,DEV_N_144,ADDR_N_144,0
ACC_N_145,2026-05-12T00:00:00,112,DEV_N_145,ADDR_N_145,0
ACC_N_146,2025-12-07T00:00:00,268,DEV_N_146,ADDR_N_146,0
ACC_N_147,2025-09-03T00:00:00,363,DEV_N_147,ADDR_N_147,0
ACC_N_148,2025-09-05T00:00:00,361,DEV_N_148,ADDR_N_148,0
ACC_N_149,2026-02-04T00:00:00,209,DEV_N_149,ADDR_N_149,0
ACC_N_150,2026-07-29T00:00:00,34,DEV_N_149,ADDR_N_149,0
ACC_N_151,2026-04-25T00:00:00,129,DEV_N_151,ADDR_N_151,0
ACC_N_152,2025-09-27T00:00:00,339,DEV_N_152,ADDR_N_152,0
ACC_N_153,2025-09-27T00:00:00,339,DEV_N_153,ADDR_N_153,0
ACC_N_154,2025-09-12T00:00:00,354,DEV_N_154,ADDR_N_154,0
ACC_N_155,2026-05-28T00:00:00,96,DEV_N_155,ADDR_N_155,0
ACC_N_156,2026-05-03T00:00:00,121,DEV_N_156,ADDR_N_156,0
ACC_N_157,2026-07-21T00:00:00,42,DEV_N_157,ADDR_N_157,0
ACC_N_158,2026-04-09T00:00:00,145,DEV_N_158,ADDR_N_158,0
ACC_N_159,2025-09-06T00:00:00,360,DEV_N_159,ADDR_N_159,0
ACC_N_160,2026-07-14T00:00:00,49,DEV_N_159,ADDR_N_159,0
ACC_N_161,2026-03-06T00:00:00,179,DEV_N_161,ADDR_N_161,0
ACC_N_162,2026-03-16T00:00:00,169,DEV_N_162,ADDR_N_162,0
ACC_N_163,2025-12-24T00:00:00,251,DEV_N_163,ADDR_N_163,0
ACC_N_164,2026-06-16T00:00:00,77,DEV_N_164,ADDR_N_164,0
ACC_N_165,2026-07-20T00:00:00,43,DEV_N_165,ADDR_N_165,0
ACC_N_166,2025-09-12T00:00:00,354,DEV_N_166,ADDR_N_166,0
ACC_N_167,2026-03-14T00:00:00,171,DEV_N_167,ADDR_N_167,0
ACC_N_168,2026-05-21T00:00:00,103,DEV_N_168,ADDR_N_168,0
ACC_N_169,2026-02-22T00:00:00,191,DEV_N_169,ADDR_N_169,0
ACC_N_170,2025-10-02T00:00:00,334,DEV_N_169,ADDR_N_169,0
ACC_N_171,2026-01-11T00:00:00,233,DEV_N_171,ADDR_N_171,0
ACC_N_172,2026-06-25T00:00:00,68,DEV_N_172,ADDR_N_172,0
ACC_N_173,2025-09-04T00:00:00,362,DEV_N_173,ADDR_N_173,0
ACC_N_174,2026-03-22T00:00:00,163,DEV_N_174,ADDR_N_174,0
ACC_N_175,2025-10-21T00:00:00,315,DEV_N_175,ADDR_N_175,0
ACC_N_176,2025-10-29T00:00:00,307,DEV_N_176,ADDR_N_176,0
ACC_N_177,2026-08-23T00:00:00,9,DEV_N_177,ADDR_N_177,0
ACC_N_178,2026-05-25T00:00:00,99,DEV_N_178,ADDR_N_178,0
ACC_N_179,2025-10-18T00:00:00,318,DEV_N_179,ADDR_N_179,0
ACC_N_180,2026-08-25T00:00:00,7,DEV_N_179,ADDR_N_179,0
ACC_N_181,2025-09-11T00:00:00,355,DEV_N_181,ADDR_N_181,0
ACC_N_182,2026-08-09T00:00:00,23,DEV_N_182,ADDR_N_182,0
ACC_N_183,2025-09-01T00:00:00,365,DEV_N_183,ADDR_N_183,0
ACC_N_184,2026-06-01T00:00:00,92,DEV_N_184,ADDR_N_184,0
ACC_N_185,2026-07-02T00:00:00,61,DEV_N_185,ADDR_N_185,0
ACC_N_186,2026-01-02T00:00:00,242,DEV_N_186,ADDR_N_186,0
ACC_N_187,2026-05-27T00:00:00,97,DEV_N_187,ADDR_N_187,0
ACC_N_188,2025-12-01T00:00:00,274,DEV_N_188,ADDR_N_188,0
ACC_N_189,2026-07-27T00:00:00,36,DEV_N_189,ADDR_N_189,0
ACC_N_190,2025-12-05T00:00:00,270,DEV_N_189,ADDR_N_189,0
ACC_N_191,2026-02-03T00:00:00,210,DEV_N_191,ADDR_N_191,0
ACC_N_192,2025-09-20T00:00:00,346,DEV_N_192,ADDR_N_192,0
ACC_N_193,2026-02-13T00:00:00,200,DEV_N_193,ADDR_N_193,0
ACC_N_194,2025-10-29T00:00:00,307,DEV_N_194,ADDR_N_194,0
ACC_N_195,2025-11-28T00:00:00,277,DEV_N_195,ADDR_N_195,0
ACC_N_196,2026-04-28T00:00:00,126,DEV_N_196,ADDR_N_196,0
ACC_N_197,2025-10-31T00:00:00,305,DEV_N_197,ADDR_N_197,0
ACC_N_198,2026-02-05T00:00:00,208,DEV_N_198,ADDR_N_198,0
ACC_N_199,2026-03-27T00:00:00,158,DEV_N_199,ADDR_N_199,0
ACC_N_200,2026-02-28T00:00:00,185,DEV_N_199,ADDR_N_199,0
ACC_N_201,2025-09-08T00:00:00,358,DEV_N_201,ADDR_N_201,0
ACC_N_202,2026-07-29T00:00:00,34,DEV_N_202,ADDR_N_202,0
ACC_N_203,2026-08-01T00:00:00,31,DEV_N_203,ADDR_N_203,0
ACC_N_204,2026-04-28T00:00:00,126,DEV_N_204,ADDR_N_204,0
ACC_N_205,2026-06-28T00:00:00,65,DEV_N_205,ADDR_N_205,0
ACC_N_206,2026-02-22T00:00:00,191,DEV_N_206,ADDR_N_206,0
ACC_N_207,2026-02-13T00:00:00,200,DEV_N_207,ADDR_N_207,0
ACC_N_208,2026-02-05T00:00:00,208,DEV_N_208,ADDR_N_208,0
ACC_N_209,2026-06-13T00:00:00,80,DEV_N_209,ADDR_N_209,0
ACC_N_210,2026-06-13T00:00:00,80,DEV_N_209,ADDR_N_209,0
ACC_N_211,2025-09-01T00:00:00,365,DEV_N_211,ADDR_N_211,0
ACC_N_212,2026-04-07T00:00:00,147,DEV_N_212,ADDR_N_212,0
ACC_N_213,2026-06-26T00:00:00,67,DEV_N_213,ADDR_N_213,0
ACC_N_214,2025-11-18T00:00:00,287,DEV_N_214,ADDR_N_214,0
ACC_N_215,2025-11-22T00:00:00,283,DEV_N_215,ADDR_N_215,0
ACC_N_216,2026-05-19T00:00:00,105,DEV_N_216,ADDR_N_216,0
ACC_N_217,2026-08-21T00:00:00,11,DEV_N_217,ADDR_N_217,0
ACC_N_218,2026-07-23T00:00:00,40,DEV_N_218,ADDR_N_218,0
ACC_N_219,2026-02-28T00:00:00,185,DEV_N_219,ADDR_N_219,0
ACC_N_220,2025-10-26T00:00:00,310,DEV_N_219,ADDR_N_219,0
ACC_N_221,2026-04-09T00:00:00,145,DEV_N_221,ADDR_N_221,0
ACC_N_222,2025-10-02T00:00:00,334,DEV_N_222,ADDR_N_222,0
ACC_N_223,2026-08-11T00:00:00,21,DEV_N_223,ADDR_N_223,0
ACC_N_224,2026-07-19T00:00:00,44,DEV_N_224,ADDR_N_224,0
ACC_N_225,2026-07-04T00:00:00,59,DEV_N_225,ADDR_N_225,0
ACC_N_226,2025-12-17T00:00:00,258,DEV_N_226,ADDR_N_226,0
ACC_N_227,2026-07-04T00:00:00,59,DEV_N_227,ADDR_N_227,0
ACC_N_228,2026-04-16T00:00:00,138,DEV_N_228,ADDR_N_228,0
ACC_N_229,2025-10-09T00:00:00,327,DEV_N_229,ADDR_N_229,0
ACC_N_230,2026-02-12T00:00:00,201,DEV_N_229,ADDR_N_229,0
ACC_N_231,2026-06-22T00:00:00,71,DEV_N_231,ADDR_N_231,0
ACC_N_232,2026-05-22T00:00:00,102,DEV_N_232,ADDR_N_232,0
ACC_N_233,2026-08-14T00:00:00,18,DEV_N_233,ADDR_N_233,0
ACC_N_234,2025-09-22T00:00:00,344,DEV_N_234,ADDR_N_234,0
ACC_N_235,2026-04-13T00:00:00,141,DEV_N_235,ADDR_N_235,0
ACC_N_236,2026-05-09T00:00:00,115,DEV_N_236,ADDR_N_236,0
ACC_N_237,2026-08-29T00:00:00,3,DEV_N_237,ADDR_N_237,0
ACC_N_238,2025-09-27T00:00:00,339,DEV_N_238,ADDR_N_238,0
ACC_N_239,2025-12-17T00:00:00,258,DEV_N_239,ADDR_N_239,0
ACC_N_240,2025-12-30T00:00:00,245,DEV_N_239,ADDR_N_239,0
ACC_N_241,2026-06-17T00:00:00,76,DEV_N_241,ADDR_N_241,0
ACC_N_242,2026-08-04T00:00:00,28,DEV_N_242,ADDR_N_242,0
ACC_N_243,2025-10-30T00:00:00,306,DEV_N_243,ADDR_N_243,0
ACC_N_244,2026-07-19T00:00:00,44,DEV_N_244,ADDR_N_244,0
ACC_N_245,2026-04-05T00:00:00,149,DEV_N_245,ADDR_N_245,0
ACC_N_246,2026-03-11T00:00:00,174,DEV_N_246,ADDR_N_246,0
ACC_N_247,2026-04-21T00:00:00,133,DEV_N_247,ADDR_N_247,0
ACC_N_248,2026-06-21T00:00:00,72,DEV_N_248,ADDR_N_248,0
ACC_N_249,2025-09-05T00:00:00,361,DEV_N_249,ADDR_N_249,0
ACC_N_250,2026-08-15T00:00:00,17,DEV_N_249,ADDR_N_249,0
ACC_N_251,2026-08-03T00:00:00,29,DEV_N_251,ADDR_N_251,0
ACC_N_252,2026-03-09T00:00:00,176,DEV_N_252,ADDR_N_252,0
ACC_N_253,2026-06-26T00:00:00,67,DEV_N_253,ADDR_N_253,0
ACC_N_254,2026-02-25T00:00:00,188,DEV_N_254,ADDR_N_254,0
ACC_N_255,2026-04-19T00:00:00,135,DEV_N_255,ADDR_N_255,0
ACC_N_256,2025-09-30T00:00:00,336,DEV_N_256,ADDR_N_256,0
ACC_N_257,2026-08-10T00:00:00,22,DEV_N_257,ADDR_N_257,0
ACC_N_258,2025-12-04T00:00:00,271,DEV_N_258,ADDR_N_258,0
ACC_N_259,2026-07-11T00:00:00,52,DEV_N_259,ADDR_N_259,0
ACC_N_260,2025-11-03T00:00:00,302,DEV_N_259,ADDR_N_259,0
ACC_N_261,2026-07-13T00:00:00,50,DEV_N_261,ADDR_N_261,0
ACC_N_262,2026-04-07T00:00:00,147,DEV_N_262,ADDR_N_262,0
ACC_N_263,2025-12-25T00:00:00,250,DEV_N_263,ADDR_N_263,0
ACC_N_264,2026-04-09T00:00:00,145,DEV_N_264,ADDR_N_264,0
ACC_N_265,2025-09-02T00:00:00,364,DEV_N_265,ADDR_N_265,0
ACC_N_266,2026-01-29T00:00:00,215,DEV_N_266,ADDR_N_266,0
ACC_N_267,2025-11-21T00:00:00,284,DEV_N_267,ADDR_N_267,0
ACC_N_268,2025-12-26T00:00:00,249,DEV_N_268,ADDR_N_268,0
ACC_N_269,2026-06-29T00:00:00,64,DEV_N_269,ADDR_N_269,0
ACC_N_270,2025-11-17T00:00:00,288,DEV_N_269,ADDR_N_269,0
ACC_N_271,2026-06-10T00:00:00,83,DEV_N_271,ADDR_N_271,0
ACC_N_272,2025-10-03T00:00:00,333,DEV_N_272,ADDR_N_272,0
ACC_N_273,2025-11-04T00:00:00,301,DEV_N_273,ADDR_N_273,0
ACC_N_274,2026-02-25T00:00:00,188,DEV_N_274,ADDR_N_274,0
ACC_N_275,2025-11-12T00:00:00,293,DEV_N_275,ADDR_N_275,0
ACC_N_276,2026-03-27T00:00:00,158,DEV_N_276,ADDR_N_276,0
ACC_N_277,2026-05-28T00:00:00,96,DEV_N_277,ADDR_N_277,0
ACC_N_278,2026-07-16T00:00:00,47,DEV_N_278,ADDR_N_278,0
ACC_N_279,2026-06-22T00:00:00,71,DEV_N_279,ADDR_N_279,0
ACC_N_280,2026-03-21T00:00:00,164,DEV_N_279,ADDR_N_279,0
ACC_N_281,2026-02-10T00:00:00,203,DEV_N_281,ADDR_N_281,0
ACC_N_282,2025-11-13T00:00:00,292,DEV_N_282,ADDR_N_282,0
ACC_N_283,2026-04-13T00:00:00,141,DEV_N_283,ADDR_N_283,0
ACC_N_284,2026-01-28T00:00:00,216,DEV_N_284,ADDR_N_284,0
ACC_N_285,2025-11-15T00:00:00,290,DEV_N_285,ADDR_N_285,0
ACC_N_286,2025-11-29T00:00:00,276,DEV_N_286,ADDR_N_286,0
ACC_N_287,2026-01-07T00:00:00,237,DEV_N_287,ADDR_N_287,0
ACC_N_288,2025-12-13T00:00:00,262,DEV_N_288,ADDR_N_288,0
ACC_N_289,2026-02-05T00:00:00,208,DEV_N_289,ADDR_N_289,0
ACC_N_290,2025-12-06T00:00:00,269,DEV_N_289,ADDR_N_289,0
ACC_N_291,2025-12-07T00:00:00,268,DEV_N_291,ADDR_N_291,0
ACC_N_292,2025-10-06T00:00:00,330,DEV_N_292,ADDR_N_292,0
ACC_N_293,2026-06-12T00:00:00,81,DEV_N_293,ADDR_N_293,0
ACC_N_294,2026-03-27T00:00:00,158,DEV_N_294,ADDR_N_294,0
ACC_N_295,2025-09-13T00:00:00,353,DEV_N_295,ADDR_N_295,0
ACC_N_296,2025-11-11T00:00:00,294,DEV_N_296,ADDR_N_296,0
ACC_N_297,2026-03-14T00:00:00,171,DEV_N_297,ADDR_N_297,0
ACC_N_298,2026-07-15T00:00:00,48,DEV_N_298,ADDR_N_298,0
ACC_N_299,2026-05-27T00:00:00,97,DEV_N_299,ADDR_N_299,0
ACC_N_300,2026-05-04T00:00:00,120,DEV_N_299,ADDR_N_299,0
ACC_N_301,2026-01-31T00:00:00,213,DEV_N_301,ADDR_N_301,0
ACC_N_302,2026-06-12T00:00:00,81,DEV_N_302,ADDR_N_302,0
ACC_N_303,2025-12-22T00:00:00,253,DEV_N_303,ADDR_N_303,0
ACC_N_304,2025-12-10T00:00:00,265,DEV_N_304,ADDR_N_304,0
ACC_N_305,2025-12-13T00:00:00,262,DEV_N_305,ADDR_N_305,0
ACC_N_306,2026-06-15T00:00:00,78,DEV_N_306,ADDR_N_306,0
ACC_N_307,2026-03-05T00:00:00,180,DEV_N_307,ADDR_N_307,0
ACC_N_308,2026-04-14T00:00:00,140,DEV_N_308,ADDR_N_308,0
ACC_N_309,2025-09-23T00:00:00,343,DEV_N_309,ADDR_N_309,0
ACC_N_310,2026-08-07T00:00:00,25,DEV_N_309,ADDR_N_309,0
ACC_N_311,2026-04-19T00:00:00,135,DEV_N_311,ADDR_N_311,0
ACC_N_312,2026-02-01T00:00:00,212,DEV_N_312,ADDR_N_312,0
ACC_N_313,2026-04-16T00:00:00,138,DEV_N_313,ADDR_N_313,0
ACC_N_314,2026-02-01T00:00:00,212,DEV_N_314,ADDR_N_314,0
ACC_N_315,2026-05-30T00:00:00,94,DEV_N_315,ADDR_N_315,0
ACC_N_316,2026-06-07T00:00:00,86,DEV_N_316,ADDR_N_316,0
ACC_N_317,2025-09-15T00:00:00,351,DEV_N_317,ADDR_N_317,0
ACC_N_318,2025-11-27T00:00:00,278,DEV_N_318,ADDR_N_318,0
ACC_N_319,2026-03-04T00:00:00,181,DEV_N_319,ADDR_N_319,0
ACC_N_320,2026-07-03T00:00:00,60,DEV_N_319,ADDR_N_319,0
ACC_N_321,2026-07-01T00:00:00,62,DEV_N_321,ADDR_N_321,0
ACC_N_322,2026-01-17T00:00:00,227,DEV_N_322,ADDR_N_322,0
ACC_N_323,2025-10-10T00:00:00,326,DEV_N_323,ADDR_N_323,0
ACC_N_324,2026-08-10T00:00:00,22,DEV_N_324,ADDR_N_324,0
ACC_N_325,2025-09-28T00:00:00,338,DEV_N_325,ADDR_N_325,0
ACC_N_326,2026-02-02T00:00:00,211,DEV_N_326,ADDR_N_326,0
ACC_N_327,2025-11-05T00:00:00,300,DEV_N_327,ADDR_N_327,0
ACC_N_328,2026-02-23T00:00:00,190,DEV_N_328,ADDR_N_328,0
ACC_N_329,2026-03-21T00:00:00,164,DEV_N_329,ADDR_N_329,0
ACC_N_330,2026-02-14T00:00:00,199,DEV_N_329,ADDR_N_329,0
ACC_N_331,2025-09-04T00:00:00,362,DEV_N_331,ADDR_N_331,0
ACC_N_332,2026-04-19T00:00:00,135,DEV_N_332,ADDR_N_332,0
ACC_N_333,2025-11-01T00:00:00,304,DEV_N_333,ADDR_N_333,0
ACC_N_334,2025-12-20T00:00:00,255,DEV_N_334,ADDR_N_334,0
ACC_N_335,2026-03-24T00:00:00,161,DEV_N_335,ADDR_N_335,0
ACC_N_336,2026-04-13T00:00:00,141,DEV_N_336,ADDR_N_336,0
ACC_N_337,2025-09-10T00:00:00,356,DEV_N_337,ADDR_N_337,0
ACC_N_338,2026-03-29T00:00:00,156,DEV_N_338,ADDR_N_338,0
ACC_N_339,2025-10-10T00:00:00,326,DEV_N_339,ADDR_N_339,0
ACC_N_340,2025-11-08T00:00:00,297,DEV_N_339,ADDR_N_339,0
ACC_N_341,2026-07-29T00:00:00,34,DEV_N_341,ADDR_N_341,0
ACC_N_342,2025-11-09T00:00:00,296,DEV_N_342,ADDR_N_342,0
ACC_N_343,2026-03-10T00:00:00,175,DEV_N_343,ADDR_N_343,0
ACC_N_344,2025-09-25T00:00:00,341,DEV_N_344,ADDR_N_344,0
ACC_N_345,2025-12-30T00:00:00,245,DEV_N_345,ADDR_N_345,0
ACC_N_346,2026-04-24T00:00:00,130,DEV_N_346,ADDR_N_346,0
ACC_N_347,2026-01-20T00:00:00,224,DEV_N_347,ADDR_N_347,0
ACC_N_348,2026-08-19T00:00:00,13,DEV_N_348,ADDR_N_348,0
ACC_N_349,2026-04-19T00:00:00,135,DEV_N_349,ADDR_N_349,0
ACC_N_350,2026-01-13T00:00:00,231,DEV_N_349,ADDR_N_349,0
ACC_N_351,2026-05-01T00:00:00,123,DEV_N_351,ADDR_N_351,0
ACC_N_352,2026-07-02T00:00:00,61,DEV_N_352,ADDR_N_352,0
ACC_N_353,2026-07-13T00:00:00,50,DEV_N_353,ADDR_N_353,0
ACC_N_354,2025-11-05T00:00:00,300,DEV_N_354,ADDR_N_354,0
ACC_N_355,2025-10-28T00:00:00,308,DEV_N_355,ADDR_N_355,0
ACC_N_356,2025-11-11T00:00:00,294,DEV_N_356,ADDR_N_356,0
ACC_N_357,2026-06-28T00:00:00,65,DEV_N_357,ADDR_N_357,0
ACC_N_358,2026-03-04T00:00:00,181,DEV_N_358,ADDR_N_358,0
ACC_N_359,2026-02-16T00:00:00,197,DEV_N_359,ADDR_N_359,0
ACC_N_360,2026-05-24T00:00:00,100,DEV_N_359,ADDR_N_359,0
ACC_N_361,2026-07-04T00:00:00,59,DEV_N_361,ADDR_N_361,0
ACC_N_362,2025-10-23T00:00:00,313,DEV_N_362,ADDR_N_362,0
ACC_N_363,2025-10-25T00:00:00,311,DEV_N_363,ADDR_N_363,0
ACC_N_364,2026-01-13T00:00:00,231,DEV_N_364,ADDR_N_364,0
ACC_N_365,2025-10-14T00:00:00,322,DEV_N_365,ADDR_N_365,0
ACC_N_366,2026-03-26T00:00:00,159,DEV_N_366,ADDR_N_366,0
ACC_N_367,2025-09-08T00:00:00,358,DEV_N_367,ADDR_N_367,0
ACC_N_368,2026-06-24T00:00:00,69,DEV_N_368,ADDR_N_368,0
ACC_N_369,2026-06-29T00:00:00,64,DEV_N_369,ADDR_N_369,0
ACC_N_370,2026-04-16T00:00:00,138,DEV_N_369,ADDR_N_369,0
ACC_N_371,2025-11-09T00:00:00,296,DEV_N_371,ADDR_N_371,0
ACC_N_372,2025-10-02T00:00:00,334,DEV_N_372,ADDR_N_372,0
ACC_N_373,2026-05-03T00:00:00,121,DEV_N_373,ADDR_N_373,0
ACC_N_374,2025-11-04T00:00:00,301,DEV_N_374,ADDR_N_374,0
ACC_N_375,2025-11-20T00:00:00,285,DEV_N_375,ADDR_N_375,0
ACC_N_376,2026-06-25T00:00:00,68,DEV_N_376,ADDR_N_376,0
ACC_N_377,2025-09-27T00:00:00,339,DEV_N_377,ADDR_N_377,0
ACC_N_378,2026-04-30T00:00:00,124,DEV_N_378,ADDR_N_378,0
ACC_N_379,2026-08-18T00:00:00,14,DEV_N_379,ADDR_N_379,0
ACC_N_380,2025-09-27T00:00:00,339,DEV_N_379,ADDR_N_379,0
ACC_N_381,2025-11-19T00:00:00,286,DEV_N_381,ADDR_N_381,0
ACC_N_382,2026-02-12T00:00:00,201,DEV_N_382,ADDR_N_382,0
ACC_N_383,2026-08-20T00:00:00,12,DEV_N_383,ADDR_N_383,0
ACC_N_384,2026-07-14T00:00:00,49,DEV_N_384,ADDR_N_384,0
ACC_N_385,2025-11-04T00:00:00,301,DEV_N_385,ADDR_N_385,0
ACC_N_386,2025-10-30T00:00:00,306,DEV_N_386,ADDR_N_386,0
ACC_N_387,2026-01-29T00:00:00,215,DEV_N_387,ADDR_N_387,0
ACC_N_388,2025-11-30T00:00:00,275,DEV_N_388,ADDR_N_388,0
ACC_N_389,2025-10-21T00:00:00,315,DEV_N_389,ADDR_N_389,0
ACC_N_390,2026-05-26T00:00:00,98,DEV_N_389,ADDR_N_389,0
ACC_N_391,2025-12-04T00:00:00,271,DEV_N_391,ADDR_N_391,0
ACC_N_392,2025-11-20T00:00:00,285,DEV_N_392,ADDR_N_392,0
ACC_N_393,2026-06-25T00:00:00,68,DEV_N_393,ADDR_N_393,0
ACC_N_394,2025-09-24T00:00:00,342,DEV_N_394,ADDR_N_394,0
ACC_N_395,2026-01-29T00:00:00,215,DEV_N_395,ADDR_N_395,0
ACC_N_396,2026-06-16T00:00:00,77,DEV_N_396,ADDR_N_396,0
ACC_N_397,2025-10-21T00:00:00,315,DEV_N_397,ADDR_N_397,0
ACC_N_398,2025-11-01T00:00:00,304,DEV_N_398,ADDR_N_398,0
ACC_N_399,2026-05-22T00:00:00,102,DEV_N_399,ADDR_N_399,0
ACC_N_400,2026-03-06T00:00:00,179,DEV_N_399,ADDR_N_399,0
ACC_N_401,2025-11-04T00:00:00,301,DEV_N_401,ADDR_N_401,0
ACC_N_402,2026-02-24T00:00:00,189,DEV_N_402,ADDR_N_402,0
ACC_N_403,2026-05-21T00:00:00,103,DEV_N_403,ADDR_N_403,0
ACC_N_404,2026-05-12T00:00:00,112,DEV_N_404,ADDR_N_404,0
ACC_N_405,2026-07-24T00:00:00,39,DEV_N_405,ADDR_N_405,0
ACC_N_406,2025-12-05T00:00:00,270,DEV_N_406,ADDR_N_406,0
ACC_N_407,2025-12-24T00:00:00,251,DEV_N_407,ADDR_N_407,0
ACC_N_408,2026-01-05T00:00:00,239,DEV_N_408,ADDR_N_408,0
ACC_N_409,2026-07-01T00:00:00,62,DEV_N_409,ADDR_N_409,0
ACC_N_410,2026-05-17T00:00:00,107,DEV_N_409,ADDR_N_409,0
ACC_N_411,2026-05-14T00:00:00,110,DEV_N_411,ADDR_N_411,0
ACC_N_412,2026-06-29T00:00:00,64,DEV_N_412,ADDR_N_412,0
ACC_N_413,2026-05-10T00:00:00,114,DEV_N_413,ADDR_N_413,0
ACC_N_414,2025-11-16T00:00:00,289,DEV_N_414,ADDR_N_414,0
ACC_N_415,2026-05-06T00:00:00,118,DEV_N_415,ADDR_N_415,0
ACC_N_416,2025-11-05T00:00:00,300,DEV_N_416,ADDR_N_416,0
ACC_N_417,2025-11-03T00:00:00,302,DEV_N_417,ADDR_N_417,0
ACC_N_418,2026-05-14T00:00:00,110,DEV_N_418,ADDR_N_418,0
ACC_N_419,2025-11-16T00:00:00,289,DEV_N_419,ADDR_N_419,0
ACC_N_420,2026-02-12T00:00:00,201,DEV_N_419,ADDR_N_419,0
ACC_N_421,2025-12-29T00:00:00,246,DEV_N_421,ADDR_N_421,0
ACC_N_422,2025-09-09T00:00:00,357,DEV_N_422,ADDR_N_422,0
ACC_N_423,2026-03-10T00:00:00,175,DEV_N_423,ADDR_N_423,0
ACC_N_424,2026-03-10T00:00:00,175,DEV_N_424,ADDR_N_424,0
ACC_N_425,2026-03-25T00:00:00,160,DEV_N_425,ADDR_N_425,0
ACC_N_426,2026-05-07T00:00:00,117,DEV_N_426,ADDR_N_426,0
ACC_N_427,2025-12-24T00:00:00,251,DEV_N_427,ADDR_N_427,0
ACC_N_428,2025-12-12T00:00:00,263,DEV_N_428,ADDR_N_428,0
ACC_N_429,2026-01-07T00:00:00,237,DEV_N_429,ADDR_N_429,0
ACC_N_430,2025-09-05T00:00:00,361,DEV_N_429,ADDR_N_429,0
ACC_N_431,2026-04-03T00:00:00,151,DEV_N_431,ADDR_N_431,0
ACC_N_432,2025-12-13T00:00:00,262,DEV_N_432,ADDR_N_432,0
ACC_N_433,2026-02-25T00:00:00,188,DEV_N_433,ADDR_N_433,0
ACC_N_434,2025-11-10T00:00:00,295,DEV_N_434,ADDR_N_434,0
ACC_N_435,2025-11-13T00:00:00,292,DEV_N_435,ADDR_N_435,0
ACC_N_436,2026-05-14T00:00:00,110,DEV_N_436,ADDR_N_436,0
ACC_N_437,2026-05-14T00:00:00,110,DEV_N_437,ADDR_N_437,0
ACC_N_438,2025-09-24T00:00:00,342,DEV_N_438,ADDR_N_438,0
ACC_N_439,2026-02-05T00:00:00,208,DEV_N_439,ADDR_N_439,0
ACC_N_440,2026-07-22T00:00:00,41,DEV_N_439,ADDR_N_439,0
ACC_N_441,2026-02-14T00:00:00,199,DEV_N_441,ADDR_N_441,0
ACC_N_442,2026-07-25T00:00:00,38,DEV_N_442,ADDR_N_442,0
ACC_N_443,2026-06-15T00:00:00,78,DEV_N_443,ADDR_N_443,0
ACC_N_444,2026-01-07T00:00:00,237,DEV_N_444,ADDR_N_444,0
ACC_N_445,2026-05-13T00:00:00,111,DEV_N_445,ADDR_N_445,0
ACC_N_446,2026-06-27T00:00:00,66,DEV_N_446,ADDR_N_446,0
ACC_N_447,2025-10-29T00:00:00,307,DEV_N_447,ADDR_N_447,0
ACC_N_448,2025-09-30T00:00:00,336,DEV_N_448,ADDR_N_448,0
ACC_N_449,2025-09-20T00:00:00,346,DEV_N_449,ADDR_N_449,0
ACC_N_450,2025-11-10T00:00:00,295,DEV_N_449,ADDR_N_449,0
ACC_N_451,2025-12-03T00:00:00,272,DEV_N_451,ADDR_N_451,0
ACC_N_452,2026-04-17T00:00:00,137,DEV_N_452,ADDR_N_452,0
ACC_N_453,2025-10-14T00:00:00,322,DEV_N_453,ADDR_N_453,0
ACC_N_454,2026-04-27T00:00:00,127,DEV_N_454,ADDR_N_454,0
ACC_N_455,2025-11-19T00:00:00,286,DEV_N_455,ADDR_N_455,0
ACC_N_456,2026-05-16T00:00:00,108,DEV_N_456,ADDR_N_456,0
ACC_N_457,2026-02-15T00:00:00,198,DEV_N_457,ADDR_N_457,0
ACC_N_458,2025-09-24T00:00:00,342,DEV_N_458,ADDR_N_458,0
ACC_N_459,2026-07-27T00:00:00,36,DEV_N_459,ADDR_N_459,0
ACC_N_460,2025-09-12T00:00:00,354,DEV_N_459,ADDR_N_459,0
ACC_N_461,2026-06-01T00:00:00,92,DEV_N_461,ADDR_N_461,0
ACC_N_462,2026-02-03T00:00:00,210,DEV_N_462,ADDR_N_462,0
ACC_N_463,2025-11-14T00:00:00,291,DEV_N_463,ADDR_N_463,0
ACC_N_464,2026-07-30T00:00:00,33,DEV_N_464,ADDR_N_464,0
ACC_N_465,2025-11-30T00:00:00,275,DEV_N_465,ADDR_N_465,0
ACC_N_466,2026-02-12T00:00:00,201,DEV_N_466,ADDR_N_466,0
ACC_N_467,2026-02-26T00:00:00,187,DEV_N_467,ADDR_N_467,0
ACC_N_468,2026-06-13T00:00:00,80,DEV_N_468,ADDR_N_468,0
ACC_N_469,2025-12-22T00:00:00,253,DEV_N_469,ADDR_N_469,0
ACC_N_470,2026-07-20T00:00:00,43,DEV_N_469,ADDR_N_469,0
ACC_N_471,2025-11-01T00:00:00,304,DEV_N_471,ADDR_N_471,0
ACC_N_472,2025-12-08T00:00:00,267,DEV_N_472,ADDR_N_472,0
ACC_N_473,2025-11-03T00:00:00,302,DEV_N_473,ADDR_N_473,0
ACC_N_474,2026-08-30T00:00:00,2,DEV_N_474,ADDR_N_474,0
ACC_N_475,2025-12-04T00:00:00,271,DEV_N_475,ADDR_N_475,0
ACC_N_476,2026-01-16T00:00:00,228,DEV_N_476,ADDR_N_476,0
ACC_N_477,2026-02-18T00:00:00,195,DEV_N_477,ADDR_N_477,0
ACC_N_478,2026-02-11T00:00:00,202,DEV_N_478,ADDR_N_478,0
ACC_N_479,2025-12-01T00:00:00,274,DEV_N_479,ADDR_N_479,0
ACC_N_480,2026-03-28T00:00:00,157,DEV_N_479,ADDR_N_479,0
ACC_N_481,2026-07-10T00:00:00,53,DEV_N_481,ADDR_N_481,0
ACC_N_482,2026-02-19T00:00:00,194,DEV_N_482,ADDR_N_482,0
ACC_N_483,2026-06-29T00:00:00,64,DEV_N_483,ADDR_N_483,0
ACC_N_484,2026-04-06T00:00:00,148,DEV_N_484,ADDR_N_484,0
ACC_N_485,2026-07-16T00:00:00,47,DEV_N_485,ADDR_N_485,0
ACC_N_486,2025-11-07T00:00:00,298,DEV_N_486,ADDR_N_486,0
ACC_N_487,2026-07-11T00:00:00,52,DEV_N_487,ADDR_N_487,0
ACC_N_488,2025-09-12T00:00:00,354,DEV_N_488,ADDR_N_488,0
ACC_N_489,2026-06-22T00:00:00,71,DEV_N_489,ADDR_N_489,0
ACC_N_490,2025-11-05T00:00:00,300,DEV_N_489,ADDR_N_489,0
ACC_N_491,2026-04-29T00:00:00,125,DEV_N_491,ADDR_N_491,0
ACC_N_492,2026-06-30T00:00:00,63,DEV_N_492,ADDR_N_492,0
ACC_N_493,2026-08-14T00:00:00,18,DEV_N_493,ADDR_N_493,0
ACC_N_494,2025-11-29T00:00:00,276,DEV_N_494,ADDR_N_494,0
ACC_N_495,2025-09-05T00:00:00,361,DEV_N_495,ADDR_N_495,0
ACC_N_496,2026-01-05T00:00:00,239,DEV_N_496,ADDR_N_496,0
ACC_N_497,2026-08-26T00:00:00,6,DEV_N_497,ADDR_N_497,0
ACC_N_498,2025-09-02T00:00:00,364,DEV_N_498,ADDR_N_498,0
ACC_N_499,2026-07-05T00:00:00,58,DEV_N_499,ADDR_N_499,0
ACC_N_500,2025-09-06T00:00:00,360,DEV_N_499,ADDR_N_499,0
ACC_N_501,2026-04-16T00:00:00,138,DEV_N_501,ADDR_N_501,0
ACC_N_502,2026-03-21T00:00:00,164,DEV_N_502,ADDR_N_502,0
ACC_N_503,2025-11-26T00:00:00,279,DEV_N_503,ADDR_N_503,0
ACC_N_504,2026-08-31T00:00:00,1,DEV_N_504,ADDR_N_504,0
ACC_N_505,2026-08-23T00:00:00,9,DEV_N_505,ADDR_N_505,0
ACC_N_506,2026-03-25T00:00:00,160,DEV_N_506,ADDR_N_506,0
ACC_N_507,2026-05-03T00:00:00,121,DEV_N_507,ADDR_N_507,0
ACC_N_508,2026-02-08T00:00:00,205,DEV_N_508,ADDR_N_508,0
ACC_N_509,2026-04-12T00:00:00,142,DEV_N_509,ADDR_N_509,0
ACC_N_510,2026-07-12T00:00:00,51,DEV_N_509,ADDR_N_509,0
ACC_N_511,2025-12-04T00:00:00,271,DEV_N_511,ADDR_N_511,0
ACC_N_512,2026-05-16T00:00:00,108,DEV_N_512,ADDR_N_512,0
ACC_N_513,2025-10-11T00:00:00,325,DEV_N_513,ADDR_N_513,0
ACC_N_514,2026-08-21T00:00:00,11,DEV_N_514,ADDR_N_514,0
ACC_N_515,2026-02-26T00:00:00,187,DEV_N_515,ADDR_N_515,0
ACC_N_516,2026-07-12T00:00:00,51,DEV_N_516,ADDR_N_516,0
ACC_N_517,2025-12-10T00:00:00,265,DEV_N_517,ADDR_N_517,0
ACC_N_518,2025-09-14T00:00:00,352,DEV_N_518,ADDR_N_518,0
ACC_N_519,2026-05-04T00:00:00,120,DEV_N_519,ADDR_N_519,0
ACC_N_520,2025-11-23T00:00:00,282,DEV_N_519,ADDR_N_519,0
ACC_N_521,2026-03-02T00:00:00,183,DEV_N_521,ADDR_N_521,0
ACC_N_522,2026-06-08T00:00:00,85,DEV_N_522,ADDR_N_522,0
ACC_N_523,2026-02-05T00:00:00,208,DEV_N_523,ADDR_N_523,0
ACC_N_524,2026-07-11T00:00:00,52,DEV_N_524,ADDR_N_524,0
ACC_N_525,2026-03-15T00:00:00,170,DEV_N_525,ADDR_N_525,0
ACC_N_526,2025-09-03T00:00:00,363,DEV_N_526,ADDR_N_526,0
ACC_N_527,2025-12-28T00:00:00,247,DEV_N_527,ADDR_N_527,0
ACC_N_528,2026-03-04T00:00:00,181,DEV_N_528,ADDR_N_528,0
ACC_N_529,2026-01-06T00:00:00,238,DEV_N_529,ADDR_N_529,0
ACC_N_530,2026-08-26T00:00:00,6,DEV_N_529,ADDR_N_529,0
ACC_N_531,2026-05-31T00:00:00,93,DEV_N_531,ADDR_N_531,0
ACC_N_532,2026-06-06T00:00:00,87,DEV_N_532,ADDR_N_532,0
ACC_N_533,2025-11-27T00:00:00,278,DEV_N_533,ADDR_N_533,0
ACC_N_534,2026-01-12T00:00:00,232,DEV_N_534,ADDR_N_534,0
ACC_N_535,2026-06-22T00:00:00,71,DEV_N_535,ADDR_N_535,0
ACC_N_536,2026-01-27T00:00:00,217,DEV_N_536,ADDR_N_536,0
ACC_N_537,2026-08-18T00:00:00,14,DEV_N_537,ADDR_N_537,0
ACC_N_538,2026-05-05T00:00:00,119,DEV_N_538,ADDR_N_538,0
ACC_N_539,2026-01-31T00:00:00,213,DEV_N_539,ADDR_N_539,0
ACC_N_540,2026-04-01T00:00:00,153,DEV_N_539,ADDR_N_539,0
ACC_N_541,2026-02-20T00:00:00,193,DEV_N_541,ADDR_N_541,0
ACC_N_542,2026-04-27T00:00:00,127,DEV_N_542,ADDR_N_542,0
ACC_N_543,2026-03-20T00:00:00,165,DEV_N_543,ADDR_N_543,0
ACC_N_544,2026-03-14T00:00:00,171,DEV_N_544,ADDR_N_544,0
ACC_N_545,2026-05-08T00:00:00,116,DEV_N_545,ADDR_N_545,0
ACC_N_546,2025-11-03T00:00:00,302,DEV_N_546,ADDR_N_546,0
ACC_N_547,2026-05-28T00:00:00,96,DEV_N_547,ADDR_N_547,0
ACC_N_548,2026-06-26T00:00:00,67,DEV_N_548,ADDR_N_548,0
ACC_N_549,2026-07-16T00:00:00,47,DEV_N_549,ADDR_N_549,0
ACC_N_550,2026-07-28T00:00:00,35,DEV_N_549,ADDR_N_549,0
ACC_N_551,2026-08-28T00:00:00,4,DEV_N_551,ADDR_N_551,0
ACC_N_552,2025-10-26T00:00:00,310,DEV_N_552,ADDR_N_552,0
ACC_N_553,2026-02-27T00:00:00,186,DEV_N_553,ADDR_N_553,0
ACC_N_554,2025-10-13T00:00:00,323,DEV_N_554,ADDR_N_554,0
ACC_N_555,2025-12-21T00:00:00,254,DEV_N_555,ADDR_N_555,0
ACC_N_556,2026-02-17T00:00:00,196,DEV_N_556,ADDR_N_556,0
ACC_N_557,2026-03-28T00:00:00,157,DEV_N_557,ADDR_N_557,0
ACC_N_558,2026-01-23T00:00:00,221,DEV_N_558,ADDR_N_558,0
ACC_N_559,2026-05-04T00:00:00,120,DEV_N_559,ADDR_N_559,0
ACC_N_560,2026-04-25T00:00:00,129,DEV_N_559,ADDR_N_559,0
ACC_N_561,2026-04-12T00:00:00,142,DEV_N_561,ADDR_N_561,0
ACC_N_562,2026-02-06T00:00:00,207,DEV_N_562,ADDR_N_562,0
ACC_N_563,2026-03-24T00:00:00,161,DEV_N_563,ADDR_N_563,0
ACC_N_564,2025-12-22T00:00:00,253,DEV_N_564,ADDR_N_564,0
ACC_N_565,2026-07-04T00:00:00,59,DEV_N_565,ADDR_N_565,0
ACC_N_566,2026-01-28T00:00:00,216,DEV_N_566,ADDR_N_566,0
ACC_N_567,2025-10-04T00:00:00,332,DEV_N_567,ADDR_N_567,0
ACC_N_568,2026-03-02T00:00:00,183,DEV_N_568,ADDR_N_568,0
ACC_N_569,2026-05-17T00:00:00,107,DEV_N_569,ADDR_N_569,0
ACC_N_570,2025-11-17T00:00:00,288,DEV_N_569,ADDR_N_569,0
ACC_N_571,2026-06-27T00:00:00,66,DEV_N_571,ADDR_N_571,0
ACC_N_572,2026-04-03T00:00:00,151,DEV_N_572,ADDR_N_572,0
ACC_N_573,2025-10-06T00:00:00,330,DEV_N_573,ADDR_N_573,0
ACC_N_574,2025-12-01T00:00:00,274,DEV_N_574,ADDR_N_574,0
ACC_N_575,2026-04-24T00:00:00,130,DEV_N_575,ADDR_N_575,0
ACC_N_576,2026-03-21T00:00:00,164,DEV_N_576,ADDR_N_576,0
ACC_N_577,2026-02-19T00:00:00,194,DEV_N_577,ADDR_N_577,0
ACC_N_578,2026-06-02T00:00:00,91,DEV_N_578,ADDR_N_578,0
ACC_N_579,2026-04-06T00:00:00,148,DEV_N_579,ADDR_N_579,0
ACC_N_580,2025-10-07T00:00:00,329,DEV_N_579,ADDR_N_579,0
ACC_N_581,2025-10-11T00:00:00,325,DEV_N_581,ADDR_N_581,0
ACC_N_582,2026-02-02T00:00:00,211,DEV_N_582,ADDR_N_582,0
ACC_N_583,2026-05-08T00:00:00,116,DEV_N_583,ADDR_N_583,0
ACC_N_584,2026-05-13T00:00:00,111,DEV_N_584,ADDR_N_584,0
ACC_N_585,2026-06-23T00:00:00,70,DEV_N_585,ADDR_N_585,0
ACC_N_586,2026-07-26T00:00:00,37,DEV_N_586,ADDR_N_586,0
ACC_N_587,2026-04-26T00:00:00,128,DEV_N_587,ADDR_N_587,0
ACC_N_588,2025-12-25T00:00:00,250,DEV_N_588,ADDR_N_588,0
ACC_N_589,2026-01-16T00:00:00,228,DEV_N_589,ADDR_N_589,0
ACC_N_590,2025-11-27T00:00:00,278,DEV_N_589,ADDR_N_589,0
ACC_N_591,2026-04-30T00:00:00,124,DEV_N_591,ADDR_N_591,0
ACC_N_592,2026-04-06T00:00:00,148,DEV_N_592,ADDR_N_592,0
ACC_N_593,2026-01-06T00:00:00,238,DEV_N_593,ADDR_N_593,0
ACC_N_594,2026-01-31T00:00:00,213,DEV_N_594,ADDR_N_594,0
ACC_N_595,2026-02-19T00:00:00,194,DEV_N_595,ADDR_N_595,0
ACC_N_596,2026-07-16T00:00:00,47,DEV_N_596,ADDR_N_596,0
ACC_N_597,2026-05-13T00:00:00,111,DEV_N_597,ADDR_N_597,0
ACC_N_598,2025-10-19T00:00:00,317,DEV_N_598,ADDR_N_598,0
ACC_N_599,2026-02-20T00:00:00,193,DEV_N_599,ADDR_N_599,0
ACC_N_600,2026-08-03T00:00:00,29,DEV_N_599,ADDR_N_599,0
ACC_N_601,2026-02-18T00:00:00,195,DEV_N_601,ADDR_N_601,0
ACC_N_602,2026-04-26T00:00:00,128,DEV_N_602,ADDR_N_602,0
ACC_N_603,2026-06-17T00:00:00,76,DEV_N_603,ADDR_N_603,0
ACC_N_604,2026-05-23T00:00:00,101,DEV_N_604,ADDR_N_604,0
ACC_N_605,2025-12-17T00:00:00,258,DEV_N_605,ADDR_N_605,0
ACC_N_606,2026-07-31T00:00:00,32,DEV_N_606,ADDR_N_606,0
ACC_N_607,2026-01-07T00:00:00,237,DEV_N_607,ADDR_N_607,0
ACC_N_608,2026-02-21T00:00:00,192,DEV_N_608,ADDR_N_608,0
ACC_N_609,2026-04-23T00:00:00,131,DEV_N_609,ADDR_N_609,0
ACC_N_610,2026-03-05T00:00:00,180,DEV_N_609,ADDR_N_609,0
ACC_N_611,2026-08-06T00:00:00,26,DEV_N_611,ADDR_N_611,0
ACC_N_612,2026-06-07T00:00:00,86,DEV_N_612,ADDR_N_612,0
ACC_N_613,2025-11-03T00:00:00,302,DEV_N_613,ADDR_N_613,0
ACC_N_614,2026-07-29T00:00:00,34,DEV_N_614,ADDR_N_614,0
ACC_N_615,2025-10-26T00:00:00,310,DEV_N_615,ADDR_N_615,0
ACC_N_616,2025-12-26T00:00:00,249,DEV_N_616,ADDR_N_616,0
ACC_N_617,2025-11-26T00:00:00,279,DEV_N_617,ADDR_N_617,0
ACC_N_618,2025-10-24T00:00:00,312,DEV_N_618,ADDR_N_618,0
ACC_N_619,2026-08-29T00:00:00,3,DEV_N_619,ADDR_N_619,0
ACC_N_620,2025-12-22T00:00:00,253,DEV_N_619,ADDR_N_619,0
ACC_N_621,2026-06-10T00:00:00,83,DEV_N_621,ADDR_N_621,0
ACC_N_622,2026-04-23T00:00:00,131,DEV_N_622,ADDR_N_622,0
ACC_N_623,2026-04-05T00:00:00,149,DEV_N_623,ADDR_N_623,0
ACC_N_624,2026-03-31T00:00:00,154,DEV_N_624,ADDR_N_624,0
ACC_N_625,2026-05-27T00:00:00,97,DEV_N_625,ADDR_N_625,0
ACC_N_626,2026-06-11T00:00:00,82,DEV_N_626,ADDR_N_626,0
ACC_N_627,2026-05-03T00:00:00,121,DEV_N_627,ADDR_N_627,0
ACC_N_628,2026-06-19T00:00:00,74,DEV_N_628,ADDR_N_628,0
ACC_N_629,2026-07-19T00:00:00,44,DEV_N_629,ADDR_N_629,0
ACC_N_630,2026-04-29T00:00:00,125,DEV_N_629,ADDR_N_629,0
ACC_N_631,2026-08-03T00:00:00,29,DEV_N_631,ADDR_N_631,0
ACC_N_632,2026-04-29T00:00:00,125,DEV_N_632,ADDR_N_632,0
ACC_N_633,2026-08-15T00:00:00,17,DEV_N_633,ADDR_N_633,0
ACC_N_634,2026-01-28T00:00:00,216,DEV_N_634,ADDR_N_634,0
ACC_N_635,2026-01-09T00:00:00,235,DEV_N_635,ADDR_N_635,0
ACC_N_636,2026-07-04T00:00:00,59,DEV_N_636,ADDR_N_636,0
ACC_N_637,2026-07-14T00:00:00,49,DEV_N_637,ADDR_N_637,0
ACC_N_638,2026-07-04T00:00:00,59,DEV_N_638,ADDR_N_638,0
ACC_N_639,2025-09-05T00:00:00,361,DEV_N_639,ADDR_N_639,0
ACC_N_640,2025-10-13T00:00:00,323,DEV_N_639,ADDR_N_639,0
ACC_N_641,2026-01-21T00:00:00,223,DEV_N_641,ADDR_N_641,0
ACC_N_642,2025-09-23T00:00:00,343,DEV_N_642,ADDR_N_642,0
ACC_N_643,2026-01-22T00:00:00,222,DEV_N_643,ADDR_N_643,0
ACC_N_644,2025-11-29T00:00:00,276,DEV_N_644,ADDR_N_644,0
ACC_N_645,2026-05-19T00:00:00,105,DEV_N_645,ADDR_N_645,0
ACC_N_646,2026-02-03T00:00:00,210,DEV_N_646,ADDR_N_646,0
ACC_N_647,2026-06-07T00:00:00,86,DEV_N_647,ADDR_N_647,0
ACC_N_648,2026-06-04T00:00:00,89,DEV_N_648,ADDR_N_648,0
ACC_N_649,2026-07-19T00:00:00,44,DEV_N_649,ADDR_N_649,0
ACC_N_650,2026-05-13T00:00:00,111,DEV_N_649,ADDR_N_649,0
ACC_N_651,2026-01-14T00:00:00,230,DEV_N_651,ADDR_N_651,0
ACC_N_652,2026-06-16T00:00:00,77,DEV_N_652,ADDR_N_652,0
ACC_N_653,2025-09-25T00:00:00,341,DEV_N_653,ADDR_N_653,0
ACC_N_654,2026-07-10T00:00:00,53,DEV_N_654,ADDR_N_654,0
ACC_N_655,2026-02-02T00:00:00,211,DEV_N_655,ADDR_N_655,0
ACC_N_656,2025-09-21T00:00:00,345,DEV_N_656,ADDR_N_656,0
ACC_N_657,2025-11-24T00:00:00,281,DEV_N_657,ADDR_N_657,0
ACC_N_658,2026-05-02T00:00:00,122,DEV_N_658,ADDR_N_658,0
ACC_N_659,2026-08-06T00:00:00,26,DEV_N_659,ADDR_N_659,0
ACC_N_660,2026-03-11T00:00:00,174,DEV_N_659,ADDR_N_659,0
ACC_N_661,2026-04-19T00:00:00,135,DEV_N_661,ADDR_N_661,0
ACC_N_662,2026-02-27T00:00:00,186,DEV_N_662,ADDR_N_662,0
ACC_N_663,2025-12-13T00:00:00,262,DEV_N_663,ADDR_N_663,0
ACC_N_664,2025-10-07T00:00:00,329,DEV_N_664,ADDR_N_664,0
ACC_N_665,2026-04-30T00:00:00,124,DEV_N_665,ADDR_N_665,0
ACC_N_666,2026-03-06T00:00:00,179,DEV_N_666,ADDR_N_666,0
ACC_N_667,2026-04-14T00:00:00,140,DEV_N_667,ADDR_N_667,0
ACC_N_668,2026-01-06T00:00:00,238,DEV_N_668,ADDR_N_668,0
ACC_N_669,2026-03-30T00:00:00,155,DEV_N_669,ADDR_N_669,0
ACC_N_670,2026-01-07T00:00:00,237,DEV_N_669,ADDR_N_669,0
ACC_N_671,2026-01-16T00:00:00,228,DEV_N_671,ADDR_N_671,0
ACC_N_672,2026-05-24T00:00:00,100,DEV_N_672,ADDR_N_672,0
ACC_N_673,2025-09-10T00:00:00,356,DEV_N_673,ADDR_N_673,0
ACC_N_674,2026-04-18T00:00:00,136,DEV_N_674,ADDR_N_674,0
ACC_N_675,2026-02-19T00:00:00,194,DEV_N_675,ADDR_N_675,0
ACC_N_676,2026-03-30T00:00:00,155,DEV_N_676,ADDR_N_676,0
ACC_N_677,2026-02-07T00:00:00,206,DEV_N_677,ADDR_N_677,0
ACC_N_678,2026-02-24T00:00:00,189,DEV_N_678,ADDR_N_678,0
ACC_N_679,2026-04-21T00:00:00,133,DEV_N_679,ADDR_N_679,0
ACC_N_680,2026-06-15T00:00:00,78,DEV_N_679,ADDR_N_679,0
ACC_N_681,2026-07-28T00:00:00,35,DEV_N_681,ADDR_N_681,0
ACC_N_682,2026-04-06T00:00:00,148,DEV_N_682,ADDR_N_682,0
ACC_N_683,2026-04-27T00:00:00,127,DEV_N_683,ADDR_N_683,0
ACC_N_684,2025-10-17T00:00:00,319,DEV_N_684,ADDR_N_684,0
ACC_N_685,2026-06-17T00:00:00,76,DEV_N_685,ADDR_N_685,0
ACC_N_686,2025-10-31T00:00:00,305,DEV_N_686,ADDR_N_686,0
ACC_N_687,2025-10-12T00:00:00,324,DEV_N_687,ADDR_N_687,0
ACC_N_688,2026-04-15T00:00:00,139,DEV_N_688,ADDR_N_688,0
ACC_N_689,2026-06-28T00:00:00,65,DEV_N_689,ADDR_N_689,0
ACC_N_690,2026-08-21T00:00:00,11,DEV_N_689,ADDR_N_689,0
ACC_N_691,2026-04-26T00:00:00,128,DEV_N_691,ADDR_N_691,0
ACC_N_692,2026-08-06T00:00:00,26,DEV_N_692,ADDR_N_692,0
ACC_N_693,2025-12-19T00:00:00,256,DEV_N_693,ADDR_N_693,0
ACC_N_694,2025-10-23T00:00:00,313,DEV_N_694,ADDR_N_694,0
ACC_N_695,2026-06-04T00:00:00,89,DEV_N_695,ADDR_N_695,0
ACC_N_696,2026-01-09T00:00:00,235,DEV_N_696,ADDR_N_696,0
ACC_N_697,2025-12-18T00:00:00,257,DEV_N_697,ADDR_N_697,0
ACC_N_698,2025-12-14T00:00:00,261,DEV_N_698,ADDR_N_698,0
ACC_N_699,2026-06-13T00:00:00,80,DEV_N_699,ADDR_N_699,0
ACC_N_700,2025-12-05T00:00:00,270,DEV_N_699,ADDR_N_699,0
ACC_N_701,2026-03-15T00:00:00,170,DEV_N_701,ADDR_N_701,0
ACC_N_702,2026-03-27T00:00:00,158,DEV_N_702,ADDR_N_702,0
ACC_N_703,2025-11-14T00:00:00,291,DEV_N_703,ADDR_N_703,0
ACC_N_704,2026-02-28T00:00:00,185,DEV_N_704,ADDR_N_704,0
ACC_N_705,2026-08-15T00:00:00,17,DEV_N_705,ADDR_N_705,0
ACC_N_706,2026-07-22T00:00:00,41,DEV_N_706,ADDR_N_706,0
ACC_N_707,2026-06-12T00:00:00,81,DEV_N_707,ADDR_N_707,0
ACC_N_708,2026-07-18T00:00:00,45,DEV_N_708,ADDR_N_708,0
ACC_N_709,2026-07-14T00:00:00,49,DEV_N_709,ADDR_N_709,0
ACC_N_710,2025-12-08T00:00:00,267,DEV_N_709,ADDR_N_709,0
ACC_N_711,2026-02-16T00:00:00,197,DEV_N_711,ADDR_N_711,0
ACC_N_712,2025-11-18T00:00:00,287,DEV_N_712,ADDR_N_712,0
ACC_N_713,2026-06-23T00:00:00,70,DEV_N_713,ADDR_N_713,0
ACC_N_714,2025-12-03T00:00:00,272,DEV_N_714,ADDR_N_714,0
ACC_N_715,2026-06-30T00:00:00,63,DEV_N_715,ADDR_N_715,0
ACC_N_716,2026-03-30T00:00:00,155,DEV_N_716,ADDR_N_716,0
ACC_N_717,2026-03-14T00:00:00,171,DEV_N_717,ADDR_N_717,0
ACC_N_718,2026-01-12T00:00:00,232,DEV_N_718,ADDR_N_718,0
ACC_N_719,2025-10-01T00:00:00,335,DEV_N_719,ADDR_N_719,0
ACC_N_720,2026-02-27T00:00:00,186,DEV_N_719,ADDR_N_719,0
ACC_N_721,2025-09-13T00:00:00,353,DEV_N_721,ADDR_N_721,0
ACC_N_722,2026-05-05T00:00:00,119,DEV_N_722,ADDR_N_722,0
ACC_N_723,2026-08-30T00:00:00,2,DEV_N_723,ADDR_N_723,0
ACC_N_724,2026-05-24T00:00:00,100,DEV_N_724,ADDR_N_724,0
ACC_N_725,2026-06-01T00:00:00,92,DEV_N_725,ADDR_N_725,0
ACC_N_726,2026-07-18T00:00:00,45,DEV_N_726,ADDR_N_726,0
ACC_N_727,2026-08-07T00:00:00,25,DEV_N_727,ADDR_N_727,0
ACC_N_728,2025-11-10T00:00:00,295,DEV_N_728,ADDR_N_728,0
ACC_N_729,2026-04-08T00:00:00,146,DEV_N_729,ADDR_N_729,0
ACC_N_730,2026-02-14T00:00:00,199,DEV_N_729,ADDR_N_729,0
ACC_N_731,2026-06-16T00:00:00,77,DEV_N_731,ADDR_N_731,0
ACC_N_732,2026-03-19T00:00:00,166,DEV_N_732,ADDR_N_732,0
ACC_N_733,2025-11-15T00:00:00,290,DEV_N_733,ADDR_N_733,0
ACC_N_734,2026-03-23T00:00:00,162,DEV_N_734,ADDR_N_734,0
ACC_N_735,2026-02-27T00:00:00,186,DEV_N_735,ADDR_N_735,0
ACC_N_736,2026-07-24T00:00:00,39,DEV_N_736,ADDR_N_736,0
ACC_N_737,2026-08-26T00:00:00,6,DEV_N_737,ADDR_N_737,0
ACC_N_738,2025-11-12T00:00:00,293,DEV_N_738,ADDR_N_738,0
ACC_N_739,2026-02-16T00:00:00,197,DEV_N_739,ADDR_N_739,0
ACC_N_740,2025-11-09T00:00:00,296,DEV_N_739,ADDR_N_739,0
ACC_N_741,2026-06-08T00:00:00,85,DEV_N_741,ADDR_N_741,0
ACC_N_742,2026-05-31T00:00:00,93,DEV_N_742,ADDR_N_742,0
ACC_N_743,2026-05-17T00:00:00,107,DEV_N_743,ADDR_N_743,0
ACC_N_744,2026-07-28T00:00:00,35,DEV_N_744,ADDR_N_744,0
ACC_N_745,2026-05-28T00:00:00,96,DEV_N_745,ADDR_N_745,0
ACC_N_746,2025-12-28T00:00:00,247,DEV_N_746,ADDR_N_746,0
ACC_N_747,2026-05-14T00:00:00,110,DEV_N_747,ADDR_N_747,0
ACC_N_748,2026-05-04T00:00:00,120,DEV_N_748,ADDR_N_748,0
ACC_N_749,2026-05-18T00:00:00,106,DEV_N_749,ADDR_N_749,0
ACC_N_750,2025-12-21T00:00:00,254,DEV_N_749,ADDR_N_749,0
ACC_N_751,2026-08-11T00:00:00,21,DEV_N_751,ADDR_N_751,0
ACC_N_752,2025-12-30T00:00:00,245,DEV_N_752,ADDR_N_752,0
ACC_N_753,2026-04-24T00:00:00,130,DEV_N_753,ADDR_N_753,0
ACC_N_754,2026-08-13T00:00:00,19,DEV_N_754,ADDR_N_754,0
ACC_N_755,2025-11-16T00:00:00,289,DEV_N_755,ADDR_N_755,0
ACC_N_756,2025-09-12T00:00:00,354,DEV_N_756,ADDR_N_756,0
ACC_N_757,2026-08-01T00:00:00,31,DEV_N_757,ADDR_N_757,0
ACC_N_758,2026-02-09T00:00:00,204,DEV_N_758,ADDR_N_758,0
ACC_N_759,2025-09-02T00:00:00,364,DEV_N_759,ADDR_N_759,0
ACC_N_760,2026-07-27T00:00:00,36,DEV_N_759,ADDR_N_759,0
ACC_N_761,2026-03-14T00:00:00,171,DEV_N_761,ADDR_N_761,0
ACC_N_762,2026-01-26T00:00:00,218,DEV_N_762,ADDR_N_762,0
ACC_N_763,2026-06-15T00:00:00,78,DEV_N_763,ADDR_N_763,0
ACC_N_764,2026-08-21T00:00:00,11,DEV_N_764,ADDR_N_764,0
ACC_N_765,2026-08-14T00:00:00,18,DEV_N_765,ADDR_N_765,0
ACC_N_766,2026-03-24T00:00:00,161,DEV_N_766,ADDR_N_766,0
ACC_N_767,2026-04-30T00:00:00,124,DEV_N_767,ADDR_N_767,0
ACC_N_768,2026-05-13T00:00:00,111,DEV_N_768,ADDR_N_768,0
ACC_N_769,2026-06-08T00:00:00,85,DEV_N_769,ADDR_N_769,0
ACC_N_770,2026-02-17T00:00:00,196,DEV_N_769,ADDR_N_769,0
ACC_N_771,2026-07-10T00:00:00,53,DEV_N_771,ADDR_N_771,0
ACC_N_772,2026-06-18T00:00:00,75,DEV_N_772,ADDR_N_772,0
ACC_N_773,2026-04-27T00:00:00,127,DEV_N_773,ADDR_N_773,0
ACC_N_774,2026-05-19T00:00:00,105,DEV_N_774,ADDR_N_774,0
ACC_N_775,2025-11-12T00:00:00,293,DEV_N_775,ADDR_N_775,0
ACC_N_776,2026-02-13T00:00:00,200,DEV_N_776,ADDR_N_776,0
ACC_N_777,2025-12-17T00:00:00,258,DEV_N_777,ADDR_N_777,0
ACC_N_778,2026-04-18T00:00:00,136,DEV_N_778,ADDR_N_778,0
ACC_N_779,2026-06-07T00:00:00,86,DEV_N_779,ADDR_N_779,0
ACC_N_780,2025-12-27T00:00:00,248,DEV_N_779,ADDR_N_779,0
ACC_N_781,2026-03-04T00:00:00,181,DEV_N_781,ADDR_N_781,0
ACC_N_782,2025-11-06T00:00:00,299,DEV_N_782,ADDR_N_782,0
ACC_N_783,2025-09-13T00:00:00,353,DEV_N_783,ADDR_N_783,0
ACC_N_784,2026-08-14T00:00:00,18,DEV_N_784,ADDR_N_784,0
ACC_N_785,2026-06-21T00:00:00,72,DEV_N_785,ADDR_N_785,0
ACC_N_786,2025-10-24T00:00:00,312,DEV_N_786,ADDR_N_786,0
ACC_N_787,2025-12-07T00:00:00,268,DEV_N_787,ADDR_N_787,0
ACC_N_788,2026-03-11T00:00:00,174,DEV_N_788,ADDR_N_788,0
ACC_N_789,2025-09-08T00:00:00,358,DEV_N_789,ADDR_N_789,0
ACC_N_790,2026-01-05T00:00:00,239,DEV_N_789,ADDR_N_789,0
ACC_N_791,2025-11-02T00:00:00,303,DEV_N_791,ADDR_N_791,0
ACC_N_792,2026-01-13T00:00:00,231,DEV_N_792,ADDR_N_792,0
ACC_N_793,2026-06-21T00:00:00,72,DEV_N_793,ADDR_N_793,0
ACC_N_794,2026-03-05T00:00:00,180,DEV_N_794,ADDR_N_794,0
ACC_N_795,2025-10-19T00:00:00,317,DEV_N_795,ADDR_N_795,0
ACC_N_796,2025-09-25T00:00:00,341,DEV_N_796,ADDR_N_796,0
ACC_N_797,2026-08-14T00:00:00,18,DEV_N_797,ADDR_N_797,0
ACC_N_798,2025-09-18T00:00:00,348,DEV_N_798,ADDR_N_798,0
ACC_N_799,2025-12-31T00:00:00,244,DEV_N_799,ADDR_N_799,0
ACC_N_800,2025-11-15T00:00:00,290,DEV_N_799,ADDR_N_799,0
ACC_N_801,2026-02-03T00:00:00,210,DEV_N_801,ADDR_N_801,0
ACC_N_802,2026-08-01T00:00:00,31,DEV_N_802,ADDR_N_802,0
ACC_N_803,2026-05-29T00:00:00,95,DEV_N_803,ADDR_N_803,0
ACC_N_804,2026-04-17T00:00:00,137,DEV_N_804,ADDR_N_804,0
ACC_N_805,2026-08-20T00:00:00,12,DEV_N_805,ADDR_N_805,0
ACC_N_806,2026-02-27T00:00:00,186,DEV_N_806,ADDR_N_806,0
ACC_N_807,2026-02-04T00:00:00,209,DEV_N_807,ADDR_N_807,0
ACC_N_808,2026-01-13T00:00:00,231,DEV_N_808,ADDR_N_808,0
ACC_N_809,2025-12-17T00:00:00,258,DEV_N_809,ADDR_N_809,0
ACC_N_810,2026-02-22T00:00:00,191,DEV_N_809,ADDR_N_809,0
ACC_N_811,2026-05-28T00:00:00,96,DEV_N_811,ADDR_N_811,0
ACC_N_812,2026-05-12T00:00:00,112,DEV_N_812,ADDR_N_812,0
ACC_N_813,2026-03-17T00:00:00,168,DEV_N_813,ADDR_N_813,0
ACC_N_814,2025-09-02T00:00:00,364,DEV_N_814,ADDR_N_814,0
ACC_N_815,2025-09-05T00:00:00,361,DEV_N_815,ADDR_N_815,0
ACC_N_816,2026-06-01T00:00:00,92,DEV_N_816,ADDR_N_816,0
ACC_N_817,2026-01-07T00:00:00,237,DEV_N_817,ADDR_N_817,0
ACC_N_818,2025-10-13T00:00:00,323,DEV_N_818,ADDR_N_818,0
ACC_N_819,2026-07-06T00:00:00,57,DEV_N_819,ADDR_N_819,0
ACC_N_820,2025-09-02T00:00:00,364,DEV_N_819,ADDR_N_819,0
ACC_N_821,2025-09-13T00:00:00,353,DEV_N_821,ADDR_N_821,0
ACC_N_822,2025-11-17T00:00:00,288,DEV_N_822,ADDR_N_822,0
ACC_N_823,2026-08-30T00:00:00,2,DEV_N_823,ADDR_N_823,0
ACC_N_824,2025-12-15T00:00:00,260,DEV_N_824,ADDR_N_824,0
ACC_N_825,2025-10-10T00:00:00,326,DEV_N_825,ADDR_N_825,0
ACC_N_826,2025-11-22T00:00:00,283,DEV_N_826,ADDR_N_826,0
ACC_N_827,2026-01-27T00:00:00,217,DEV_N_827,ADDR_N_827,0
ACC_N_828,2026-05-15T00:00:00,109,DEV_N_828,ADDR_N_828,0
ACC_N_829,2025-12-08T00:00:00,267,DEV_N_829,ADDR_N_829,0
ACC_N_830,2026-04-28T00:00:00,126,DEV_N_829,ADDR_N_829,0
ACC_N_831,2026-03-10T00:00:00,175,DEV_N_831,ADDR_N_831,0
ACC_N_832,2026-04-24T00:00:00,130,DEV_N_832,ADDR_N_832,0
ACC_N_833,2026-07-07T00:00:00,56,DEV_N_833,ADDR_N_833,0
ACC_N_834,2026-06-17T00:00:00,76,DEV_N_834,ADDR_N_834,0
ACC_N_835,2026-04-30T00:00:00,124,DEV_N_835,ADDR_N_835,0
ACC_N_836,2025-10-19T00:00:00,317,DEV_N_836,ADDR_N_836,0
ACC_N_837,2025-09-29T00:00:00,337,DEV_N_837,ADDR_N_837,0
ACC_N_838,2026-03-01T00:00:00,184,DEV_N_838,ADDR_N_838,0
ACC_N_839,2026-05-06T00:00:00,118,DEV_N_839,ADDR_N_839,0
ACC_N_840,2025-12-20T00:00:00,255,DEV_N_839,ADDR_N_839,0
ACC_N_841,2026-04-30T00:00:00,124,DEV_N_841,ADDR_N_841,0
ACC_N_842,2026-05-21T00:00:00,103,DEV_N_842,ADDR_N_842,0
ACC_N_843,2026-01-27T00:00:00,217,DEV_N_843,ADDR_N_843,0
ACC_N_844,2026-05-09T00:00:00,115,DEV_N_844,ADDR_N_844,0
ACC_N_845,2025-12-05T00:00:00,270,DEV_N_845,ADDR_N_845,0
ACC_N_846,2026-05-14T00:00:00,110,DEV_N_846,ADDR_N_846,0
ACC_N_847,2025-10-09T00:00:00,327,DEV_N_847,ADDR_N_847,0
ACC_N_848,2026-08-08T00:00:00,24,DEV_N_848,ADDR_N_848,0
ACC_N_849,2025-11-17T00:00:00,288,DEV_N_849,ADDR_N_849,0
ACC_N_850,2025-09-23T00:00:00,343,DEV_N_849,ADDR_N_849,0
ACC_N_851,2026-02-11T00:00:00,202,DEV_N_851,ADDR_N_851,0
ACC_N_852,2026-04-14T00:00:00,140,DEV_N_852,ADDR_N_852,0
ACC_N_853,2025-12-20T00:00:00,255,DEV_N_853,ADDR_N_853,0
ACC_N_854,2026-01-02T00:00:00,242,DEV_N_854,ADDR_N_854,0
ACC_N_855,2025-12-12T00:00:00,263,DEV_N_855,ADDR_N_855,0
ACC_N_856,2026-01-14T00:00:00,230,DEV_N_856,ADDR_N_856,0
ACC_N_857,2025-12-07T00:00:00,268,DEV_N_857,ADDR_N_857,0
ACC_N_858,2026-01-03T00:00:00,241,DEV_N_858,ADDR_N_858,0
ACC_N_859,2026-04-14T00:00:00,140,DEV_N_859,ADDR_N_859,0
ACC_N_860,2026-03-30T00:00:00,155,DEV_N_859,ADDR_N_859,0
ACC_N_861,2025-09-14T00:00:00,352,DEV_N_861,ADDR_N_861,0
ACC_N_862,2026-04-05T00:00:00,149,DEV_N_862,ADDR_N_862,0
ACC_N_863,2026-02-08T00:00:00,205,DEV_N_863,ADDR_N_863,0
ACC_N_864,2026-08-03T00:00:00,29,DEV_N_864,ADDR_N_864,0
ACC_N_865,2025-11-13T00:00:00,292,DEV_N_865,ADDR_N_865,0
ACC_N_866,2026-04-27T00:00:00,127,DEV_N_866,ADDR_N_866,0
ACC_N_867,2026-05-27T00:00:00,97,DEV_N_867,ADDR_N_867,0
ACC_N_868,2026-01-30T00:00:00,214,DEV_N_868,ADDR_N_868,0
ACC_N_869,2026-06-13T00:00:00,80,DEV_N_869,ADDR_N_869,0
ACC_N_870,2025-10-24T00:00:00,312,DEV_N_869,ADDR_N_869,0
ACC_N_871,2026-07-29T00:00:00,34,DEV_N_871,ADDR_N_871,0
ACC_N_872,2025-12-16T00:00:00,259,DEV_N_872,ADDR_N_872,0
ACC_N_873,2026-02-11T00:00:00,202,DEV_N_873,ADDR_N_873,0
ACC_N_874,2026-03-21T00:00:00,164,DEV_N_874,ADDR_N_874,0
ACC_N_875,2026-01-05T00:00:00,239,DEV_N_875,ADDR_N_875,0
ACC_N_876,2025-11-02T00:00:00,303,DEV_N_876,ADDR_N_876,0
ACC_N_877,2025-10-11T00:00:00,325,DEV_N_877,ADDR_N_877,0
ACC_N_878,2026-02-09T00:00:00,204,DEV_N_878,ADDR_N_878,0
ACC_N_879,2026-06-15T00:00:00,78,DEV_N_879,ADDR_N_879,0
ACC_N_880,2026-03-06T00:00:00,179,DEV_N_879,ADDR_N_879,0
ACC_N_881,2026-04-03T00:00:00,151,DEV_N_881,ADDR_N_881,0
ACC_N_882,2025-10-16T00:00:00,320,DEV_N_882,ADDR_N_882,0
ACC_N_883,2026-03-21T00:00:00,164,DEV_N_883,ADDR_N_883,0
ACC_N_884,2026-01-15T00:00:00,229,DEV_N_884,ADDR_N_884,0
ACC_N_885,2026-08-16T00:00:00,16,DEV_N_885,ADDR_N_885,0
ACC_N_886,2026-07-29T00:00:00,34,DEV_N_886,ADDR_N_886,0
ACC_N_887,2026-01-12T00:00:00,232,DEV_N_887,ADDR_N_887,0
ACC_N_888,2025-12-04T00:00:00,271,DEV_N_888,ADDR_N_888,0
ACC_N_889,2026-06-02T00:00:00,91,DEV_N_889,ADDR_N_889,0
ACC_N_890,2026-06-01T00:00:00,92,DEV_N_889,ADDR_N_889,0
ACC_N_891,2026-01-06T00:00:00,238,DEV_N_891,ADDR_N_891,0
ACC_N_892,2026-06-06T00:00:00,87,DEV_N_892,ADDR_N_892,0
ACC_N_893,2025-11-24T00:00:00,281,DEV_N_893,ADDR_N_893,0
ACC_N_894,2026-06-24T00:00:00,69,DEV_N_894,ADDR_N_894,0
ACC_N_895,2026-03-04T00:00:00,181,DEV_N_895,ADDR_N_895,0
ACC_N_896,2025-09-18T00:00:00,348,DEV_N_896,ADDR_N_896,0
ACC_N_897,2026-01-14T00:00:00,230,DEV_N_897,ADDR_N_897,0
ACC_N_898,2026-05-10T00:00:00,114,DEV_N_898,ADDR_N_898,0
ACC_N_899,2026-04-30T00:00:00,124,DEV_N_899,ADDR_N_899,0
ACC_N_900,2026-02-15T00:00:00,198,DEV_N_899,ADDR_N_899,0
ACC_N_901,2026-06-07T00:00:00,86,DEV_N_901,ADDR_N_901,0
ACC_N_902,2026-02-20T00:00:00,193,DEV_N_902,ADDR_N_902,0
ACC_N_903,2026-08-09T00:00:00,23,DEV_N_903,ADDR_N_903,0
ACC_N_904,2025-11-16T00:00:00,289,DEV_N_904,ADDR_N_904,0
ACC_N_905,2026-07-16T00:00:00,47,DEV_N_905,ADDR_N_905,0
ACC_N_906,2026-05-12T00:00:00,112,DEV_N_906,ADDR_N_906,0
ACC_N_907,2025-12-11T00:00:00,264,DEV_N_907,ADDR_N_907,0
ACC_N_908,2026-01-05T00:00:00,239,DEV_N_908,ADDR_N_908,0
ACC_N_909,2026-03-16T00:00:00,169,DEV_N_909,ADDR_N_909,0
ACC_N_910,2026-07-23T00:00:00,40,DEV_N_909,ADDR_N_909,0
ACC_N_911,2026-08-17T00:00:00,15,DEV_N_911,ADDR_N_911,0
ACC_N_912,2026-01-29T00:00:00,215,DEV_N_912,ADDR_N_912,0
ACC_N_913,2026-04-12T00:00:00,142,DEV_N_913,ADDR_N_913,0
ACC_N_914,2026-01-23T00:00:00,221,DEV_N_914,ADDR_N_914,0
ACC_N_915,2026-05-02T00:00:00,122,DEV_N_915,ADDR_N_915,0
ACC_N_916,2026-04-01T00:00:00,153,DEV_N_916,ADDR_N_916,0
ACC_N_917,2025-12-14T00:00:00,261,DEV_N_917,ADDR_N_917,0
ACC_N_918,2025-09-09T00:00:00,357,DEV_N_918,ADDR_N_918,0
ACC_N_919,2026-02-10T00:00:00,203,DEV_N_919,ADDR_N_919,0
ACC_N_920,2026-04-09T00:00:00,145,DEV_N_919,ADDR_N_919,0
ACC_N_921,2026-07-22T00:00:00,41,DEV_N_921,ADDR_N_921,0
ACC_N_922,2025-12-19T00:00:00,256,DEV_N_922,ADDR_N_922,0
ACC_N_923,2026-08-08T00:00:00,24,DEV_N_923,ADDR_N_923,0
ACC_N_924,2026-02-02T00:00:00,211,DEV_N_924,ADDR_N_924,0
ACC_N_925,2026-06-05T00:00:00,88,DEV_N_925,ADDR_N_925,0
ACC_N_926,2026-03-02T00:00:00,183,DEV_N_926,ADDR_N_926,0
ACC_N_927,2025-10-22T00:00:00,314,DEV_N_927,ADDR_N_927,0
ACC_N_928,2026-08-15T00:00:00,17,DEV_N_928,ADDR_N_928,0
ACC_N_929,2025-09-27T00:00:00,339,DEV_N_929,ADDR_N_929,0
ACC_N_930,2025-12-14T00:00:00,261,DEV_N_929,ADDR_N_929,0
ACC_N_931,2025-12-22T00:00:00,253,DEV_N_931,ADDR_N_931,0
ACC_N_932,2025-11-03T00:00:00,302,DEV_N_932,ADDR_N_932,0
ACC_N_933,2026-08-31T00:00:00,1,DEV_N_933,ADDR_N_933,0
ACC_N_934,2026-02-16T00:00:00,197,DEV_N_934,ADDR_N_934,0
ACC_N_935,2026-07-03T00:00:00,60,DEV_N_935,ADDR_N_935,0
ACC_N_936,2026-02-09T00:00:00,204,DEV_N_936,ADDR_N_936,0
ACC_N_937,2026-05-12T00:00:00,112,DEV_N_937,ADDR_N_937,0
ACC_N_938,2025-09-28T00:00:00,338,DEV_N_938,ADDR_N_938,0
ACC_N_939,2026-01-27T00:00:00,217,DEV_N_939,ADDR_N_939,0
ACC_N_940,2026-01-09T00:00:00,235,DEV_N_939,ADDR_N_939,0
ACC_N_941,2026-04-15T00:00:00,139,DEV_N_941,ADDR_N_941,0
ACC_N_942,2026-05-12T00:00:00,112,DEV_N_942,ADDR_N_942,0
ACC_N_943,2026-08-22T00:00:00,10,DEV_N_943,ADDR_N_943,0
ACC_N_944,2026-04-17T00:00:00,137,DEV_N_944,ADDR_N_944,0
ACC_N_945,2026-06-24T00:00:00,69,DEV_N_945,ADDR_N_945,0
ACC_N_946,2026-07-21T00:00:00,42,DEV_N_946,ADDR_N_946,0
ACC_N_947,2026-08-09T00:00:00,23,DEV_N_947,ADDR_N_947,0
ACC_N_948,2025-09-24T00:00:00,342,DEV_N_948,ADDR_N_948,0
ACC_N_949,2025-09-26T00:00:00,340,DEV_N_949,ADDR_N_949,0
ACC_N_950,2026-07-30T00:00:00,33,DEV_N_949,ADDR_N_949,0
ACC_N_951,2026-08-03T00:00:00,29,DEV_N_951,ADDR_N_951,0
ACC_N_952,2026-05-19T00:00:00,105,DEV_N_952,ADDR_N_952,0
ACC_N_953,2025-10-24T00:00:00,312,DEV_N_953,ADDR_N_953,0
ACC_N_954,2026-02-27T00:00:00,186,DEV_N_954,ADDR_N_954,0
ACC_N_955,2025-12-19T00:00:00,256,DEV_N_955,ADDR_N_955,0
ACC_N_956,2025-09-17T00:00:00,349,DEV_N_956,ADDR_N_956,0
ACC_N_957,2026-08-31T00:00:00,1,DEV_N_957,ADDR_N_957,0
ACC_N_958,2026-01-13T00:00:00,231,DEV_N_958,ADDR_N_958,0
ACC_N_959,2025-10-28T00:00:00,308,DEV_N_959,ADDR_N_959,0
ACC_N_960,2025-10-08T00:00:00,328,DEV_N_959,ADDR_N_959,0
ACC_N_961,2026-05-20T00:00:00,104,DEV_N_961,ADDR_N_961,0
ACC_N_962,2025-12-10T00:00:00,265,DEV_N_962,ADDR_N_962,0
ACC_N_963,2025-09-22T00:00:00,344,DEV_N_963,ADDR_N_963,0
ACC_N_964,2026-07-05T00:00:00,58,DEV_N_964,ADDR_N_964,0
ACC_N_965,2025-12-28T00:00:00,247,DEV_N_965,ADDR_N_965,0
ACC_N_966,2025-10-02T00:00:00,334,DEV_N_966,ADDR_N_966,0
ACC_N_967,2026-02-28T00:00:00,185,DEV_N_967,ADDR_N_967,0
ACC_N_968,2026-04-07T00:00:00,147,DEV_N_968,ADDR_N_968,0
ACC_N_969,2025-10-16T00:00:00,320,DEV_N_969,ADDR_N_969,0
ACC_N_970,2026-02-07T00:00:00,206,DEV_N_969,ADDR_N_969,0
ACC_N_971,2025-09-02T00:00:00,364,DEV_N_971,ADDR_N_971,0
ACC_N_972,2026-03-26T00:00:00,159,DEV_N_972,ADDR_N_972,0
ACC_N_973,2026-07-04T00:00:00,59,DEV_N_973,ADDR_N_973,0
ACC_N_974,2026-06-04T00:00:00,89,DEV_N_974,ADDR_N_974,0
ACC_N_975,2025-11-06T00:00:00,299,DEV_N_975,ADDR_N_975,0
ACC_N_976,2025-09-01T00:00:00,365,DEV_N_976,ADDR_N_976,0
ACC_N_977,2025-12-27T00:00:00,248,DEV_N_977,ADDR_N_977,0
ACC_N_978,2026-04-28T00:00:00,126,DEV_N_978,ADDR_N_978,0
ACC_N_979,2025-12-06T00:00:00,269,DEV_N_979,ADDR_N_979,0
ACC_N_980,2026-07-30T00:00:00,33,DEV_N_979,ADDR_N_979,0
ACC_N_981,2025-11-28T00:00:00,277,DEV_N_981,ADDR_N_981,0
ACC_N_982,2026-08-29T00:00:00,3,DEV_N_982,ADDR_N_982,0
ACC_N_983,2026-08-20T00:00:00,12,DEV_N_983,ADDR_N_983,0
ACC_N_984,2026-02-11T00:00:00,202,DEV_N_984,ADDR_N_984,0
ACC_N_985,2026-02-07T00:00:00,206,DEV_N_985,ADDR_N_985,0
ACC_N_986,2026-01-11T00:00:00,233,DEV_N_986,ADDR_N_986,0
ACC_N_987,2026-01-01T00:00:00,243,DEV_N_987,ADDR_N_987,0
ACC_N_988,2026-07-29T00:00:00,34,DEV_N_988,ADDR_N_988,0
ACC_N_989,2026-01-12T00:00:00,232,DEV_N_989,ADDR_N_989,0
ACC_N_990,2025-12-09T00:00:00,266,DEV_N_989,ADDR_N_989,0
ACC_N_991,2026-06-16T00:00:00,77,DEV_N_991,ADDR_N_991,0
ACC_N_992,2026-06-15T00:00:00,78,DEV_N_992,ADDR_N_992,0
ACC_N_993,2026-02-23T00:00:00,190,DEV_N_993,ADDR_N_993,0
ACC_N_994,2026-07-08T00:00:00,55,DEV_N_994,ADDR_N_994,0
ACC_N_995,2026-03-29T00:00:00,156,DEV_N_995,ADDR_N_995,0
ACC_N_996,2026-06-29T00:00:00,64,DEV_N_996,ADDR_N_996,0
ACC_N_997,2026-08-24T00:00:00,8,DEV_N_997,ADDR_N_997,0
ACC_N_998,2026-07-27T00:00:00,36,DEV_N_998,ADDR_N_998,0
ACC_N_999,2026-03-12T00:00:00,173,DEV_N_999,ADDR_N_999,0
ACC_N_1000,2026-08-05T00:00:00,27,DEV_N_999,ADDR_N_999,0
ACC_N_1001,2026-05-29T00:00:00,95,DEV_N_1001,ADDR_N_1001,0
ACC_N_1002,2025-12-27T00:00:00,248,DEV_N_1002,ADDR_N_1002,0
ACC_N_1003,2026-03-05T00:00:00,180,DEV_N_1003,ADDR_N_1003,0
ACC_N_1004,2025-09-20T00:00:00,346,DEV_N_1004,ADDR_N_1004,0
ACC_N_1005,2025-10-12T00:00:00,324,DEV_N_1005,ADDR_N_1005,0
ACC_N_1006,2026-01-21T00:00:00,223,DEV_N_1006,ADDR_N_1006,0
ACC_N_1007,2025-10-19T00:00:00,317,DEV_N_1007,ADDR_N_1007,0
ACC_N_1008,2026-01-21T00:00:00,223,DEV_N_1008,ADDR_N_1008,0
ACC_N_1009,2025-12-31T00:00:00,244,DEV_N_1009,ADDR_N_1009,0
ACC_N_1010,2026-01-07T00:00:00,237,DEV_N_1009,ADDR_N_1009,0
ACC_N_1011,2025-11-19T00:00:00,286,DEV_N_1011,ADDR_N_1011,0
ACC_N_1012,2025-10-25T00:00:00,311,DEV_N_1012,ADDR_N_1012,0
ACC_N_1013,2025-09-13T00:00:00,353,DEV_N_1013,ADDR_N_1013,0
ACC_N_1014,2026-02-17T00:00:00,196,DEV_N_1014,ADDR_N_1014,0
ACC_N_1015,2026-01-02T00:00:00,242,DEV_N_1015,ADDR_N_1015,0
ACC_N_1016,2026-03-12T00:00:00,173,DEV_N_1016,ADDR_N_1016,0
ACC_N_1017,2026-04-03T00:00:00,151,DEV_N_1017,ADDR_N_1017,0
ACC_N_1018,2025-10-26T00:00:00,310,DEV_N_1018,ADDR_N_1018,0
ACC_N_1019,2025-10-17T00:00:00,319,DEV_N_1019,ADDR_N_1019,0
ACC_N_1020,2026-07-27T00:00:00,36,DEV_N_1019,ADDR_N_1019,0
ACC_N_1021,2026-02-12T00:00:00,201,DEV_N_1021,ADDR_N_1021,0
ACC_N_1022,2026-02-15T00:00:00,198,DEV_N_1022,ADDR_N_1022,0
ACC_N_1023,2026-01-03T00:00:00,241,DEV_N_1023,ADDR_N_1023,0
ACC_N_1024,2025-10-13T00:00:00,323,DEV_N_1024,ADDR_N_1024,0
ACC_N_1025,2025-11-27T00:00:00,278,DEV_N_1025,ADDR_N_1025,0
ACC_N_1026,2026-01-16T00:00:00,228,DEV_N_1026,ADDR_N_1026,0
ACC_N_1027,2025-11-21T00:00:00,284,DEV_N_1027,ADDR_N_1027,0
ACC_N_1028,2026-06-22T00:00:00,71,DEV_N_1028,ADDR_N_1028,0
ACC_N_1029,2026-03-29T00:00:00,156,DEV_N_1029,ADDR_N_1029,0
ACC_N_1030,2026-02-14T00:00:00,199,DEV_N_1029,ADDR_N_1029,0
ACC_N_1031,2025-11-20T00:00:00,285,DEV_N_1031,ADDR_N_1031,0
ACC_N_1032,2025-12-30T00:00:00,245,DEV_N_1032,ADDR_N_1032,0
ACC_N_1033,2025-09-24T00:00:00,342,DEV_N_1033,ADDR_N_1033,0
ACC_N_1034,2026-03-19T00:00:00,166,DEV_N_1034,ADDR_N_1034,0
ACC_N_1035,2026-08-24T00:00:00,8,DEV_N_1035,ADDR_N_1035,0
ACC_N_1036,2026-06-26T00:00:00,67,DEV_N_1036,ADDR_N_1036,0
ACC_N_1037,2025-10-26T00:00:00,310,DEV_N_1037,ADDR_N_1037,0
ACC_N_1038,2026-06-26T00:00:00,67,DEV_N_1038,ADDR_N_1038,0
ACC_N_1039,2026-06-14T00:00:00,79,DEV_N_1039,ADDR_N_1039,0
ACC_N_1040,2026-07-12T00:00:00,51,DEV_N_1039,ADDR_N_1039,0
ACC_N_1041,2026-02-28T00:00:00,185,DEV_N_1041,ADDR_N_1041,0
ACC_N_1042,2026-01-15T00:00:00,229,DEV_N_1042,ADDR_N_1042,0
ACC_N_1043,2025-12-22T00:00:00,253,DEV_N_1043,ADDR_N_1043,0
ACC_N_1044,2026-08-01T00:00:00,31,DEV_N_1044,ADDR_N_1044,0
ACC_N_1045,2025-11-26T00:00:00,279,DEV_N_1045,ADDR_N_1045,0
ACC_N_1046,2026-06-14T00:00:00,79,DEV_N_1046,ADDR_N_1046,0
ACC_N_1047,2026-03-17T00:00:00,168,DEV_N_1047,ADDR_N_1047,0
ACC_N_1048,2026-04-09T00:00:00,145,DEV_N_1048,ADDR_N_1048,0
ACC_N_1049,2026-07-13T00:00:00,50,DEV_N_1049,ADDR_N_1049,0
ACC_N_1050,2026-04-19T00:00:00,135,DEV_N_1049,ADDR_N_1049,0
ACC_N_1051,2026-02-23T00:00:00,190,DEV_N_1051,ADDR_N_1051,0
ACC_N_1052,2025-12-16T00:00:00,259,DEV_N_1052,ADDR_N_1052,0
ACC_N_1053,2025-12-23T00:00:00,252,DEV_N_1053,ADDR_N_1053,0
ACC_N_1054,2025-12-07T00:00:00,268,DEV_N_1054,ADDR_N_1054,0
ACC_N_1055,2026-01-02T00:00:00,242,DEV_N_1055,ADDR_N_1055,0
ACC_N_1056,2025-09-29T00:00:00,337,DEV_N_1056,ADDR_N_1056,0
ACC_N_1057,2025-12-15T00:00:00,260,DEV_N_1057,ADDR_N_1057,0
ACC_N_1058,2026-07-08T00:00:00,55,DEV_N_1058,ADDR_N_1058,0
ACC_N_1059,2026-07-22T00:00:00,41,DEV_N_1059,ADDR_N_1059,0
ACC_N_1060,2026-07-13T00:00:00,50,DEV_N_1059,ADDR_N_1059,0
ACC_N_1061,2026-08-16T00:00:00,16,DEV_N_1061,ADDR_N_1061,0
ACC_N_1062,2026-03-11T00:00:00,174,DEV_N_1062,ADDR_N_1062,0
ACC_N_1063,2026-04-23T00:00:00,131,DEV_N_1063,ADDR_N_1063,0
ACC_N_1064,2026-06-10T00:00:00,83,DEV_N_1064,ADDR_N_1064,0
ACC_N_1065,2025-09-14T00:00:00,352,DEV_N_1065,ADDR_N_1065,0
ACC_N_1066,2026-04-23T00:00:00,131,DEV_N_1066,ADDR_N_1066,0
ACC_N_1067,2026-08-02T00:00:00,30,DEV_N_1067,ADDR_N_1067,0
ACC_N_1068,2025-11-05T00:00:00,300,DEV_N_1068,ADDR_N_1068,0
ACC_N_1069,2025-11-07T00:00:00,298,DEV_N_1069,ADDR_N_1069,0
ACC_N_1070,2026-08-24T00:00:00,8,DEV_N_1069,ADDR_N_1069,0
ACC_N_1071,2025-11-12T00:00:00,293,DEV_N_1071,ADDR_N_1071,0
ACC_N_1072,2026-01-07T00:00:00,237,DEV_N_1072,ADDR_N_1072,0
ACC_N_1073,2026-06-05T00:00:00,88,DEV_N_1073,ADDR_N_1073,0
ACC_N_1074,2026-02-21T00:00:00,192,DEV_N_1074,ADDR_N_1074,0
ACC_N_1075,2026-03-11T00:00:00,174,DEV_N_1075,ADDR_N_1075,0
ACC_N_1076,2025-12-03T00:00:00,272,DEV_N_1076,ADDR_N_1076,0
ACC_N_1077,2026-08-12T00:00:00,20,DEV_N_1077,ADDR_N_1077,0
ACC_N_1078,2025-11-17T00:00:00,288,DEV_N_1078,ADDR_N_1078,0
ACC_N_1079,2025-11-13T00:00:00,292,DEV_N_1079,ADDR_N_1079,0
ACC_N_1080,2025-12-16T00:00:00,259,DEV_N_1079,ADDR_N_1079,0
ACC_N_1081,2026-02-20T00:00:00,193,DEV_N_1081,ADDR_N_1081,0
ACC_N_1082,2026-01-07T00:00:00,237,DEV_N_1082,ADDR_N_1082,0
ACC_N_1083,2025-12-29T00:00:00,246,DEV_N_1083,ADDR_N_1083,0
ACC_N_1084,2025-11-25T00:00:00,280,DEV_N_1084,ADDR_N_1084,0
ACC_N_1085,2025-09-08T00:00:00,358,DEV_N_1085,ADDR_N_1085,0
ACC_N_1086,2026-06-25T00:00:00,68,DEV_N_1086,ADDR_N_1086,0
ACC_N_1087,2025-10-27T00:00:00,309,DEV_N_1087,ADDR_N_1087,0
ACC_N_1088,2026-06-29T00:00:00,64,DEV_N_1088,ADDR_N_1088,0
ACC_N_1089,2026-05-07T00:00:00,117,DEV_N_1089,ADDR_N_1089,0
ACC_N_1090,2026-05-17T00:00:00,107,DEV_N_1089,ADDR_N_1089,0
ACC_N_1091,2025-09-15T00:00:00,351,DEV_N_1091,ADDR_N_1091,0
ACC_N_1092,2026-07-23T00:00:00,40,DEV_N_1092,ADDR_N_1092,0
ACC_N_1093,2026-04-30T00:00:00,124,DEV_N_1093,ADDR_N_1093,0
ACC_N_1094,2026-04-23T00:00:00,131,DEV_N_1094,ADDR_N_1094,0
ACC_N_1095,2026-08-22T00:00:00,10,DEV_N_1095,ADDR_N_1095,0
ACC_N_1096,2025-12-20T00:00:00,255,DEV_N_1096,ADDR_N_1096,0
ACC_N_1097,2025-12-01T00:00:00,274,DEV_N_1097,ADDR_N_1097,0
ACC_N_1098,2026-08-25T00:00:00,7,DEV_N_1098,ADDR_N_1098,0
ACC_N_1099,2026-05-23T00:00:00,101,DEV_N_1099,ADDR_N_1099,0
ACC_N_1100,2025-09-26T00:00:00,340,DEV_N_1099,ADDR_N_1099,0
ACC_N_1101,2026-03-10T00:00:00,175,DEV_N_1101,ADDR_N_1101,0
ACC_N_1102,2026-01-08T00:00:00,236,DEV_N_1102,ADDR_N_1102,0
ACC_N_1103,2025-12-04T00:00:00,271,DEV_N_1103,ADDR_N_1103,0
ACC_N_1104,2026-06-20T00:00:00,73,DEV_N_1104,ADDR_N_1104,0
ACC_N_1105,2025-12-31T00:00:00,244,DEV_N_1105,ADDR_N_1105,0
ACC_N_1106,2025-12-10T00:00:00,265,DEV_N_1106,ADDR_N_1106,0
ACC_N_1107,2026-05-09T00:00:00,115,DEV_N_1107,ADDR_N_1107,0
ACC_N_1108,2025-12-19T00:00:00,256,DEV_N_1108,ADDR_N_1108,0
ACC_N_1109,2026-02-19T00:00:00,194,DEV_N_1109,ADDR_N_1109,0
ACC_N_1110,2026-01-04T00:00:00,240,DEV_N_1109,ADDR_N_1109,0
ACC_N_1111,2026-02-04T00:00:00,209,DEV_N_1111,ADDR_N_1111,0
ACC_N_1112,2025-10-07T00:00:00,329,DEV_N_1112,ADDR_N_1112,0
ACC_N_1113,2026-04-28T00:00:00,126,DEV_N_1113,ADDR_N_1113,0
ACC_N_1114,2025-11-21T00:00:00,284,DEV_N_1114,ADDR_N_1114,0
ACC_N_1115,2026-08-28T00:00:00,4,DEV_N_1115,ADDR_N_1115,0
ACC_N_1116,2026-02-25T00:00:00,188,DEV_N_1116,ADDR_N_1116,0
ACC_N_1117,2026-07-13T00:00:00,50,DEV_N_1117,ADDR_N_1117,0
ACC_N_1118,2026-04-15T00:00:00,139,DEV_N_1118,ADDR_N_1118,0
ACC_N_1119,2026-02-09T00:00:00,204,DEV_N_1119,ADDR_N_1119,0
ACC_N_1120,2025-10-09T00:00:00,327,DEV_N_1119,ADDR_N_1119,0
ACC_N_1121,2026-05-15T00:00:00,109,DEV_N_1121,ADDR_N_1121,0
ACC_N_1122,2026-03-07T00:00:00,178,DEV_N_1122,ADDR_N_1122,0
ACC_N_1123,2026-07-29T00:00:00,34,DEV_N_1123,ADDR_N_1123,0
ACC_N_1124,2026-07-21T00:00:00,42,DEV_N_1124,ADDR_N_1124,0
ACC_N_1125,2026-04-20T00:00:00,134,DEV_N_1125,ADDR_N_1125,0
ACC_N_1126,2026-06-28T00:00:00,65,DEV_N_1126,ADDR_N_1126,0
ACC_N_1127,2026-02-14T00:00:00,199,DEV_N_1127,ADDR_N_1127,0
ACC_N_1128,2026-07-17T00:00:00,46,DEV_N_1128,ADDR_N_1128,0
ACC_N_1129,2025-12-14T00:00:00,261,DEV_N_1129,ADDR_N_1129,0
ACC_N_1130,2025-10-05T00:00:00,331,DEV_N_1129,ADDR_N_1129,0
ACC_N_1131,2026-02-09T00:00:00,204,DEV_N_1131,ADDR_N_1131,0
ACC_N_1132,2026-08-24T00:00:00,8,DEV_N_1132,ADDR_N_1132,0
ACC_N_1133,2026-08-11T00:00:00,21,DEV_N_1133,ADDR_N_1133,0
ACC_N_1134,2026-05-11T00:00:00,113,DEV_N_1134,ADDR_N_1134,0
ACC_N_1135,2026-02-25T00:00:00,188,DEV_N_1135,ADDR_N_1135,0
ACC_N_1136,2026-01-27T00:00:00,217,DEV_N_1136,ADDR_N_1136,0
ACC_N_1137,2026-08-13T00:00:00,19,DEV_N_1137,ADDR_N_1137,0
ACC_N_1138,2026-08-13T00:00:00,19,DEV_N_1138,ADDR_N_1138,0
ACC_N_1139,2026-07-29T00:00:00,34,DEV_N_1139,ADDR_N_1139,0
ACC_N_1140,2026-08-28T00:00:00,4,DEV_N_1139,ADDR_N_1139,0
ACC_N_1141,2026-08-21T00:00:00,11,DEV_N_1141,ADDR_N_1141,0
ACC_N_1142,2025-11-24T00:00:00,281,DEV_N_1142,ADDR_N_1142,0
ACC_N_1143,2026-07-13T00:00:00,50,DEV_N_1143,ADDR_N_1143,0
ACC_N_1144,2026-03-18T00:00:00,167,DEV_N_1144,ADDR_N_1144,0
ACC_N_1145,2025-09-06T00:00:00,360,DEV_N_1145,ADDR_N_1145,0
ACC_N_1146,2026-02-22T00:00:00,191,DEV_N_1146,ADDR_N_1146,0
ACC_N_1147,2026-01-26T00:00:00,218,DEV_N_1147,ADDR_N_1147,0
ACC_N_1148,2026-08-27T00:00:00,5,DEV_N_1148,ADDR_N_1148,0
ACC_N_1149,2026-04-25T00:00:00,129,DEV_N_1149,ADDR_N_1149,0
ACC_N_1150,2026-02-23T00:00:00,190,DEV_N_1149,ADDR_N_1149,0
ACC_N_1151,2026-05-24T00:00:00,100,DEV_N_1151,ADDR_N_1151,0
ACC_N_1152,2026-07-07T00:00:00,56,DEV_N_1152,ADDR_N_1152,0
ACC_N_1153,2026-07-22T00:00:00,41,DEV_N_1153,ADDR_N_1153,0
ACC_N_1154,2025-09-19T00:00:00,347,DEV_N_1154,ADDR_N_1154,0
ACC_N_1155,2026-07-28T00:00:00,35,DEV_N_1155,ADDR_N_1155,0
ACC_N_1156,2025-12-06T00:00:00,269,DEV_N_1156,ADDR_N_1156,0
ACC_N_1157,2026-05-31T00:00:00,93,DEV_N_1157,ADDR_N_1157,0
ACC_N_1158,2026-01-13T00:00:00,231,DEV_N_1158,ADDR_N_1158,0
ACC_N_1159,2026-01-14T00:00:00,230,DEV_N_1159,ADDR_N_1159,0
ACC_N_1160,2025-10-21T00:00:00,315,DEV_N_1159,ADDR_N_1159,0
ACC_N_1161,2025-10-30T00:00:00,306,DEV_N_1161,ADDR_N_1161,0
ACC_N_1162,2026-01-21T00:00:00,223,DEV_N_1162,ADDR_N_1162,0
ACC_N_1163,2026-06-27T00:00:00,66,DEV_N_1163,ADDR_N_1163,0
ACC_N_1164,2026-07-03T00:00:00,60,DEV_N_1164,ADDR_N_1164,0
ACC_N_1165,2026-07-25T00:00:00,38,DEV_N_1165,ADDR_N_1165,0
ACC_N_1166,2026-07-20T00:00:00,43,DEV_N_1166,ADDR_N_1166,0
ACC_N_1167,2025-09-07T00:00:00,359,DEV_N_1167,ADDR_N_1167,0
ACC_N_1168,2026-02-14T00:00:00,199,DEV_N_1168,ADDR_N_1168,0
ACC_N_1169,2025-10-21T00:00:00,315,DEV_N_1169,ADDR_N_1169,0
ACC_N_1170,2025-11-11T00:00:00,294,DEV_N_1169,ADDR_N_1169,0
ACC_N_1171,2025-12-30T00:00:00,245,DEV_N_1171,ADDR_N_1171,0
ACC_N_1172,2026-04-09T00:00:00,145,DEV_N_1172,ADDR_N_1172,0
ACC_N_1173,2025-12-22T00:00:00,253,DEV_N_1173,ADDR_N_1173,0
ACC_N_1174,2026-04-07T00:00:00,147,DEV_N_1174,ADDR_N_1174,0
ACC_N_1175,2026-03-13T00:00:00,172,DEV_N_1175,ADDR_N_1175,0
ACC_N_1176,2026-06-13T00:00:00,80,DEV_N_1176,ADDR_N_1176,0
ACC_N_1177,2026-04-11T00:00:00,143,DEV_N_1177,ADDR_N_1177,0
ACC_N_1178,2026-05-28T00:00:00,96,DEV_N_1178,ADDR_N_1178,0
ACC_N_1179,2026-05-10T00:00:00,114,DEV_N_1179,ADDR_N_1179,0
ACC_N_1180,2026-04-25T00:00:00,129,DEV_N_1179,ADDR_N_1179,0
ACC_N_1181,2026-05-23T00:00:00,101,DEV_N_1181,ADDR_N_1181,0
ACC_N_1182,2026-07-23T00:00:00,40,DEV_N_1182,ADDR_N_1182,0
ACC_N_1183,2026-07-04T00:00:00,59,DEV_N_1183,ADDR_N_1183,0
ACC_N_1184,2025-11-25T00:00:00,280,DEV_N_1184,ADDR_N_1184,0
ACC_N_1185,2026-03-04T00:00:00,181,DEV_N_1185,ADDR_N_1185,0
ACC_N_1186,2025-10-22T00:00:00,314,DEV_N_1186,ADDR_N_1186,0
ACC_N_1187,2025-11-01T00:00:00,304,DEV_N_1187,ADDR_N_1187,0
ACC_N_1188,2026-01-11T00:00:00,233,DEV_N_1188,ADDR_N_1188,0
ACC_N_1189,2025-09-10T00:00:00,356,DEV_N_1189,ADDR_N_1189,0
ACC_N_1190,2026-05-18T00:00:00,106,DEV_N_1189,ADDR_N_1189,0
ACC_N_1191,2026-05-12T00:00:00,112,DEV_N_1191,ADDR_N_1191,0
ACC_N_1192,2026-04-29T00:00:00,125,DEV_N_1192,ADDR_N_1192,0
ACC_N_1193,2026-08-29T00:00:00,3,DEV_N_1193,ADDR_N_1193,0
ACC_N_1194,2025-10-12T00:00:00,324,DEV_N_1194,ADDR_N_1194,0
ACC_N_1195,2026-05-20T00:00:00,104,DEV_N_1195,ADDR_N_1195,0
ACC_N_1196,2025-12-08T00:00:00,267,DEV_N_1196,ADDR_N_1196,0
ACC_N_1197,2025-09-23T00:00:00,343,DEV_N_1197,ADDR_N_1197,0
ACC_N_1198,2026-06-21T00:00:00,72,DEV_N_1198,ADDR_N_1198,0
ACC_N_1199,2026-02-20T00:00:00,193,DEV_N_1199,ADDR_N_1199,0
ACC_N_1200,2026-05-21T00:00:00,103,DEV_N_1199,ADDR_N_1199,0
ACC_N_1201,2026-04-08T00:00:00,146,DEV_N_1201,ADDR_N_1201,0
ACC_N_1202,2025-12-31T00:00:00,244,DEV_N_1202,ADDR_N_1202,0
ACC_N_1203,2025-12-08T00:00:00,267,DEV_N_1203,ADDR_N_1203,0
ACC_N_1204,2026-01-05T00:00:00,239,DEV_N_1204,ADDR_N_1204,0
ACC_N_1205,2025-09-12T00:00:00,354,DEV_N_1205,ADDR_N_1205,0
ACC_N_1206,2025-12-22T00:00:00,253,DEV_N_1206,ADDR_N_1206,0
ACC_N_1207,2025-12-26T00:00:00,249,DEV_N_1207,ADDR_N_1207,0
ACC_N_1208,2026-02-22T00:00:00,191,DEV_N_1208,ADDR_N_1208,0
ACC_N_1209,2026-02-23T00:00:00,190,DEV_N_1209,ADDR_N_1209,0
ACC_N_1210,2025-09-01T00:00:00,365,DEV_N_1209,ADDR_N_1209,0
ACC_N_1211,2026-05-28T00:00:00,96,DEV_N_1211,ADDR_N_1211,0
ACC_N_1212,2025-11-27T00:00:00,278,DEV_N_1212,ADDR_N_1212,0
ACC_N_1213,2026-08-17T00:00:00,15,DEV_N_1213,ADDR_N_1213,0
ACC_N_1214,2025-11-17T00:00:00,288,DEV_N_1214,ADDR_N_1214,0
ACC_N_1215,2026-07-05T00:00:00,58,DEV_N_1215,ADDR_N_1215,0
ACC_N_1216,2025-09-19T00:00:00,347,DEV_N_1216,ADDR_N_1216,0
ACC_N_1217,2026-07-21T00:00:00,42,DEV_N_1217,ADDR_N_1217,0
ACC_N_1218,2026-01-30T00:00:00,214,DEV_N_1218,ADDR_N_1218,0
ACC_N_1219,2026-02-13T00:00:00,200,DEV_N_1219,ADDR_N_1219,0
ACC_N_1220,2026-02-19T00:00:00,194,DEV_N_1219,ADDR_N_1219,0
ACC_N_1221,2026-05-09T00:00:00,115,DEV_N_1221,ADDR_N_1221,0
ACC_N_1222,2025-09-26T00:00:00,340,DEV_N_1222,ADDR_N_1222,0
ACC_N_1223,2026-05-03T00:00:00,121,DEV_N_1223,ADDR_N_1223,0
ACC_N_1224,2026-03-11T00:00:00,174,DEV_N_1224,ADDR_N_1224,0
ACC_N_1225,2026-05-08T00:00:00,116,DEV_N_1225,ADDR_N_1225,0
ACC_N_1226,2025-10-18T00:00:00,318,DEV_N_1226,ADDR_N_1226,0
ACC_N_1227,2025-12-01T00:00:00,274,DEV_N_1227,ADDR_N_1227,0
ACC_N_1228,2025-11-24T00:00:00,281,DEV_N_1228,ADDR_N_1228,0
ACC_N_1229,2025-10-27T00:00:00,309,DEV_N_1229,ADDR_N_1229,0
ACC_N_1230,2025-09-19T00:00:00,347,DEV_N_1229,ADDR_N_1229,0
ACC_N_1231,2025-10-07T00:00:00,329,DEV_N_1231,ADDR_N_1231,0
ACC_N_1232,2025-11-16T00:00:00,289,DEV_N_1232,ADDR_N_1232,0
ACC_N_1233,2026-06-14T00:00:00,79,DEV_N_1233,ADDR_N_1233,0
ACC_N_1234,2025-12-19T00:00:00,256,DEV_N_1234,ADDR_N_1234,0
ACC_N_1235,2025-11-18T00:00:00,287,DEV_N_1235,ADDR_N_1235,0
ACC_N_1236,2026-06-13T00:00:00,80,DEV_N_1236,ADDR_N_1236,0
ACC_N_1237,2025-10-02T00:00:00,334,DEV_N_1237,ADDR_N_1237,0
ACC_N_1238,2026-01-31T00:00:00,213,DEV_N_1238,ADDR_N_1238,0
ACC_N_1239,2026-05-15T00:00:00,109,DEV_N_1239,ADDR_N_1239,0
ACC_N_1240,2025-10-08T00:00:00,328,DEV_N_1239,ADDR_N_1239,0
ACC_N_1241,2026-07-07T00:00:00,56,DEV_N_1241,ADDR_N_1241,0
ACC_N_1242,2026-01-19T00:00:00,225,DEV_N_1242,ADDR_N_1242,0
ACC_N_1243,2026-02-20T00:00:00,193,DEV_N_1243,ADDR_N_1243,0
ACC_N_1244,2025-12-05T00:00:00,270,DEV_N_1244,ADDR_N_1244,0
ACC_N_1245,2025-09-22T00:00:00,344,DEV_N_1245,ADDR_N_1245,0
ACC_N_1246,2026-02-26T00:00:00,187,DEV_N_1246,ADDR_N_1246,0
ACC_N_1247,2025-09-15T00:00:00,351,DEV_N_1247,ADDR_N_1247,0
ACC_N_1248,2026-05-22T00:00:00,102,DEV_N_1248,ADDR_N_1248,0
ACC_N_1249,2026-02-18T00:00:00,195,DEV_N_1249,ADDR_N_1249,0
ACC_N_1250,2026-02-17T00:00:00,196,DEV_N_1249,ADDR_N_1249,0
ACC_N_1251,2025-11-06T00:00:00,299,DEV_N_1251,ADDR_N_1251,0
ACC_N_1252,2026-08-28T00:00:00,4,DEV_N_1252,ADDR_N_1252,0
ACC_N_1253,2026-06-28T00:00:00,65,DEV_N_1253,ADDR_N_1253,0
ACC_N_1254,2026-04-25T00:00:00,129,DEV_N_1254,ADDR_N_1254,0
ACC_N_1255,2026-01-31T00:00:00,213,DEV_N_1255,ADDR_N_1255,0
ACC_N_1256,2026-03-19T00:00:00,166,DEV_N_1256,ADDR_N_1256,0
ACC_N_1257,2025-09-25T00:00:00,341,DEV_N_1257,ADDR_N_1257,0
ACC_N_1258,2025-10-29T00:00:00,307,DEV_N_1258,ADDR_N_1258,0
ACC_N_1259,2026-08-04T00:00:00,28,DEV_N_1259,ADDR_N_1259,0
ACC_N_1260,2026-05-13T00:00:00,111,DEV_N_1259,ADDR_N_1259,0
ACC_N_1261,2026-01-20T00:00:00,224,DEV_N_1261,ADDR_N_1261,0
ACC_N_1262,2026-08-18T00:00:00,14,DEV_N_1262,ADDR_N_1262,0
ACC_N_1263,2026-03-28T00:00:00,157,DEV_N_1263,ADDR_N_1263,0
ACC_N_1264,2026-04-14T00:00:00,140,DEV_N_1264,ADDR_N_1264,0
ACC_N_1265,2025-09-24T00:00:00,342,DEV_N_1265,ADDR_N_1265,0
ACC_N_1266,2025-09-06T00:00:00,360,DEV_N_1266,ADDR_N_1266,0
ACC_N_1267,2026-05-12T00:00:00,112,DEV_N_1267,ADDR_N_1267,0
ACC_N_1268,2026-06-17T00:00:00,76,DEV_N_1268,ADDR_N_1268,0
ACC_N_1269,2026-02-12T00:00:00,201,DEV_N_1269,ADDR_N_1269,0
ACC_N_1270,2025-09-19T00:00:00,347,DEV_N_1269,ADDR_N_1269,0
ACC_N_1271,2026-07-22T00:00:00,41,DEV_N_1271,ADDR_N_1271,0
ACC_N_1272,2026-03-01T00:00:00,184,DEV_N_1272,ADDR_N_1272,0
ACC_N_1273,2026-06-16T00:00:00,77,DEV_N_1273,ADDR_N_1273,0
ACC_N_1274,2025-09-09T00:00:00,357,DEV_N_1274,ADDR_N_1274,0
ACC_N_1275,2026-05-03T00:00:00,121,DEV_N_1275,ADDR_N_1275,0
ACC_N_1276,2025-09-13T00:00:00,353,DEV_N_1276,ADDR_N_1276,0
ACC_N_1277,2026-05-03T00:00:00,121,DEV_N_1277,ADDR_N_1277,0
ACC_N_1278,2026-02-06T00:00:00,207,DEV_N_1278,ADDR_N_1278,0
ACC_N_1279,2026-07-20T00:00:00,43,DEV_N_1279,ADDR_N_1279,0
ACC_N_1280,2025-12-27T00:00:00,248,DEV_N_1279,ADDR_N_1279,0
ACC_N_1281,2026-05-02T00:00:00,122,DEV_N_1281,ADDR_N_1281,0
ACC_N_1282,2026-07-02T00:00:00,61,DEV_N_1282,ADDR_N_1282,0
ACC_N_1283,2026-01-26T00:00:00,218,DEV_N_1283,ADDR_N_1283,0
ACC_N_1284,2025-12-15T00:00:00,260,DEV_N_1284,ADDR_N_1284,0
ACC_N_1285,2026-04-25T00:00:00,129,DEV_N_1285,ADDR_N_1285,0
ACC_N_1286,2025-11-04T00:00:00,301,DEV_N_1286,ADDR_N_1286,0
ACC_N_1287,2025-10-17T00:00:00,319,DEV_N_1287,ADDR_N_1287,0
ACC_N_1288,2026-08-11T00:00:00,21,DEV_N_1288,ADDR_N_1288,0
ACC_N_1289,2026-03-13T00:00:00,172,DEV_N_1289,ADDR_N_1289,0
ACC_N_1290,2025-12-02T00:00:00,273,DEV_N_1289,ADDR_N_1289,0
ACC_N_1291,2026-04-01T00:00:00,153,DEV_N_1291,ADDR_N_1291,0
ACC_N_1292,2026-04-14T00:00:00,140,DEV_N_1292,ADDR_N_1292,0
ACC_N_1293,2026-08-22T00:00:00,10,DEV_N_1293,ADDR_N_1293,0
ACC_N_1294,2025-11-08T00:00:00,297,DEV_N_1294,ADDR_N_1294,0
ACC_N_1295,2026-05-11T00:00:00,113,DEV_N_1295,ADDR_N_1295,0
ACC_N_1296,2026-05-03T00:00:00,121,DEV_N_1296,ADDR_N_1296,0
ACC_N_1297,2026-02-24T00:00:00,189,DEV_N_1297,ADDR_N_1297,0
ACC_N_1298,2026-03-23T00:00:00,162,DEV_N_1298,ADDR_N_1298,0
ACC_N_1299,2026-05-19T00:00:00,105,DEV_N_1299,ADDR_N_1299,0
ACC_N_1300,2026-08-17T00:00:00,15,DEV_N_1299,ADDR_N_1299,0
ACC_N_1301,2025-10-21T00:00:00,315,DEV_N_1301,ADDR_N_1301,0
ACC_N_1302,2026-04-07T00:00:00,147,DEV_N_1302,ADDR_N_1302,0
ACC_N_1303,2026-07-09T00:00:00,54,DEV_N_1303,ADDR_N_1303,0
ACC_N_1304,2025-10-03T00:00:00,333,DEV_N_1304,ADDR_N_1304,0
ACC_N_1305,2025-12-05T00:00:00,270,DEV_N_1305,ADDR_N_1305,0
ACC_N_1306,2025-10-03T00:00:00,333,DEV_N_1306,ADDR_N_1306,0
ACC_N_1307,2026-01-01T00:00:00,243,DEV_N_1307,ADDR_N_1307,0
ACC_N_1308,2026-02-13T00:00:00,200,DEV_N_1308,ADDR_N_1308,0
ACC_N_1309,2026-08-03T00:00:00,29,DEV_N_1309,ADDR_N_1309,0
ACC_N_1310,2026-03-07T00:00:00,178,DEV_N_1309,ADDR_N_1309,0
ACC_N_1311,2025-12-24T00:00:00,251,DEV_N_1311,ADDR_N_1311,0
ACC_N_1312,2026-08-12T00:00:00,20,DEV_N_1312,ADDR_N_1312,0
ACC_N_1313,2025-11-25T00:00:00,280,DEV_N_1313,ADDR_N_1313,0
ACC_N_1314,2026-08-14T00:00:00,18,DEV_N_1314,ADDR_N_1314,0
ACC_N_1315,2026-08-29T00:00:00,3,DEV_N_1315,ADDR_N_1315,0
ACC_N_1316,2025-10-14T00:00:00,322,DEV_N_1316,ADDR_N_1316,0
ACC_N_1317,2026-08-24T00:00:00,8,DEV_N_1317,ADDR_N_1317,0
ACC_N_1318,2026-01-15T00:00:00,229,DEV_N_1318,ADDR_N_1318,0
ACC_N_1319,2025-10-27T00:00:00,309,DEV_N_1319,ADDR_N_1319,0
ACC_N_1320,2026-05-18T00:00:00,106,DEV_N_1319,ADDR_N_1319,0
ACC_N_1321,2026-01-29T00:00:00,215,DEV_N_1321,ADDR_N_1321,0
ACC_N_1322,2026-03-16T00:00:00,169,DEV_N_1322,ADDR_N_1322,0
ACC_N_1323,2025-11-11T00:00:00,294,DEV_N_1323,ADDR_N_1323,0
ACC_N_1324,2026-07-23T00:00:00,40,DEV_N_1324,ADDR_N_1324,0
ACC_N_1325,2026-02-06T00:00:00,207,DEV_N_1325,ADDR_N_1325,0
ACC_N_1326,2026-02-02T00:00:00,211,DEV_N_1326,ADDR_N_1326,0
ACC_N_1327,2025-09-12T00:00:00,354,DEV_N_1327,ADDR_N_1327,0
ACC_N_1328,2026-06-23T00:00:00,70,DEV_N_1328,ADDR_N_1328,0
ACC_N_1329,2026-01-04T00:00:00,240,DEV_N_1329,ADDR_N_1329,0
ACC_N_1330,2026-08-04T00:00:00,28,DEV_N_1329,ADDR_N_1329,0
ACC_N_1331,2026-05-16T00:00:00,108,DEV_N_1331,ADDR_N_1331,0
ACC_N_1332,2026-01-25T00:00:00,219,DEV_N_1332,ADDR_N_1332,0
ACC_N_1333,2026-02-20T00:00:00,193,DEV_N_1333,ADDR_N_1333,0
ACC_N_1334,2026-01-21T00:00:00,223,DEV_N_1334,ADDR_N_1334,0
ACC_N_1335,2026-02-09T00:00:00,204,DEV_N_1335,ADDR_N_1335,0
ACC_N_1336,2026-08-07T00:00:00,25,DEV_N_1336,ADDR_N_1336,0
ACC_N_1337,2026-08-08T00:00:00,24,DEV_N_1337,ADDR_N_1337,0
ACC_N_1338,2026-07-18T00:00:00,45,DEV_N_1338,ADDR_N_1338,0
ACC_N_1339,2026-07-30T00:00:00,33,DEV_N_1339,ADDR_N_1339,0
ACC_N_1340,2026-05-23T00:00:00,101,DEV_N_1339,ADDR_N_1339,0
ACC_N_1341,2026-02-26T00:00:00,187,DEV_N_1341,ADDR_N_1341,0
ACC_N_1342,2025-11-17T00:00:00,288,DEV_N_1342,ADDR_N_1342,0
ACC_N_1343,2026-06-20T00:00:00,73,DEV_N_1343,ADDR_N_1343,0
ACC_N_1344,2026-01-08T00:00:00,236,DEV_N_1344,ADDR_N_1344,0
ACC_N_1345,2025-12-07T00:00:00,268,DEV_N_1345,ADDR_N_1345,0
ACC_N_1346,2026-04-11T00:00:00,143,DEV_N_1346,ADDR_N_1346,0
ACC_N_1347,2025-11-18T00:00:00,287,DEV_N_1347,ADDR_N_1347,0
ACC_N_1348,2025-12-11T00:00:00,264,DEV_N_1348,ADDR_N_1348,0
ACC_N_1349,2026-04-13T00:00:00,141,DEV_N_1349,ADDR_N_1349,0
ACC_N_1350,2026-05-15T00:00:00,109,DEV_N_1349,ADDR_N_1349,0
ACC_N_1351,2026-02-23T00:00:00,190,DEV_N_1351,ADDR_N_1351,0
ACC_N_1352,2026-03-13T00:00:00,172,DEV_N_1352,ADDR_N_1352,0
ACC_N_1353,2026-07-30T00:00:00,33,DEV_N_1353,ADDR_N_1353,0
ACC_N_1354,2025-10-31T00:00:00,305,DEV_N_1354,ADDR_N_1354,0
ACC_N_1355,2025-09-03T00:00:00,363,DEV_N_1355,ADDR_N_1355,0
ACC_N_1356,2026-05-23T00:00:00,101,DEV_N_1356,ADDR_N_1356,0
ACC_N_1357,2026-08-20T00:00:00,12,DEV_N_1357,ADDR_N_1357,0
ACC_N_1358,2025-10-03T00:00:00,333,DEV_N_1358,ADDR_N_1358,0
ACC_N_1359,2025-09-11T00:00:00,355,DEV_N_1359,ADDR_N_1359,0
ACC_N_1360,2026-05-30T00:00:00,94,DEV_N_1359,ADDR_N_1359,0
ACC_N_1361,2026-08-02T00:00:00,30,DEV_N_1361,ADDR_N_1361,0
ACC_N_1362,2026-01-29T00:00:00,215,DEV_N_1362,ADDR_N_1362,0
ACC_N_1363,2026-03-11T00:00:00,174,DEV_N_1363,ADDR_N_1363,0
ACC_N_1364,2026-08-24T00:00:00,8,DEV_N_1364,ADDR_N_1364,0
ACC_N_1365,2025-09-10T00:00:00,356,DEV_N_1365,ADDR_N_1365,0
ACC_N_1366,2026-07-17T00:00:00,46,DEV_N_1366,ADDR_N_1366,0
ACC_N_1367,2025-11-26T00:00:00,279,DEV_N_1367,ADDR_N_1367,0
ACC_N_1368,2025-10-18T00:00:00,318,DEV_N_1368,ADDR_N_1368,0
ACC_N_1369,2026-06-25T00:00:00,68,DEV_N_1369,ADDR_N_1369,0
ACC_N_1370,2026-03-09T00:00:00,176,DEV_N_1369,ADDR_N_1369,0
ACC_N_1371,2025-12-16T00:00:00,259,DEV_N_1371,ADDR_N_1371,0
ACC_N_1372,2026-04-01T00:00:00,153,DEV_N_1372,ADDR_N_1372,0
ACC_N_1373,2025-09-01T00:00:00,365,DEV_N_1373,ADDR_N_1373,0
ACC_N_1374,2026-03-04T00:00:00,181,DEV_N_1374,ADDR_N_1374,0
ACC_N_1375,2025-11-17T00:00:00,288,DEV_N_1375,ADDR_N_1375,0
ACC_N_1376,2026-04-10T00:00:00,144,DEV_N_1376,ADDR_N_1376,0
ACC_N_1377,2026-04-22T00:00:00,132,DEV_N_1377,ADDR_N_1377,0
ACC_N_1378,2026-06-09T00:00:00,84,DEV_N_1378,ADDR_N_1378,0
ACC_N_1379,2025-12-14T00:00:00,261,DEV_N_1379,ADDR_N_1379,0
ACC_N_1380,2026-06-22T00:00:00,71,DEV_N_1379,ADDR_N_1379,0
ACC_N_1381,2026-08-02T00:00:00,30,DEV_N_1381,ADDR_N_1381,0
ACC_N_1382,2026-06-18T00:00:00,75,DEV_N_1382,ADDR_N_1382,0
ACC_N_1383,2026-01-11T00:00:00,233,DEV_N_1383,ADDR_N_1383,0
ACC_N_1384,2026-08-05T00:00:00,27,DEV_N_1384,ADDR_N_1384,0
ACC_N_1385,2026-08-26T00:00:00,6,DEV_N_1385,ADDR_N_1385,0
ACC_N_1386,2025-11-15T00:00:00,290,DEV_N_1386,ADDR_N_1386,0
ACC_N_1387,2025-11-17T00:00:00,288,DEV_N_1387,ADDR_N_1387,0
ACC_N_1388,2025-11-12T00:00:00,293,DEV_N_1388,ADDR_N_1388,0
ACC_N_1389,2025-09-12T00:00:00,354,DEV_N_1389,ADDR_N_1389,0
ACC_N_1390,2026-04-06T00:00:00,148,DEV_N_1389,ADDR_N_1389,0
ACC_N_1391,2026-04-21T00:00:00,133,DEV_N_1391,ADDR_N_1391,0
ACC_N_1392,2026-08-29T00:00:00,3,DEV_N_1392,ADDR_N_1392,0
ACC_N_1393,2026-08-17T00:00:00,15,DEV_N_1393,ADDR_N_1393,0
ACC_N_1394,2026-02-25T00:00:00,188,DEV_N_1394,ADDR_N_1394,0
ACC_N_1395,2026-05-29T00:00:00,95,DEV_N_1395,ADDR_N_1395,0
ACC_N_1396,2026-08-02T00:00:00,30,DEV_N_1396,ADDR_N_1396,0
ACC_N_1397,2026-06-14T00:00:00,79,DEV_N_1397,ADDR_N_1397,0
ACC_N_1398,2026-08-30T00:00:00,2,DEV_N_1398,ADDR_N_1398,0
ACC_N_1399,2026-01-12T00:00:00,232,DEV_N_1399,ADDR_N_1399,0
ACC_N_1400,2026-05-17T00:00:00,107,DEV_N_1399,ADDR_N_1399,0
ACC_N_1401,2025-11-28T00:00:00,277,DEV_N_1401,ADDR_N_1401,0
ACC_N_1402,2026-06-01T00:00:00,92,DEV_N_1402,ADDR_N_1402,0
ACC_N_1403,2026-03-11T00:00:00,174,DEV_N_1403,ADDR_N_1403,0
ACC_N_1404,2025-10-07T00:00:00,329,DEV_N_1404,ADDR_N_1404,0
ACC_N_1405,2025-12-08T00:00:00,267,DEV_N_1405,ADDR_N_1405,0
ACC_N_1406,2025-10-23T00:00:00,313,DEV_N_1406,ADDR_N_1406,0
ACC_N_1407,2026-02-08T00:00:00,205,DEV_N_1407,ADDR_N_1407,0
ACC_N_1408,2026-05-15T00:00:00,109,DEV_N_1408,ADDR_N_1408,0
ACC_N_1409,2026-01-11T00:00:00,233,DEV_N_1409,ADDR_N_1409,0
ACC_N_1410,2025-12-16T00:00:00,259,DEV_N_1409,ADDR_N_1409,0
ACC_N_1411,2025-10-05T00:00:00,331,DEV_N_1411,ADDR_N_1411,0
ACC_N_1412,2026-06-12T00:00:00,81,DEV_N_1412,ADDR_N_1412,0
ACC_N_1413,2025-12-27T00:00:00,248,DEV_N_1413,ADDR_N_1413,0
ACC_N_1414,2026-07-19T00:00:00,44,DEV_N_1414,ADDR_N_1414,0
ACC_N_1415,2026-04-12T00:00:00,142,DEV_N_1415,ADDR_N_1415,0
ACC_N_1416,2025-11-04T00:00:00,301,DEV_N_1416,ADDR_N_1416,0
ACC_N_1417,2026-04-03T00:00:00,151,DEV_N_1417,ADDR_N_1417,0
ACC_N_1418,2026-01-26T00:00:00,218,DEV_N_1418,ADDR_N_1418,0
ACC_N_1419,2025-10-09T00:00:00,327,DEV_N_1419,ADDR_N_1419,0
ACC_N_1420,2025-10-04T00:00:00,332,DEV_N_1419,ADDR_N_1419,0
ACC_N_1421,2026-04-27T00:00:00,127,DEV_N_1421,ADDR_N_1421,0
ACC_N_1422,2026-01-11T00:00:00,233,DEV_N_1422,ADDR_N_1422,0
ACC_N_1423,2026-04-09T00:00:00,145,DEV_N_1423,ADDR_N_1423,0
ACC_N_1424,2026-07-29T00:00:00,34,DEV_N_1424,ADDR_N_1424,0
ACC_N_1425,2026-05-14T00:00:00,110,DEV_N_1425,ADDR_N_1425,0
ACC_N_1426,2026-02-18T00:00:00,195,DEV_N_1426,ADDR_N_1426,0
ACC_N_1427,2025-11-24T00:00:00,281,DEV_N_1427,ADDR_N_1427,0
ACC_N_1428,2026-03-31T00:00:00,154,DEV_N_1428,ADDR_N_1428,0
ACC_N_1429,2025-11-10T00:00:00,295,DEV_N_1429,ADDR_N_1429,0
ACC_N_1430,2025-09-10T00:00:00,356,DEV_N_1429,ADDR_N_1429,0
ACC_N_1431,2026-03-13T00:00:00,172,DEV_N_1431,ADDR_N_1431,0
ACC_N_1432,2025-10-12T00:00:00,324,DEV_N_1432,ADDR_N_1432,0
ACC_N_1433,2026-05-28T00:00:00,96,DEV_N_1433,ADDR_N_1433,0
ACC_N_1434,2026-07-21T00:00:00,42,DEV_N_1434,ADDR_N_1434,0
ACC_N_1435,2026-04-06T00:00:00,148,DEV_N_1435,ADDR_N_1435,0
ACC_N_1436,2026-03-26T00:00:00,159,DEV_N_1436,ADDR_N_1436,0
ACC_N_1437,2026-06-10T00:00:00,83,DEV_N_1437,ADDR_N_1437,0
ACC_N_1438,2026-02-26T00:00:00,187,DEV_N_1438,ADDR_N_1438,0
ACC_N_1439,2026-07-03T00:00:00,60,DEV_N_1439,ADDR_N_1439,0
ACC_N_1440,2026-06-07T00:00:00,86,DEV_N_1439,ADDR_N_1439,0
ACC_N_1441,2026-04-10T00:00:00,144,DEV_N_1441,ADDR_N_1441,0
ACC_N_1442,2026-06-02T00:00:00,91,DEV_N_1442,ADDR_N_1442,0
ACC_N_1443,2025-10-20T00:00:00,316,DEV_N_1443,ADDR_N_1443,0
ACC_N_1444,2026-08-25T00:00:00,7,DEV_N_1444,ADDR_N_1444,0
ACC_N_1445,2025-10-19T00:00:00,317,DEV_N_1445,ADDR_N_1445,0
ACC_N_1446,2026-04-25T00:00:00,129,DEV_N_1446,ADDR_N_1446,0
ACC_N_1447,2026-06-19T00:00:00,74,DEV_N_1447,ADDR_N_1447,0
ACC_N_1448,2025-10-25T00:00:00,311,DEV_N_1448,ADDR_N_1448,0
ACC_N_1449,2025-11-21T00:00:00,284,DEV_N_1449,ADDR_N_1449,0
ACC_N_1450,2026-05-31T00:00:00,93,DEV_N_1449,ADDR_N_1449,0
ACC_N_1451,2025-12-15T00:00:00,260,DEV_N_1451,ADDR_N_1451,0
ACC_N_1452,2026-08-12T00:00:00,20,DEV_N_1452,ADDR_N_1452,0
ACC_N_1453,2025-12-31T00:00:00,244,DEV_N_1453,ADDR_N_1453,0
ACC_N_1454,2025-12-23T00:00:00,252,DEV_N_1454,ADDR_N_1454,0
ACC_N_1455,2025-10-19T00:00:00,317,DEV_N_1455,ADDR_N_1455,0
ACC_N_1456,2025-12-25T00:00:00,250,DEV_N_1456,ADDR_N_1456,0
ACC_N_1457,2026-05-15T00:00:00,109,DEV_N_1457,ADDR_N_1457,0
ACC_N_1458,2025-10-16T00:00:00,320,DEV_N_1458,ADDR_N_1458,0
ACC_N_1459,2025-09-29T00:00:00,337,DEV_N_1459,ADDR_N_1459,0
ACC_N_1460,2026-02-05T00:00:00,208,DEV_N_1459,ADDR_N_1459,0
ACC_N_1461,2025-10-31T00:00:00,305,DEV_N_1461,ADDR_N_1461,0
ACC_N_1462,2026-08-08T00:00:00,24,DEV_N_1462,ADDR_N_1462,0
ACC_N_1463,2026-03-14T00:00:00,171,DEV_N_1463,ADDR_N_1463,0
ACC_N_1464,2025-09-29T00:00:00,337,DEV_N_1464,ADDR_N_1464,0
ACC_N_1465,2026-03-10T00:00:00,175,DEV_N_1465,ADDR_N_1465,0
ACC_N_1466,2026-06-08T00:00:00,85,DEV_N_1466,ADDR_N_1466,0
ACC_N_1467,2025-09-03T00:00:00,363,DEV_N_1467,ADDR_N_1467,0
ACC_N_1468,2026-07-14T00:00:00,49,DEV_N_1468,ADDR_N_1468,0
ACC_N_1469,2026-07-09T00:00:00,54,DEV_N_1469,ADDR_N_1469,0
ACC_N_1470,2026-06-02T00:00:00,91,DEV_N_1469,ADDR_N_1469,0
ACC_N_1471,2026-01-24T00:00:00,220,DEV_N_1471,ADDR_N_1471,0
ACC_N_1472,2026-07-28T00:00:00,35,DEV_N_1472,ADDR_N_1472,0
ACC_N_1473,2025-09-20T00:00:00,346,DEV_N_1473,ADDR_N_1473,0
ACC_N_1474,2026-01-19T00:00:00,225,DEV_N_1474,ADDR_N_1474,0
ACC_N_1475,2026-06-18T00:00:00,75,DEV_N_1475,ADDR_N_1475,0
ACC_N_1476,2026-05-27T00:00:00,97,DEV_N_1476,ADDR_N_1476,0
ACC_N_1477,2026-08-20T00:00:00,12,DEV_N_1477,ADDR_N_1477,0
ACC_N_1478,2026-04-08T00:00:00,146,DEV_N_1478,ADDR_N_1478,0
ACC_N_1479,2025-10-16T00:00:00,320,DEV_N_1479,ADDR_N_1479,0
ACC_N_1480,2026-05-23T00:00:00,101,DEV_N_1479,ADDR_N_1479,0
ACC_N_1481,2026-07-18T00:00:00,45,DEV_N_1481,ADDR_N_1481,0
ACC_N_1482,2026-06-03T00:00:00,90,DEV_N_1482,ADDR_N_1482,0
ACC_N_1483,2026-02-15T00:00:00,198,DEV_N_1483,ADDR_N_1483,0
ACC_N_1484,2025-09-22T00:00:00,344,DEV_N_1484,ADDR_N_1484,0
ACC_N_1485,2026-05-28T00:00:00,96,DEV_N_1485,ADDR_N_1485,0
ACC_N_1486,2026-02-19T00:00:00,194,DEV_N_1486,ADDR_N_1486,0
ACC_N_1487,2025-11-11T00:00:00,294,DEV_N_1487,ADDR_N_1487,0
ACC_N_1488,2026-07-02T00:00:00,61,DEV_N_1488,ADDR_N_1488,0
ACC_N_1489,2026-06-03T00:00:00,90,DEV_N_1489,ADDR_N_1489,0
ACC_N_1490,2026-05-31T00:00:00,93,DEV_N_1489,ADDR_N_1489,0
ACC_N_1491,2025-09-04T00:00:00,362,DEV_N_1491,ADDR_N_1491,0
ACC_N_1492,2025-12-16T00:00:00,259,DEV_N_1492,ADDR_N_1492,0
ACC_N_1493,2025-10-20T00:00:00,316,DEV_N_1493,ADDR_N_1493,0
ACC_N_1494,2025-12-05T00:00:00,270,DEV_N_1494,ADDR_N_1494,0
ACC_N_1495,2026-07-03T00:00:00,60,DEV_N_1495,ADDR_N_1495,0
ACC_N_1496,2026-01-01T00:00:00,243,DEV_N_1496,ADDR_N_1496,0
ACC_N_1497,2025-12-17T00:00:00,258,DEV_N_1497,ADDR_N_1497,0
ACC_N_1498,2026-04-20T00:00:00,134,DEV_N_1498,ADDR_N_1498,0
ACC_N_1499,2026-06-03T00:00:00,90,DEV_N_1499,ADDR_N_1499,0
ACC_N_1500,2025-11-04T00:00:00,301,DEV_N_1499,ADDR_N_1499,0
ACC_N_1501,2026-01-11T00:00:00,233,DEV_N_1501,ADDR_N_1501,0
ACC_N_1502,2026-02-15T00:00:00,198,DEV_N_1502,ADDR_N_1502,0
ACC_N_1503,2026-03-13T00:00:00,172,DEV_N_1503,ADDR_N_1503,0
ACC_N_1504,2026-06-23T00:00:00,70,DEV_N_1504,ADDR_N_1504,0
ACC_N_1505,2025-12-22T00:00:00,253,DEV_N_1505,ADDR_N_1505,0
ACC_N_1506,2025-11-25T00:00:00,280,DEV_N_1506,ADDR_N_1506,0
ACC_N_1507,2026-04-16T00:00:00,138,DEV_N_1507,ADDR_N_1507,0
ACC_N_1508,2025-11-27T00:00:00,278,DEV_N_1508,ADDR_N_1508,0
ACC_N_1509,2025-12-08T00:00:00,267,DEV_N_1509,ADDR_N_1509,0
ACC_N_1510,2025-11-05T00:00:00,300,DEV_N_1509,ADDR_N_1509,0
ACC_N_1511,2025-12-06T00:00:00,269,DEV_N_1511,ADDR_N_1511,0
ACC_N_1512,2026-07-26T00:00:00,37,DEV_N_1512,ADDR_N_1512,0
ACC_N_1513,2026-08-29T00:00:00,3,DEV_N_1513,ADDR_N_1513,0
ACC_N_1514,2025-09-20T00:00:00,346,DEV_N_1514,ADDR_N_1514,0
ACC_N_1515,2026-08-20T00:00:00,12,DEV_N_1515,ADDR_N_1515,0
ACC_N_1516,2025-09-19T00:00:00,347,DEV_N_1516,ADDR_N_1516,0
ACC_N_1517,2026-01-10T00:00:00,234,DEV_N_1517,ADDR_N_1517,0
ACC_N_1518,2025-09-14T00:00:00,352,DEV_N_1518,ADDR_N_1518,0
ACC_N_1519,2025-12-20T00:00:00,255,DEV_N_1519,ADDR_N_1519,0
ACC_N_1520,2025-10-09T00:00:00,327,DEV_N_1519,ADDR_N_1519,0
ACC_N_1521,2025-09-05T00:00:00,361,DEV_N_1521,ADDR_N_1521,0
ACC_N_1522,2025-09-03T00:00:00,363,DEV_N_1522,ADDR_N_1522,0
ACC_N_1523,2025-09-17T00:00:00,349,DEV_N_1523,ADDR_N_1523,0
ACC_N_1524,2026-06-25T00:00:00,68,DEV_N_1524,ADDR_N_1524,0
ACC_N_1525,2026-06-04T00:00:00,89,DEV_N_1525,ADDR_N_1525,0
ACC_N_1526,2026-02-28T00:00:00,185,DEV_N_1526,ADDR_N_1526,0
ACC_N_1527,2025-10-30T00:00:00,306,DEV_N_1527,ADDR_N_1527,0
ACC_N_1528,2025-12-11T00:00:00,264,DEV_N_1528,ADDR_N_1528,0
ACC_N_1529,2026-05-25T00:00:00,99,DEV_N_1529,ADDR_N_1529,0
ACC_N_1530,2026-03-15T00:00:00,170,DEV_N_1529,ADDR_N_1529,0
ACC_N_1531,2025-09-08T00:00:00,358,DEV_N_1531,ADDR_N_1531,0
ACC_N_1532,2026-07-02T00:00:00,61,DEV_N_1532,ADDR_N_1532,0
ACC_N_1533,2025-12-13T00:00:00,262,DEV_N_1533,ADDR_N_1533,0
ACC_N_1534,2025-10-24T00:00:00,312,DEV_N_1534,ADDR_N_1534,0
ACC_N_1535,2026-02-02T00:00:00,211,DEV_N_1535,ADDR_N_1535,0
ACC_N_1536,2026-03-26T00:00:00,159,DEV_N_1536,ADDR_N_1536,0
ACC_N_1537,2026-02-12T00:00:00,201,DEV_N_1537,ADDR_N_1537,0
ACC_N_1538,2026-07-01T00:00:00,62,DEV_N_1538,ADDR_N_1538,0
ACC_N_1539,2025-10-24T00:00:00,312,DEV_N_1539,ADDR_N_1539,0
ACC_N_1540,2025-10-15T00:00:00,321,DEV_N_1539,ADDR_N_1539,0
ACC_N_1541,2026-04-06T00:00:00,148,DEV_N_1541,ADDR_N_1541,0
ACC_N_1542,2026-06-27T00:00:00,66,DEV_N_1542,ADDR_N_1542,0
ACC_N_1543,2026-05-19T00:00:00,105,DEV_N_1543,ADDR_N_1543,0
ACC_N_1544,2025-12-29T00:00:00,246,DEV_N_1544,ADDR_N_1544,0
ACC_N_1545,2025-12-02T00:00:00,273,DEV_N_1545,ADDR_N_1545,0
ACC_N_1546,2026-05-17T00:00:00,107,DEV_N_1546,ADDR_N_1546,0
ACC_N_1547,2026-01-23T00:00:00,221,DEV_N_1547,ADDR_N_1547,0
ACC_N_1548,2026-02-26T00:00:00,187,DEV_N_1548,ADDR_N_1548,0
ACC_N_1549,2025-09-14T00:00:00,352,DEV_N_1549,ADDR_N_1549,0
ACC_N_1550,2025-12-15T00:00:00,260,DEV_N_1549,ADDR_N_1549,0
ACC_N_1551,2026-04-17T00:00:00,137,DEV_N_1551,ADDR_N_1551,0
ACC_N_1552,2026-06-06T00:00:00,87,DEV_N_1552,ADDR_N_1552,0
ACC_N_1553,2026-01-23T00:00:00,221,DEV_N_1553,ADDR_N_1553,0
ACC_N_1554,2025-10-22T00:00:00,314,DEV_N_1554,ADDR_N_1554,0
ACC_N_1555,2026-01-20T00:00:00,224,DEV_N_1555,ADDR_N_1555,0
ACC_N_1556,2025-09-13T00:00:00,353,DEV_N_1556,ADDR_N_1556,0
ACC_N_1557,2025-12-26T00:00:00,249,DEV_N_1557,ADDR_N_1557,0
ACC_N_1558,2026-06-14T00:00:00,79,DEV_N_1558,ADDR_N_1558,0
ACC_N_1559,2026-02-19T00:00:00,194,DEV_N_1559,ADDR_N_1559,0
ACC_N_1560,2026-01-21T00:00:00,223,DEV_N_1559,ADDR_N_1559,0
ACC_N_1561,2026-06-30T00:00:00,63,DEV_N_1561,ADDR_N_1561,0
ACC_N_1562,2026-03-29T00:00:00,156,DEV_N_1562,ADDR_N_1562,0
ACC_N_1563,2026-01-14T00:00:00,230,DEV_N_1563,ADDR_N_1563,0
ACC_N_1564,2026-04-29T00:00:00,125,DEV_N_1564,ADDR_N_1564,0
ACC_N_1565,2026-06-26T00:00:00,67,DEV_N_1565,ADDR_N_1565,0
ACC_N_1566,2026-02-25T00:00:00,188,DEV_N_1566,ADDR_N_1566,0
ACC_N_1567,2025-12-26T00:00:00,249,DEV_N_1567,ADDR_N_1567,0
ACC_N_1568,2025-11-18T00:00:00,287,DEV_N_1568,ADDR_N_1568,0
ACC_N_1569,2026-02-17T00:00:00,196,DEV_N_1569,ADDR_N_1569,0
ACC_N_1570,2026-07-01T00:00:00,62,DEV_N_1569,ADDR_N_1569,0
ACC_N_1571,2025-09-24T00:00:00,342,DEV_N_1571,ADDR_N_1571,0
ACC_N_1572,2026-06-22T00:00:00,71,DEV_N_1572,ADDR_N_1572,0
ACC_N_1573,2026-02-10T00:00:00,203,DEV_N_1573,ADDR_N_1573,0
ACC_N_1574,2025-11-23T00:00:00,282,DEV_N_1574,ADDR_N_1574,0
ACC_N_1575,2025-12-27T00:00:00,248,DEV_N_1575,ADDR_N_1575,0
ACC_N_1576,2026-04-23T00:00:00,131,DEV_N_1576,ADDR_N_1576,0
ACC_N_1577,2025-11-06T00:00:00,299,DEV_N_1577,ADDR_N_1577,0
ACC_N_1578,2026-05-11T00:00:00,113,DEV_N_1578,ADDR_N_1578,0
ACC_N_1579,2026-06-16T00:00:00,77,DEV_N_1579,ADDR_N_1579,0
ACC_N_1580,2026-03-23T00:00:00,162,DEV_N_1579,ADDR_N_1579,0
ACC_N_1581,2026-06-26T00:00:00,67,DEV_N_1581,ADDR_N_1581,0
ACC_N_1582,2026-02-19T00:00:00,194,DEV_N_1582,ADDR_N_1582,0
ACC_N_1583,2025-09-24T00:00:00,342,DEV_N_1583,ADDR_N_1583,0
ACC_N_1584,2025-11-08T00:00:00,297,DEV_N_1584,ADDR_N_1584,0
ACC_N_1585,2025-11-17T00:00:00,288,DEV_N_1585,ADDR_N_1585,0
ACC_N_1586,2026-06-22T00:00:00,71,DEV_N_1586,ADDR_N_1586,0
ACC_N_1587,2026-03-16T00:00:00,169,DEV_N_1587,ADDR_N_1587,0
ACC_N_1588,2025-12-25T00:00:00,250,DEV_N_1588,ADDR_N_1588,0
ACC_N_1589,2026-01-14T00:00:00,230,DEV_N_1589,ADDR_N_1589,0
ACC_N_1590,2025-09-07T00:00:00,359,DEV_N_1589,ADDR_N_1589,0
ACC_N_1591,2026-08-17T00:00:00,15,DEV_N_1591,ADDR_N_1591,0
ACC_N_1592,2025-09-28T00:00:00,338,DEV_N_1592,ADDR_N_1592,0
ACC_N_1593,2026-03-06T00:00:00,179,DEV_N_1593,ADDR_N_1593,0
ACC_N_1594,2025-10-14T00:00:00,322,DEV_N_1594,ADDR_N_1594,0
ACC_N_1595,2025-11-23T00:00:00,282,DEV_N_1595,ADDR_N_1595,0
ACC_N_1596,2026-01-25T00:00:00,219,DEV_N_1596,ADDR_N_1596,0
ACC_N_1597,2026-01-05T00:00:00,239,DEV_N_1597,ADDR_N_1597,0
ACC_N_1598,2025-12-13T00:00:00,262,DEV_N_1598,ADDR_N_1598,0
ACC_N_1599,2026-08-13T00:00:00,19,DEV_N_1599,ADDR_N_1599,0
ACC_N_1600,2026-03-26T00:00:00,159,DEV_N_1599,ADDR_N_1599,0
ACC_N_1601,2026-03-02T00:00:00,183,DEV_N_1601,ADDR_N_1601,0
ACC_N_1602,2026-03-24T00:00:00,161,DEV_N_1602,ADDR_N_1602,0
ACC_N_1603,2025-09-07T00:00:00,359,DEV_N_1603,ADDR_N_1603,0
ACC_N_1604,2026-07-17T00:00:00,46,DEV_N_1604,ADDR_N_1604,0
ACC_N_1605,2026-07-28T00:00:00,35,DEV_N_1605,ADDR_N_1605,0
ACC_N_1606,2026-05-18T00:00:00,106,DEV_N_1606,ADDR_N_1606,0
ACC_N_1607,2026-04-26T00:00:00,128,DEV_N_1607,ADDR_N_1607,0
ACC_N_1608,2026-03-21T00:00:00,164,DEV_N_1608,ADDR_N_1608,0
ACC_N_1609,2025-10-30T00:00:00,306,DEV_N_1609,ADDR_N_1609,0
ACC_N_1610,2026-05-03T00:00:00,121,DEV_N_1609,ADDR_N_1609,0
ACC_N_1611,2026-03-03T00:00:00,182,DEV_N_1611,ADDR_N_1611,0
ACC_N_1612,2025-12-26T00:00:00,249,DEV_N_1612,ADDR_N_1612,0
ACC_N_1613,2025-12-24T00:00:00,251,DEV_N_1613,ADDR_N_1613,0
ACC_N_1614,2025-09-06T00:00:00,360,DEV_N_1614,ADDR_N_1614,0
ACC_N_1615,2026-07-23T00:00:00,40,DEV_N_1615,ADDR_N_1615,0
ACC_N_1616,2026-06-01T00:00:00,92,DEV_N_1616,ADDR_N_1616,0
ACC_N_1617,2026-01-10T00:00:00,234,DEV_N_1617,ADDR_N_1617,0
ACC_N_1618,2025-11-15T00:00:00,290,DEV_N_1618,ADDR_N_1618,0
ACC_N_1619,2025-12-31T00:00:00,244,DEV_N_1619,ADDR_N_1619,0
ACC_N_1620,2026-01-24T00:00:00,220,DEV_N_1619,ADDR_N_1619,0
ACC_N_1621,2026-01-07T00:00:00,237,DEV_N_1621,ADDR_N_1621,0
ACC_N_1622,2026-05-19T00:00:00,105,DEV_N_1622,ADDR_N_1622,0
ACC_N_1623,2026-05-09T00:00:00,115,DEV_N_1623,ADDR_N_1623,0
ACC_N_1624,2026-01-25T00:00:00,219,DEV_N_1624,ADDR_N_1624,0
ACC_N_1625,2025-12-27T00:00:00,248,DEV_N_1625,ADDR_N_1625,0
ACC_N_1626,2025-10-12T00:00:00,324,DEV_N_1626,ADDR_N_1626,0
ACC_N_1627,2026-07-27T00:00:00,36,DEV_N_1627,ADDR_N_1627,0
ACC_N_1628,2026-04-19T00:00:00,135,DEV_N_1628,ADDR_N_1628,0
ACC_N_1629,2025-12-01T00:00:00,274,DEV_N_1629,ADDR_N_1629,0
ACC_N_1630,2025-11-06T00:00:00,299,DEV_N_1629,ADDR_N_1629,0
ACC_N_1631,2025-11-02T00:00:00,303,DEV_N_1631,ADDR_N_1631,0
ACC_N_1632,2026-02-04T00:00:00,209,DEV_N_1632,ADDR_N_1632,0
ACC_N_1633,2026-05-14T00:00:00,110,DEV_N_1633,ADDR_N_1633,0
ACC_N_1634,2025-10-25T00:00:00,311,DEV_N_1634,ADDR_N_1634,0
ACC_N_1635,2026-02-13T00:00:00,200,DEV_N_1635,ADDR_N_1635,0
ACC_N_1636,2025-09-27T00:00:00,339,DEV_N_1636,ADDR_N_1636,0
ACC_N_1637,2026-02-15T00:00:00,198,DEV_N_1637,ADDR_N_1637,0
ACC_N_1638,2025-09-02T00:00:00,364,DEV_N_1638,ADDR_N_1638,0
ACC_N_1639,2025-10-09T00:00:00,327,DEV_N_1639,ADDR_N_1639,0
ACC_N_1640,2026-01-17T00:00:00,227,DEV_N_1639,ADDR_N_1639,0
ACC_N_1641,2025-11-10T00:00:00,295,DEV_N_1641,ADDR_N_1641,0
ACC_N_1642,2026-03-19T00:00:00,166,DEV_N_1642,ADDR_N_1642,0
ACC_N_1643,2026-05-25T00:00:00,99,DEV_N_1643,ADDR_N_1643,0
ACC_N_1644,2025-11-16T00:00:00,289,DEV_N_1644,ADDR_N_1644,0
ACC_N_1645,2026-07-21T00:00:00,42,DEV_N_1645,ADDR_N_1645,0
ACC_N_1646,2025-10-12T00:00:00,324,DEV_N_1646,ADDR_N_1646,0
ACC_N_1647,2025-11-16T00:00:00,289,DEV_N_1647,ADDR_N_1647,0
ACC_N_1648,2026-02-02T00:00:00,211,DEV_N_1648,ADDR_N_1648,0
ACC_N_1649,2026-02-28T00:00:00,185,DEV_N_1649,ADDR_N_1649,0
ACC_N_1650,2025-12-27T00:00:00,248,DEV_N_1649,ADDR_N_1649,0
ACC_N_1651,2026-01-21T00:00:00,223,DEV_N_1651,ADDR_N_1651,0
ACC_N_1652,2026-03-12T00:00:00,173,DEV_N_1652,ADDR_N_1652,0
ACC_N_1653,2026-04-22T00:00:00,132,DEV_N_1653,ADDR_N_1653,0
ACC_N_1654,2025-09-10T00:00:00,356,DEV_N_1654,ADDR_N_1654,0
ACC_N_1655,2026-04-13T00:00:00,141,DEV_N_1655,ADDR_N_1655,0
ACC_N_1656,2025-10-20T00:00:00,316,DEV_N_1656,ADDR_N_1656,0
ACC_N_1657,2026-03-09T00:00:00,176,DEV_N_1657,ADDR_N_1657,0
ACC_N_1658,2026-01-11T00:00:00,233,DEV_N_1658,ADDR_N_1658,0
ACC_N_1659,2026-08-01T00:00:00,31,DEV_N_1659,ADDR_N_1659,0
ACC_N_1660,2026-03-24T00:00:00,161,DEV_N_1659,ADDR_N_1659,0
ACC_N_1661,2026-07-15T00:00:00,48,DEV_N_1661,ADDR_N_1661,0
ACC_N_1662,2026-05-23T00:00:00,101,DEV_N_1662,ADDR_N_1662,0
ACC_N_1663,2025-11-09T00:00:00,296,DEV_N_1663,ADDR_N_1663,0
ACC_N_1664,2025-11-06T00:00:00,299,DEV_N_1664,ADDR_N_1664,0
ACC_N_1665,2025-11-12T00:00:00,293,DEV_N_1665,ADDR_N_1665,0
ACC_N_1666,2026-04-02T00:00:00,152,DEV_N_1666,ADDR_N_1666,0
ACC_N_1667,2026-07-30T00:00:00,33,DEV_N_1667,ADDR_N_1667,0
ACC_N_1668,2025-09-02T00:00:00,364,DEV_N_1668,ADDR_N_1668,0
ACC_N_1669,2026-01-26T00:00:00,218,DEV_N_1669,ADDR_N_1669,0
ACC_N_1670,2026-08-18T00:00:00,14,DEV_N_1669,ADDR_N_1669,0
ACC_N_1671,2026-03-03T00:00:00,182,DEV_N_1671,ADDR_N_1671,0
ACC_N_1672,2025-12-27T00:00:00,248,DEV_N_1672,ADDR_N_1672,0
ACC_N_1673,2026-07-02T00:00:00,61,DEV_N_1673,ADDR_N_1673,0
ACC_N_1674,2025-12-07T00:00:00,268,DEV_N_1674,ADDR_N_1674,0
ACC_N_1675,2026-01-23T00:00:00,221,DEV_N_1675,ADDR_N_1675,0
ACC_N_1676,2026-06-19T00:00:00,74,DEV_N_1676,ADDR_N_1676,0
ACC_N_1677,2026-08-06T00:00:00,26,DEV_N_1677,ADDR_N_1677,0
ACC_N_1678,2026-01-06T00:00:00,238,DEV_N_1678,ADDR_N_1678,0
ACC_N_1679,2026-02-17T00:00:00,196,DEV_N_1679,ADDR_N_1679,0
ACC_N_1680,2025-12-14T00:00:00,261,DEV_N_1679,ADDR_N_1679,0
ACC_N_1681,2026-08-09T00:00:00,23,DEV_N_1681,ADDR_N_1681,0
ACC_N_1682,2026-07-27T00:00:00,36,DEV_N_1682,ADDR_N_1682,0
ACC_N_1683,2026-04-19T00:00:00,135,DEV_N_1683,ADDR_N_1683,0
ACC_N_1684,2026-03-07T00:00:00,178,DEV_N_1684,ADDR_N_1684,0
ACC_N_1685,2026-07-10T00:00:00,53,DEV_N_1685,ADDR_N_1685,0
ACC_N_1686,2026-03-15T00:00:00,170,DEV_N_1686,ADDR_N_1686,0
ACC_N_1687,2025-11-04T00:00:00,301,DEV_N_1687,ADDR_N_1687,0
ACC_N_1688,2026-02-05T00:00:00,208,DEV_N_1688,ADDR_N_1688,0
ACC_N_1689,2025-10-01T00:00:00,335,DEV_N_1689,ADDR_N_1689,0
ACC_N_1690,2026-03-03T00:00:00,182,DEV_N_1689,ADDR_N_1689,0
ACC_N_1691,2026-05-24T00:00:00,100,DEV_N_1691,ADDR_N_1691,0
ACC_N_1692,2026-02-25T00:00:00,188,DEV_N_1692,ADDR_N_1692,0
ACC_N_1693,2026-07-25T00:00:00,38,DEV_N_1693,ADDR_N_1693,0
ACC_N_1694,2025-09-22T00:00:00,344,DEV_N_1694,ADDR_N_1694,0
ACC_N_1695,2026-06-29T00:00:00,64,DEV_N_1695,ADDR_N_1695,0
ACC_N_1696,2025-10-04T00:00:00,332,DEV_N_1696,ADDR_N_1696,0
ACC_N_1697,2026-08-27T00:00:00,5,DEV_N_1697,ADDR_N_1697,0
ACC_N_1698,2026-08-02T00:00:00,30,DEV_N_1698,ADDR_N_1698,0
ACC_N_1699,2026-02-24T00:00:00,189,DEV_N_1699,ADDR_N_1699,0
ACC_N_1700,2026-06-18T00:00:00,75,DEV_N_1699,ADDR_N_1699,0
ACC_N_1701,2026-06-18T00:00:00,75,DEV_N_1701,ADDR_N_1701,0
ACC_N_1702,2025-12-05T00:00:00,270,DEV_N_1702,ADDR_N_1702,0
ACC_N_1703,2026-06-22T00:00:00,71,DEV_N_1703,ADDR_N_1703,0
ACC_N_1704,2025-12-31T00:00:00,244,DEV_N_1704,ADDR_N_1704,0
ACC_N_1705,2026-05-17T00:00:00,107,DEV_N_1705,ADDR_N_1705,0
ACC_N_1706,2026-05-19T00:00:00,105,DEV_N_1706,ADDR_N_1706,0
ACC_N_1707,2026-05-02T00:00:00,122,DEV_N_1707,ADDR_N_1707,0
ACC_N_1708,2025-11-30T00:00:00,275,DEV_N_1708,ADDR_N_1708,0
ACC_N_1709,2026-08-20T00:00:00,12,DEV_N_1709,ADDR_N_1709,0
ACC_N_1710,2026-05-19T00:00:00,105,DEV_N_1709,ADDR_N_1709,0
ACC_N_1711,2025-09-06T00:00:00,360,DEV_N_1711,ADDR_N_1711,0
ACC_N_1712,2026-02-13T00:00:00,200,DEV_N_1712,ADDR_N_1712,0
ACC_N_1713,2026-07-27T00:00:00,36,DEV_N_1713,ADDR_N_1713,0
ACC_N_1714,2025-12-30T00:00:00,245,DEV_N_1714,ADDR_N_1714,0
ACC_N_1715,2025-11-12T00:00:00,293,DEV_N_1715,ADDR_N_1715,0
ACC_N_1716,2026-02-15T00:00:00,198,DEV_N_1716,ADDR_N_1716,0
ACC_N_1717,2026-06-30T00:00:00,63,DEV_N_1717,ADDR_N_1717,0
ACC_N_1718,2026-04-25T00:00:00,129,DEV_N_1718,ADDR_N_1718,0
ACC_N_1719,2025-12-24T00:00:00,251,DEV_N_1719,ADDR_N_1719,0
ACC_N_1720,2025-09-20T00:00:00,346,DEV_N_1719,ADDR_N_1719,0
ACC_N_1721,2025-09-27T00:00:00,339,DEV_N_1721,ADDR_N_1721,0
ACC_N_1722,2026-01-27T00:00:00,217,DEV_N_1722,ADDR_N_1722,0
ACC_N_1723,2026-06-14T00:00:00,79,DEV_N_1723,ADDR_N_1723,0
ACC_N_1724,2026-02-25T00:00:00,188,DEV_N_1724,ADDR_N_1724,0
ACC_N_1725,2026-04-02T00:00:00,152,DEV_N_1725,ADDR_N_1725,0
ACC_N_1726,2026-04-02T00:00:00,152,DEV_N_1726,ADDR_N_1726,0
ACC_N_1727,2026-08-21T00:00:00,11,DEV_N_1727,ADDR_N_1727,0
ACC_N_1728,2025-11-28T00:00:00,277,DEV_N_1728,ADDR_N_1728,0
ACC_N_1729,2026-08-18T00:00:00,14,DEV_N_1729,ADDR_N_1729,0
ACC_N_1730,2025-11-12T00:00:00,293,DEV_N_1729,ADDR_N_1729,0
ACC_N_1731,2026-04-17T00:00:00,137,DEV_N_1731,ADDR_N_1731,0
ACC_N_1732,2025-09-30T00:00:00,336,DEV_N_1732,ADDR_N_1732,0
ACC_N_1733,2026-04-21T00:00:00,133,DEV_N_1733,ADDR_N_1733,0
ACC_N_1734,2026-04-16T00:00:00,138,DEV_N_1734,ADDR_N_1734,0
ACC_N_1735,2025-12-23T00:00:00,252,DEV_N_1735,ADDR_N_1735,0
ACC_N_1736,2025-11-11T00:00:00,294,DEV_N_1736,ADDR_N_1736,0
ACC_N_1737,2026-07-18T00:00:00,45,DEV_N_1737,ADDR_N_1737,0
ACC_N_1738,2026-05-20T00:00:00,104,DEV_N_1738,ADDR_N_1738,0
ACC_N_1739,2025-10-07T00:00:00,329,DEV_N_1739,ADDR_N_1739,0
ACC_N_1740,2026-01-19T00:00:00,225,DEV_N_1739,ADDR_N_1739,0
ACC_N_1741,2026-03-26T00:00:00,159,DEV_N_1741,ADDR_N_1741,0
ACC_N_1742,2025-10-29T00:00:00,307,DEV_N_1742,ADDR_N_1742,0
ACC_N_1743,2026-02-01T00:00:00,212,DEV_N_1743,ADDR_N_1743,0
ACC_N_1744,2025-11-21T00:00:00,284,DEV_N_1744,ADDR_N_1744,0
ACC_N_1745,2026-07-21T00:00:00,42,DEV_N_1745,ADDR_N_1745,0
ACC_N_1746,2025-10-25T00:00:00,311,DEV_N_1746,ADDR_N_1746,0
ACC_N_1747,2026-06-25T00:00:00,68,DEV_N_1747,ADDR_N_1747,0
ACC_N_1748,2026-07-26T00:00:00,37,DEV_N_1748,ADDR_N_1748,0
ACC_N_1749,2026-04-30T00:00:00,124,DEV_N_1749,ADDR_N_1749,0
ACC_N_1750,2025-10-02T00:00:00,334,DEV_N_1749,ADDR_N_1749,0
ACC_N_1751,2025-09-18T00:00:00,348,DEV_N_1751,ADDR_N_1751,0
ACC_N_1752,2026-05-03T00:00:00,121,DEV_N_1752,ADDR_N_1752,0
ACC_N_1753,2026-05-19T00:00:00,105,DEV_N_1753,ADDR_N_1753,0
ACC_N_1754,2026-04-20T00:00:00,134,DEV_N_1754,ADDR_N_1754,0
ACC_N_1755,2025-10-03T00:00:00,333,DEV_N_1755,ADDR_N_1755,0
ACC_N_1756,2026-07-07T00:00:00,56,DEV_N_1756,ADDR_N_1756,0
ACC_N_1757,2025-12-06T00:00:00,269,DEV_N_1757,ADDR_N_1757,0
ACC_N_1758,2025-09-24T00:00:00,342,DEV_N_1758,ADDR_N_1758,0
ACC_N_1759,2025-11-15T00:00:00,290,DEV_N_1759,ADDR_N_1759,0
ACC_N_1760,2025-09-15T00:00:00,351,DEV_N_1759,ADDR_N_1759,0
ACC_N_1761,2026-04-11T00:00:00,143,DEV_N_1761,ADDR_N_1761,0
ACC_N_1762,2025-11-19T00:00:00,286,DEV_N_1762,ADDR_N_1762,0
ACC_N_1763,2026-01-05T00:00:00,239,DEV_N_1763,ADDR_N_1763,0
ACC_N_1764,2025-11-29T00:00:00,276,DEV_N_1764,ADDR_N_1764,0
ACC_N_1765,2026-01-02T00:00:00,242,DEV_N_1765,ADDR_N_1765,0
ACC_N_1766,2026-03-24T00:00:00,161,DEV_N_1766,ADDR_N_1766,0
ACC_N_1767,2025-09-21T00:00:00,345,DEV_N_1767,ADDR_N_1767,0
ACC_N_1768,2026-01-29T00:00:00,215,DEV_N_1768,ADDR_N_1768,0
ACC_N_1769,2026-06-03T00:00:00,90,DEV_N_1769,ADDR_N_1769,0
ACC_N_1770,2025-12-13T00:00:00,262,DEV_N_1769,ADDR_N_1769,0
ACC_N_1771,2026-06-15T00:00:00,78,DEV_N_1771,ADDR_N_1771,0
ACC_N_1772,2026-04-01T00:00:00,153,DEV_N_1772,ADDR_N_1772,0
ACC_N_1773,2026-06-12T00:00:00,81,DEV_N_1773,ADDR_N_1773,0
ACC_N_1774,2025-11-22T00:00:00,283,DEV_N_1774,ADDR_N_1774,0
ACC_N_1775,2026-05-20T00:00:00,104,DEV_N_1775,ADDR_N_1775,0
ACC_N_1776,2026-01-31T00:00:00,213,DEV_N_1776,ADDR_N_1776,0
ACC_N_1777,2025-12-19T00:00:00,256,DEV_N_1777,ADDR_N_1777,0
ACC_N_1778,2026-06-21T00:00:00,72,DEV_N_1778,ADDR_N_1778,0
ACC_N_1779,2026-05-03T00:00:00,121,DEV_N_1779,ADDR_N_1779,0
ACC_N_1780,2026-07-30T00:00:00,33,DEV_N_1779,ADDR_N_1779,0
ACC_N_1781,2026-03-15T00:00:00,170,DEV_N_1781,ADDR_N_1781,0
ACC_N_1782,2025-10-20T00:00:00,316,DEV_N_1782,ADDR_N_1782,0
ACC_N_1783,2026-02-25T00:00:00,188,DEV_N_1783,ADDR_N_1783,0
ACC_N_1784,2026-06-15T00:00:00,78,DEV_N_1784,ADDR_N_1784,0
ACC_N_1785,2025-11-24T00:00:00,281,DEV_N_1785,ADDR_N_1785,0
ACC_N_1786,2026-01-24T00:00:00,220,DEV_N_1786,ADDR_N_1786,0
ACC_N_1787,2026-01-29T00:00:00,215,DEV_N_1787,ADDR_N_1787,0
ACC_N_1788,2026-06-18T00:00:00,75,DEV_N_1788,ADDR_N_1788,0
ACC_N_1789,2026-01-01T00:00:00,243,DEV_N_1789,ADDR_N_1789,0
ACC_N_1790,2026-01-17T00:00:00,227,DEV_N_1789,ADDR_N_1789,0
ACC_N_1791,2026-06-26T00:00:00,67,DEV_N_1791,ADDR_N_1791,0
ACC_N_1792,2026-04-25T00:00:00,129,DEV_N_1792,ADDR_N_1792,0
ACC_N_1793,2025-10-17T00:00:00,319,DEV_N_1793,ADDR_N_1793,0
ACC_N_1794,2026-01-16T00:00:00,228,DEV_N_1794,ADDR_N_1794,0
ACC_N_1795,2025-12-04T00:00:00,271,DEV_N_1795,ADDR_N_1795,0
ACC_N_1796,2026-04-29T00:00:00,125,DEV_N_1796,ADDR_N_1796,0
ACC_N_1797,2026-04-11T00:00:00,143,DEV_N_1797,ADDR_N_1797,0
ACC_N_1798,2026-06-18T00:00:00,75,DEV_N_1798,ADDR_N_1798,0
ACC_N_1799,2025-10-30T00:00:00,306,DEV_N_1799,ADDR_N_1799,0
ACC_A_0,2026-08-17T00:00:00,15,DEV_A_0,ADDR_A_0,1
ACC_A_1,2026-08-27T00:00:00,5,DEV_A_0,ADDR_A_ALT_2,1
ACC_A_2,2026-08-17T00:00:00,15,DEV_A_0,ADDR_A_0,1
ACC_A_3,2026-08-29T00:00:00,3,DEV_A_0,ADDR_A_0,1
ACC_A_4,2026-08-08T00:00:00,24,DEV_A_0,ADDR_A_0,1
ACC_A_5,2026-07-28T00:00:00,35,DEV_A_0,ADDR_A_ALT_6,1
ACC_A_6,2026-04-29T00:00:00,125,DEV_A_0,ADDR_A_0,1
ACC_A_7,2026-08-02T00:00:00,30,DEV_A_0,ADDR_A_0,1
ACC_A_8,2026-08-14T00:00:00,18,DEV_A_0,ADDR_A_0,1
ACC_A_9,2026-08-19T00:00:00,13,DEV_A_0,ADDR_A_0,1
ACC_A_10,2025-12-28T00:00:00,247,DEV_A_0,ADDR_A_ALT_11,1
ACC_A_11,2026-07-30T00:00:00,33,DEV_A_0,ADDR_A_0,1
ACC_A_12,2026-08-20T00:00:00,12,DEV_A_1,ADDR_A_1,1
ACC_A_13,2026-08-30T00:00:00,2,DEV_A_1,ADDR_A_1,1
ACC_A_14,2026-08-23T00:00:00,9,DEV_A_ALT_15,ADDR_A_1,1
ACC_A_15,2026-08-05T00:00:00,27,DEV_A_1,ADDR_A_1,1
ACC_A_16,2026-08-15T00:00:00,17,DEV_A_1,ADDR_A_1,1
ACC_A_17,2026-08-06T00:00:00,26,DEV_A_1,ADDR_A_1,1
ACC_A_18,2025-12-05T00:00:00,270,DEV_A_1,ADDR_A_1,1
ACC_A_19,2026-04-24T00:00:00,130,DEV_A_1,ADDR_A_1,1
ACC_A_20,2026-08-21T00:00:00,11,DEV_A_2,ADDR_A_2,1
ACC_A_21,2026-08-21T00:00:00,11,DEV_A_2,ADDR_A_2,1
ACC_A_22,2026-07-23T00:00:00,40,DEV_A_2,ADDR_A_ALT_23,1
ACC_A_23,2026-08-28T00:00:00,4,DEV_A_ALT_24,ADDR_A_2,1
ACC_A_24,2026-06-07T00:00:00,86,DEV_A_ALT_25,ADDR_A_ALT_25,1
ACC_A_25,2026-08-30T00:00:00,2,DEV_A_ALT_26,ADDR_A_3,1
ACC_A_26,2026-08-21T00:00:00,11,DEV_A_3,ADDR_A_3,1
ACC_A_27,2026-05-25T00:00:00,99,DEV_A_ALT_28,ADDR_A_3,1
ACC_A_28,2026-07-25T00:00:00,38,DEV_A_3,ADDR_A_ALT_29,1
ACC_A_29,2026-08-10T00:00:00,22,DEV_A_ALT_30,ADDR_A_ALT_30,1
ACC_A_30,2026-07-23T00:00:00,40,DEV_A_3,ADDR_A_3,1
ACC_A_31,2026-08-13T00:00:00,19,DEV_A_3,ADDR_A_3,1
ACC_A_32,2026-08-05T00:00:00,27,DEV_A_3,ADDR_A_3,1
ACC_A_33,2026-08-03T00:00:00,29,DEV_A_ALT_34,ADDR_A_4,1
ACC_A_34,2026-08-26T00:00:00,6,DEV_A_4,ADDR_A_4,1
ACC_A_35,2026-08-12T00:00:00,20,DEV_A_4,ADDR_A_4,1
ACC_A_36,2026-08-11T00:00:00,21,DEV_A_4,ADDR_A_4,1
ACC_A_37,2026-08-01T00:00:00,31,DEV_A_4,ADDR_A_4,1
ACC_A_38,2026-08-24T00:00:00,8,DEV_A_4,ADDR_A_4,1
ACC_A_39,2026-08-16T00:00:00,16,DEV_A_4,ADDR_A_ALT_40,1
ACC_A_40,2026-08-25T00:00:00,7,DEV_A_4,ADDR_A_4,1
ACC_A_41,2025-09-02T00:00:00,364,DEV_A_5,ADDR_A_ALT_42,1
ACC_A_42,2026-07-25T00:00:00,38,DEV_A_5,ADDR_A_5,1
ACC_A_43,2026-07-24T00:00:00,39,DEV_A_5,ADDR_A_5,1
ACC_A_44,2026-07-31T00:00:00,32,DEV_A_5,ADDR_A_5,1
ACC_A_45,2026-01-28T00:00:00,216,DEV_A_5,ADDR_A_5,1
ACC_A_46,2026-08-02T00:00:00,30,DEV_A_ALT_47,ADDR_A_5,1
ACC_A_47,2025-11-04T00:00:00,301,DEV_A_5,ADDR_A_ALT_48,1
ACC_A_48,2026-05-15T00:00:00,109,DEV_A_ALT_49,ADDR_A_5,1
ACC_A_49,2026-07-30T00:00:00,33,DEV_A_5,ADDR_A_5,1
ACC_A_50,2026-07-28T00:00:00,35,DEV_A_6,ADDR_A_6,1
ACC_A_51,2026-08-31T00:00:00,1,DEV_A_6,ADDR_A_6,1
ACC_A_52,2026-08-22T00:00:00,10,DEV_A_6,ADDR_A_6,1
ACC_A_53,2026-08-16T00:00:00,16,DEV_A_6,ADDR_A_6,1
ACC_A_54,2026-08-25T00:00:00,7,DEV_A_6,ADDR_A_6,1
ACC_A_55,2026-07-31T00:00:00,32,DEV_A_6,ADDR_A_6,1
ACC_A_56,2026-07-29T00:00:00,34,DEV_A_6,ADDR_A_6,1
ACC_A_57,2026-07-31T00:00:00,32,DEV_A_6,ADDR_A_6,1
ACC_A_58,2026-08-20T00:00:00,12,DEV_A_6,ADDR_A_6,1
ACC_A_59,2026-08-01T00:00:00,31,DEV_A_ALT_60,ADDR_A_6,1
ACC_A_60,2026-02-08T00:00:00,205,DEV_A_ALT_61,ADDR_A_ALT_61,1
ACC_A_61,2026-07-25T00:00:00,38,DEV_A_7,ADDR_A_ALT_62,1
ACC_A_62,2026-08-25T00:00:00,7,DEV_A_7,ADDR_A_ALT_63,1
ACC_A_63,2026-07-28T00:00:00,35,DEV_A_7,ADDR_A_ALT_64,1
ACC_A_64,2026-07-25T00:00:00,38,DEV_A_7,ADDR_A_7,1
ACC_A_65,2025-12-08T00:00:00,267,DEV_A_ALT_66,ADDR_A_7,1
ACC_A_66,2026-08-06T00:00:00,26,DEV_A_7,ADDR_A_7,1
ACC_A_67,2026-08-02T00:00:00,30,DEV_A_8,ADDR_A_8,1
ACC_A_68,2026-08-28T00:00:00,4,DEV_A_8,ADDR_A_8,1
ACC_A_69,2026-07-28T00:00:00,35,DEV_A_8,ADDR_A_ALT_70,1
ACC_A_70,2026-07-30T00:00:00,33,DEV_A_8,ADDR_A_8,1
ACC_A_71,2026-08-27T00:00:00,5,DEV_A_ALT_72,ADDR_A_9,1
ACC_A_72,2026-08-16T00:00:00,16,DEV_A_9,ADDR_A_ALT_73,1
ACC_A_73,2026-08-02T00:00:00,30,DEV_A_ALT_74,ADDR_A_9,1
ACC_A_74,2026-07-29T00:00:00,34,DEV_A_9,ADDR_A_9,1
ACC_A_75,2026-01-24T00:00:00,220,DEV_A_10,ADDR_A_ALT_76,1
ACC_A_76,2026-08-10T00:00:00,22,DEV_A_10,ADDR_A_ALT_77,1
ACC_A_77,2025-11-17T00:00:00,288,DEV_A_10,ADDR_A_10,1
ACC_A_78,2026-03-04T00:00:00,181,DEV_A_10,ADDR_A_10,1
ACC_A_79,2025-12-17T00:00:00,258,DEV_A_10,ADDR_A_10,1
ACC_A_80,2026-08-17T00:00:00,15,DEV_A_10,ADDR_A_10,1
ACC_A_81,2026-07-25T00:00:00,38,DEV_A_10,ADDR_A_10,1
ACC_A_82,2026-08-04T00:00:00,28,DEV_A_10,ADDR_A_10,1
ACC_A_83,2026-08-17T00:00:00,15,DEV_A_10,ADDR_A_ALT_84,1
ACC_A_84,2026-08-03T00:00:00,29,DEV_A_10,ADDR_A_ALT_85,1
ACC_A_85,2026-07-26T00:00:00,37,DEV_A_ALT_86,ADDR_A_10,1
ACC_A_86,2026-08-09T00:00:00,23,DEV_A_11,ADDR_A_11,1
ACC_A_87,2026-08-29T00:00:00,3,DEV_A_ALT_88,ADDR_A_11,1
ACC_A_88,2026-08-06T00:00:00,26,DEV_A_11,ADDR_A_11,1
ACC_A_89,2026-08-11T00:00:00,21,DEV_A_11,ADDR_A_11,1
ACC_A_90,2026-08-14T00:00:00,18,DEV_A_11,ADDR_A_11,1
ACC_A_91,2026-08-23T00:00:00,9,DEV_A_ALT_92,ADDR_A_ALT_92,1
ACC_A_92,2026-01-02T00:00:00,242,DEV_A_11,ADDR_A_11,1
ACC_A_93,2026-08-25T00:00:00,7,DEV_A_11,ADDR_A_11,1
ACC_A_94,2026-08-05T00:00:00,27,DEV_A_11,ADDR_A_11,1
ACC_A_95,2026-08-14T00:00:00,18,DEV_A_11,ADDR_A_11,1
ACC_A_96,2026-08-14T00:00:00,18,DEV_A_11,ADDR_A_11,1
ACC_A_97,2026-07-30T00:00:00,33,DEV_A_11,ADDR_A_11,1
ACC_A_98,2026-08-18T00:00:00,14,DEV_A_12,ADDR_A_12,1
ACC_A_99,2026-07-30T00:00:00,33,DEV_A_12,ADDR_A_12,1
ACC_A_100,2026-08-04T00:00:00,28,DEV_A_ALT_101,ADDR_A_12,1
ACC_A_101,2026-08-15T00:00:00,17,DEV_A_ALT_102,ADDR_A_12,1
ACC_A_102,2026-08-10T00:00:00,22,DEV_A_12,ADDR_A_ALT_103,1
ACC_A_103,2026-07-23T00:00:00,40,DEV_A_12,ADDR_A_12,1
ACC_A_104,2026-08-05T00:00:00,27,DEV_A_12,ADDR_A_12,1
ACC_A_105,2025-10-21T00:00:00,315,DEV_A_12,ADDR_A_ALT_106,1
ACC_A_106,2026-02-20T00:00:00,193,DEV_A_12,ADDR_A_12,1
ACC_A_107,2026-08-12T00:00:00,20,DEV_A_ALT_108,ADDR_A_13,1
ACC_A_108,2026-08-01T00:00:00,31,DEV_A_13,ADDR_A_ALT_109,1
ACC_A_109,2026-07-27T00:00:00,36,DEV_A_13,ADDR_A_13,1
ACC_A_110,2026-08-04T00:00:00,28,DEV_A_13,ADDR_A_ALT_111,1
ACC_A_111,2026-08-05T00:00:00,27,DEV_A_14,ADDR_A_14,1
ACC_A_112,2026-07-30T00:00:00,33,DEV_A_14,ADDR_A_14,1
ACC_A_113,2026-08-05T00:00:00,27,DEV_A_14,ADDR_A_14,1
ACC_A_114,2026-08-17T00:00:00,15,DEV_A_14,ADDR_A_14,1
ACC_A_115,2026-08-01T00:00:00,31,DEV_A_14,ADDR_A_ALT_116,1
ACC_A_116,2026-08-04T00:00:00,28,DEV_A_ALT_117,ADDR_A_14,1
ACC_A_117,2026-08-08T00:00:00,24,DEV_A_14,ADDR_A_14,1
ACC_A_118,2026-08-23T00:00:00,9,DEV_A_14,ADDR_A_ALT_119,1
ACC_A_119,2026-08-18T00:00:00,14,DEV_A_ALT_120,ADDR_A_15,1
ACC_A_120,2026-08-21T00:00:00,11,DEV_A_ALT_121,ADDR_A_15,1
ACC_A_121,2026-08-20T00:00:00,12,DEV_A_15,ADDR_A_ALT_122,1
ACC_A_122,2026-08-13T00:00:00,19,DEV_A_15,ADDR_A_15,1
ACC_A_123,2026-08-27T00:00:00,5,DEV_A_15,ADDR_A_15,1
ACC_A_124,2026-08-01T00:00:00,31,DEV_A_15,ADDR_A_15,1
ACC_A_125,2026-07-27T00:00:00,36,DEV_A_15,ADDR_A_ALT_126,1
ACC_A_126,2026-04-24T00:00:00,130,DEV_A_ALT_127,ADDR_A_15,1
ACC_A_127,2026-08-27T00:00:00,5,DEV_A_15,ADDR_A_15,1
ACC_A_128,2026-08-28T00:00:00,4,DEV_A_16,ADDR_A_16,1
ACC_A_129,2026-07-27T00:00:00,36,DEV_A_16,ADDR_A_ALT_130,1
ACC_A_130,2026-08-29T00:00:00,3,DEV_A_16,ADDR_A_16,1
ACC_A_131,2026-03-27T00:00:00,158,DEV_A_16,ADDR_A_16,1
ACC_A_132,2026-08-25T00:00:00,7,DEV_A_16,ADDR_A_16,1
ACC_A_133,2026-08-10T00:00:00,22,DEV_A_16,ADDR_A_16,1
ACC_A_134,2026-07-31T00:00:00,32,DEV_A_ALT_135,ADDR_A_16,1
ACC_A_135,2026-07-23T00:00:00,40,DEV_A_17,ADDR_A_17,1
ACC_A_136,2026-08-14T00:00:00,18,DEV_A_ALT_137,ADDR_A_17,1
ACC_A_137,2026-08-17T00:00:00,15,DEV_A_17,ADDR_A_17,1
ACC_A_138,2025-10-04T00:00:00,332,DEV_A_ALT_139,ADDR_A_17,1
ACC_A_139,2026-08-03T00:00:00,29,DEV_A_17,ADDR_A_ALT_140,1
ACC_A_140,2026-08-05T00:00:00,27,DEV_A_17,ADDR_A_17,1
ACC_A_141,2026-08-18T00:00:00,14,DEV_A_17,ADDR_A_17,1
ACC_A_142,2025-09-30T00:00:00,336,DEV_A_ALT_143,ADDR_A_17,1
ACC_A_143,2026-08-09T00:00:00,23,DEV_A_ALT_144,ADDR_A_18,1
ACC_A_144,2026-07-28T00:00:00,35,DEV_A_18,ADDR_A_18,1
ACC_A_145,2026-08-16T00:00:00,16,DEV_A_18,ADDR_A_18,1
ACC_A_146,2026-08-16T00:00:00,16,DEV_A_ALT_147,ADDR_A_18,1
ACC_A_147,2026-07-27T00:00:00,36,DEV_A_18,ADDR_A_18,1
ACC_A_148,2026-08-20T00:00:00,12,DEV_A_18,ADDR_A_18,1
ACC_A_149,2026-07-24T00:00:00,39,DEV_A_18,ADDR_A_18,1
ACC_A_150,2026-08-23T00:00:00,9,DEV_A_18,ADDR_A_18,1
ACC_A_151,2025-11-04T00:00:00,301,DEV_A_ALT_152,ADDR_A_ALT_152,1
ACC_A_152,2026-07-06T00:00:00,57,DEV_A_ALT_153,ADDR_A_18,1
ACC_A_153,2026-08-29T00:00:00,3,DEV_A_19,ADDR_A_19,1
ACC_A_154,2026-08-22T00:00:00,10,DEV_A_ALT_155,ADDR_A_ALT_155,1
ACC_A_155,2026-08-24T00:00:00,8,DEV_A_19,ADDR_A_19,1
ACC_A_156,2026-07-30T00:00:00,33,DEV_A_19,ADDR_A_19,1
ACC_A_157,2026-08-28T00:00:00,4,DEV_A_19,ADDR_A_19,1
ACC_A_158,2026-08-07T00:00:00,25,DEV_A_19,ADDR_A_19,1
ACC_A_159,2026-06-13T00:00:00,80,DEV_A_19,ADDR_A_19,1
ACC_A_160,2026-03-19T00:00:00,166,DEV_A_19,ADDR_A_ALT_161,1
ACC_A_161,2026-08-14T00:00:00,18,DEV_A_20,ADDR_A_20,1
ACC_A_162,2026-08-13T00:00:00,19,DEV_A_20,ADDR_A_ALT_163,1
ACC_A_163,2026-08-10T00:00:00,22,DEV_A_20,ADDR_A_20,1
ACC_A_164,2026-08-24T00:00:00,8,DEV_A_20,ADDR_A_ALT_165,1
ACC_A_165,2026-07-24T00:00:00,39,DEV_A_20,ADDR_A_20,1
ACC_A_166,2026-08-31T00:00:00,1,DEV_A_20,ADDR_A_20,1
ACC_A_167,2026-07-30T00:00:00,33,DEV_A_20,ADDR_A_20,1
ACC_A_168,2026-07-27T00:00:00,36,DEV_A_20,ADDR_A_20,1
ACC_A_169,2026-06-22T00:00:00,71,DEV_A_20,ADDR_A_20,1
ACC_A_170,2026-08-07T00:00:00,25,DEV_A_ALT_171,ADDR_A_21,1
ACC_A_171,2026-08-26T00:00:00,6,DEV_A_21,ADDR_A_21,1
ACC_A_172,2026-08-11T00:00:00,21,DEV_A_21,ADDR_A_ALT_173,1
ACC_A_173,2026-08-03T00:00:00,29,DEV_A_21,ADDR_A_21,1
ACC_A_174,2026-08-12T00:00:00,20,DEV_A_21,ADDR_A_21,1
ACC_A_175,2026-08-19T00:00:00,13,DEV_A_21,ADDR_A_21,1
ACC_A_176,2026-08-08T00:00:00,24,DEV_A_21,ADDR_A_21,1
ACC_A_177,2026-08-27T00:00:00,5,DEV_A_21,ADDR_A_ALT_178,1
ACC_A_178,2026-08-26T00:00:00,6,DEV_A_21,ADDR_A_21,1
ACC_A_179,2026-08-14T00:00:00,18,DEV_A_21,ADDR_A_21,1
ACC_A_180,2026-08-02T00:00:00,30,DEV_A_21,ADDR_A_21,1
ACC_A_181,2026-04-01T00:00:00,153,DEV_A_22,ADDR_A_22,1
ACC_A_182,2026-08-04T00:00:00,28,DEV_A_22,ADDR_A_ALT_183,1
ACC_A_183,2026-08-18T00:00:00,14,DEV_A_22,ADDR_A_22,1
ACC_A_184,2026-08-29T00:00:00,3,DEV_A_ALT_185,ADDR_A_22,1
ACC_A_185,2026-03-21T00:00:00,164,DEV_A_22,ADDR_A_ALT_186,1
ACC_A_186,2025-10-26T00:00:00,310,DEV_A_22,ADDR_A_22,1
ACC_A_187,2026-07-30T00:00:00,33,DEV_A_ALT_188,ADDR_A_22,1
ACC_A_188,2026-05-04T00:00:00,120,DEV_A_22,ADDR_A_22,1
ACC_A_189,2026-07-27T00:00:00,36,DEV_A_23,ADDR_A_23,1
ACC_A_190,2026-05-02T00:00:00,122,DEV_A_23,ADDR_A_23,1
ACC_A_191,2026-08-12T00:00:00,20,DEV_A_ALT_192,ADDR_A_23,1
ACC_A_192,2026-05-04T00:00:00,120,DEV_A_23,ADDR_A_23,1
ACC_A_193,2026-08-07T00:00:00,25,DEV_A_23,ADDR_A_23,1
ACC_A_194,2026-08-04T00:00:00,28,DEV_A_23,ADDR_A_23,1
ACC_A_195,2026-08-24T00:00:00,8,DEV_A_24,ADDR_A_24,1
ACC_A_196,2026-08-16T00:00:00,16,DEV_A_24,ADDR_A_24,1
ACC_A_197,2026-08-03T00:00:00,29,DEV_A_24,ADDR_A_24,1
ACC_A_198,2026-08-06T00:00:00,26,DEV_A_24,ADDR_A_24,1
ACC_A_199,2026-07-23T00:00:00,40,DEV_A_24,ADDR_A_24,1
ACC_A_200,2026-05-19T00:00:00,105,DEV_A_24,ADDR_A_24,1
ACC_A_201,2026-08-19T00:00:00,13,DEV_A_24,ADDR_A_ALT_202,1
ACC_A_202,2026-07-27T00:00:00,36,DEV_A_ALT_203,ADDR_A_24,1
ACC_A_203,2026-05-10T00:00:00,114,DEV_A_24,ADDR_A_24,1
ACC_A_204,2026-08-22T00:00:00,10,DEV_A_ALT_205,ADDR_A_24,1
ACC_A_205,2026-01-17T00:00:00,227,DEV_A_25,ADDR_A_ALT_206,1
ACC_A_206,2026-08-02T00:00:00,30,DEV_A_25,ADDR_A_25,1
ACC_A_207,2026-08-21T00:00:00,11,DEV_A_25,ADDR_A_25,1
ACC_A_208,2026-08-06T00:00:00,26,DEV_A_25,ADDR_A_25,1
ACC_A_209,2026-08-31T00:00:00,1,DEV_A_25,ADDR_A_25,1
ACC_A_210,2026-07-30T00:00:00,33,DEV_A_25,ADDR_A_25,1
ACC_A_211,2026-08-06T00:00:00,26,DEV_A_25,ADDR_A_25,1
ACC_A_212,2026-08-26T00:00:00,6,DEV_A_25,ADDR_A_25,1
ACC_A_213,2026-08-13T00:00:00,19,DEV_A_25,ADDR_A_25,1
ACC_A_214,2025-11-12T00:00:00,293,DEV_A_25,ADDR_A_25,1
ACC_A_215,2026-08-20T00:00:00,12,DEV_A_ALT_216,ADDR_A_25,1
ACC_A_216,2026-07-23T00:00:00,40,DEV_A_25,ADDR_A_25,1
ACC_A_217,2026-07-24T00:00:00,39,DEV_A_26,ADDR_A_26,1
ACC_A_218,2026-07-27T00:00:00,36,DEV_A_ALT_219,ADDR_A_26,1
ACC_A_219,2026-08-28T00:00:00,4,DEV_A_26,ADDR_A_26,1
ACC_A_220,2026-08-29T00:00:00,3,DEV_A_ALT_221,ADDR_A_26,1
ACC_A_221,2026-08-03T00:00:00,29,DEV_A_26,ADDR_A_26,1
ACC_A_222,2026-08-05T00:00:00,27,DEV_A_ALT_223,ADDR_A_ALT_223,1
ACC_A_223,2026-06-08T00:00:00,85,DEV_A_26,ADDR_A_ALT_224,1
ACC_A_224,2026-08-05T00:00:00,27,DEV_A_26,ADDR_A_26,1
ACC_A_225,2026-07-29T00:00:00,34,DEV_A_26,ADDR_A_ALT_226,1
ACC_A_226,2026-07-29T00:00:00,34,DEV_A_27,ADDR_A_ALT_227,1
ACC_A_227,2026-08-14T00:00:00,18,DEV_A_27,ADDR_A_ALT_228,1
ACC_A_228,2026-08-31T00:00:00,1,DEV_A_27,ADDR_A_27,1
ACC_A_229,2026-04-30T00:00:00,124,DEV_A_27,ADDR_A_27,1
ACC_A_230,2025-10-27T00:00:00,309,DEV_A_27,ADDR_A_27,1
ACC_A_231,2026-08-02T00:00:00,30,DEV_A_ALT_232,ADDR_A_ALT_232,1
ACC_A_232,2026-03-25T00:00:00,160,DEV_A_27,ADDR_A_ALT_233,1
ACC_A_233,2026-05-27T00:00:00,97,DEV_A_27,ADDR_A_27,1
ACC_A_234,2026-08-20T00:00:00,12,DEV_A_ALT_235,ADDR_A_27,1
ACC_A_235,2026-03-17T00:00:00,168,DEV_A_27,ADDR_A_27,1
ACC_A_236,2026-01-06T00:00:00,238,DEV_A_27,ADDR_A_27,1
ACC_A_237,2026-07-25T00:00:00,38,DEV_A_ALT_238,ADDR_A_27,1
ACC_A_238,2026-07-25T00:00:00,38,DEV_A_28,ADDR_A_28,1
ACC_A_239,2026-08-17T00:00:00,15,DEV_A_28,ADDR_A_28,1
ACC_A_240,2026-07-26T00:00:00,37,DEV_A_28,ADDR_A_ALT_241,1
ACC_A_241,2026-07-25T00:00:00,38,DEV_A_ALT_242,ADDR_A_28,1
ACC_A_242,2026-03-06T00:00:00,179,DEV_A_ALT_243,ADDR_A_28,1
ACC_A_243,2026-04-24T00:00:00,130,DEV_A_28,ADDR_A_28,1
ACC_A_244,2026-08-19T00:00:00,13,DEV_A_28,ADDR_A_28,1
ACC_A_245,2026-08-02T00:00:00,30,DEV_A_28,ADDR_A_28,1
ACC_A_246,2026-03-11T00:00:00,174,DEV_A_28,ADDR_A_28,1
ACC_A_247,2026-08-13T00:00:00,19,DEV_A_28,ADDR_A_28,1
ACC_A_248,2026-05-24T00:00:00,100,DEV_A_28,ADDR_A_28,1
ACC_A_249,2025-09-19T00:00:00,347,DEV_A_28,ADDR_A_28,1
ACC_A_250,2026-02-06T00:00:00,207,DEV_A_29,ADDR_A_29,1
ACC_A_251,2026-08-31T00:00:00,1,DEV_A_ALT_252,ADDR_A_29,1
ACC_A_252,2026-08-22T00:00:00,10,DEV_A_29,ADDR_A_ALT_253,1
ACC_A_253,2026-08-16T00:00:00,16,DEV_A_29,ADDR_A_29,1
ACC_A_254,2026-08-22T00:00:00,10,DEV_A_29,ADDR_A_29,1
ACC_A_255,2026-04-29T00:00:00,125,DEV_A_29,ADDR_A_29,1
ACC_A_256,2026-08-29T00:00:00,3,DEV_A_29,ADDR_A_29,1
ACC_A_257,2026-08-01T00:00:00,31,DEV_A_29,ADDR_A_ALT_258,1
ACC_A_258,2025-12-21T00:00:00,254,DEV_A_29,ADDR_A_29,1
ACC_A_259,2026-08-30T00:00:00,2,DEV_A_ALT_260,ADDR_A_ALT_260,1
ACC_A_260,2026-08-03T00:00:00,29,DEV_A_29,ADDR_A_29,1
ACC_A_261,2026-08-30T00:00:00,2,DEV_A_29,ADDR_A_29,1
ACC_A_262,2026-01-19T00:00:00,225,DEV_A_30,ADDR_A_30,1
ACC_A_263,2026-08-21T00:00:00,11,DEV_A_30,ADDR_A_30,1
ACC_A_264,2026-05-12T00:00:00,112,DEV_A_30,ADDR_A_30,1
ACC_A_265,2026-08-29T00:00:00,3,DEV_A_ALT_266,ADDR_A_30,1
ACC_A_266,2026-08-06T00:00:00,26,DEV_A_30,ADDR_A_30,1
ACC_A_267,2026-08-30T00:00:00,2,DEV_A_ALT_268,ADDR_A_31,1
ACC_A_268,2026-08-29T00:00:00,3,DEV_A_31,ADDR_A_31,1
ACC_A_269,2026-07-29T00:00:00,34,DEV_A_31,ADDR_A_31,1
ACC_A_270,2026-07-27T00:00:00,36,DEV_A_ALT_271,ADDR_A_ALT_271,1
ACC_A_271,2026-07-31T00:00:00,32,DEV_A_31,ADDR_A_31,1
ACC_A_272,2026-07-29T00:00:00,34,DEV_A_31,ADDR_A_31,1
ACC_A_273,2026-08-10T00:00:00,22,DEV_A_31,ADDR_A_31,1
ACC_A_274,2026-08-16T00:00:00,16,DEV_A_31,ADDR_A_ALT_275,1
ACC_A_275,2026-08-05T00:00:00,27,DEV_A_31,ADDR_A_31,1
ACC_A_276,2026-08-01T00:00:00,31,DEV_A_ALT_277,ADDR_A_ALT_277,1
ACC_A_277,2026-07-17T00:00:00,46,DEV_A_32,ADDR_A_32,1
ACC_A_278,2026-08-18T00:00:00,14,DEV_A_32,ADDR_A_32,1
ACC_A_279,2026-07-27T00:00:00,36,DEV_A_ALT_280,ADDR_A_ALT_280,1
ACC_A_280,2026-08-19T00:00:00,13,DEV_A_ALT_281,ADDR_A_32,1
ACC_A_281,2026-08-06T00:00:00,26,DEV_A_32,ADDR_A_32,1
ACC_A_282,2026-08-18T00:00:00,14,DEV_A_32,ADDR_A_ALT_283,1
ACC_A_283,2026-07-27T00:00:00,36,DEV_A_32,ADDR_A_32,1
ACC_A_284,2026-07-30T00:00:00,33,DEV_A_32,ADDR_A_32,1
ACC_A_285,2026-03-18T00:00:00,167,DEV_A_ALT_286,ADDR_A_32,1
ACC_A_286,2026-08-30T00:00:00,2,DEV_A_33,ADDR_A_33,1
ACC_A_287,2025-09-28T00:00:00,338,DEV_A_ALT_288,ADDR_A_33,1
ACC_A_288,2026-08-05T00:00:00,27,DEV_A_33,ADDR_A_33,1
ACC_A_289,2026-05-21T00:00:00,103,DEV_A_33,ADDR_A_33,1
ACC_A_290,2026-03-09T00:00:00,176,DEV_A_ALT_291,ADDR_A_33,1
ACC_A_291,2026-02-21T00:00:00,192,DEV_A_33,ADDR_A_33,1
ACC_A_292,2026-07-31T00:00:00,32,DEV_A_33,ADDR_A_33,1
ACC_A_293,2026-08-10T00:00:00,22,DEV_A_33,ADDR_A_33,1
ACC_A_294,2026-08-03T00:00:00,29,DEV_A_34,ADDR_A_34,1
ACC_A_295,2025-11-22T00:00:00,283,DEV_A_34,ADDR_A_34,1
ACC_A_296,2026-04-19T00:00:00,135,DEV_A_34,ADDR_A_34,1
ACC_A_297,2026-08-13T00:00:00,19,DEV_A_ALT_298,ADDR_A_34,1
ACC_A_298,2026-08-02T00:00:00,30,DEV_A_34,ADDR_A_34,1
ACC_A_299,2026-08-29T00:00:00,3,DEV_A_34,ADDR_A_34,1
ACC_A_300,2025-09-21T00:00:00,345,DEV_A_34,ADDR_A_34,1
ACC_A_301,2026-08-03T00:00:00,29,DEV_A_35,ADDR_A_35,1
ACC_A_302,2026-08-02T00:00:00,30,DEV_A_35,ADDR_A_35,1
ACC_A_303,2026-02-22T00:00:00,191,DEV_A_35,ADDR_A_35,1
ACC_A_304,2026-08-05T00:00:00,27,DEV_A_35,ADDR_A_35,1
ACC_A_305,2026-08-09T00:00:00,23,DEV_A_35,ADDR_A_35,1
ACC_A_306,2026-08-11T00:00:00,21,DEV_A_36,ADDR_A_36,1
ACC_A_307,2026-08-23T00:00:00,9,DEV_A_36,ADDR_A_36,1
ACC_A_308,2026-08-31T00:00:00,1,DEV_A_36,ADDR_A_36,1
ACC_A_309,2026-08-24T00:00:00,8,DEV_A_36,ADDR_A_36,1
ACC_A_310,2026-08-31T00:00:00,1,DEV_A_36,ADDR_A_36,1
ACC_A_311,2026-07-27T00:00:00,36,DEV_A_ALT_312,ADDR_A_ALT_312,1
ACC_A_312,2026-03-16T00:00:00,169,DEV_A_36,ADDR_A_36,1
ACC_A_313,2026-08-09T00:00:00,23,DEV_A_ALT_314,ADDR_A_36,1
ACC_A_314,2026-08-07T00:00:00,25,DEV_A_36,ADDR_A_36,1
ACC_A_315,2026-08-16T00:00:00,16,DEV_A_36,ADDR_A_36,1
ACC_A_316,2026-07-23T00:00:00,40,DEV_A_ALT_317,ADDR_A_ALT_317,1
ACC_A_317,2026-07-26T00:00:00,37,DEV_A_37,ADDR_A_ALT_318,1
ACC_A_318,2026-08-13T00:00:00,19,DEV_A_37,ADDR_A_37,1
ACC_A_319,2026-04-12T00:00:00,142,DEV_A_37,ADDR_A_37,1
ACC_A_320,2026-08-08T00:00:00,24,DEV_A_38,ADDR_A_38,1
ACC_A_321,2026-08-05T00:00:00,27,DEV_A_38,ADDR_A_ALT_322,1
ACC_A_322,2026-07-25T00:00:00,38,DEV_A_ALT_323,ADDR_A_38,1
ACC_A_323,2026-08-06T00:00:00,26,DEV_A_38,ADDR_A_ALT_324,1
ACC_A_324,2026-07-28T00:00:00,35,DEV_A_38,ADDR_A_38,1
ACC_A_325,2026-07-27T00:00:00,36,DEV_A_38,ADDR_A_ALT_326,1
ACC_A_326,2026-08-20T00:00:00,12,DEV_A_38,ADDR_A_38,1
ACC_A_327,2026-04-16T00:00:00,138,DEV_A_ALT_328,ADDR_A_38,1
ACC_A_328,2026-08-10T00:00:00,22,DEV_A_38,ADDR_A_38,1
ACC_A_329,2026-08-09T00:00:00,23,DEV_A_38,ADDR_A_38,1
ACC_A_330,2026-08-02T00:00:00,30,DEV_A_38,ADDR_A_38,1
ACC_A_331,2026-07-31T00:00:00,32,DEV_A_38,ADDR_A_38,1
ACC_A_332,2026-05-11T00:00:00,113,DEV_A_39,ADDR_A_39,1
ACC_A_333,2026-08-19T00:00:00,13,DEV_A_39,ADDR_A_39,1
ACC_A_334,2026-08-12T00:00:00,20,DEV_A_39,ADDR_A_39,1
ACC_A_335,2026-08-14T00:00:00,18,DEV_A_39,ADDR_A_39,1
ACC_A_336,2026-07-28T00:00:00,35,DEV_A_39,ADDR_A_39,1
ACC_A_337,2026-08-23T00:00:00,9,DEV_A_39,ADDR_A_39,1
ACC_A_338,2026-08-12T00:00:00,20,DEV_A_39,ADDR_A_39,1
ACC_A_339,2025-09-26T00:00:00,340,DEV_A_39,ADDR_A_39,1
ACC_A_340,2026-08-19T00:00:00,13,DEV_A_39,ADDR_A_39,1
ACC_A_341,2025-11-13T00:00:00,292,DEV_A_39,ADDR_A_39,1
ACC_A_342,2026-07-28T00:00:00,35,DEV_A_ALT_343,ADDR_A_39,1
ACC_M_343,2026-08-25T00:00:00,7,DEV_M_0,ADDR_M_0,1
ACC_M_344,2026-08-09T00:00:00,23,DEV_M_ALT_345,ADDR_M_0,1
ACC_M_345,2026-08-01T00:00:00,31,DEV_M_0,ADDR_M_0,1
ACC_M_346,2026-08-26T00:00:00,6,DEV_M_0,ADDR_M_ALT_347,1
ACC_M_347,2026-08-22T00:00:00,10,DEV_M_ALT_348,ADDR_M_ALT_348,1
ACC_M_348,2026-07-28T00:00:00,35,DEV_M_1,ADDR_M_1,1
ACC_M_349,2026-08-20T00:00:00,12,DEV_M_1,ADDR_M_1,1
ACC_M_350,2026-08-28T00:00:00,4,DEV_M_1,ADDR_M_ALT_351,1
ACC_M_351,2026-08-06T00:00:00,26,DEV_M_2,ADDR_M_2,1
ACC_M_352,2026-08-10T00:00:00,22,DEV_M_2,ADDR_M_ALT_353,1
ACC_M_353,2026-07-29T00:00:00,34,DEV_M_2,ADDR_M_2,1
ACC_M_354,2026-08-20T00:00:00,12,DEV_M_2,ADDR_M_2,1
ACC_M_355,2026-08-12T00:00:00,20,DEV_M_2,ADDR_M_2,1
ACC_M_356,2026-08-19T00:00:00,13,DEV_M_ALT_357,ADDR_M_2,1
ACC_M_357,2026-08-10T00:00:00,22,DEV_M_2,ADDR_M_2,1
ACC_M_358,2026-07-29T00:00:00,34,DEV_M_3,ADDR_M_ALT_359,1
ACC_M_359,2025-11-23T00:00:00,282,DEV_M_ALT_360,ADDR_M_3,1
ACC_M_360,2026-07-27T00:00:00,36,DEV_M_3,ADDR_M_ALT_361,1
ACC_M_361,2026-04-10T00:00:00,144,DEV_M_3,ADDR_M_3,1
ACC_M_362,2026-08-19T00:00:00,13,DEV_M_ALT_363,ADDR_M_ALT_363,1
ACC_M_363,2026-08-28T00:00:00,4,DEV_M_ALT_364,ADDR_M_3,1
ACC_M_364,2026-08-16T00:00:00,16,DEV_M_3,ADDR_M_ALT_365,1
ACC_M_365,2026-07-30T00:00:00,33,DEV_M_4,ADDR_M_4,1
ACC_M_366,2026-08-29T00:00:00,3,DEV_M_ALT_367,ADDR_M_4,1
ACC_M_367,2025-09-10T00:00:00,356,DEV_M_4,ADDR_M_4,1
ACC_M_368,2025-09-12T00:00:00,354,DEV_M_ALT_369,ADDR_M_4,1
ACC_M_369,2026-07-31T00:00:00,32,DEV_M_4,ADDR_M_ALT_370,1
ACC_M_370,2026-03-13T00:00:00,172,DEV_M_ALT_371,ADDR_M_ALT_371,1
ACC_M_371,2026-07-25T00:00:00,38,DEV_M_5,ADDR_M_5,1
ACC_M_372,2026-08-30T00:00:00,2,DEV_M_5,ADDR_M_5,1
ACC_M_373,2026-08-22T00:00:00,10,DEV_M_ALT_374,ADDR_M_5,1
ACC_M_374,2026-07-25T00:00:00,38,DEV_M_5,ADDR_M_5,1
ACC_M_375,2026-07-28T00:00:00,35,DEV_M_5,ADDR_M_5,1
ACC_M_376,2026-08-07T00:00:00,25,DEV_M_ALT_377,ADDR_M_ALT_377,1
ACC_M_377,2026-08-20T00:00:00,12,DEV_M_6,ADDR_M_6,1
ACC_M_378,2026-08-12T00:00:00,20,DEV_M_6,ADDR_M_6,1
ACC_M_379,2026-08-20T00:00:00,12,DEV_M_ALT_380,ADDR_M_7,1
ACC_M_380,2026-08-11T00:00:00,21,DEV_M_7,ADDR_M_7,1
ACC_M_381,2026-08-03T00:00:00,29,DEV_M_7,ADDR_M_7,1
ACC_M_382,2026-08-16T00:00:00,16,DEV_M_7,ADDR_M_7,1
ACC_M_383,2026-08-21T00:00:00,11,DEV_M_ALT_384,ADDR_M_7,1
ACC_M_384,2026-08-11T00:00:00,21,DEV_M_ALT_385,ADDR_M_ALT_385,1
ACC_M_385,2026-07-30T00:00:00,33,DEV_M_7,ADDR_M_7,1
ACC_M_386,2026-08-08T00:00:00,24,DEV_M_8,ADDR_M_8,1
ACC_M_387,2026-08-25T00:00:00,7,DEV_M_8,ADDR_M_8,1
ACC_M_388,2026-08-01T00:00:00,31,DEV_M_8,ADDR_M_8,1
ACC_M_389,2026-08-18T00:00:00,14,DEV_M_8,ADDR_M_ALT_390,1
ACC_M_390,2026-07-25T00:00:00,38,DEV_M_ALT_391,ADDR_M_ALT_391,1
ACC_M_391,2026-02-02T00:00:00,211,DEV_M_9,ADDR_M_ALT_392,1
ACC_M_392,2026-08-04T00:00:00,28,DEV_M_9,ADDR_M_9,1
ACC_M_393,2026-08-08T00:00:00,24,DEV_M_9,ADDR_M_9,1
ACC_M_394,2026-08-11T00:00:00,21,DEV_M_ALT_395,ADDR_M_10,1
ACC_M_395,2026-07-24T00:00:00,39,DEV_M_10,ADDR_M_ALT_396,1
ACC_M_396,2026-08-29T00:00:00,3,DEV_M_10,ADDR_M_ALT_397,1
ACC_M_397,2026-07-31T00:00:00,32,DEV_M_10,ADDR_M_ALT_398,1
ACC_M_398,2026-08-17T00:00:00,15,DEV_M_ALT_399,ADDR_M_10,1
ACC_M_399,2026-08-21T00:00:00,11,DEV_M_11,ADDR_M_11,1
ACC_M_400,2025-10-22T00:00:00,314,DEV_M_11,ADDR_M_11,1
ACC_M_401,2026-04-26T00:00:00,128,DEV_M_11,ADDR_M_ALT_402,1
ACC_M_402,2026-08-05T00:00:00,27,DEV_M_ALT_403,ADDR_M_11,1
ACC_M_403,2026-08-18T00:00:00,14,DEV_M_ALT_404,ADDR_M_11,1
ACC_M_404,2026-08-26T00:00:00,6,DEV_M_ALT_405,ADDR_M_11,1
ACC_M_405,2025-11-18T00:00:00,287,DEV_M_ALT_406,ADDR_M_12,1
ACC_M_406,2025-11-15T00:00:00,290,DEV_M_12,ADDR_M_ALT_407,1
ACC_M_407,2026-08-14T00:00:00,18,DEV_M_12,ADDR_M_12,1
ACC_M_408,2026-08-18T00:00:00,14,DEV_M_ALT_409,ADDR_M_12,1
ACC_M_409,2026-08-29T00:00:00,3,DEV_M_12,ADDR_M_12,1
ACC_M_410,2026-08-04T00:00:00,28,DEV_M_ALT_411,ADDR_M_12,1
ACC_M_411,2026-02-14T00:00:00,199,DEV_M_12,ADDR_M_12,1
ACC_M_412,2026-08-15T00:00:00,17,DEV_M_13,ADDR_M_13,1
ACC_M_413,2026-08-17T00:00:00,15,DEV_M_ALT_414,ADDR_M_ALT_414,1
ACC_M_414,2026-06-27T00:00:00,66,DEV_M_13,ADDR_M_13,1
ACC_M_415,2026-08-02T00:00:00,30,DEV_M_13,ADDR_M_13,1
ACC_M_416,2026-08-31T00:00:00,1,DEV_M_13,ADDR_M_ALT_417,1
ACC_M_417,2026-07-24T00:00:00,39,DEV_M_14,ADDR_M_14,1
ACC_M_418,2026-02-05T00:00:00,208,DEV_M_14,ADDR_M_14,1
ACC_M_419,2026-07-25T00:00:00,38,DEV_M_ALT_420,ADDR_M_14,1
ACC_M_420,2026-07-24T00:00:00,39,DEV_M_ALT_421,ADDR_M_15,1
ACC_M_421,2026-08-27T00:00:00,5,DEV_M_15,ADDR_M_15,1
ACC_M_422,2026-07-28T00:00:00,35,DEV_M_15,ADDR_M_15,1
ACC_M_423,2026-08-11T00:00:00,21,DEV_M_16,ADDR_M_ALT_424,1
ACC_M_424,2026-06-27T00:00:00,66,DEV_M_16,ADDR_M_16,1
ACC_M_425,2026-08-14T00:00:00,18,DEV_M_16,ADDR_M_16,1
ACC_M_426,2026-08-23T00:00:00,9,DEV_M_16,ADDR_M_16,1
ACC_M_427,2026-08-26T00:00:00,6,DEV_M_16,ADDR_M_16,1
ACC_M_428,2026-08-31T00:00:00,1,DEV_M_16,ADDR_M_ALT_429,1
ACC_M_429,2026-07-29T00:00:00,34,DEV_M_16,ADDR_M_ALT_430,1
ACC_M_430,2026-08-22T00:00:00,10,DEV_M_17,ADDR_M_17,1
ACC_M_431,2026-08-06T00:00:00,26,DEV_M_17,ADDR_M_17,1
ACC_M_432,2026-08-17T00:00:00,15,DEV_M_17,ADDR_M_17,1
ACC_M_433,2026-08-25T00:00:00,7,DEV_M_17,ADDR_M_17,1
ACC_M_434,2026-07-07T00:00:00,56,DEV_M_17,ADDR_M_ALT_435,1
ACC_M_435,2026-08-03T00:00:00,29,DEV_M_18,ADDR_M_18,1
ACC_M_436,2026-07-27T00:00:00,36,DEV_M_ALT_437,ADDR_M_18,1
ACC_M_437,2026-07-31T00:00:00,32,DEV_M_18,ADDR_M_18,1
ACC_M_438,2026-08-08T00:00:00,24,DEV_M_ALT_439,ADDR_M_19,1
ACC_M_439,2026-07-24T00:00:00,39,DEV_M_ALT_440,ADDR_M_19,1
ACC_M_440,2026-08-12T00:00:00,20,DEV_M_19,ADDR_M_19,1
ACC_M_441,2026-08-17T00:00:00,15,DEV_M_19,ADDR_M_19,1
ACC_M_442,2026-07-27T00:00:00,36,DEV_M_19,ADDR_M_19,1
ACC_M_443,2026-07-28T00:00:00,35,DEV_M_ALT_444,ADDR_M_ALT_444,1
ACC_D_444,2025-09-10T00:00:00,356,DEV_D_0,ADDR_D_0,0
ACC_D_445,2026-05-16T00:00:00,108,DEV_D_0,ADDR_D_0,0
ACC_D_446,2026-03-28T00:00:00,157,DEV_D_0,ADDR_D_0,0
ACC_D_447,2026-05-18T00:00:00,106,DEV_D_0,ADDR_D_0,0
ACC_D_448,2026-04-02T00:00:00,152,DEV_D_0,ADDR_D_0,0
ACC_D_449,2026-01-15T00:00:00,229,DEV_D_0,ADDR_D_0,0
ACC_D_450,2026-07-25T00:00:00,38,DEV_D_0,ADDR_D_0,0
ACC_D_451,2026-05-14T00:00:00,110,DEV_D_0,ADDR_D_0,0
ACC_D_452,2025-10-16T00:00:00,320,DEV_D_0,ADDR_D_0,0
ACC_D_453,2026-08-19T00:00:00,13,DEV_D_0,ADDR_D_0,0
ACC_D_454,2025-10-02T00:00:00,334,DEV_D_0,ADDR_D_0,0
ACC_D_455,2026-02-17T00:00:00,196,DEV_D_0,ADDR_D_0,0
ACC_D_456,2025-11-21T00:00:00,284,DEV_D_0,ADDR_D_0,0
ACC_D_457,2026-05-11T00:00:00,113,DEV_D_0,ADDR_D_0,0
ACC_D_458,2026-06-08T00:00:00,85,DEV_D_0,ADDR_D_0,0
ACC_D_459,2025-11-05T00:00:00,300,DEV_D_0,ADDR_D_0,0
ACC_D_460,2026-01-15T00:00:00,229,DEV_D_0,ADDR_D_0,0
ACC_D_461,2025-12-15T00:00:00,260,DEV_D_0,ADDR_D_0,0
ACC_D_462,2026-06-16T00:00:00,77,DEV_D_0,ADDR_D_0,0
ACC_D_463,2025-09-16T00:00:00,350,DEV_D_0,ADDR_D_0,0
ACC_D_464,2025-11-18T00:00:00,287,DEV_D_1,ADDR_D_1,0
ACC_D_465,2026-08-06T00:00:00,26,DEV_D_1,ADDR_D_1,0
ACC_D_466,2025-11-28T00:00:00,277,DEV_D_1,ADDR_D_1,0
ACC_D_467,2026-05-24T00:00:00,100,DEV_D_1,ADDR_D_1,0
ACC_D_468,2026-04-18T00:00:00,136,DEV_D_1,ADDR_D_1,0
ACC_D_469,2026-05-02T00:00:00,122,DEV_D_1,ADDR_D_1,0
ACC_D_470,2026-04-11T00:00:00,143,DEV_D_1,ADDR_D_1,0
ACC_D_471,2025-09-03T00:00:00,363,DEV_D_1,ADDR_D_1,0
ACC_D_472,2026-04-06T00:00:00,148,DEV_D_1,ADDR_D_1,0
ACC_D_473,2026-07-06T00:00:00,57,DEV_D_1,ADDR_D_1,0
ACC_D_474,2025-10-21T00:00:00,315,DEV_D_1,ADDR_D_1,0
ACC_D_475,2026-04-05T00:00:00,149,DEV_D_1,ADDR_D_1,0
ACC_D_476,2026-01-26T00:00:00,218,DEV_D_1,ADDR_D_1,0
ACC_D_477,2026-06-17T00:00:00,76,DEV_D_1,ADDR_D_1,0
ACC_D_478,2026-07-29T00:00:00,34,DEV_D_1,ADDR_D_1,0
ACC_D_479,2025-10-28T00:00:00,308,DEV_D_1,ADDR_D_1,0
ACC_D_480,2026-07-18T00:00:00,45,DEV_D_1,ADDR_D_1,0
ACC_D_481,2026-02-20T00:00:00,193,DEV_D_1,ADDR_D_1,0
ACC_D_482,2025-09-03T00:00:00,363,DEV_D_1,ADDR_D_1,0
ACC_D_483,2025-12-20T00:00:00,255,DEV_D_1,ADDR_D_1,0
ACC_D_484,2025-12-30T00:00:00,245,DEV_D_1,ADDR_D_1,0
ACC_D_485,2026-01-28T00:00:00,216,DEV_D_1,ADDR_D_1,0
ACC_D_486,2026-06-21T00:00:00,72,DEV_D_1,ADDR_D_1,0
ACC_D_487,2026-06-25T00:00:00,68,DEV_D_1,ADDR_D_1,0
ACC_D_488,2025-09-14T00:00:00,352,DEV_D_1,ADDR_D_1,0
ACC_D_489,2026-08-24T00:00:00,8,DEV_D_2,ADDR_D_2,0
ACC_D_490,2025-11-17T00:00:00,288,DEV_D_2,ADDR_D_2,0
ACC_D_491,2026-02-13T00:00:00,200,DEV_D_2,ADDR_D_2,0
ACC_D_492,2026-08-29T00:00:00,3,DEV_D_2,ADDR_D_2,0
ACC_D_493,2026-03-09T00:00:00,176,DEV_D_2,ADDR_D_2,0
ACC_D_494,2026-06-26T00:00:00,67,DEV_D_2,ADDR_D_2,0
ACC_D_495,2025-12-27T00:00:00,248,DEV_D_2,ADDR_D_2,0
ACC_D_496,2026-01-09T00:00:00,235,DEV_D_2,ADDR_D_2,0
ACC_D_497,2025-12-01T00:00:00,274,DEV_D_2,ADDR_D_2,0
ACC_D_498,2026-08-25T00:00:00,7,DEV_D_2,ADDR_D_2,0
ACC_D_499,2026-08-21T00:00:00,11,DEV_D_2,ADDR_D_2,0
ACC_D_500,2026-08-25T00:00:00,7,DEV_D_2,ADDR_D_2,0
ACC_D_501,2026-02-20T00:00:00,193,DEV_D_2,ADDR_D_2,0
ACC_D_502,2026-03-12T00:00:00,173,DEV_D_2,ADDR_D_2,0
ACC_D_503,2026-03-09T00:00:00,176,DEV_D_2,ADDR_D_2,0
ACC_D_504,2026-03-29T00:00:00,156,DEV_D_2,ADDR_D_2,0
ACC_D_505,2026-02-06T00:00:00,207,DEV_D_2,ADDR_D_2,0
ACC_D_506,2026-07-02T00:00:00,61,DEV_D_2,ADDR_D_2,0
ACC_D_507,2025-10-23T00:00:00,313,DEV_D_2,ADDR_D_2,0
ACC_D_508,2026-05-31T00:00:00,93,DEV_D_2,ADDR_D_2,0
ACC_D_509,2025-10-07T00:00:00,329,DEV_D_2,ADDR_D_2,0
ACC_D_510,2025-12-16T00:00:00,259,DEV_D_2,ADDR_D_2,0
ACC_D_511,2026-06-30T00:00:00,63,DEV_D_2,ADDR_D_2,0
ACC_D_512,2025-10-20T00:00:00,316,DEV_D_3,ADDR_D_3,0
ACC_D_513,2026-01-29T00:00:00,215,DEV_D_3,ADDR_D_3,0
ACC_D_514,2026-06-06T00:00:00,87,DEV_D_3,ADDR_D_3,0
ACC_D_515,2025-12-15T00:00:00,260,DEV_D_3,ADDR_D_3,0
ACC_D_516,2026-03-19T00:00:00,166,DEV_D_3,ADDR_D_3,0
ACC_D_517,2025-11-15T00:00:00,290,DEV_D_3,ADDR_D_3,0
ACC_D_518,2026-03-05T00:00:00,180,DEV_D_3,ADDR_D_3,0
ACC_D_519,2026-07-04T00:00:00,59,DEV_D_3,ADDR_D_3,0
ACC_D_520,2025-09-04T00:00:00,362,DEV_D_3,ADDR_D_3,0
ACC_D_521,2026-04-09T00:00:00,145,DEV_D_3,ADDR_D_3,0
ACC_D_522,2026-07-02T00:00:00,61,DEV_D_3,ADDR_D_3,0
ACC_D_523,2025-11-19T00:00:00,286,DEV_D_3,ADDR_D_3,0
ACC_D_524,2025-10-25T00:00:00,311,DEV_D_3,ADDR_D_3,0
ACC_D_525,2025-12-15T00:00:00,260,DEV_D_3,ADDR_D_3,0
ACC_D_526,2026-04-23T00:00:00,131,DEV_D_3,ADDR_D_3,0
ACC_D_527,2026-08-22T00:00:00,10,DEV_D_3,ADDR_D_3,0
ACC_D_528,2026-06-17T00:00:00,76,DEV_D_3,ADDR_D_3,0
ACC_D_529,2026-02-06T00:00:00,207,DEV_D_3,ADDR_D_3,0
ACC_D_530,2025-11-30T00:00:00,275,DEV_D_3,ADDR_D_3,0
ACC_D_531,2026-05-28T00:00:00,96,DEV_D_3,ADDR_D_3,0
ACC_D_532,2026-07-08T00:00:00,55,DEV_D_3,ADDR_D_3,0
ACC_D_533,2026-05-08T00:00:00,116,DEV_D_3,ADDR_D_3,0
ACC_D_534,2026-01-18T00:00:00,226,DEV_D_3,ADDR_D_3,0
ACC_D_535,2026-05-07T00:00:00,117,DEV_D_3,ADDR_D_3,0
ACC_D_536,2025-11-13T00:00:00,292,DEV_D_3,ADDR_D_3,0
ACC_D_537,2026-07-07T00:00:00,56,DEV_D_3,ADDR_D_3,0
ACC_D_538,2026-07-24T00:00:00,39,DEV_D_3,ADDR_D_3,0
ACC_D_539,2025-12-21T00:00:00,254,DEV_D_3,ADDR_D_3,0
ACC_D_540,2026-08-15T00:00:00,17,DEV_D_4,ADDR_D_4,0
ACC_D_541,2026-04-21T00:00:00,133,DEV_D_4,ADDR_D_4,0
ACC_D_542,2025-10-12T00:00:00,324,DEV_D_4,ADDR_D_4,0
ACC_D_543,2026-04-09T00:00:00,145,DEV_D_4,ADDR_D_4,0
ACC_D_544,2026-02-03T00:00:00,210,DEV_D_4,ADDR_D_4,0
ACC_D_545,2025-10-04T00:00:00,332,DEV_D_4,ADDR_D_4,0
ACC_D_546,2025-12-18T00:00:00,257,DEV_D_4,ADDR_D_4,0
ACC_D_547,2026-06-11T00:00:00,82,DEV_D_4,ADDR_D_4,0
ACC_D_548,2025-09-29T00:00:00,337,DEV_D_4,ADDR_D_4,0
ACC_D_549,2025-10-20T00:00:00,316,DEV_D_4,ADDR_D_4,0
ACC_D_550,2026-01-11T00:00:00,233,DEV_D_4,ADDR_D_4,0
ACC_D_551,2026-07-21T00:00:00,42,DEV_D_4,ADDR_D_4,0
ACC_D_552,2026-01-22T00:00:00,222,DEV_D_4,ADDR_D_4,0
ACC_D_553,2026-05-18T00:00:00,106,DEV_D_4,ADDR_D_4,0
ACC_D_554,2026-05-03T00:00:00,121,DEV_D_4,ADDR_D_4,0
ACC_D_555,2025-12-18T00:00:00,257,DEV_D_4,ADDR_D_4,0
ACC_D_556,2025-12-04T00:00:00,271,DEV_D_4,ADDR_D_4,0
ACC_D_557,2026-05-09T00:00:00,115,DEV_D_4,ADDR_D_4,0
ACC_D_558,2026-05-29T00:00:00,95,DEV_D_4,ADDR_D_4,0
ACC_D_559,2026-03-31T00:00:00,154,DEV_D_4,ADDR_D_4,0
ACC_D_560,2025-10-28T00:00:00,308,DEV_D_5,ADDR_D_5,0
ACC_D_561,2026-04-09T00:00:00,145,DEV_D_5,ADDR_D_5,0
ACC_D_562,2026-08-15T00:00:00,17,DEV_D_5,ADDR_D_5,0
ACC_D_563,2026-06-11T00:00:00,82,DEV_D_5,ADDR_D_5,0
ACC_D_564,2026-06-17T00:00:00,76,DEV_D_5,ADDR_D_5,0
ACC_D_565,2026-04-05T00:00:00,149,DEV_D_5,ADDR_D_5,0
ACC_D_566,2025-11-29T00:00:00,276,DEV_D_5,ADDR_D_5,0
ACC_D_567,2026-05-25T00:00:00,99,DEV_D_5,ADDR_D_5,0
ACC_D_568,2026-07-10T00:00:00,53,DEV_D_5,ADDR_D_5,0
ACC_D_569,2026-03-11T00:00:00,174,DEV_D_5,ADDR_D_5,0
ACC_D_570,2026-02-16T00:00:00,197,DEV_D_5,ADDR_D_5,0
ACC_D_571,2026-04-06T00:00:00,148,DEV_D_5,ADDR_D_5,0
ACC_D_572,2026-04-07T00:00:00,147,DEV_D_5,ADDR_D_5,0
ACC_D_573,2025-12-14T00:00:00,261,DEV_D_5,ADDR_D_5,0
ACC_D_574,2026-06-23T00:00:00,70,DEV_D_5,ADDR_D_5,0
ACC_D_575,2026-08-19T00:00:00,13,DEV_D_5,ADDR_D_5,0
ACC_D_576,2026-07-08T00:00:00,55,DEV_D_5,ADDR_D_5,0
ACC_D_577,2026-02-24T00:00:00,189,DEV_D_5,ADDR_D_5,0
ACC_D_578,2025-11-07T00:00:00,298,DEV_D_5,ADDR_D_5,0
ACC_D_579,2026-07-12T00:00:00,51,DEV_D_5,ADDR_D_5,0
ACC_D_580,2026-05-17T00:00:00,107,DEV_D_5,ADDR_D_5,0
ACC_D_581,2026-01-11T00:00:00,233,DEV_D_5,ADDR_D_5,0
ACC_D_582,2026-07-15T00:00:00,48,DEV_D_5,ADDR_D_5,0
ACC_D_583,2025-11-21T00:00:00,284,DEV_D_5,ADDR_D_5,0
ACC_D_584,2025-09-29T00:00:00,337,DEV_D_5,ADDR_D_5,0
ACC_D_585,2025-11-16T00:00:00,289,DEV_D_5,ADDR_D_5,0
ACC_D_586,2026-06-27T00:00:00,66,DEV_D_5,ADDR_D_5,0
ACC_D_587,2026-07-26T00:00:00,37,DEV_D_5,ADDR_D_5,0
ACC_D_588,2026-03-25T00:00:00,160,DEV_D_5,ADDR_D_5,0
ACC_D_589,2025-10-09T00:00:00,327,DEV_D_5,ADDR_D_5,0
ACC_D_590,2025-10-14T00:00:00,322,DEV_D_6,ADDR_D_6,0
ACC_D_591,2026-08-13T00:00:00,19,DEV_D_6,ADDR_D_6,0
ACC_D_592,2026-03-21T00:00:00,164,DEV_D_6,ADDR_D_6,0
ACC_D_593,2025-12-05T00:00:00,270,DEV_D_6,ADDR_D_6,0
ACC_D_594,2026-07-27T00:00:00,36,DEV_D_6,ADDR_D_6,0
ACC_D_595,2026-07-06T00:00:00,57,DEV_D_6,ADDR_D_6,0
ACC_D_596,2026-07-30T00:00:00,33,DEV_D_6,ADDR_D_6,0
ACC_D_597,2026-05-17T00:00:00,107,DEV_D_6,ADDR_D_6,0
ACC_D_598,2025-09-27T00:00:00,339,DEV_D_6,ADDR_D_6,0
ACC_D_599,2025-12-10T00:00:00,265,DEV_D_6,ADDR_D_6,0
ACC_D_600,2026-02-14T00:00:00,199,DEV_D_6,ADDR_D_6,0
ACC_D_601,2025-11-23T00:00:00,282,DEV_D_6,ADDR_D_6,0
ACC_D_602,2025-12-10T00:00:00,265,DEV_D_6,ADDR_D_6,0
ACC_D_603,2026-07-25T00:00:00,38,DEV_D_6,ADDR_D_6,0
ACC_D_604,2026-04-24T00:00:00,130,DEV_D_6,ADDR_D_6,0
ACC_D_605,2026-03-17T00:00:00,168,DEV_D_6,ADDR_D_6,0
ACC_D_606,2026-03-05T00:00:00,180,DEV_D_6,ADDR_D_6,0
ACC_D_607,2026-01-05T00:00:00,239,DEV_D_6,ADDR_D_6,0
ACC_D_608,2026-04-02T00:00:00,152,DEV_D_6,ADDR_D_6,0
ACC_D_609,2026-04-26T00:00:00,128,DEV_D_6,ADDR_D_6,0
ACC_D_610,2026-02-10T00:00:00,203,DEV_D_6,ADDR_D_6,0
ACC_D_611,2026-06-13T00:00:00,80,DEV_D_6,ADDR_D_6,0
ACC_D_612,2025-11-03T00:00:00,302,DEV_D_6,ADDR_D_6,0
ACC_D_613,2026-06-06T00:00:00,87,DEV_D_6,ADDR_D_6,0
ACC_D_614,2026-01-23T00:00:00,221,DEV_D_6,ADDR_D_6,0
ACC_D_615,2026-03-14T00:00:00,171,DEV_D_6,ADDR_D_6,0
ACC_D_616,2025-12-05T00:00:00,270,DEV_D_6,ADDR_D_6,0
ACC_D_617,2025-12-07T00:00:00,268,DEV_D_6,ADDR_D_6,0
ACC_D_618,2026-08-26T00:00:00,6,DEV_D_6,ADDR_D_6,0
ACC_D_619,2025-11-19T00:00:00,286,DEV_D_7,ADDR_D_7,0
ACC_D_620,2025-09-22T00:00:00,344,DEV_D_7,ADDR_D_7,0
ACC_D_621,2025-11-26T00:00:00,279,DEV_D_7,ADDR_D_7,0
ACC_D_622,2026-08-03T00:00:00,29,DEV_D_7,ADDR_D_7,0
ACC_D_623,2026-06-06T00:00:00,87,DEV_D_7,ADDR_D_7,0
ACC_D_624,2026-08-10T00:00:00,22,DEV_D_7,ADDR_D_7,0
ACC_D_625,2025-09-20T00:00:00,346,DEV_D_7,ADDR_D_7,0
ACC_D_626,2025-09-03T00:00:00,363,DEV_D_7,ADDR_D_7,0
ACC_D_627,2026-03-04T00:00:00,181,DEV_D_7,ADDR_D_7,0
ACC_D_628,2026-08-10T00:00:00,22,DEV_D_7,ADDR_D_7,0
ACC_D_629,2025-12-24T00:00:00,251,DEV_D_7,ADDR_D_7,0
ACC_D_630,2026-01-12T00:00:00,232,DEV_D_7,ADDR_D_7,0
ACC_D_631,2026-01-11T00:00:00,233,DEV_D_7,ADDR_D_7,0
ACC_D_632,2026-03-03T00:00:00,182,DEV_D_7,ADDR_D_7,0
ACC_D_633,2026-07-14T00:00:00,49,DEV_D_7,ADDR_D_7,0
ACC_D_634,2026-06-21T00:00:00,72,DEV_D_7,ADDR_D_7,0
ACC_D_635,2026-05-23T00:00:00,101,DEV_D_7,ADDR_D_7,0
ACC_D_636,2025-11-01T00:00:00,304,DEV_D_7,ADDR_D_7,0
ACC_D_637,2025-10-04T00:00:00,332,DEV_D_7,ADDR_D_7,0
ACC_D_638,2025-09-03T00:00:00,363,DEV_D_7,ADDR_D_7,0
ACC_D_639,2025-10-03T00:00:00,333,DEV_D_7,ADDR_D_7,0
ACC_D_640,2026-08-06T00:00:00,26,DEV_D_7,ADDR_D_7,0
ACC_D_641,2026-08-07T00:00:00,25,DEV_D_7,ADDR_D_7,0
ACC_D_642,2026-05-25T00:00:00,99,DEV_D_8,ADDR_D_8,0
ACC_D_643,2026-05-28T00:00:00,96,DEV_D_8,ADDR_D_8,0
ACC_D_644,2025-12-07T00:00:00,268,DEV_D_8,ADDR_D_8,0
ACC_D_645,2026-02-25T00:00:00,188,DEV_D_8,ADDR_D_8,0
ACC_D_646,2025-12-11T00:00:00,264,DEV_D_8,ADDR_D_8,0
ACC_D_647,2026-05-18T00:00:00,106,DEV_D_8,ADDR_D_8,0
ACC_D_648,2026-03-01T00:00:00,184,DEV_D_8,ADDR_D_8,0
ACC_D_649,2026-08-02T00:00:00,30,DEV_D_8,ADDR_D_8,0
ACC_D_650,2025-12-13T00:00:00,262,DEV_D_8,ADDR_D_8,0
ACC_D_651,2025-11-21T00:00:00,284,DEV_D_8,ADDR_D_8,0
ACC_D_652,2025-11-10T00:00:00,295,DEV_D_8,ADDR_D_8,0
ACC_D_653,2025-10-31T00:00:00,305,DEV_D_8,ADDR_D_8,0
ACC_D_654,2026-02-18T00:00:00,195,DEV_D_8,ADDR_D_8,0
ACC_D_655,2026-08-26T00:00:00,6,DEV_D_8,ADDR_D_8,0
ACC_D_656,2026-03-19T00:00:00,166,DEV_D_8,ADDR_D_8,0
ACC_D_657,2025-10-05T00:00:00,331,DEV_D_8,ADDR_D_8,0
ACC_D_658,2025-12-11T00:00:00,264,DEV_D_8,ADDR_D_8,0
ACC_D_659,2026-07-18T00:00:00,45,DEV_D_8,ADDR_D_8,0
ACC_D_660,2026-06-11T00:00:00,82,DEV_D_8,ADDR_D_8,0
ACC_D_661,2025-12-18T00:00:00,257,DEV_D_8,ADDR_D_8,0
ACC_D_662,2026-04-26T00:00:00,128,DEV_D_8,ADDR_D_8,0
ACC_D_663,2026-01-22T00:00:00,222,DEV_D_8,ADDR_D_8,0
ACC_D_664,2026-07-03T00:00:00,60,DEV_D_9,ADDR_D_9,0
ACC_D_665,2025-12-08T00:00:00,267,DEV_D_9,ADDR_D_9,0
ACC_D_666,2026-03-11T00:00:00,174,DEV_D_9,ADDR_D_9,0
ACC_D_667,2026-04-20T00:00:00,134,DEV_D_9,ADDR_D_9,0
ACC_D_668,2026-07-30T00:00:00,33,DEV_D_9,ADDR_D_9,0
ACC_D_669,2025-11-08T00:00:00,297,DEV_D_9,ADDR_D_9,0
ACC_D_670,2026-01-08T00:00:00,236,DEV_D_9,ADDR_D_9,0
ACC_D_671,2025-09-13T00:00:00,353,DEV_D_9,ADDR_D_9,0
ACC_D_672,2025-12-14T00:00:00,261,DEV_D_9,ADDR_D_9,0
ACC_D_673,2025-10-25T00:00:00,311,DEV_D_9,ADDR_D_9,0
ACC_D_674,2026-07-24T00:00:00,39,DEV_D_9,ADDR_D_9,0
ACC_D_675,2026-02-21T00:00:00,192,DEV_D_9,ADDR_D_9,0
ACC_D_676,2026-04-29T00:00:00,125,DEV_D_9,ADDR_D_9,0
ACC_D_677,2026-03-12T00:00:00,173,DEV_D_9,ADDR_D_9,0
ACC_D_678,2025-09-05T00:00:00,361,DEV_D_9,ADDR_D_9,0
ACC_D_679,2025-12-26T00:00:00,249,DEV_D_9,ADDR_D_9,0
ACC_D_680,2026-04-23T00:00:00,131,DEV_D_9,ADDR_D_9,0
