order_id,account_id,timestamp,product_id,amount,device_id,address_id,order_status,refund_requested,risk_score,risk_level
ORD_ACC_N_0_0,ACC_N_0,2026-08-19T00:00:00,PROD_108,375.94,DEV_N_0,ADDR_N_0,COMPLETED,0,0.0,LOW
ORD_ACC_N_0_1,ACC_N_0,2025-11-25T00:00:00,PROD_101,61.73,DEV_N_0,ADDR_N_0,COMPLETED,0,0.0,LOW
ORD_ACC_N_1_0,ACC_N_1,2026-06-28T00:00:00,PROD_145,308.97,DEV_N_1,ADDR_N_1,COMPLETED,0,0.0,LOW
ORD_ACC_N_1_1,ACC_N_1,2026-07-09T00:00:00,PROD_100,125.81,DEV_N_1,ADDR_N_1,COMPLETED,0,0.0,LOW
ORD_ACC_N_1_2,ACC_N_1,2026-06-03T00:00:00,PROD_113,222.85,DEV_N_1,ADDR_N_1,COMPLETED,0,0.0,LOW
ORD_ACC_N_1_3,ACC_N_1,2026-08-18T00:00:00,PROD_122,64.52,DEV_N_1,ADDR_N_1,COMPLETED,0,0.0,LOW
ORD_ACC_N_2_0,ACC_N_2,2026-08-20T00:00:00,PROD_124,370.27,DEV_N_2,ADDR_N_2,COMPLETED,0,0.0,LOW
ORD_ACC_N_2_1,ACC_N_2,2026-04-12T00:00:00,PROD_123,160.73,DEV_N_2,ADDR_N_2,COMPLETED,0,0.0,LOW
ORD_ACC_N_2_2,ACC_N_2,2026-07-13T00:00:00,PROD_114,358.19,DEV_N_2,ADDR_N_2,REFUNDED,1,0.0,LOW
ORD_ACC_N_2_3,ACC_N_2,2026-07-03T00:00:00,PROD_129,435.91,DEV_N_2,ADDR_N_2,COMPLETED,0,0.0,LOW
ORD_ACC_N_2_4,ACC_N_2,2026-07-21T00:00:00,PROD_117,197.69,DEV_N_2,ADDR_N_2,COMPLETED,0,0.0,LOW
ORD_ACC_N_2_5,ACC_N_2,2026-07-19T00:00:00,PROD_129,276.39,DEV_N_2,ADDR_N_2,COMPLETED,0,0.0,LOW
ORD_ACC_N_2_6,ACC_N_2,2026-06-23T00:00:00,PROD_135,494.97,DEV_N_2,ADDR_N_2,COMPLETED,0,0.0,LOW
ORD_ACC_N_2_7,ACC_N_2,2026-06-09T00:00:00,PROD_114,424.57,DEV_N_2,ADDR_N_2,COMPLETED,0,0.0,LOW
ORD_ACC_N_2_8,ACC_N_2,2026-06-12T00:00:00,PROD_136,212.56,DEV_N_2,ADDR_N_2,COMPLETED,0,0.0,LOW
ORD_ACC_N_2_9,ACC_N_2,2026-07-08T00:00:00,PROD_141,334.61,DEV_N_2,ADDR_N_2,COMPLETED,0,0.0,LOW
ORD_ACC_N_2_10,ACC_N_2,2026-07-26T00:00:00,PROD_135,147.14,DEV_N_2,ADDR_N_2,COMPLETED,0,0.0,LOW
ORD_ACC_N_2_11,ACC_N_2,2026-06-25T00:00:00,PROD_137,378.57,DEV_N_2,ADDR_N_2,COMPLETED,0,0.0,LOW
ORD_ACC_N_2_12,ACC_N_2,2026-05-31T00:00:00,PROD_132,125.27,DEV_N_2,ADDR_N_2,COMPLETED,0,0.0,LOW
ORD_ACC_N_3_0,ACC_N_3,2026-08-28T00:00:00,PROD_110,433.33,DEV_N_3,ADDR_N_3,COMPLETED,0,0.0,LOW
ORD_ACC_N_3_1,ACC_N_3,2026-07-24T00:00:00,PROD_129,50.49,DEV_N_3,ADDR_N_3,COMPLETED,0,0.0,LOW
ORD_ACC_N_3_2,ACC_N_3,2026-08-15T00:00:00,PROD_100,486.12,DEV_N_3,ADDR_N_3,COMPLETED,0,0.0,LOW
ORD_ACC_N_3_3,ACC_N_3,2026-07-19T00:00:00,PROD_149,444.7,DEV_N_3,ADDR_N_3,COMPLETED,0,0.0,LOW
ORD_ACC_N_3_4,ACC_N_3,2026-08-24T00:00:00,PROD_100,160.88,DEV_N_3,ADDR_N_3,COMPLETED,0,0.0,LOW
ORD_ACC_N_3_5,ACC_N_3,2026-07-30T00:00:00,PROD_106,385.74,DEV_N_3,ADDR_N_3,COMPLETED,0,0.0,LOW
ORD_ACC_N_3_6,ACC_N_3,2026-07-09T00:00:00,PROD_109,326.7,DEV_N_3,ADDR_N_3,COMPLETED,0,0.0,LOW
ORD_ACC_N_3_7,ACC_N_3,2026-07-14T00:00:00,PROD_133,97.54,DEV_N_3,ADDR_N_3,COMPLETED,0,0.0,LOW
ORD_ACC_N_3_8,ACC_N_3,2026-07-24T00:00:00,PROD_123,175.59,DEV_N_3,ADDR_N_3,REFUNDED,1,0.0,LOW
ORD_ACC_N_3_9,ACC_N_3,2026-08-28T00:00:00,PROD_105,135.62,DEV_N_3,ADDR_N_3,COMPLETED,0,0.0,LOW
ORD_ACC_N_3_10,ACC_N_3,2026-07-16T00:00:00,PROD_148,253.28,DEV_N_3,ADDR_N_3,COMPLETED,0,0.0,LOW
ORD_ACC_N_3_11,ACC_N_3,2026-07-13T00:00:00,PROD_135,80.37,DEV_N_3,ADDR_N_3,COMPLETED,0,0.0,LOW
ORD_ACC_N_3_12,ACC_N_3,2026-08-15T00:00:00,PROD_113,273.28,DEV_N_3,ADDR_N_3,COMPLETED,0,0.0,LOW
ORD_ACC_N_4_0,ACC_N_4,2026-03-25T00:00:00,PROD_123,211.52,DEV_N_4,ADDR_N_4,COMPLETED,0,0.0,LOW
ORD_ACC_N_4_1,ACC_N_4,2025-12-10T00:00:00,PROD_104,236.71,DEV_N_4,ADDR_N_4,COMPLETED,0,0.0,LOW
ORD_ACC_N_4_2,ACC_N_4,2026-08-21T00:00:00,PROD_114,302.39,DEV_N_4,ADDR_N_4,COMPLETED,0,0.0,LOW
ORD_ACC_N_4_3,ACC_N_4,2026-07-26T00:00:00,PROD_104,359.76,DEV_N_4,ADDR_N_4,COMPLETED,0,0.0,LOW
ORD_ACC_N_5_0,ACC_N_5,2026-04-22T00:00:00,PROD_113,134.24,DEV_N_5,ADDR_N_5,COMPLETED,0,0.0,LOW
ORD_ACC_N_5_1,ACC_N_5,2026-07-29T00:00:00,PROD_136,367.21,DEV_N_5,ADDR_N_5,COMPLETED,0,0.0,LOW
ORD_ACC_N_6_0,ACC_N_6,2026-05-02T00:00:00,PROD_106,407.6,DEV_N_6,ADDR_N_6,COMPLETED,0,0.0,LOW
ORD_ACC_N_6_1,ACC_N_6,2026-06-02T00:00:00,PROD_146,223.32,DEV_N_6,ADDR_N_6,COMPLETED,0,0.0,LOW
ORD_ACC_N_6_2,ACC_N_6,2026-08-06T00:00:00,PROD_106,49.09,DEV_N_6,ADDR_N_6,COMPLETED,0,0.0,LOW
ORD_ACC_N_6_3,ACC_N_6,2026-07-13T00:00:00,PROD_127,111.3,DEV_N_6,ADDR_N_6,COMPLETED,0,0.0,LOW
ORD_ACC_N_6_4,ACC_N_6,2026-06-21T00:00:00,PROD_104,242.06,DEV_N_6,ADDR_N_6,COMPLETED,0,0.0,LOW
ORD_ACC_N_6_5,ACC_N_6,2026-08-06T00:00:00,PROD_100,44.28,DEV_N_6,ADDR_N_6,COMPLETED,0,0.0,LOW
ORD_ACC_N_6_6,ACC_N_6,2026-07-02T00:00:00,PROD_113,99.83,DEV_N_6,ADDR_N_6,COMPLETED,0,0.0,LOW
ORD_ACC_N_6_7,ACC_N_6,2026-08-16T00:00:00,PROD_124,99.03,DEV_N_6,ADDR_N_6,REFUNDED,1,0.0,LOW
ORD_ACC_N_6_8,ACC_N_6,2026-06-19T00:00:00,PROD_135,223.04,DEV_N_6,ADDR_N_6,COMPLETED,0,0.0,LOW
ORD_ACC_N_6_9,ACC_N_6,2026-07-23T00:00:00,PROD_103,111.15,DEV_N_6,ADDR_N_6,COMPLETED,0,0.0,LOW
ORD_ACC_N_6_10,ACC_N_6,2026-08-16T00:00:00,PROD_137,379.03,DEV_N_6,ADDR_N_6,COMPLETED,0,0.0,LOW
ORD_ACC_N_6_11,ACC_N_6,2026-04-25T00:00:00,PROD_103,461.31,DEV_N_6,ADDR_N_6,COMPLETED,0,0.0,LOW
ORD_ACC_N_6_12,ACC_N_6,2026-08-11T00:00:00,PROD_104,428.64,DEV_N_6,ADDR_N_6,COMPLETED,0,0.0,LOW
ORD_ACC_N_7_0,ACC_N_7,2026-04-08T00:00:00,PROD_139,138.18,DEV_N_7,ADDR_N_7,COMPLETED,0,0.0,LOW
ORD_ACC_N_7_1,ACC_N_7,2026-05-16T00:00:00,PROD_120,335.54,DEV_N_7,ADDR_N_7,COMPLETED,0,0.0,LOW
ORD_ACC_N_8_0,ACC_N_8,2026-06-01T00:00:00,PROD_108,170.81,DEV_N_8,ADDR_N_8,COMPLETED,0,0.0,LOW
ORD_ACC_N_8_1,ACC_N_8,2026-07-04T00:00:00,PROD_104,171.77,DEV_N_8,ADDR_N_8,COMPLETED,0,0.0,LOW
ORD_ACC_N_8_2,ACC_N_8,2026-07-04T00:00:00,PROD_106,318.16,DEV_N_8,ADDR_N_8,COMPLETED,0,0.0,LOW
ORD_ACC_N_8_3,ACC_N_8,2026-06-24T00:00:00,PROD_122,122.31,DEV_N_8,ADDR_N_8,COMPLETED,0,0.0,LOW
ORD_ACC_N_8_4,ACC_N_8,2026-05-11T00:00:00,PROD_128,137.26,DEV_N_8,ADDR_N_8,COMPLETED,0,0.0,LOW
ORD_ACC_N_8_5,ACC_N_8,2026-06-02T00:00:00,PROD_141,165.21,DEV_N_8,ADDR_N_8,COMPLETED,0,0.0,LOW
ORD_ACC_N_8_6,ACC_N_8,2026-08-30T00:00:00,PROD_142,340.57,DEV_N_8,ADDR_N_8,COMPLETED,0,0.0,LOW
ORD_ACC_N_8_7,ACC_N_8,2026-05-11T00:00:00,PROD_106,84.46,DEV_N_8,ADDR_N_8,COMPLETED,0,0.0,LOW
ORD_ACC_N_8_8,ACC_N_8,2026-08-12T00:00:00,PROD_145,150.73,DEV_N_8,ADDR_N_8,COMPLETED,0,0.0,LOW
ORD_ACC_N_8_9,ACC_N_8,2026-08-05T00:00:00,PROD_132,350.0,DEV_N_8,ADDR_N_8,COMPLETED,0,0.0,LOW
ORD_ACC_N_8_10,ACC_N_8,2026-07-30T00:00:00,PROD_105,454.56,DEV_N_8,ADDR_N_8,COMPLETED,0,0.0,LOW
ORD_ACC_N_9_0,ACC_N_9,2026-08-31T00:00:00,PROD_116,180.11,DEV_N_9,ADDR_N_9,COMPLETED,0,0.0,LOW
ORD_ACC_N_10_0,ACC_N_10,2026-03-04T00:00:00,PROD_104,225.29,DEV_N_9,ADDR_N_9,REFUNDED,1,0.0,LOW
ORD_ACC_N_10_1,ACC_N_10,2026-08-22T00:00:00,PROD_109,420.61,DEV_N_9,ADDR_N_9,COMPLETED,0,0.0,LOW
ORD_ACC_N_10_2,ACC_N_10,2026-07-30T00:00:00,PROD_102,40.08,DEV_N_9,ADDR_N_9,COMPLETED,0,0.0,LOW
ORD_ACC_N_10_3,ACC_N_10,2026-07-09T00:00:00,PROD_122,347.39,DEV_N_9,ADDR_N_9,COMPLETED,0,0.0,LOW
ORD_ACC_N_10_4,ACC_N_10,2026-01-17T00:00:00,PROD_147,439.86,DEV_N_9,ADDR_N_9,COMPLETED,0,0.0,LOW
ORD_ACC_N_10_5,ACC_N_10,2026-07-02T00:00:00,PROD_111,435.01,DEV_N_9,ADDR_N_9,COMPLETED,0,0.0,LOW
ORD_ACC_N_10_6,ACC_N_10,2026-08-25T00:00:00,PROD_126,106.09,DEV_N_9,ADDR_N_9,COMPLETED,0,0.0,LOW
ORD_ACC_N_10_7,ACC_N_10,2026-06-24T00:00:00,PROD_124,96.41,DEV_N_9,ADDR_N_9,COMPLETED,0,0.0,LOW
ORD_ACC_N_10_8,ACC_N_10,2026-01-24T00:00:00,PROD_129,245.93,DEV_N_9,ADDR_N_9,COMPLETED,0,0.0,LOW
ORD_ACC_N_11_0,ACC_N_11,2026-07-04T00:00:00,PROD_125,127.0,DEV_N_11,ADDR_N_11,COMPLETED,0,0.0,LOW
ORD_ACC_N_11_1,ACC_N_11,2026-06-21T00:00:00,PROD_117,434.89,DEV_N_11,ADDR_N_11,COMPLETED,0,0.0,LOW
ORD_ACC_N_11_2,ACC_N_11,2026-03-20T00:00:00,PROD_134,264.51,DEV_N_11,ADDR_N_11,COMPLETED,0,0.0,LOW
ORD_ACC_N_11_3,ACC_N_11,2026-08-24T00:00:00,PROD_111,75.36,DEV_N_11,ADDR_N_11,COMPLETED,0,0.0,LOW
ORD_ACC_N_11_4,ACC_N_11,2026-06-25T00:00:00,PROD_122,38.36,DEV_N_11,ADDR_N_11,COMPLETED,0,0.0,LOW
ORD_ACC_N_11_5,ACC_N_11,2026-05-12T00:00:00,PROD_124,310.98,DEV_N_11,ADDR_N_11,COMPLETED,0,0.0,LOW
ORD_ACC_N_11_6,ACC_N_11,2026-07-14T00:00:00,PROD_100,142.27,DEV_N_11,ADDR_N_11,COMPLETED,0,0.0,LOW
ORD_ACC_N_11_7,ACC_N_11,2026-04-16T00:00:00,PROD_147,349.69,DEV_N_11,ADDR_N_11,COMPLETED,0,0.0,LOW
ORD_ACC_N_11_8,ACC_N_11,2026-05-30T00:00:00,PROD_121,227.02,DEV_N_11,ADDR_N_11,COMPLETED,0,0.0,LOW
ORD_ACC_N_11_9,ACC_N_11,2026-06-12T00:00:00,PROD_119,338.43,DEV_N_11,ADDR_N_11,COMPLETED,0,0.0,LOW
ORD_ACC_N_11_10,ACC_N_11,2026-06-13T00:00:00,PROD_144,340.11,DEV_N_11,ADDR_N_11,COMPLETED,0,0.0,LOW
ORD_ACC_N_11_11,ACC_N_11,2026-04-12T00:00:00,PROD_124,81.1,DEV_N_11,ADDR_N_11,COMPLETED,0,0.0,LOW
ORD_ACC_N_11_12,ACC_N_11,2026-03-27T00:00:00,PROD_100,293.17,DEV_N_11,ADDR_N_11,COMPLETED,0,0.0,LOW
ORD_ACC_N_11_13,ACC_N_11,2026-06-19T00:00:00,PROD_138,120.89,DEV_N_11,ADDR_N_11,COMPLETED,0,0.0,LOW
ORD_ACC_N_12_0,ACC_N_12,2026-05-10T00:00:00,PROD_147,344.3,DEV_N_12,ADDR_N_12,COMPLETED,0,0.0,LOW
ORD_ACC_N_12_1,ACC_N_12,2026-03-16T00:00:00,PROD_140,60.7,DEV_N_12,ADDR_N_12,COMPLETED,0,0.0,LOW
ORD_ACC_N_12_2,ACC_N_12,2026-06-07T00:00:00,PROD_115,64.83,DEV_N_12,ADDR_N_12,COMPLETED,0,0.0,LOW
ORD_ACC_N_12_3,ACC_N_12,2026-07-05T00:00:00,PROD_102,407.15,DEV_N_12,ADDR_N_12,COMPLETED,0,0.0,LOW
ORD_ACC_N_12_4,ACC_N_12,2026-05-02T00:00:00,PROD_129,313.41,DEV_N_12,ADDR_N_12,COMPLETED,0,0.0,LOW
ORD_ACC_N_12_5,ACC_N_12,2026-01-17T00:00:00,PROD_144,322.29,DEV_N_12,ADDR_N_12,COMPLETED,0,0.0,LOW
ORD_ACC_N_12_6,ACC_N_12,2026-04-27T00:00:00,PROD_144,211.83,DEV_N_12,ADDR_N_12,COMPLETED,0,0.0,LOW
ORD_ACC_N_12_7,ACC_N_12,2026-01-15T00:00:00,PROD_106,380.46,DEV_N_12,ADDR_N_12,COMPLETED,0,0.0,LOW
ORD_ACC_N_13_0,ACC_N_13,2026-05-21T00:00:00,PROD_103,479.82,DEV_N_13,ADDR_N_13,COMPLETED,0,0.0,LOW
ORD_ACC_N_13_1,ACC_N_13,2026-07-31T00:00:00,PROD_108,460.39,DEV_N_13,ADDR_N_13,COMPLETED,0,0.0,LOW
ORD_ACC_N_13_2,ACC_N_13,2026-06-07T00:00:00,PROD_120,274.94,DEV_N_13,ADDR_N_13,COMPLETED,0,0.0,LOW
ORD_ACC_N_14_0,ACC_N_14,2025-12-16T00:00:00,PROD_128,224.84,DEV_N_14,ADDR_N_14,COMPLETED,0,0.0,LOW
ORD_ACC_N_14_1,ACC_N_14,2025-12-31T00:00:00,PROD_140,236.03,DEV_N_14,ADDR_N_14,COMPLETED,0,0.0,LOW
ORD_ACC_N_14_2,ACC_N_14,2025-12-08T00:00:00,PROD_128,252.61,DEV_N_14,ADDR_N_14,COMPLETED,0,0.0,LOW
ORD_ACC_N_14_3,ACC_N_14,2026-04-07T00:00:00,PROD_134,132.56,DEV_N_14,ADDR_N_14,COMPLETED,0,0.0,LOW
ORD_ACC_N_14_4,ACC_N_14,2026-06-22T00:00:00,PROD_109,92.4,DEV_N_14,ADDR_N_14,COMPLETED,0,0.0,LOW
ORD_ACC_N_14_5,ACC_N_14,2026-07-30T00:00:00,PROD_129,219.14,DEV_N_14,ADDR_N_14,COMPLETED,0,0.0,LOW
ORD_ACC_N_14_6,ACC_N_14,2026-07-31T00:00:00,PROD_149,119.28,DEV_N_14,ADDR_N_14,COMPLETED,0,0.0,LOW
ORD_ACC_N_14_7,ACC_N_14,2026-08-21T00:00:00,PROD_124,431.23,DEV_N_14,ADDR_N_14,COMPLETED,0,0.0,LOW
ORD_ACC_N_14_8,ACC_N_14,2026-08-28T00:00:00,PROD_124,472.52,DEV_N_14,ADDR_N_14,COMPLETED,0,0.0,LOW
ORD_ACC_N_14_9,ACC_N_14,2025-11-29T00:00:00,PROD_138,378.81,DEV_N_14,ADDR_N_14,COMPLETED,0,0.0,LOW
ORD_ACC_N_14_10,ACC_N_14,2025-12-25T00:00:00,PROD_101,125.32,DEV_N_14,ADDR_N_14,COMPLETED,0,0.0,LOW
ORD_ACC_N_14_11,ACC_N_14,2026-03-12T00:00:00,PROD_146,341.06,DEV_N_14,ADDR_N_14,COMPLETED,0,0.0,LOW
ORD_ACC_N_14_12,ACC_N_14,2026-01-04T00:00:00,PROD_134,461.38,DEV_N_14,ADDR_N_14,COMPLETED,0,0.0,LOW
ORD_ACC_N_14_13,ACC_N_14,2026-02-11T00:00:00,PROD_105,304.11,DEV_N_14,ADDR_N_14,COMPLETED,0,0.0,LOW
ORD_ACC_N_15_0,ACC_N_15,2026-07-03T00:00:00,PROD_120,107.23,DEV_N_15,ADDR_N_15,COMPLETED,0,0.0,LOW
ORD_ACC_N_15_1,ACC_N_15,2026-07-04T00:00:00,PROD_124,176.89,DEV_N_15,ADDR_N_15,COMPLETED,0,0.0,LOW
ORD_ACC_N_15_2,ACC_N_15,2026-07-09T00:00:00,PROD_101,141.09,DEV_N_15,ADDR_N_15,COMPLETED,0,0.0,LOW
ORD_ACC_N_15_3,ACC_N_15,2026-08-25T00:00:00,PROD_141,499.96,DEV_N_15,ADDR_N_15,COMPLETED,0,0.0,LOW
ORD_ACC_N_15_4,ACC_N_15,2026-08-26T00:00:00,PROD_112,382.03,DEV_N_15,ADDR_N_15,COMPLETED,0,0.0,LOW
ORD_ACC_N_15_5,ACC_N_15,2026-08-12T00:00:00,PROD_107,134.5,DEV_N_15,ADDR_N_15,COMPLETED,0,0.0,LOW
ORD_ACC_N_15_6,ACC_N_15,2026-08-04T00:00:00,PROD_123,243.22,DEV_N_15,ADDR_N_15,COMPLETED,0,0.0,LOW
ORD_ACC_N_15_7,ACC_N_15,2026-06-15T00:00:00,PROD_107,311.48,DEV_N_15,ADDR_N_15,COMPLETED,0,0.0,LOW
ORD_ACC_N_15_8,ACC_N_15,2026-07-23T00:00:00,PROD_119,71.89,DEV_N_15,ADDR_N_15,REFUNDED,1,0.0,LOW
ORD_ACC_N_15_9,ACC_N_15,2026-07-12T00:00:00,PROD_137,471.91,DEV_N_15,ADDR_N_15,COMPLETED,0,0.0,LOW
ORD_ACC_N_15_10,ACC_N_15,2026-08-18T00:00:00,PROD_143,354.65,DEV_N_15,ADDR_N_15,COMPLETED,0,0.0,LOW
ORD_ACC_N_15_11,ACC_N_15,2026-08-16T00:00:00,PROD_102,402.19,DEV_N_15,ADDR_N_15,COMPLETED,0,0.0,LOW
ORD_ACC_N_15_12,ACC_N_15,2026-06-24T00:00:00,PROD_132,225.62,DEV_N_15,ADDR_N_15,COMPLETED,0,0.0,LOW
ORD_ACC_N_15_13,ACC_N_15,2026-08-30T00:00:00,PROD_106,427.8,DEV_N_15,ADDR_N_15,COMPLETED,0,0.0,LOW
ORD_ACC_N_16_0,ACC_N_16,2026-05-06T00:00:00,PROD_146,359.51,DEV_N_16,ADDR_N_16,COMPLETED,0,0.0,LOW
ORD_ACC_N_16_1,ACC_N_16,2026-03-18T00:00:00,PROD_134,149.64,DEV_N_16,ADDR_N_16,COMPLETED,0,0.0,LOW
ORD_ACC_N_16_2,ACC_N_16,2026-05-04T00:00:00,PROD_117,229.08,DEV_N_16,ADDR_N_16,COMPLETED,0,0.0,LOW
ORD_ACC_N_16_3,ACC_N_16,2026-06-30T00:00:00,PROD_128,418.75,DEV_N_16,ADDR_N_16,COMPLETED,0,0.0,LOW
ORD_ACC_N_16_4,ACC_N_16,2026-02-20T00:00:00,PROD_124,243.06,DEV_N_16,ADDR_N_16,COMPLETED,0,0.0,LOW
ORD_ACC_N_16_5,ACC_N_16,2026-08-24T00:00:00,PROD_131,257.27,DEV_N_16,ADDR_N_16,COMPLETED,0,0.0,LOW
ORD_ACC_N_16_6,ACC_N_16,2026-06-02T00:00:00,PROD_138,402.96,DEV_N_16,ADDR_N_16,COMPLETED,0,0.0,LOW
ORD_ACC_N_16_7,ACC_N_16,2026-04-11T00:00:00,PROD_105,24.87,DEV_N_16,ADDR_N_16,COMPLETED,0,0.0,LOW
ORD_ACC_N_16_8,ACC_N_16,2026-02-28T00:00:00,PROD_115,215.09,DEV_N_16,ADDR_N_16,COMPLETED,0,0.0,LOW
ORD_ACC_N_16_9,ACC_N_16,2026-03-19T00:00:00,PROD_101,361.68,DEV_N_16,ADDR_N_16,COMPLETED,0,0.0,LOW
ORD_ACC_N_16_10,ACC_N_16,2026-06-17T00:00:00,PROD_119,126.37,DEV_N_16,ADDR_N_16,COMPLETED,0,0.0,LOW
ORD_ACC_N_17_0,ACC_N_17,2026-04-12T00:00:00,PROD_147,274.84,DEV_N_17,ADDR_N_17,COMPLETED,0,0.0,LOW
ORD_ACC_N_17_1,ACC_N_17,2026-06-08T00:00:00,PROD_119,188.87,DEV_N_17,ADDR_N_17,COMPLETED,0,0.0,LOW
ORD_ACC_N_17_2,ACC_N_17,2026-07-03T00:00:00,PROD_107,77.91,DEV_N_17,ADDR_N_17,COMPLETED,0,0.0,LOW
ORD_ACC_N_17_3,ACC_N_17,2026-02-17T00:00:00,PROD_147,351.28,DEV_N_17,ADDR_N_17,COMPLETED,0,0.0,LOW
ORD_ACC_N_17_4,ACC_N_17,2026-06-22T00:00:00,PROD_133,367.8,DEV_N_17,ADDR_N_17,COMPLETED,0,0.0,LOW
ORD_ACC_N_17_5,ACC_N_17,2026-06-20T00:00:00,PROD_118,490.65,DEV_N_17,ADDR_N_17,COMPLETED,0,0.0,LOW
ORD_ACC_N_17_6,ACC_N_17,2026-05-31T00:00:00,PROD_134,106.13,DEV_N_17,ADDR_N_17,REFUNDED,1,0.0,LOW
ORD_ACC_N_17_7,ACC_N_17,2026-08-20T00:00:00,PROD_144,487.66,DEV_N_17,ADDR_N_17,COMPLETED,0,0.0,LOW
ORD_ACC_N_18_0,ACC_N_18,2025-12-23T00:00:00,PROD_118,69.24,DEV_N_18,ADDR_N_18,REFUNDED,1,0.0,LOW
ORD_ACC_N_18_1,ACC_N_18,2026-01-18T00:00:00,PROD_116,183.54,DEV_N_18,ADDR_N_18,COMPLETED,0,0.0,LOW
ORD_ACC_N_18_2,ACC_N_18,2026-07-04T00:00:00,PROD_104,414.62,DEV_N_18,ADDR_N_18,COMPLETED,0,0.0,LOW
ORD_ACC_N_18_3,ACC_N_18,2025-10-13T00:00:00,PROD_136,349.5,DEV_N_18,ADDR_N_18,COMPLETED,0,0.0,LOW
ORD_ACC_N_18_4,ACC_N_18,2026-07-19T00:00:00,PROD_148,497.08,DEV_N_18,ADDR_N_18,COMPLETED,0,0.0,LOW
ORD_ACC_N_18_5,ACC_N_18,2025-10-25T00:00:00,PROD_149,306.14,DEV_N_18,ADDR_N_18,COMPLETED,0,0.0,LOW
ORD_ACC_N_18_6,ACC_N_18,2026-02-18T00:00:00,PROD_137,236.25,DEV_N_18,ADDR_N_18,COMPLETED,0,0.0,LOW
ORD_ACC_N_18_7,ACC_N_18,2026-03-28T00:00:00,PROD_147,292.94,DEV_N_18,ADDR_N_18,COMPLETED,0,0.0,LOW
ORD_ACC_N_18_8,ACC_N_18,2026-05-17T00:00:00,PROD_105,320.25,DEV_N_18,ADDR_N_18,COMPLETED,0,0.0,LOW
ORD_ACC_N_18_9,ACC_N_18,2026-05-01T00:00:00,PROD_100,103.43,DEV_N_18,ADDR_N_18,COMPLETED,0,0.0,LOW
ORD_ACC_N_18_10,ACC_N_18,2026-01-13T00:00:00,PROD_102,350.9,DEV_N_18,ADDR_N_18,COMPLETED,0,0.0,LOW
ORD_ACC_N_18_11,ACC_N_18,2026-04-06T00:00:00,PROD_129,359.34,DEV_N_18,ADDR_N_18,COMPLETED,0,0.0,LOW
ORD_ACC_N_18_12,ACC_N_18,2026-05-04T00:00:00,PROD_140,463.48,DEV_N_18,ADDR_N_18,COMPLETED,0,0.0,LOW
ORD_ACC_N_18_13,ACC_N_18,2026-05-22T00:00:00,PROD_141,224.07,DEV_N_18,ADDR_N_18,COMPLETED,0,0.0,LOW
ORD_ACC_N_19_0,ACC_N_19,2026-07-26T00:00:00,PROD_119,54.28,DEV_N_19,ADDR_N_19,COMPLETED,0,0.0,LOW
ORD_ACC_N_19_1,ACC_N_19,2026-04-08T00:00:00,PROD_129,462.17,DEV_N_19,ADDR_N_19,COMPLETED,0,0.0,LOW
ORD_ACC_N_19_2,ACC_N_19,2026-05-20T00:00:00,PROD_131,472.48,DEV_N_19,ADDR_N_19,COMPLETED,0,0.0,LOW
ORD_ACC_N_19_3,ACC_N_19,2026-08-11T00:00:00,PROD_147,307.06,DEV_N_19,ADDR_N_19,COMPLETED,0,0.0,LOW
ORD_ACC_N_19_4,ACC_N_19,2026-06-28T00:00:00,PROD_143,32.42,DEV_N_19,ADDR_N_19,COMPLETED,0,0.0,LOW
ORD_ACC_N_19_5,ACC_N_19,2026-08-26T00:00:00,PROD_117,499.79,DEV_N_19,ADDR_N_19,COMPLETED,0,0.0,LOW
ORD_ACC_N_19_6,ACC_N_19,2026-08-21T00:00:00,PROD_133,386.29,DEV_N_19,ADDR_N_19,COMPLETED,0,0.0,LOW
ORD_ACC_N_19_7,ACC_N_19,2026-06-21T00:00:00,PROD_140,107.11,DEV_N_19,ADDR_N_19,COMPLETED,0,0.0,LOW
ORD_ACC_N_19_8,ACC_N_19,2026-08-08T00:00:00,PROD_120,245.6,DEV_N_19,ADDR_N_19,COMPLETED,0,0.0,LOW
ORD_ACC_N_19_9,ACC_N_19,2026-07-21T00:00:00,PROD_118,178.31,DEV_N_19,ADDR_N_19,COMPLETED,0,0.0,LOW
ORD_ACC_N_19_10,ACC_N_19,2026-04-13T00:00:00,PROD_116,37.61,DEV_N_19,ADDR_N_19,COMPLETED,0,0.0,LOW
ORD_ACC_N_19_11,ACC_N_19,2026-08-02T00:00:00,PROD_132,485.69,DEV_N_19,ADDR_N_19,COMPLETED,0,0.0,LOW
ORD_ACC_N_19_12,ACC_N_19,2026-04-15T00:00:00,PROD_133,241.75,DEV_N_19,ADDR_N_19,COMPLETED,0,0.0,LOW
ORD_ACC_N_19_13,ACC_N_19,2026-04-26T00:00:00,PROD_113,320.2,DEV_N_19,ADDR_N_19,COMPLETED,0,0.0,LOW
ORD_ACC_N_20_0,ACC_N_20,2026-04-06T00:00:00,PROD_107,230.3,DEV_N_19,ADDR_N_19,COMPLETED,0,0.0,LOW
ORD_ACC_N_20_1,ACC_N_20,2026-05-01T00:00:00,PROD_100,360.7,DEV_N_19,ADDR_N_19,COMPLETED,0,0.0,LOW
ORD_ACC_N_20_2,ACC_N_20,2026-02-04T00:00:00,PROD_107,64.74,DEV_N_19,ADDR_N_19,COMPLETED,0,0.0,LOW
ORD_ACC_N_21_0,ACC_N_21,2026-08-12T00:00:00,PROD_132,259.22,DEV_N_21,ADDR_N_21,COMPLETED,0,0.0,LOW
ORD_ACC_N_21_1,ACC_N_21,2026-07-09T00:00:00,PROD_115,420.67,DEV_N_21,ADDR_N_21,COMPLETED,0,0.0,LOW
ORD_ACC_N_21_2,ACC_N_21,2026-08-13T00:00:00,PROD_132,204.12,DEV_N_21,ADDR_N_21,COMPLETED,0,0.0,LOW
ORD_ACC_N_21_3,ACC_N_21,2026-08-23T00:00:00,PROD_126,152.6,DEV_N_21,ADDR_N_21,COMPLETED,0,0.0,LOW
ORD_ACC_N_21_4,ACC_N_21,2026-06-28T00:00:00,PROD_146,148.24,DEV_N_21,ADDR_N_21,REFUNDED,1,0.0,LOW
ORD_ACC_N_21_5,ACC_N_21,2026-06-30T00:00:00,PROD_130,435.33,DEV_N_21,ADDR_N_21,COMPLETED,0,0.0,LOW
ORD_ACC_N_21_6,ACC_N_21,2026-07-20T00:00:00,PROD_129,284.92,DEV_N_21,ADDR_N_21,COMPLETED,0,0.0,LOW
ORD_ACC_N_21_7,ACC_N_21,2026-08-07T00:00:00,PROD_124,490.77,DEV_N_21,ADDR_N_21,COMPLETED,0,0.0,LOW
ORD_ACC_N_21_8,ACC_N_21,2026-07-10T00:00:00,PROD_145,40.95,DEV_N_21,ADDR_N_21,COMPLETED,0,0.0,LOW
ORD_ACC_N_21_9,ACC_N_21,2026-07-13T00:00:00,PROD_141,494.44,DEV_N_21,ADDR_N_21,COMPLETED,0,0.0,LOW
ORD_ACC_N_21_10,ACC_N_21,2026-06-29T00:00:00,PROD_137,483.12,DEV_N_21,ADDR_N_21,COMPLETED,0,0.0,LOW
ORD_ACC_N_22_0,ACC_N_22,2026-07-08T00:00:00,PROD_129,231.35,DEV_N_22,ADDR_N_22,COMPLETED,0,0.0,LOW
ORD_ACC_N_22_1,ACC_N_22,2026-07-16T00:00:00,PROD_109,89.19,DEV_N_22,ADDR_N_22,COMPLETED,0,0.0,LOW
ORD_ACC_N_22_2,ACC_N_22,2026-08-01T00:00:00,PROD_139,395.13,DEV_N_22,ADDR_N_22,COMPLETED,0,0.0,LOW
ORD_ACC_N_22_3,ACC_N_22,2026-07-21T00:00:00,PROD_143,58.55,DEV_N_22,ADDR_N_22,COMPLETED,0,0.0,LOW
ORD_ACC_N_22_4,ACC_N_22,2026-08-07T00:00:00,PROD_148,477.99,DEV_N_22,ADDR_N_22,COMPLETED,0,0.0,LOW
ORD_ACC_N_22_5,ACC_N_22,2026-07-07T00:00:00,PROD_115,279.69,DEV_N_22,ADDR_N_22,COMPLETED,0,0.0,LOW
ORD_ACC_N_22_6,ACC_N_22,2026-08-17T00:00:00,PROD_106,378.45,DEV_N_22,ADDR_N_22,COMPLETED,0,0.0,LOW
ORD_ACC_N_22_7,ACC_N_22,2026-08-03T00:00:00,PROD_101,99.86,DEV_N_22,ADDR_N_22,COMPLETED,0,0.0,LOW
ORD_ACC_N_22_8,ACC_N_22,2026-08-11T00:00:00,PROD_123,402.15,DEV_N_22,ADDR_N_22,COMPLETED,0,0.0,LOW
ORD_ACC_N_22_9,ACC_N_22,2026-08-22T00:00:00,PROD_143,137.21,DEV_N_22,ADDR_N_22,COMPLETED,0,0.0,LOW
ORD_ACC_N_22_10,ACC_N_22,2026-08-21T00:00:00,PROD_124,104.03,DEV_N_22,ADDR_N_22,COMPLETED,0,0.0,LOW
ORD_ACC_N_22_11,ACC_N_22,2026-07-19T00:00:00,PROD_109,135.6,DEV_N_22,ADDR_N_22,COMPLETED,0,0.0,LOW
ORD_ACC_N_22_12,ACC_N_22,2026-08-02T00:00:00,PROD_142,326.19,DEV_N_22,ADDR_N_22,COMPLETED,0,0.0,LOW
ORD_ACC_N_22_13,ACC_N_22,2026-07-05T00:00:00,PROD_143,406.22,DEV_N_22,ADDR_N_22,COMPLETED,0,0.0,LOW
ORD_ACC_N_23_0,ACC_N_23,2026-07-06T00:00:00,PROD_119,473.71,DEV_N_23,ADDR_N_23,COMPLETED,0,0.0,LOW
ORD_ACC_N_23_1,ACC_N_23,2026-06-04T00:00:00,PROD_112,140.05,DEV_N_23,ADDR_N_23,COMPLETED,0,0.0,LOW
ORD_ACC_N_24_0,ACC_N_24,2026-05-02T00:00:00,PROD_118,203.05,DEV_N_24,ADDR_N_24,COMPLETED,0,0.0,LOW
ORD_ACC_N_24_1,ACC_N_24,2026-08-20T00:00:00,PROD_117,489.41,DEV_N_24,ADDR_N_24,COMPLETED,0,0.0,LOW
ORD_ACC_N_25_0,ACC_N_25,2026-08-06T00:00:00,PROD_118,457.1,DEV_N_25,ADDR_N_25,COMPLETED,0,0.0,LOW
ORD_ACC_N_25_1,ACC_N_25,2026-03-04T00:00:00,PROD_116,125.12,DEV_N_25,ADDR_N_25,COMPLETED,0,0.0,LOW
ORD_ACC_N_25_2,ACC_N_25,2026-07-13T00:00:00,PROD_119,453.63,DEV_N_25,ADDR_N_25,COMPLETED,0,0.0,LOW
ORD_ACC_N_25_3,ACC_N_25,2026-08-14T00:00:00,PROD_105,298.2,DEV_N_25,ADDR_N_25,COMPLETED,0,0.0,LOW
ORD_ACC_N_25_4,ACC_N_25,2026-03-17T00:00:00,PROD_108,378.79,DEV_N_25,ADDR_N_25,COMPLETED,0,0.0,LOW
ORD_ACC_N_25_5,ACC_N_25,2026-02-25T00:00:00,PROD_110,274.81,DEV_N_25,ADDR_N_25,COMPLETED,0,0.0,LOW
ORD_ACC_N_25_6,ACC_N_25,2025-12-28T00:00:00,PROD_121,484.34,DEV_N_25,ADDR_N_25,COMPLETED,0,0.0,LOW
ORD_ACC_N_25_7,ACC_N_25,2026-01-04T00:00:00,PROD_114,482.19,DEV_N_25,ADDR_N_25,COMPLETED,0,0.0,LOW
ORD_ACC_N_25_8,ACC_N_25,2025-11-19T00:00:00,PROD_100,195.57,DEV_N_25,ADDR_N_25,COMPLETED,0,0.0,LOW
ORD_ACC_N_25_9,ACC_N_25,2025-11-30T00:00:00,PROD_147,79.32,DEV_N_25,ADDR_N_25,COMPLETED,0,0.0,LOW
ORD_ACC_N_25_10,ACC_N_25,2026-02-17T00:00:00,PROD_106,414.76,DEV_N_25,ADDR_N_25,COMPLETED,0,0.0,LOW
ORD_ACC_N_25_11,ACC_N_25,2026-01-02T00:00:00,PROD_135,32.01,DEV_N_25,ADDR_N_25,COMPLETED,0,0.0,LOW
ORD_ACC_N_25_12,ACC_N_25,2026-05-10T00:00:00,PROD_129,330.87,DEV_N_25,ADDR_N_25,COMPLETED,0,0.0,LOW
ORD_ACC_N_25_13,ACC_N_25,2026-02-03T00:00:00,PROD_102,76.0,DEV_N_25,ADDR_N_25,REFUNDED,1,0.0,LOW
ORD_ACC_N_26_0,ACC_N_26,2026-08-01T00:00:00,PROD_129,445.88,DEV_N_26,ADDR_N_26,COMPLETED,0,0.0,LOW
ORD_ACC_N_26_1,ACC_N_26,2026-07-09T00:00:00,PROD_126,301.92,DEV_N_26,ADDR_N_26,COMPLETED,0,0.0,LOW
ORD_ACC_N_27_0,ACC_N_27,2026-02-04T00:00:00,PROD_144,470.75,DEV_N_27,ADDR_N_27,COMPLETED,0,0.0,LOW
ORD_ACC_N_27_1,ACC_N_27,2026-05-12T00:00:00,PROD_123,232.82,DEV_N_27,ADDR_N_27,COMPLETED,0,0.0,LOW
ORD_ACC_N_27_2,ACC_N_27,2026-02-24T00:00:00,PROD_122,281.34,DEV_N_27,ADDR_N_27,COMPLETED,0,0.0,LOW
ORD_ACC_N_27_3,ACC_N_27,2026-02-09T00:00:00,PROD_129,152.42,DEV_N_27,ADDR_N_27,COMPLETED,0,0.0,LOW
ORD_ACC_N_27_4,ACC_N_27,2026-05-15T00:00:00,PROD_101,328.02,DEV_N_27,ADDR_N_27,COMPLETED,0,0.0,LOW
ORD_ACC_N_27_5,ACC_N_27,2026-03-14T00:00:00,PROD_136,136.91,DEV_N_27,ADDR_N_27,COMPLETED,0,0.0,LOW
ORD_ACC_N_27_6,ACC_N_27,2026-07-27T00:00:00,PROD_137,418.31,DEV_N_27,ADDR_N_27,COMPLETED,0,0.0,LOW
ORD_ACC_N_27_7,ACC_N_27,2026-05-04T00:00:00,PROD_138,177.71,DEV_N_27,ADDR_N_27,COMPLETED,0,0.0,LOW
ORD_ACC_N_27_8,ACC_N_27,2026-04-12T00:00:00,PROD_108,432.03,DEV_N_27,ADDR_N_27,COMPLETED,0,0.0,LOW
ORD_ACC_N_27_9,ACC_N_27,2026-04-25T00:00:00,PROD_101,403.29,DEV_N_27,ADDR_N_27,COMPLETED,0,0.0,LOW
ORD_ACC_N_28_0,ACC_N_28,2026-08-24T00:00:00,PROD_116,302.65,DEV_N_28,ADDR_N_28,REFUNDED,1,0.0,LOW
ORD_ACC_N_28_1,ACC_N_28,2026-08-18T00:00:00,PROD_130,272.52,DEV_N_28,ADDR_N_28,COMPLETED,0,0.0,LOW
ORD_ACC_N_28_2,ACC_N_28,2026-08-20T00:00:00,PROD_132,266.35,DEV_N_28,ADDR_N_28,COMPLETED,0,0.0,LOW
ORD_ACC_N_28_3,ACC_N_28,2026-08-30T00:00:00,PROD_142,369.08,DEV_N_28,ADDR_N_28,COMPLETED,0,0.0,LOW
ORD_ACC_N_28_4,ACC_N_28,2026-08-22T00:00:00,PROD_103,239.86,DEV_N_28,ADDR_N_28,COMPLETED,0,0.0,LOW
ORD_ACC_N_28_5,ACC_N_28,2026-08-19T00:00:00,PROD_145,224.61,DEV_N_28,ADDR_N_28,COMPLETED,0,0.0,LOW
ORD_ACC_N_29_0,ACC_N_29,2026-08-26T00:00:00,PROD_108,174.61,DEV_N_29,ADDR_N_29,COMPLETED,0,0.0,LOW
ORD_ACC_N_29_1,ACC_N_29,2026-07-23T00:00:00,PROD_120,323.88,DEV_N_29,ADDR_N_29,COMPLETED,0,0.0,LOW
ORD_ACC_N_29_2,ACC_N_29,2026-07-24T00:00:00,PROD_138,274.67,DEV_N_29,ADDR_N_29,COMPLETED,0,0.0,LOW
ORD_ACC_N_29_3,ACC_N_29,2026-08-25T00:00:00,PROD_141,400.69,DEV_N_29,ADDR_N_29,COMPLETED,0,0.0,LOW
ORD_ACC_N_29_4,ACC_N_29,2026-07-16T00:00:00,PROD_114,435.44,DEV_N_29,ADDR_N_29,COMPLETED,0,0.0,LOW
ORD_ACC_N_29_5,ACC_N_29,2026-08-10T00:00:00,PROD_146,417.16,DEV_N_29,ADDR_N_29,COMPLETED,0,0.0,LOW
ORD_ACC_N_29_6,ACC_N_29,2026-08-11T00:00:00,PROD_123,224.85,DEV_N_29,ADDR_N_29,COMPLETED,0,0.0,LOW
ORD_ACC_N_29_7,ACC_N_29,2026-07-19T00:00:00,PROD_105,463.03,DEV_N_29,ADDR_N_29,COMPLETED,0,0.0,LOW
ORD_ACC_N_29_8,ACC_N_29,2026-08-04T00:00:00,PROD_108,66.35,DEV_N_29,ADDR_N_29,COMPLETED,0,0.0,LOW
ORD_ACC_N_29_9,ACC_N_29,2026-08-28T00:00:00,PROD_121,301.5,DEV_N_29,ADDR_N_29,COMPLETED,0,0.0,LOW
ORD_ACC_N_29_10,ACC_N_29,2026-08-05T00:00:00,PROD_148,189.73,DEV_N_29,ADDR_N_29,COMPLETED,0,0.0,LOW
ORD_ACC_N_29_11,ACC_N_29,2026-07-16T00:00:00,PROD_119,44.69,DEV_N_29,ADDR_N_29,COMPLETED,0,0.0,LOW
ORD_ACC_N_29_12,ACC_N_29,2026-08-25T00:00:00,PROD_142,297.4,DEV_N_29,ADDR_N_29,COMPLETED,0,0.0,LOW
ORD_ACC_N_29_13,ACC_N_29,2026-08-17T00:00:00,PROD_135,426.69,DEV_N_29,ADDR_N_29,COMPLETED,0,0.0,LOW
ORD_ACC_N_29_14,ACC_N_29,2026-08-24T00:00:00,PROD_127,386.05,DEV_N_29,ADDR_N_29,COMPLETED,0,0.0,LOW
ORD_ACC_N_30_0,ACC_N_30,2025-11-19T00:00:00,PROD_144,32.6,DEV_N_29,ADDR_N_29,COMPLETED,0,0.0,LOW
ORD_ACC_N_30_1,ACC_N_30,2026-08-17T00:00:00,PROD_119,106.6,DEV_N_29,ADDR_N_29,COMPLETED,0,0.0,LOW
ORD_ACC_N_30_2,ACC_N_30,2026-03-05T00:00:00,PROD_136,22.93,DEV_N_29,ADDR_N_29,COMPLETED,0,0.0,LOW
ORD_ACC_N_30_3,ACC_N_30,2026-07-27T00:00:00,PROD_101,88.1,DEV_N_29,ADDR_N_29,COMPLETED,0,0.0,LOW
ORD_ACC_N_30_4,ACC_N_30,2025-12-03T00:00:00,PROD_121,123.26,DEV_N_29,ADDR_N_29,COMPLETED,0,0.0,LOW
ORD_ACC_N_30_5,ACC_N_30,2026-02-23T00:00:00,PROD_136,169.59,DEV_N_29,ADDR_N_29,COMPLETED,0,0.0,LOW
ORD_ACC_N_30_6,ACC_N_30,2026-07-19T00:00:00,PROD_148,444.0,DEV_N_29,ADDR_N_29,COMPLETED,0,0.0,LOW
ORD_ACC_N_30_7,ACC_N_30,2026-08-06T00:00:00,PROD_142,343.5,DEV_N_29,ADDR_N_29,COMPLETED,0,0.0,LOW
ORD_ACC_N_30_8,ACC_N_30,2025-12-26T00:00:00,PROD_113,311.4,DEV_N_29,ADDR_N_29,COMPLETED,0,0.0,LOW
ORD_ACC_N_30_9,ACC_N_30,2026-07-04T00:00:00,PROD_143,185.68,DEV_N_29,ADDR_N_29,COMPLETED,0,0.0,LOW
ORD_ACC_N_31_0,ACC_N_31,2026-03-27T00:00:00,PROD_138,41.8,DEV_N_31,ADDR_N_31,COMPLETED,0,0.0,LOW
ORD_ACC_N_31_1,ACC_N_31,2026-08-28T00:00:00,PROD_149,118.12,DEV_N_31,ADDR_N_31,COMPLETED,0,0.0,LOW
ORD_ACC_N_31_2,ACC_N_31,2026-04-23T00:00:00,PROD_131,158.93,DEV_N_31,ADDR_N_31,COMPLETED,0,0.0,LOW
ORD_ACC_N_31_3,ACC_N_31,2026-06-03T00:00:00,PROD_114,82.01,DEV_N_31,ADDR_N_31,COMPLETED,0,0.0,LOW
ORD_ACC_N_31_4,ACC_N_31,2026-03-03T00:00:00,PROD_102,54.6,DEV_N_31,ADDR_N_31,COMPLETED,0,0.0,LOW
ORD_ACC_N_31_5,ACC_N_31,2026-08-22T00:00:00,PROD_120,240.68,DEV_N_31,ADDR_N_31,COMPLETED,0,0.0,LOW
ORD_ACC_N_31_6,ACC_N_31,2026-01-24T00:00:00,PROD_126,295.23,DEV_N_31,ADDR_N_31,COMPLETED,0,0.0,LOW
ORD_ACC_N_31_7,ACC_N_31,2026-07-04T00:00:00,PROD_110,214.42,DEV_N_31,ADDR_N_31,COMPLETED,0,0.0,LOW
ORD_ACC_N_31_8,ACC_N_31,2026-01-08T00:00:00,PROD_105,419.37,DEV_N_31,ADDR_N_31,COMPLETED,0,0.0,LOW
ORD_ACC_N_32_0,ACC_N_32,2026-07-07T00:00:00,PROD_125,302.66,DEV_N_32,ADDR_N_32,COMPLETED,0,0.0,LOW
ORD_ACC_N_32_1,ACC_N_32,2026-07-19T00:00:00,PROD_104,126.35,DEV_N_32,ADDR_N_32,COMPLETED,0,0.0,LOW
ORD_ACC_N_32_2,ACC_N_32,2026-08-17T00:00:00,PROD_149,274.69,DEV_N_32,ADDR_N_32,COMPLETED,0,0.0,LOW
ORD_ACC_N_32_3,ACC_N_32,2026-07-18T00:00:00,PROD_109,369.14,DEV_N_32,ADDR_N_32,COMPLETED,0,0.0,LOW
ORD_ACC_N_33_0,ACC_N_33,2026-08-15T00:00:00,PROD_148,114.69,DEV_N_33,ADDR_N_33,COMPLETED,0,0.0,LOW
ORD_ACC_N_33_1,ACC_N_33,2026-08-20T00:00:00,PROD_129,476.62,DEV_N_33,ADDR_N_33,COMPLETED,0,0.0,LOW
ORD_ACC_N_33_2,ACC_N_33,2026-07-14T00:00:00,PROD_136,298.14,DEV_N_33,ADDR_N_33,COMPLETED,0,0.0,LOW
ORD_ACC_N_34_0,ACC_N_34,2026-03-24T00:00:00,PROD_130,171.75,DEV_N_34,ADDR_N_34,COMPLETED,0,0.0,LOW
ORD_ACC_N_34_1,ACC_N_34,2026-03-23T00:00:00,PROD_103,165.35,DEV_N_34,ADDR_N_34,COMPLETED,0,0.0,LOW
ORD_ACC_N_34_2,ACC_N_34,2026-04-24T00:00:00,PROD_102,55.61,DEV_N_34,ADDR_N_34,COMPLETED,0,0.0,LOW
ORD_ACC_N_34_3,ACC_N_34,2026-05-29T00:00:00,PROD_105,419.21,DEV_N_34,ADDR_N_34,COMPLETED,0,0.0,LOW
ORD_ACC_N_34_4,ACC_N_34,2026-04-01T00:00:00,PROD_135,263.39,DEV_N_34,ADDR_N_34,COMPLETED,0,0.0,LOW
ORD_ACC_N_34_5,ACC_N_34,2026-05-08T00:00:00,PROD_112,456.34,DEV_N_34,ADDR_N_34,COMPLETED,0,0.0,LOW
ORD_ACC_N_34_6,ACC_N_34,2026-03-30T00:00:00,PROD_103,248.3,DEV_N_34,ADDR_N_34,COMPLETED,0,0.0,LOW
ORD_ACC_N_34_7,ACC_N_34,2026-08-05T00:00:00,PROD_145,409.26,DEV_N_34,ADDR_N_34,COMPLETED,0,0.0,LOW
ORD_ACC_N_34_8,ACC_N_34,2026-04-24T00:00:00,PROD_145,330.14,DEV_N_34,ADDR_N_34,REFUNDED,1,0.0,LOW
ORD_ACC_N_34_9,ACC_N_34,2026-04-19T00:00:00,PROD_123,270.92,DEV_N_34,ADDR_N_34,COMPLETED,0,0.0,LOW
ORD_ACC_N_34_10,ACC_N_34,2026-05-24T00:00:00,PROD_138,216.21,DEV_N_34,ADDR_N_34,COMPLETED,0,0.0,LOW
ORD_ACC_N_34_11,ACC_N_34,2026-03-23T00:00:00,PROD_106,330.71,DEV_N_34,ADDR_N_34,COMPLETED,0,0.0,LOW
ORD_ACC_N_34_12,ACC_N_34,2026-03-11T00:00:00,PROD_142,205.55,DEV_N_34,ADDR_N_34,COMPLETED,0,0.0,LOW
ORD_ACC_N_34_13,ACC_N_34,2026-07-24T00:00:00,PROD_109,180.01,DEV_N_34,ADDR_N_34,COMPLETED,0,0.0,LOW
ORD_ACC_N_35_0,ACC_N_35,2026-05-23T00:00:00,PROD_105,81.9,DEV_N_35,ADDR_N_35,COMPLETED,0,0.0,LOW
ORD_ACC_N_35_1,ACC_N_35,2026-04-10T00:00:00,PROD_108,200.81,DEV_N_35,ADDR_N_35,COMPLETED,0,0.0,LOW
ORD_ACC_N_35_2,ACC_N_35,2026-08-08T00:00:00,PROD_123,330.09,DEV_N_35,ADDR_N_35,COMPLETED,0,0.0,LOW
ORD_ACC_N_35_3,ACC_N_35,2026-05-31T00:00:00,PROD_121,168.26,DEV_N_35,ADDR_N_35,COMPLETED,0,0.0,LOW
ORD_ACC_N_35_4,ACC_N_35,2026-07-13T00:00:00,PROD_104,128.74,DEV_N_35,ADDR_N_35,COMPLETED,0,0.0,LOW
ORD_ACC_N_35_5,ACC_N_35,2026-08-06T00:00:00,PROD_147,263.69,DEV_N_35,ADDR_N_35,COMPLETED,0,0.0,LOW
ORD_ACC_N_35_6,ACC_N_35,2026-08-22T00:00:00,PROD_139,337.73,DEV_N_35,ADDR_N_35,COMPLETED,0,0.0,LOW
ORD_ACC_N_35_7,ACC_N_35,2026-04-01T00:00:00,PROD_144,200.83,DEV_N_35,ADDR_N_35,COMPLETED,0,0.0,LOW
ORD_ACC_N_35_8,ACC_N_35,2026-07-20T00:00:00,PROD_123,366.17,DEV_N_35,ADDR_N_35,REFUNDED,1,0.0,LOW
ORD_ACC_N_35_9,ACC_N_35,2026-03-28T00:00:00,PROD_128,156.77,DEV_N_35,ADDR_N_35,COMPLETED,0,0.0,LOW
ORD_ACC_N_35_10,ACC_N_35,2026-04-17T00:00:00,PROD_130,134.8,DEV_N_35,ADDR_N_35,COMPLETED,0,0.0,LOW
ORD_ACC_N_36_0,ACC_N_36,2026-04-07T00:00:00,PROD_118,492.53,DEV_N_36,ADDR_N_36,COMPLETED,0,0.0,LOW
ORD_ACC_N_36_1,ACC_N_36,2026-04-25T00:00:00,PROD_112,273.18,DEV_N_36,ADDR_N_36,COMPLETED,0,0.0,LOW
ORD_ACC_N_36_2,ACC_N_36,2026-07-27T00:00:00,PROD_130,439.04,DEV_N_36,ADDR_N_36,COMPLETED,0,0.0,LOW
ORD_ACC_N_36_3,ACC_N_36,2026-04-12T00:00:00,PROD_133,468.46,DEV_N_36,ADDR_N_36,COMPLETED,0,0.0,LOW
ORD_ACC_N_36_4,ACC_N_36,2026-06-20T00:00:00,PROD_128,60.26,DEV_N_36,ADDR_N_36,COMPLETED,0,0.0,LOW
ORD_ACC_N_36_5,ACC_N_36,2026-07-25T00:00:00,PROD_114,418.9,DEV_N_36,ADDR_N_36,COMPLETED,0,0.0,LOW
ORD_ACC_N_36_6,ACC_N_36,2026-06-03T00:00:00,PROD_125,466.63,DEV_N_36,ADDR_N_36,COMPLETED,0,0.0,LOW
ORD_ACC_N_36_7,ACC_N_36,2026-05-28T00:00:00,PROD_123,133.17,DEV_N_36,ADDR_N_36,COMPLETED,0,0.0,LOW
ORD_ACC_N_36_8,ACC_N_36,2026-08-24T00:00:00,PROD_145,172.97,DEV_N_36,ADDR_N_36,COMPLETED,0,0.0,LOW
ORD_ACC_N_36_9,ACC_N_36,2026-07-25T00:00:00,PROD_130,86.05,DEV_N_36,ADDR_N_36,COMPLETED,0,0.0,LOW
ORD_ACC_N_36_10,ACC_N_36,2026-02-18T00:00:00,PROD_100,358.66,DEV_N_36,ADDR_N_36,COMPLETED,0,0.0,LOW
ORD_ACC_N_37_0,ACC_N_37,2026-08-25T00:00:00,PROD_146,420.78,DEV_N_37,ADDR_N_37,COMPLETED,0,0.0,LOW
ORD_ACC_N_37_1,ACC_N_37,2026-08-15T00:00:00,PROD_115,223.16,DEV_N_37,ADDR_N_37,COMPLETED,0,0.0,LOW
ORD_ACC_N_37_2,ACC_N_37,2026-08-28T00:00:00,PROD_139,42.92,DEV_N_37,ADDR_N_37,COMPLETED,0,0.0,LOW
ORD_ACC_N_37_3,ACC_N_37,2026-08-29T00:00:00,PROD_138,73.21,DEV_N_37,ADDR_N_37,COMPLETED,0,0.0,LOW
ORD_ACC_N_37_4,ACC_N_37,2026-08-31T00:00:00,PROD_145,323.34,DEV_N_37,ADDR_N_37,COMPLETED,0,0.0,LOW
ORD_ACC_N_38_0,ACC_N_38,2026-08-31T00:00:00,PROD_126,315.11,DEV_N_38,ADDR_N_38,COMPLETED,0,0.0,LOW
ORD_ACC_N_38_1,ACC_N_38,2026-08-10T00:00:00,PROD_133,271.27,DEV_N_38,ADDR_N_38,COMPLETED,0,0.0,LOW
ORD_ACC_N_38_2,ACC_N_38,2026-04-24T00:00:00,PROD_101,397.48,DEV_N_38,ADDR_N_38,COMPLETED,0,0.0,LOW
ORD_ACC_N_38_3,ACC_N_38,2026-05-03T00:00:00,PROD_123,40.9,DEV_N_38,ADDR_N_38,COMPLETED,0,0.0,LOW
ORD_ACC_N_38_4,ACC_N_38,2026-08-27T00:00:00,PROD_115,191.41,DEV_N_38,ADDR_N_38,COMPLETED,0,0.0,LOW
ORD_ACC_N_38_5,ACC_N_38,2026-04-05T00:00:00,PROD_102,372.89,DEV_N_38,ADDR_N_38,COMPLETED,0,0.0,LOW
ORD_ACC_N_38_6,ACC_N_38,2026-04-14T00:00:00,PROD_149,182.5,DEV_N_38,ADDR_N_38,COMPLETED,0,0.0,LOW
ORD_ACC_N_39_0,ACC_N_39,2026-07-16T00:00:00,PROD_149,409.52,DEV_N_39,ADDR_N_39,COMPLETED,0,0.0,LOW
ORD_ACC_N_39_1,ACC_N_39,2026-08-22T00:00:00,PROD_112,160.85,DEV_N_39,ADDR_N_39,REFUNDED,1,0.0,LOW
ORD_ACC_N_39_2,ACC_N_39,2026-01-05T00:00:00,PROD_134,168.84,DEV_N_39,ADDR_N_39,COMPLETED,0,0.0,LOW
ORD_ACC_N_39_3,ACC_N_39,2026-06-28T00:00:00,PROD_118,37.58,DEV_N_39,ADDR_N_39,COMPLETED,0,0.0,LOW
ORD_ACC_N_39_4,ACC_N_39,2026-01-23T00:00:00,PROD_121,394.8,DEV_N_39,ADDR_N_39,COMPLETED,0,0.0,LOW
ORD_ACC_N_39_5,ACC_N_39,2026-07-31T00:00:00,PROD_125,403.68,DEV_N_39,ADDR_N_39,COMPLETED,0,0.0,LOW
ORD_ACC_N_39_6,ACC_N_39,2026-01-14T00:00:00,PROD_111,479.11,DEV_N_39,ADDR_N_39,COMPLETED,0,0.0,LOW
ORD_ACC_N_39_7,ACC_N_39,2026-03-07T00:00:00,PROD_133,258.81,DEV_N_39,ADDR_N_39,COMPLETED,0,0.0,LOW
ORD_ACC_N_39_8,ACC_N_39,2026-02-07T00:00:00,PROD_127,59.65,DEV_N_39,ADDR_N_39,COMPLETED,0,0.0,LOW
ORD_ACC_N_39_9,ACC_N_39,2025-12-20T00:00:00,PROD_120,414.72,DEV_N_39,ADDR_N_39,COMPLETED,0,0.0,LOW
ORD_ACC_N_39_10,ACC_N_39,2026-08-11T00:00:00,PROD_128,177.4,DEV_N_39,ADDR_N_39,COMPLETED,0,0.0,LOW
ORD_ACC_N_40_0,ACC_N_40,2026-03-08T00:00:00,PROD_146,233.08,DEV_N_39,ADDR_N_39,COMPLETED,0,0.0,LOW
ORD_ACC_N_40_1,ACC_N_40,2026-03-27T00:00:00,PROD_103,499.11,DEV_N_39,ADDR_N_39,COMPLETED,0,0.0,LOW
ORD_ACC_N_40_2,ACC_N_40,2026-03-13T00:00:00,PROD_147,326.01,DEV_N_39,ADDR_N_39,COMPLETED,0,0.0,LOW
ORD_ACC_N_41_0,ACC_N_41,2026-08-12T00:00:00,PROD_108,345.48,DEV_N_41,ADDR_N_41,COMPLETED,0,0.0,LOW
ORD_ACC_N_41_1,ACC_N_41,2026-08-24T00:00:00,PROD_124,393.69,DEV_N_41,ADDR_N_41,COMPLETED,0,0.0,LOW
ORD_ACC_N_41_2,ACC_N_41,2026-08-30T00:00:00,PROD_123,310.45,DEV_N_41,ADDR_N_41,COMPLETED,0,0.0,LOW
ORD_ACC_N_42_0,ACC_N_42,2026-08-12T00:00:00,PROD_125,295.48,DEV_N_42,ADDR_N_42,COMPLETED,0,0.0,LOW
ORD_ACC_N_42_1,ACC_N_42,2026-03-18T00:00:00,PROD_101,153.77,DEV_N_42,ADDR_N_42,COMPLETED,0,0.0,LOW
ORD_ACC_N_42_2,ACC_N_42,2026-04-26T00:00:00,PROD_107,268.52,DEV_N_42,ADDR_N_42,COMPLETED,0,0.0,LOW
ORD_ACC_N_42_3,ACC_N_42,2026-02-14T00:00:00,PROD_139,144.94,DEV_N_42,ADDR_N_42,COMPLETED,0,0.0,LOW
ORD_ACC_N_42_4,ACC_N_42,2026-03-07T00:00:00,PROD_107,459.91,DEV_N_42,ADDR_N_42,COMPLETED,0,0.0,LOW
ORD_ACC_N_42_5,ACC_N_42,2026-01-25T00:00:00,PROD_145,55.54,DEV_N_42,ADDR_N_42,COMPLETED,0,0.0,LOW
ORD_ACC_N_42_6,ACC_N_42,2026-08-09T00:00:00,PROD_120,409.05,DEV_N_42,ADDR_N_42,COMPLETED,0,0.0,LOW
ORD_ACC_N_42_7,ACC_N_42,2026-03-03T00:00:00,PROD_119,51.17,DEV_N_42,ADDR_N_42,COMPLETED,0,0.0,LOW
ORD_ACC_N_42_8,ACC_N_42,2026-03-02T00:00:00,PROD_111,360.59,DEV_N_42,ADDR_N_42,COMPLETED,0,0.0,LOW
ORD_ACC_N_42_9,ACC_N_42,2026-04-23T00:00:00,PROD_108,127.64,DEV_N_42,ADDR_N_42,COMPLETED,0,0.0,LOW
ORD_ACC_N_42_10,ACC_N_42,2026-02-10T00:00:00,PROD_136,257.13,DEV_N_42,ADDR_N_42,COMPLETED,0,0.0,LOW
ORD_ACC_N_42_11,ACC_N_42,2026-05-04T00:00:00,PROD_139,405.76,DEV_N_42,ADDR_N_42,COMPLETED,0,0.0,LOW
ORD_ACC_N_42_12,ACC_N_42,2026-08-15T00:00:00,PROD_146,168.46,DEV_N_42,ADDR_N_42,COMPLETED,0,0.0,LOW
ORD_ACC_N_43_0,ACC_N_43,2026-02-03T00:00:00,PROD_120,415.2,DEV_N_43,ADDR_N_43,COMPLETED,0,0.0,LOW
ORD_ACC_N_43_1,ACC_N_43,2026-01-13T00:00:00,PROD_108,243.6,DEV_N_43,ADDR_N_43,COMPLETED,0,0.0,LOW
ORD_ACC_N_43_2,ACC_N_43,2026-05-30T00:00:00,PROD_132,388.54,DEV_N_43,ADDR_N_43,COMPLETED,0,0.0,LOW
ORD_ACC_N_43_3,ACC_N_43,2026-06-29T00:00:00,PROD_110,268.69,DEV_N_43,ADDR_N_43,COMPLETED,0,0.0,LOW
ORD_ACC_N_43_4,ACC_N_43,2026-05-08T00:00:00,PROD_118,186.09,DEV_N_43,ADDR_N_43,COMPLETED,0,0.0,LOW
ORD_ACC_N_43_5,ACC_N_43,2026-04-25T00:00:00,PROD_117,114.22,DEV_N_43,ADDR_N_43,COMPLETED,0,0.0,LOW
ORD_ACC_N_43_6,ACC_N_43,2026-03-29T00:00:00,PROD_141,314.93,DEV_N_43,ADDR_N_43,COMPLETED,0,0.0,LOW
ORD_ACC_N_44_0,ACC_N_44,2026-06-14T00:00:00,PROD_138,102.18,DEV_N_44,ADDR_N_44,COMPLETED,0,0.0,LOW
ORD_ACC_N_44_1,ACC_N_44,2025-11-16T00:00:00,PROD_105,39.77,DEV_N_44,ADDR_N_44,COMPLETED,0,0.0,LOW
ORD_ACC_N_44_2,ACC_N_44,2025-11-09T00:00:00,PROD_136,147.03,DEV_N_44,ADDR_N_44,COMPLETED,0,0.0,LOW
ORD_ACC_N_44_3,ACC_N_44,2026-08-16T00:00:00,PROD_118,259.06,DEV_N_44,ADDR_N_44,COMPLETED,0,0.0,LOW
ORD_ACC_N_44_4,ACC_N_44,2025-12-27T00:00:00,PROD_125,137.54,DEV_N_44,ADDR_N_44,COMPLETED,0,0.0,LOW
ORD_ACC_N_44_5,ACC_N_44,2026-01-11T00:00:00,PROD_128,55.03,DEV_N_44,ADDR_N_44,COMPLETED,0,0.0,LOW
ORD_ACC_N_44_6,ACC_N_44,2025-12-27T00:00:00,PROD_109,242.93,DEV_N_44,ADDR_N_44,COMPLETED,0,0.0,LOW
ORD_ACC_N_44_7,ACC_N_44,2026-03-21T00:00:00,PROD_125,372.42,DEV_N_44,ADDR_N_44,COMPLETED,0,0.0,LOW
ORD_ACC_N_44_8,ACC_N_44,2026-02-23T00:00:00,PROD_115,267.19,DEV_N_44,ADDR_N_44,COMPLETED,0,0.0,LOW
ORD_ACC_N_44_9,ACC_N_44,2026-06-30T00:00:00,PROD_106,148.39,DEV_N_44,ADDR_N_44,COMPLETED,0,0.0,LOW
ORD_ACC_N_45_0,ACC_N_45,2026-03-27T00:00:00,PROD_110,220.7,DEV_N_45,ADDR_N_45,COMPLETED,0,0.0,LOW
ORD_ACC_N_45_1,ACC_N_45,2026-04-06T00:00:00,PROD_110,366.14,DEV_N_45,ADDR_N_45,COMPLETED,0,0.0,LOW
ORD_ACC_N_45_2,ACC_N_45,2026-04-22T00:00:00,PROD_131,244.07,DEV_N_45,ADDR_N_45,COMPLETED,0,0.0,LOW
ORD_ACC_N_45_3,ACC_N_45,2026-08-08T00:00:00,PROD_115,473.71,DEV_N_45,ADDR_N_45,COMPLETED,0,0.0,LOW
ORD_ACC_N_45_4,ACC_N_45,2026-04-04T00:00:00,PROD_131,189.39,DEV_N_45,ADDR_N_45,COMPLETED,0,0.0,LOW
ORD_ACC_N_45_5,ACC_N_45,2026-05-03T00:00:00,PROD_106,157.16,DEV_N_45,ADDR_N_45,REFUNDED,1,0.0,LOW
ORD_ACC_N_45_6,ACC_N_45,2026-06-25T00:00:00,PROD_123,369.2,DEV_N_45,ADDR_N_45,COMPLETED,0,0.0,LOW
ORD_ACC_N_46_0,ACC_N_46,2026-04-08T00:00:00,PROD_118,289.67,DEV_N_46,ADDR_N_46,COMPLETED,0,0.0,LOW
ORD_ACC_N_47_0,ACC_N_47,2026-05-08T00:00:00,PROD_139,386.91,DEV_N_47,ADDR_N_47,COMPLETED,0,0.0,LOW
ORD_ACC_N_47_1,ACC_N_47,2026-08-01T00:00:00,PROD_123,81.76,DEV_N_47,ADDR_N_47,COMPLETED,0,0.0,LOW
ORD_ACC_N_47_2,ACC_N_47,2026-04-11T00:00:00,PROD_112,470.7,DEV_N_47,ADDR_N_47,COMPLETED,0,0.0,LOW
ORD_ACC_N_47_3,ACC_N_47,2026-04-23T00:00:00,PROD_102,212.67,DEV_N_47,ADDR_N_47,REFUNDED,1,0.0,LOW
ORD_ACC_N_47_4,ACC_N_47,2026-02-07T00:00:00,PROD_138,247.4,DEV_N_47,ADDR_N_47,COMPLETED,0,0.0,LOW
ORD_ACC_N_47_5,ACC_N_47,2026-07-27T00:00:00,PROD_110,177.42,DEV_N_47,ADDR_N_47,COMPLETED,0,0.0,LOW
ORD_ACC_N_47_6,ACC_N_47,2026-03-27T00:00:00,PROD_121,374.87,DEV_N_47,ADDR_N_47,COMPLETED,0,0.0,LOW
ORD_ACC_N_47_7,ACC_N_47,2026-04-23T00:00:00,PROD_119,275.52,DEV_N_47,ADDR_N_47,COMPLETED,0,0.0,LOW
ORD_ACC_N_47_8,ACC_N_47,2026-08-27T00:00:00,PROD_126,196.81,DEV_N_47,ADDR_N_47,COMPLETED,0,0.0,LOW
ORD_ACC_N_48_0,ACC_N_48,2026-03-23T00:00:00,PROD_141,32.79,DEV_N_48,ADDR_N_48,COMPLETED,0,0.0,LOW
ORD_ACC_N_48_1,ACC_N_48,2026-04-06T00:00:00,PROD_130,129.22,DEV_N_48,ADDR_N_48,COMPLETED,0,0.0,LOW
ORD_ACC_N_48_2,ACC_N_48,2026-04-19T00:00:00,PROD_124,321.93,DEV_N_48,ADDR_N_48,COMPLETED,0,0.0,LOW
ORD_ACC_N_48_3,ACC_N_48,2026-06-30T00:00:00,PROD_107,35.15,DEV_N_48,ADDR_N_48,COMPLETED,0,0.0,LOW
ORD_ACC_N_48_4,ACC_N_48,2026-08-27T00:00:00,PROD_126,231.7,DEV_N_48,ADDR_N_48,COMPLETED,0,0.0,LOW
ORD_ACC_N_48_5,ACC_N_48,2026-05-18T00:00:00,PROD_130,260.87,DEV_N_48,ADDR_N_48,COMPLETED,0,0.0,LOW
ORD_ACC_N_48_6,ACC_N_48,2026-07-27T00:00:00,PROD_142,268.97,DEV_N_48,ADDR_N_48,COMPLETED,0,0.0,LOW
ORD_ACC_N_48_7,ACC_N_48,2026-04-19T00:00:00,PROD_129,200.88,DEV_N_48,ADDR_N_48,COMPLETED,0,0.0,LOW
ORD_ACC_N_48_8,ACC_N_48,2026-06-05T00:00:00,PROD_146,282.21,DEV_N_48,ADDR_N_48,COMPLETED,0,0.0,LOW
ORD_ACC_N_48_9,ACC_N_48,2026-03-28T00:00:00,PROD_117,252.41,DEV_N_48,ADDR_N_48,COMPLETED,0,0.0,LOW
ORD_ACC_N_48_10,ACC_N_48,2026-06-16T00:00:00,PROD_119,127.94,DEV_N_48,ADDR_N_48,COMPLETED,0,0.0,LOW
ORD_ACC_N_48_11,ACC_N_48,2026-07-09T00:00:00,PROD_130,351.32,DEV_N_48,ADDR_N_48,COMPLETED,0,0.0,LOW
ORD_ACC_N_48_12,ACC_N_48,2026-04-10T00:00:00,PROD_117,468.18,DEV_N_48,ADDR_N_48,COMPLETED,0,0.0,LOW
ORD_ACC_N_49_0,ACC_N_49,2026-06-23T00:00:00,PROD_122,202.25,DEV_N_49,ADDR_N_49,COMPLETED,0,0.0,LOW
ORD_ACC_N_49_1,ACC_N_49,2026-07-25T00:00:00,PROD_105,40.19,DEV_N_49,ADDR_N_49,COMPLETED,0,0.0,LOW
ORD_ACC_N_49_2,ACC_N_49,2026-07-06T00:00:00,PROD_113,334.87,DEV_N_49,ADDR_N_49,COMPLETED,0,0.0,LOW
ORD_ACC_N_49_3,ACC_N_49,2026-06-24T00:00:00,PROD_117,150.14,DEV_N_49,ADDR_N_49,COMPLETED,0,0.0,LOW
ORD_ACC_N_49_4,ACC_N_49,2026-08-18T00:00:00,PROD_115,315.52,DEV_N_49,ADDR_N_49,COMPLETED,0,0.0,LOW
ORD_ACC_N_49_5,ACC_N_49,2026-06-25T00:00:00,PROD_106,128.32,DEV_N_49,ADDR_N_49,COMPLETED,0,0.0,LOW
ORD_ACC_N_49_6,ACC_N_49,2026-07-20T00:00:00,PROD_149,364.33,DEV_N_49,ADDR_N_49,COMPLETED,0,0.0,LOW
ORD_ACC_N_49_7,ACC_N_49,2026-08-31T00:00:00,PROD_110,482.97,DEV_N_49,ADDR_N_49,COMPLETED,0,0.0,LOW
ORD_ACC_N_49_8,ACC_N_49,2026-07-02T00:00:00,PROD_118,249.18,DEV_N_49,ADDR_N_49,COMPLETED,0,0.0,LOW
ORD_ACC_N_49_9,ACC_N_49,2026-07-26T00:00:00,PROD_105,330.03,DEV_N_49,ADDR_N_49,COMPLETED,0,0.0,LOW
ORD_ACC_N_50_0,ACC_N_50,2026-08-22T00:00:00,PROD_111,458.35,DEV_N_49,ADDR_N_49,COMPLETED,0,0.0,LOW
ORD_ACC_N_50_1,ACC_N_50,2026-05-22T00:00:00,PROD_147,398.22,DEV_N_49,ADDR_N_49,COMPLETED,0,0.0,LOW
ORD_ACC_N_50_2,ACC_N_50,2026-08-22T00:00:00,PROD_106,24.45,DEV_N_49,ADDR_N_49,COMPLETED,0,0.0,LOW
ORD_ACC_N_50_3,ACC_N_50,2026-06-20T00:00:00,PROD_133,238.09,DEV_N_49,ADDR_N_49,COMPLETED,0,0.0,LOW
ORD_ACC_N_50_4,ACC_N_50,2026-07-28T00:00:00,PROD_112,428.51,DEV_N_49,ADDR_N_49,COMPLETED,0,0.0,LOW
ORD_ACC_N_50_5,ACC_N_50,2026-06-08T00:00:00,PROD_116,98.0,DEV_N_49,ADDR_N_49,COMPLETED,0,0.0,LOW
ORD_ACC_N_50_6,ACC_N_50,2026-08-28T00:00:00,PROD_136,373.58,DEV_N_49,ADDR_N_49,COMPLETED,0,0.0,LOW
ORD_ACC_N_50_7,ACC_N_50,2026-07-18T00:00:00,PROD_125,313.26,DEV_N_49,ADDR_N_49,COMPLETED,0,0.0,LOW
ORD_ACC_N_50_8,ACC_N_50,2026-06-09T00:00:00,PROD_111,61.63,DEV_N_49,ADDR_N_49,COMPLETED,0,0.0,LOW
ORD_ACC_N_51_0,ACC_N_51,2026-01-04T00:00:00,PROD_115,139.06,DEV_N_51,ADDR_N_51,COMPLETED,0,0.0,LOW
ORD_ACC_N_51_1,ACC_N_51,2026-02-20T00:00:00,PROD_137,148.16,DEV_N_51,ADDR_N_51,COMPLETED,0,0.0,LOW
ORD_ACC_N_51_2,ACC_N_51,2026-08-29T00:00:00,PROD_115,145.55,DEV_N_51,ADDR_N_51,COMPLETED,0,0.0,LOW
ORD_ACC_N_51_3,ACC_N_51,2026-03-14T00:00:00,PROD_125,76.75,DEV_N_51,ADDR_N_51,COMPLETED,0,0.0,LOW
ORD_ACC_N_51_4,ACC_N_51,2026-01-07T00:00:00,PROD_119,449.66,DEV_N_51,ADDR_N_51,COMPLETED,0,0.0,LOW
ORD_ACC_N_51_5,ACC_N_51,2026-03-21T00:00:00,PROD_139,459.74,DEV_N_51,ADDR_N_51,COMPLETED,0,0.0,LOW
ORD_ACC_N_52_0,ACC_N_52,2026-07-01T00:00:00,PROD_138,93.53,DEV_N_52,ADDR_N_52,COMPLETED,0,0.0,LOW
ORD_ACC_N_52_1,ACC_N_52,2026-07-09T00:00:00,PROD_148,356.93,DEV_N_52,ADDR_N_52,COMPLETED,0,0.0,LOW
ORD_ACC_N_52_2,ACC_N_52,2026-05-21T00:00:00,PROD_115,338.77,DEV_N_52,ADDR_N_52,COMPLETED,0,0.0,LOW
ORD_ACC_N_53_0,ACC_N_53,2026-08-03T00:00:00,PROD_136,273.52,DEV_N_53,ADDR_N_53,COMPLETED,0,0.0,LOW
ORD_ACC_N_53_1,ACC_N_53,2026-08-28T00:00:00,PROD_112,417.81,DEV_N_53,ADDR_N_53,COMPLETED,0,0.0,LOW
ORD_ACC_N_53_2,ACC_N_53,2026-07-28T00:00:00,PROD_133,91.93,DEV_N_53,ADDR_N_53,COMPLETED,0,0.0,LOW
ORD_ACC_N_53_3,ACC_N_53,2026-08-24T00:00:00,PROD_131,346.54,DEV_N_53,ADDR_N_53,COMPLETED,0,0.0,LOW
ORD_ACC_N_53_4,ACC_N_53,2026-07-30T00:00:00,PROD_108,233.83,DEV_N_53,ADDR_N_53,COMPLETED,0,0.0,LOW
ORD_ACC_N_53_5,ACC_N_53,2026-08-05T00:00:00,PROD_129,239.26,DEV_N_53,ADDR_N_53,COMPLETED,0,0.0,LOW
ORD_ACC_N_53_6,ACC_N_53,2026-07-16T00:00:00,PROD_100,30.45,DEV_N_53,ADDR_N_53,COMPLETED,0,0.0,LOW
ORD_ACC_N_53_7,ACC_N_53,2026-07-25T00:00:00,PROD_144,55.05,DEV_N_53,ADDR_N_53,COMPLETED,0,0.0,LOW
ORD_ACC_N_53_8,ACC_N_53,2026-07-28T00:00:00,PROD_104,497.18,DEV_N_53,ADDR_N_53,COMPLETED,0,0.0,LOW
ORD_ACC_N_54_0,ACC_N_54,2026-08-18T00:00:00,PROD_141,106.39,DEV_N_54,ADDR_N_54,COMPLETED,0,0.0,LOW
ORD_ACC_N_54_1,ACC_N_54,2026-08-20T00:00:00,PROD_124,496.57,DEV_N_54,ADDR_N_54,COMPLETED,0,0.0,LOW
ORD_ACC_N_54_2,ACC_N_54,2026-08-29T00:00:00,PROD_134,347.71,DEV_N_54,ADDR_N_54,COMPLETED,0,0.0,LOW
ORD_ACC_N_54_3,ACC_N_54,2026-08-11T00:00:00,PROD_134,432.94,DEV_N_54,ADDR_N_54,COMPLETED,0,0.0,LOW
ORD_ACC_N_54_4,ACC_N_54,2026-08-15T00:00:00,PROD_100,81.13,DEV_N_54,ADDR_N_54,COMPLETED,0,0.0,LOW
ORD_ACC_N_55_0,ACC_N_55,2026-04-14T00:00:00,PROD_114,223.58,DEV_N_55,ADDR_N_55,COMPLETED,0,0.0,LOW
ORD_ACC_N_55_1,ACC_N_55,2026-05-06T00:00:00,PROD_146,186.16,DEV_N_55,ADDR_N_55,COMPLETED,0,0.0,LOW
ORD_ACC_N_55_2,ACC_N_55,2026-08-23T00:00:00,PROD_149,408.55,DEV_N_55,ADDR_N_55,COMPLETED,0,0.0,LOW
ORD_ACC_N_55_3,ACC_N_55,2026-07-01T00:00:00,PROD_102,118.92,DEV_N_55,ADDR_N_55,COMPLETED,0,0.0,LOW
ORD_ACC_N_55_4,ACC_N_55,2026-03-31T00:00:00,PROD_115,342.57,DEV_N_55,ADDR_N_55,COMPLETED,0,0.0,LOW
ORD_ACC_N_55_5,ACC_N_55,2026-05-21T00:00:00,PROD_148,230.7,DEV_N_55,ADDR_N_55,COMPLETED,0,0.0,LOW
ORD_ACC_N_55_6,ACC_N_55,2026-07-27T00:00:00,PROD_146,261.87,DEV_N_55,ADDR_N_55,COMPLETED,0,0.0,LOW
ORD_ACC_N_55_7,ACC_N_55,2026-06-11T00:00:00,PROD_120,297.19,DEV_N_55,ADDR_N_55,COMPLETED,0,0.0,LOW
ORD_ACC_N_56_0,ACC_N_56,2026-07-26T00:00:00,PROD_126,493.13,DEV_N_56,ADDR_N_56,COMPLETED,0,0.0,LOW
ORD_ACC_N_56_1,ACC_N_56,2026-06-22T00:00:00,PROD_147,49.26,DEV_N_56,ADDR_N_56,COMPLETED,0,0.0,LOW
ORD_ACC_N_56_2,ACC_N_56,2026-03-24T00:00:00,PROD_103,345.8,DEV_N_56,ADDR_N_56,COMPLETED,0,0.0,LOW
ORD_ACC_N_56_3,ACC_N_56,2026-05-26T00:00:00,PROD_126,397.19,DEV_N_56,ADDR_N_56,COMPLETED,0,0.0,LOW
ORD_ACC_N_56_4,ACC_N_56,2026-07-24T00:00:00,PROD_134,163.95,DEV_N_56,ADDR_N_56,COMPLETED,0,0.0,LOW
ORD_ACC_N_56_5,ACC_N_56,2026-07-01T00:00:00,PROD_145,427.68,DEV_N_56,ADDR_N_56,COMPLETED,0,0.0,LOW
ORD_ACC_N_56_6,ACC_N_56,2026-05-05T00:00:00,PROD_126,459.08,DEV_N_56,ADDR_N_56,COMPLETED,0,0.0,LOW
ORD_ACC_N_56_7,ACC_N_56,2026-04-18T00:00:00,PROD_113,84.36,DEV_N_56,ADDR_N_56,COMPLETED,0,0.0,LOW
ORD_ACC_N_56_8,ACC_N_56,2026-08-11T00:00:00,PROD_105,462.67,DEV_N_56,ADDR_N_56,COMPLETED,0,0.0,LOW
ORD_ACC_N_56_9,ACC_N_56,2026-07-14T00:00:00,PROD_138,44.74,DEV_N_56,ADDR_N_56,COMPLETED,0,0.0,LOW
ORD_ACC_N_56_10,ACC_N_56,2026-08-21T00:00:00,PROD_148,439.34,DEV_N_56,ADDR_N_56,COMPLETED,0,0.0,LOW
ORD_ACC_N_56_11,ACC_N_56,2026-04-10T00:00:00,PROD_121,124.17,DEV_N_56,ADDR_N_56,COMPLETED,0,0.0,LOW
ORD_ACC_N_56_12,ACC_N_56,2026-08-28T00:00:00,PROD_147,121.67,DEV_N_56,ADDR_N_56,COMPLETED,0,0.0,LOW
ORD_ACC_N_56_13,ACC_N_56,2026-05-01T00:00:00,PROD_145,458.93,DEV_N_56,ADDR_N_56,COMPLETED,0,0.0,LOW
ORD_ACC_N_56_14,ACC_N_56,2026-05-22T00:00:00,PROD_149,459.26,DEV_N_56,ADDR_N_56,COMPLETED,0,0.0,LOW
ORD_ACC_N_57_0,ACC_N_57,2026-04-17T00:00:00,PROD_123,331.39,DEV_N_57,ADDR_N_57,COMPLETED,0,0.0,LOW
ORD_ACC_N_57_1,ACC_N_57,2026-04-26T00:00:00,PROD_146,243.68,DEV_N_57,ADDR_N_57,COMPLETED,0,0.0,LOW
ORD_ACC_N_57_2,ACC_N_57,2026-02-18T00:00:00,PROD_123,423.07,DEV_N_57,ADDR_N_57,COMPLETED,0,0.0,LOW
ORD_ACC_N_57_3,ACC_N_57,2026-05-18T00:00:00,PROD_147,41.94,DEV_N_57,ADDR_N_57,COMPLETED,0,0.0,LOW
ORD_ACC_N_57_4,ACC_N_57,2026-08-27T00:00:00,PROD_137,145.17,DEV_N_57,ADDR_N_57,COMPLETED,0,0.0,LOW
ORD_ACC_N_57_5,ACC_N_57,2026-06-17T00:00:00,PROD_124,93.16,DEV_N_57,ADDR_N_57,COMPLETED,0,0.0,LOW
ORD_ACC_N_57_6,ACC_N_57,2026-06-30T00:00:00,PROD_143,259.66,DEV_N_57,ADDR_N_57,COMPLETED,0,0.0,LOW
ORD_ACC_N_57_7,ACC_N_57,2026-06-27T00:00:00,PROD_146,386.41,DEV_N_57,ADDR_N_57,COMPLETED,0,0.0,LOW
ORD_ACC_N_58_0,ACC_N_58,2026-02-25T00:00:00,PROD_146,401.59,DEV_N_58,ADDR_N_58,COMPLETED,0,0.0,LOW
ORD_ACC_N_58_1,ACC_N_58,2026-04-28T00:00:00,PROD_141,108.34,DEV_N_58,ADDR_N_58,COMPLETED,0,0.0,LOW
ORD_ACC_N_58_2,ACC_N_58,2026-04-19T00:00:00,PROD_142,36.24,DEV_N_58,ADDR_N_58,COMPLETED,0,0.0,LOW
ORD_ACC_N_59_0,ACC_N_59,2026-08-29T00:00:00,PROD_145,424.42,DEV_N_59,ADDR_N_59,COMPLETED,0,0.0,LOW
ORD_ACC_N_59_1,ACC_N_59,2026-08-31T00:00:00,PROD_103,124.99,DEV_N_59,ADDR_N_59,COMPLETED,0,0.0,LOW
ORD_ACC_N_59_2,ACC_N_59,2026-08-21T00:00:00,PROD_130,340.04,DEV_N_59,ADDR_N_59,COMPLETED,0,0.0,LOW
ORD_ACC_N_59_3,ACC_N_59,2026-08-31T00:00:00,PROD_100,23.17,DEV_N_59,ADDR_N_59,COMPLETED,0,0.0,LOW
ORD_ACC_N_59_4,ACC_N_59,2026-08-23T00:00:00,PROD_118,366.65,DEV_N_59,ADDR_N_59,COMPLETED,0,0.0,LOW
ORD_ACC_N_59_5,ACC_N_59,2026-08-23T00:00:00,PROD_111,410.32,DEV_N_59,ADDR_N_59,COMPLETED,0,0.0,LOW
ORD_ACC_N_59_6,ACC_N_59,2026-08-30T00:00:00,PROD_139,271.7,DEV_N_59,ADDR_N_59,COMPLETED,0,0.0,LOW
ORD_ACC_N_60_0,ACC_N_60,2026-06-02T00:00:00,PROD_123,148.32,DEV_N_59,ADDR_N_59,COMPLETED,0,0.0,LOW
ORD_ACC_N_60_1,ACC_N_60,2026-05-06T00:00:00,PROD_114,291.2,DEV_N_59,ADDR_N_59,COMPLETED,0,0.0,LOW
ORD_ACC_N_60_2,ACC_N_60,2026-08-11T00:00:00,PROD_148,333.79,DEV_N_59,ADDR_N_59,COMPLETED,0,0.0,LOW
ORD_ACC_N_60_3,ACC_N_60,2026-08-08T00:00:00,PROD_130,214.53,DEV_N_59,ADDR_N_59,COMPLETED,0,0.0,LOW
ORD_ACC_N_60_4,ACC_N_60,2026-08-29T00:00:00,PROD_127,357.37,DEV_N_59,ADDR_N_59,COMPLETED,0,0.0,LOW
ORD_ACC_N_60_5,ACC_N_60,2026-08-07T00:00:00,PROD_114,449.5,DEV_N_59,ADDR_N_59,COMPLETED,0,0.0,LOW
ORD_ACC_N_60_6,ACC_N_60,2026-05-02T00:00:00,PROD_143,150.13,DEV_N_59,ADDR_N_59,COMPLETED,0,0.0,LOW
ORD_ACC_N_60_7,ACC_N_60,2026-08-23T00:00:00,PROD_101,106.09,DEV_N_59,ADDR_N_59,COMPLETED,0,0.0,LOW
ORD_ACC_N_60_8,ACC_N_60,2026-07-26T00:00:00,PROD_125,381.08,DEV_N_59,ADDR_N_59,COMPLETED,0,0.0,LOW
ORD_ACC_N_60_9,ACC_N_60,2026-06-16T00:00:00,PROD_124,97.98,DEV_N_59,ADDR_N_59,COMPLETED,0,0.0,LOW
ORD_ACC_N_60_10,ACC_N_60,2026-06-08T00:00:00,PROD_144,204.25,DEV_N_59,ADDR_N_59,COMPLETED,0,0.0,LOW
ORD_ACC_N_60_11,ACC_N_60,2026-04-25T00:00:00,PROD_106,377.82,DEV_N_59,ADDR_N_59,COMPLETED,0,0.0,LOW
ORD_ACC_N_60_12,ACC_N_60,2026-07-03T00:00:00,PROD_149,422.56,DEV_N_59,ADDR_N_59,COMPLETED,0,0.0,LOW
ORD_ACC_N_60_13,ACC_N_60,2026-05-22T00:00:00,PROD_140,485.08,DEV_N_59,ADDR_N_59,COMPLETED,0,0.0,LOW
ORD_ACC_N_61_0,ACC_N_61,2026-07-04T00:00:00,PROD_127,190.79,DEV_N_61,ADDR_N_61,COMPLETED,0,0.0,LOW
ORD_ACC_N_61_1,ACC_N_61,2026-03-10T00:00:00,PROD_149,301.22,DEV_N_61,ADDR_N_61,COMPLETED,0,0.0,LOW
ORD_ACC_N_61_2,ACC_N_61,2026-06-17T00:00:00,PROD_105,403.07,DEV_N_61,ADDR_N_61,COMPLETED,0,0.0,LOW
ORD_ACC_N_61_3,ACC_N_61,2026-07-23T00:00:00,PROD_109,202.4,DEV_N_61,ADDR_N_61,COMPLETED,0,0.0,LOW
ORD_ACC_N_61_4,ACC_N_61,2026-06-11T00:00:00,PROD_119,193.14,DEV_N_61,ADDR_N_61,COMPLETED,0,0.0,LOW
ORD_ACC_N_61_5,ACC_N_61,2026-05-31T00:00:00,PROD_105,385.45,DEV_N_61,ADDR_N_61,COMPLETED,0,0.0,LOW
ORD_ACC_N_61_6,ACC_N_61,2026-05-13T00:00:00,PROD_126,235.44,DEV_N_61,ADDR_N_61,COMPLETED,0,0.0,LOW
ORD_ACC_N_61_7,ACC_N_61,2026-08-25T00:00:00,PROD_138,63.02,DEV_N_61,ADDR_N_61,COMPLETED,0,0.0,LOW
ORD_ACC_N_62_0,ACC_N_62,2026-05-25T00:00:00,PROD_149,25.92,DEV_N_62,ADDR_N_62,COMPLETED,0,0.0,LOW
ORD_ACC_N_62_1,ACC_N_62,2026-04-10T00:00:00,PROD_136,454.5,DEV_N_62,ADDR_N_62,COMPLETED,0,0.0,LOW
ORD_ACC_N_62_2,ACC_N_62,2026-07-19T00:00:00,PROD_117,348.95,DEV_N_62,ADDR_N_62,COMPLETED,0,0.0,LOW
ORD_ACC_N_62_3,ACC_N_62,2026-06-24T00:00:00,PROD_127,256.7,DEV_N_62,ADDR_N_62,COMPLETED,0,0.0,LOW
ORD_ACC_N_62_4,ACC_N_62,2026-05-16T00:00:00,PROD_123,163.88,DEV_N_62,ADDR_N_62,COMPLETED,0,0.0,LOW
ORD_ACC_N_62_5,ACC_N_62,2026-06-29T00:00:00,PROD_139,366.03,DEV_N_62,ADDR_N_62,COMPLETED,0,0.0,LOW
ORD_ACC_N_62_6,ACC_N_62,2026-05-06T00:00:00,PROD_125,71.35,DEV_N_62,ADDR_N_62,COMPLETED,0,0.0,LOW
ORD_ACC_N_62_7,ACC_N_62,2026-03-26T00:00:00,PROD_128,202.35,DEV_N_62,ADDR_N_62,COMPLETED,0,0.0,LOW
ORD_ACC_N_62_8,ACC_N_62,2026-05-13T00:00:00,PROD_138,411.43,DEV_N_62,ADDR_N_62,COMPLETED,0,0.0,LOW
ORD_ACC_N_62_9,ACC_N_62,2026-06-16T00:00:00,PROD_112,173.92,DEV_N_62,ADDR_N_62,COMPLETED,0,0.0,LOW
ORD_ACC_N_62_10,ACC_N_62,2026-06-12T00:00:00,PROD_120,105.27,DEV_N_62,ADDR_N_62,COMPLETED,0,0.0,LOW
ORD_ACC_N_62_11,ACC_N_62,2026-03-22T00:00:00,PROD_115,255.68,DEV_N_62,ADDR_N_62,COMPLETED,0,0.0,LOW
ORD_ACC_N_62_12,ACC_N_62,2026-05-27T00:00:00,PROD_123,154.54,DEV_N_62,ADDR_N_62,COMPLETED,0,0.0,LOW
ORD_ACC_N_62_13,ACC_N_62,2026-04-09T00:00:00,PROD_111,115.9,DEV_N_62,ADDR_N_62,COMPLETED,0,0.0,LOW
ORD_ACC_N_63_0,ACC_N_63,2026-08-17T00:00:00,PROD_118,472.63,DEV_N_63,ADDR_N_63,COMPLETED,0,0.0,LOW
ORD_ACC_N_63_1,ACC_N_63,2026-08-18T00:00:00,PROD_119,343.03,DEV_N_63,ADDR_N_63,COMPLETED,0,0.0,LOW
ORD_ACC_N_63_2,ACC_N_63,2026-08-23T00:00:00,PROD_124,336.16,DEV_N_63,ADDR_N_63,COMPLETED,0,0.0,LOW
ORD_ACC_N_63_3,ACC_N_63,2026-08-17T00:00:00,PROD_125,495.54,DEV_N_63,ADDR_N_63,COMPLETED,0,0.0,LOW
ORD_ACC_N_63_4,ACC_N_63,2026-08-15T00:00:00,PROD_126,463.28,DEV_N_63,ADDR_N_63,COMPLETED,0,0.0,LOW
ORD_ACC_N_63_5,ACC_N_63,2026-08-30T00:00:00,PROD_134,399.55,DEV_N_63,ADDR_N_63,COMPLETED,0,0.0,LOW
ORD_ACC_N_63_6,ACC_N_63,2026-08-11T00:00:00,PROD_115,458.91,DEV_N_63,ADDR_N_63,COMPLETED,0,0.0,LOW
ORD_ACC_N_63_7,ACC_N_63,2026-08-26T00:00:00,PROD_141,330.56,DEV_N_63,ADDR_N_63,REFUNDED,1,0.0,LOW
ORD_ACC_N_63_8,ACC_N_63,2026-08-18T00:00:00,PROD_114,70.85,DEV_N_63,ADDR_N_63,COMPLETED,0,0.0,LOW
ORD_ACC_N_63_9,ACC_N_63,2026-08-15T00:00:00,PROD_114,287.84,DEV_N_63,ADDR_N_63,COMPLETED,0,0.0,LOW
ORD_ACC_N_63_10,ACC_N_63,2026-08-20T00:00:00,PROD_137,207.74,DEV_N_63,ADDR_N_63,COMPLETED,0,0.0,LOW
ORD_ACC_N_63_11,ACC_N_63,2026-08-27T00:00:00,PROD_106,185.58,DEV_N_63,ADDR_N_63,REFUNDED,1,0.0,LOW
ORD_ACC_N_64_0,ACC_N_64,2026-07-16T00:00:00,PROD_129,88.0,DEV_N_64,ADDR_N_64,COMPLETED,0,0.0,LOW
ORD_ACC_N_64_1,ACC_N_64,2026-07-29T00:00:00,PROD_128,251.8,DEV_N_64,ADDR_N_64,COMPLETED,0,0.0,LOW
ORD_ACC_N_65_0,ACC_N_65,2026-06-16T00:00:00,PROD_101,41.45,DEV_N_65,ADDR_N_65,COMPLETED,0,0.0,LOW
ORD_ACC_N_65_1,ACC_N_65,2026-03-19T00:00:00,PROD_147,72.49,DEV_N_65,ADDR_N_65,COMPLETED,0,0.0,LOW
ORD_ACC_N_66_0,ACC_N_66,2026-06-11T00:00:00,PROD_129,178.88,DEV_N_66,ADDR_N_66,COMPLETED,0,0.0,LOW
ORD_ACC_N_66_1,ACC_N_66,2026-02-05T00:00:00,PROD_142,322.28,DEV_N_66,ADDR_N_66,COMPLETED,0,0.0,LOW
ORD_ACC_N_66_2,ACC_N_66,2026-02-10T00:00:00,PROD_112,34.01,DEV_N_66,ADDR_N_66,COMPLETED,0,0.0,LOW
ORD_ACC_N_67_0,ACC_N_67,2026-02-13T00:00:00,PROD_117,22.14,DEV_N_67,ADDR_N_67,COMPLETED,0,0.0,LOW
ORD_ACC_N_67_1,ACC_N_67,2025-11-09T00:00:00,PROD_111,68.84,DEV_N_67,ADDR_N_67,COMPLETED,0,0.0,LOW
ORD_ACC_N_67_2,ACC_N_67,2026-03-18T00:00:00,PROD_142,114.6,DEV_N_67,ADDR_N_67,COMPLETED,0,0.0,LOW
ORD_ACC_N_67_3,ACC_N_67,2025-12-04T00:00:00,PROD_124,483.64,DEV_N_67,ADDR_N_67,COMPLETED,0,0.0,LOW
ORD_ACC_N_67_4,ACC_N_67,2026-02-12T00:00:00,PROD_129,301.76,DEV_N_67,ADDR_N_67,COMPLETED,0,0.0,LOW
ORD_ACC_N_67_5,ACC_N_67,2026-06-04T00:00:00,PROD_119,410.59,DEV_N_67,ADDR_N_67,COMPLETED,0,0.0,LOW
ORD_ACC_N_67_6,ACC_N_67,2025-11-02T00:00:00,PROD_107,60.68,DEV_N_67,ADDR_N_67,COMPLETED,0,0.0,LOW
ORD_ACC_N_68_0,ACC_N_68,2026-07-16T00:00:00,PROD_124,199.19,DEV_N_68,ADDR_N_68,COMPLETED,0,0.0,LOW
ORD_ACC_N_68_1,ACC_N_68,2026-04-01T00:00:00,PROD_111,86.18,DEV_N_68,ADDR_N_68,COMPLETED,0,0.0,LOW
ORD_ACC_N_69_0,ACC_N_69,2025-10-05T00:00:00,PROD_110,466.73,DEV_N_69,ADDR_N_69,COMPLETED,0,0.0,LOW
ORD_ACC_N_69_1,ACC_N_69,2026-04-06T00:00:00,PROD_128,87.34,DEV_N_69,ADDR_N_69,COMPLETED,0,0.0,LOW
ORD_ACC_N_69_2,ACC_N_69,2026-08-04T00:00:00,PROD_131,435.45,DEV_N_69,ADDR_N_69,COMPLETED,0,0.0,LOW
ORD_ACC_N_69_3,ACC_N_69,2026-05-24T00:00:00,PROD_132,411.3,DEV_N_69,ADDR_N_69,COMPLETED,0,0.0,LOW
ORD_ACC_N_69_4,ACC_N_69,2026-02-03T00:00:00,PROD_128,348.65,DEV_N_69,ADDR_N_69,COMPLETED,0,0.0,LOW
ORD_ACC_N_69_5,ACC_N_69,2026-06-07T00:00:00,PROD_148,59.68,DEV_N_69,ADDR_N_69,REFUNDED,1,0.0,LOW
ORD_ACC_N_69_6,ACC_N_69,2026-08-15T00:00:00,PROD_110,151.93,DEV_N_69,ADDR_N_69,COMPLETED,0,0.0,LOW
ORD_ACC_N_69_7,ACC_N_69,2025-11-15T00:00:00,PROD_135,376.41,DEV_N_69,ADDR_N_69,COMPLETED,0,0.0,LOW
ORD_ACC_N_69_8,ACC_N_69,2026-07-05T00:00:00,PROD_134,294.9,DEV_N_69,ADDR_N_69,COMPLETED,0,0.0,LOW
ORD_ACC_N_70_0,ACC_N_70,2026-08-10T00:00:00,PROD_113,384.8,DEV_N_69,ADDR_N_69,COMPLETED,0,0.0,LOW
ORD_ACC_N_70_1,ACC_N_70,2026-07-10T00:00:00,PROD_115,373.27,DEV_N_69,ADDR_N_69,COMPLETED,0,0.0,LOW
ORD_ACC_N_70_2,ACC_N_70,2026-08-15T00:00:00,PROD_105,235.87,DEV_N_69,ADDR_N_69,COMPLETED,0,0.0,LOW
ORD_ACC_N_70_3,ACC_N_70,2026-07-02T00:00:00,PROD_147,392.3,DEV_N_69,ADDR_N_69,COMPLETED,0,0.0,LOW
ORD_ACC_N_70_4,ACC_N_70,2026-03-05T00:00:00,PROD_127,433.3,DEV_N_69,ADDR_N_69,COMPLETED,0,0.0,LOW
ORD_ACC_N_70_5,ACC_N_70,2026-06-21T00:00:00,PROD_103,396.73,DEV_N_69,ADDR_N_69,COMPLETED,0,0.0,LOW
ORD_ACC_N_70_6,ACC_N_70,2026-03-05T00:00:00,PROD_110,275.49,DEV_N_69,ADDR_N_69,COMPLETED,0,0.0,LOW
ORD_ACC_N_70_7,ACC_N_70,2026-04-04T00:00:00,PROD_132,158.88,DEV_N_69,ADDR_N_69,COMPLETED,0,0.0,LOW
ORD_ACC_N_70_8,ACC_N_70,2026-06-23T00:00:00,PROD_103,482.13,DEV_N_69,ADDR_N_69,COMPLETED,0,0.0,LOW
ORD_ACC_N_70_9,ACC_N_70,2026-06-28T00:00:00,PROD_109,356.68,DEV_N_69,ADDR_N_69,COMPLETED,0,0.0,LOW
ORD_ACC_N_70_10,ACC_N_70,2026-04-27T00:00:00,PROD_131,385.51,DEV_N_69,ADDR_N_69,COMPLETED,0,0.0,LOW
ORD_ACC_N_70_11,ACC_N_70,2026-04-16T00:00:00,PROD_104,321.35,DEV_N_69,ADDR_N_69,COMPLETED,0,0.0,LOW
ORD_ACC_N_70_12,ACC_N_70,2026-02-06T00:00:00,PROD_123,267.49,DEV_N_69,ADDR_N_69,COMPLETED,0,0.0,LOW
ORD_ACC_N_70_13,ACC_N_70,2025-12-25T00:00:00,PROD_149,177.1,DEV_N_69,ADDR_N_69,REFUNDED,1,0.0,LOW
ORD_ACC_N_71_0,ACC_N_71,2026-03-01T00:00:00,PROD_125,428.05,DEV_N_71,ADDR_N_71,COMPLETED,0,0.0,LOW
ORD_ACC_N_71_1,ACC_N_71,2026-01-24T00:00:00,PROD_120,415.93,DEV_N_71,ADDR_N_71,COMPLETED,0,0.0,LOW
ORD_ACC_N_71_2,ACC_N_71,2026-03-12T00:00:00,PROD_131,282.71,DEV_N_71,ADDR_N_71,COMPLETED,0,0.0,LOW
ORD_ACC_N_71_3,ACC_N_71,2026-08-07T00:00:00,PROD_129,42.05,DEV_N_71,ADDR_N_71,COMPLETED,0,0.0,LOW
ORD_ACC_N_71_4,ACC_N_71,2026-06-29T00:00:00,PROD_129,466.13,DEV_N_71,ADDR_N_71,COMPLETED,0,0.0,LOW
ORD_ACC_N_71_5,ACC_N_71,2026-01-24T00:00:00,PROD_108,117.11,DEV_N_71,ADDR_N_71,COMPLETED,0,0.0,LOW
ORD_ACC_N_71_6,ACC_N_71,2026-06-11T00:00:00,PROD_105,439.72,DEV_N_71,ADDR_N_71,COMPLETED,0,0.0,LOW
ORD_ACC_N_71_7,ACC_N_71,2026-04-25T00:00:00,PROD_141,59.56,DEV_N_71,ADDR_N_71,COMPLETED,0,0.0,LOW
ORD_ACC_N_71_8,ACC_N_71,2026-08-05T00:00:00,PROD_144,210.24,DEV_N_71,ADDR_N_71,COMPLETED,0,0.0,LOW
ORD_ACC_N_71_9,ACC_N_71,2026-01-24T00:00:00,PROD_100,334.63,DEV_N_71,ADDR_N_71,COMPLETED,0,0.0,LOW
ORD_ACC_N_71_10,ACC_N_71,2025-12-30T00:00:00,PROD_133,57.41,DEV_N_71,ADDR_N_71,COMPLETED,0,0.0,LOW
ORD_ACC_N_72_0,ACC_N_72,2026-08-20T00:00:00,PROD_127,184.92,DEV_N_72,ADDR_N_72,COMPLETED,0,0.0,LOW
ORD_ACC_N_73_0,ACC_N_73,2026-07-04T00:00:00,PROD_106,203.87,DEV_N_73,ADDR_N_73,COMPLETED,0,0.0,LOW
ORD_ACC_N_73_1,ACC_N_73,2026-06-12T00:00:00,PROD_124,196.43,DEV_N_73,ADDR_N_73,COMPLETED,0,0.0,LOW
ORD_ACC_N_74_0,ACC_N_74,2026-06-19T00:00:00,PROD_139,52.84,DEV_N_74,ADDR_N_74,COMPLETED,0,0.0,LOW
ORD_ACC_N_74_1,ACC_N_74,2026-01-18T00:00:00,PROD_147,188.57,DEV_N_74,ADDR_N_74,COMPLETED,0,0.0,LOW
ORD_ACC_N_74_2,ACC_N_74,2026-02-02T00:00:00,PROD_113,315.72,DEV_N_74,ADDR_N_74,COMPLETED,0,0.0,LOW
ORD_ACC_N_74_3,ACC_N_74,2026-07-11T00:00:00,PROD_146,87.21,DEV_N_74,ADDR_N_74,COMPLETED,0,0.0,LOW
ORD_ACC_N_74_4,ACC_N_74,2026-03-05T00:00:00,PROD_108,482.36,DEV_N_74,ADDR_N_74,COMPLETED,0,0.0,LOW
ORD_ACC_N_74_5,ACC_N_74,2026-04-12T00:00:00,PROD_138,329.42,DEV_N_74,ADDR_N_74,COMPLETED,0,0.0,LOW
ORD_ACC_N_74_6,ACC_N_74,2025-10-24T00:00:00,PROD_101,156.76,DEV_N_74,ADDR_N_74,COMPLETED,0,0.0,LOW
ORD_ACC_N_74_7,ACC_N_74,2026-05-18T00:00:00,PROD_147,268.52,DEV_N_74,ADDR_N_74,COMPLETED,0,0.0,LOW
ORD_ACC_N_74_8,ACC_N_74,2026-04-02T00:00:00,PROD_115,330.16,DEV_N_74,ADDR_N_74,COMPLETED,0,0.0,LOW
ORD_ACC_N_74_9,ACC_N_74,2026-02-15T00:00:00,PROD_138,74.12,DEV_N_74,ADDR_N_74,COMPLETED,0,0.0,LOW
ORD_ACC_N_74_10,ACC_N_74,2025-12-04T00:00:00,PROD_123,446.59,DEV_N_74,ADDR_N_74,REFUNDED,1,0.0,LOW
ORD_ACC_N_75_0,ACC_N_75,2026-04-08T00:00:00,PROD_111,222.01,DEV_N_75,ADDR_N_75,COMPLETED,0,0.0,LOW
ORD_ACC_N_75_1,ACC_N_75,2026-02-15T00:00:00,PROD_100,55.04,DEV_N_75,ADDR_N_75,COMPLETED,0,0.0,LOW
ORD_ACC_N_75_2,ACC_N_75,2026-07-07T00:00:00,PROD_125,39.12,DEV_N_75,ADDR_N_75,COMPLETED,0,0.0,LOW
ORD_ACC_N_75_3,ACC_N_75,2026-06-19T00:00:00,PROD_126,321.71,DEV_N_75,ADDR_N_75,COMPLETED,0,0.0,LOW
ORD_ACC_N_75_4,ACC_N_75,2026-03-05T00:00:00,PROD_134,213.09,DEV_N_75,ADDR_N_75,COMPLETED,0,0.0,LOW
ORD_ACC_N_75_5,ACC_N_75,2026-07-23T00:00:00,PROD_132,153.18,DEV_N_75,ADDR_N_75,COMPLETED,0,0.0,LOW
ORD_ACC_N_75_6,ACC_N_75,2026-02-06T00:00:00,PROD_137,94.58,DEV_N_75,ADDR_N_75,COMPLETED,0,0.0,LOW
ORD_ACC_N_75_7,ACC_N_75,2026-06-13T00:00:00,PROD_115,355.36,DEV_N_75,ADDR_N_75,COMPLETED,0,0.0,LOW
ORD_ACC_N_75_8,ACC_N_75,2026-06-30T00:00:00,PROD_129,61.38,DEV_N_75,ADDR_N_75,COMPLETED,0,0.0,LOW
ORD_ACC_N_75_9,ACC_N_75,2026-03-29T00:00:00,PROD_142,46.41,DEV_N_75,ADDR_N_75,COMPLETED,0,0.0,LOW
ORD_ACC_N_75_10,ACC_N_75,2026-08-01T00:00:00,PROD_100,26.08,DEV_N_75,ADDR_N_75,COMPLETED,0,0.0,LOW
ORD_ACC_N_75_11,ACC_N_75,2026-04-26T00:00:00,PROD_146,477.45,DEV_N_75,ADDR_N_75,COMPLETED,0,0.0,LOW
ORD_ACC_N_75_12,ACC_N_75,2026-07-20T00:00:00,PROD_117,198.5,DEV_N_75,ADDR_N_75,COMPLETED,0,0.0,LOW
ORD_ACC_N_75_13,ACC_N_75,2026-02-15T00:00:00,PROD_127,451.95,DEV_N_75,ADDR_N_75,COMPLETED,0,0.0,LOW
ORD_ACC_N_76_0,ACC_N_76,2026-04-19T00:00:00,PROD_104,361.92,DEV_N_76,ADDR_N_76,COMPLETED,0,0.0,LOW
ORD_ACC_N_76_1,ACC_N_76,2026-01-10T00:00:00,PROD_136,265.18,DEV_N_76,ADDR_N_76,COMPLETED,0,0.0,LOW
ORD_ACC_N_77_0,ACC_N_77,2026-06-27T00:00:00,PROD_143,391.2,DEV_N_77,ADDR_N_77,COMPLETED,0,0.0,LOW
ORD_ACC_N_77_1,ACC_N_77,2026-07-04T00:00:00,PROD_100,375.57,DEV_N_77,ADDR_N_77,REFUNDED,1,0.0,LOW
ORD_ACC_N_77_2,ACC_N_77,2026-05-03T00:00:00,PROD_111,194.71,DEV_N_77,ADDR_N_77,COMPLETED,0,0.0,LOW
ORD_ACC_N_78_0,ACC_N_78,2026-01-29T00:00:00,PROD_146,127.77,DEV_N_78,ADDR_N_78,COMPLETED,0,0.0,LOW
ORD_ACC_N_78_1,ACC_N_78,2026-04-15T00:00:00,PROD_107,416.48,DEV_N_78,ADDR_N_78,COMPLETED,0,0.0,LOW
ORD_ACC_N_78_2,ACC_N_78,2026-08-05T00:00:00,PROD_102,106.09,DEV_N_78,ADDR_N_78,COMPLETED,0,0.0,LOW
ORD_ACC_N_78_3,ACC_N_78,2026-07-27T00:00:00,PROD_149,440.96,DEV_N_78,ADDR_N_78,COMPLETED,0,0.0,LOW
ORD_ACC_N_78_4,ACC_N_78,2026-03-17T00:00:00,PROD_123,61.47,DEV_N_78,ADDR_N_78,COMPLETED,0,0.0,LOW
ORD_ACC_N_78_5,ACC_N_78,2026-04-04T00:00:00,PROD_139,290.63,DEV_N_78,ADDR_N_78,COMPLETED,0,0.0,LOW
ORD_ACC_N_78_6,ACC_N_78,2026-01-06T00:00:00,PROD_149,196.77,DEV_N_78,ADDR_N_78,COMPLETED,0,0.0,LOW
ORD_ACC_N_78_7,ACC_N_78,2025-11-25T00:00:00,PROD_100,385.03,DEV_N_78,ADDR_N_78,COMPLETED,0,0.0,LOW
ORD_ACC_N_78_8,ACC_N_78,2026-08-19T00:00:00,PROD_144,131.84,DEV_N_78,ADDR_N_78,COMPLETED,0,0.0,LOW
ORD_ACC_N_78_9,ACC_N_78,2026-03-13T00:00:00,PROD_147,20.7,DEV_N_78,ADDR_N_78,COMPLETED,0,0.0,LOW
ORD_ACC_N_78_10,ACC_N_78,2026-07-09T00:00:00,PROD_126,118.49,DEV_N_78,ADDR_N_78,COMPLETED,0,0.0,LOW
ORD_ACC_N_78_11,ACC_N_78,2026-08-01T00:00:00,PROD_117,486.83,DEV_N_78,ADDR_N_78,COMPLETED,0,0.0,LOW
ORD_ACC_N_78_12,ACC_N_78,2026-08-09T00:00:00,PROD_133,462.21,DEV_N_78,ADDR_N_78,COMPLETED,0,0.0,LOW
ORD_ACC_N_79_0,ACC_N_79,2026-02-21T00:00:00,PROD_108,60.75,DEV_N_79,ADDR_N_79,COMPLETED,0,0.0,LOW
ORD_ACC_N_79_1,ACC_N_79,2026-08-12T00:00:00,PROD_142,304.11,DEV_N_79,ADDR_N_79,COMPLETED,0,0.0,LOW
ORD_ACC_N_79_2,ACC_N_79,2026-07-02T00:00:00,PROD_125,160.0,DEV_N_79,ADDR_N_79,COMPLETED,0,0.0,LOW
ORD_ACC_N_79_3,ACC_N_79,2026-06-11T00:00:00,PROD_112,237.32,DEV_N_79,ADDR_N_79,COMPLETED,0,0.0,LOW
ORD_ACC_N_79_4,ACC_N_79,2026-02-13T00:00:00,PROD_106,389.67,DEV_N_79,ADDR_N_79,COMPLETED,0,0.0,LOW
ORD_ACC_N_79_5,ACC_N_79,2026-05-08T00:00:00,PROD_134,243.71,DEV_N_79,ADDR_N_79,COMPLETED,0,0.0,LOW
ORD_ACC_N_79_6,ACC_N_79,2026-02-15T00:00:00,PROD_116,119.67,DEV_N_79,ADDR_N_79,COMPLETED,0,0.0,LOW
ORD_ACC_N_79_7,ACC_N_79,2026-08-08T00:00:00,PROD_145,95.66,DEV_N_79,ADDR_N_79,COMPLETED,0,0.0,LOW
ORD_ACC_N_80_0,ACC_N_80,2026-08-05T00:00:00,PROD_145,431.16,DEV_N_79,ADDR_N_79,COMPLETED,0,0.0,LOW
ORD_ACC_N_80_1,ACC_N_80,2026-08-20T00:00:00,PROD_119,210.2,DEV_N_79,ADDR_N_79,REFUNDED,1,0.0,LOW
ORD_ACC_N_80_2,ACC_N_80,2026-08-31T00:00:00,PROD_135,477.01,DEV_N_79,ADDR_N_79,COMPLETED,0,0.0,LOW
ORD_ACC_N_80_3,ACC_N_80,2026-08-24T00:00:00,PROD_108,65.47,DEV_N_79,ADDR_N_79,COMPLETED,0,0.0,LOW
ORD_ACC_N_81_0,ACC_N_81,2026-08-24T00:00:00,PROD_123,82.74,DEV_N_81,ADDR_N_81,COMPLETED,0,0.0,LOW
ORD_ACC_N_82_0,ACC_N_82,2026-04-21T00:00:00,PROD_104,460.37,DEV_N_82,ADDR_N_82,COMPLETED,0,0.0,LOW
ORD_ACC_N_82_1,ACC_N_82,2026-01-16T00:00:00,PROD_121,408.46,DEV_N_82,ADDR_N_82,COMPLETED,0,0.0,LOW
ORD_ACC_N_82_2,ACC_N_82,2026-08-10T00:00:00,PROD_136,472.29,DEV_N_82,ADDR_N_82,COMPLETED,0,0.0,LOW
ORD_ACC_N_82_3,ACC_N_82,2026-02-10T00:00:00,PROD_127,258.14,DEV_N_82,ADDR_N_82,COMPLETED,0,0.0,LOW
ORD_ACC_N_82_4,ACC_N_82,2026-03-03T00:00:00,PROD_117,123.06,DEV_N_82,ADDR_N_82,COMPLETED,0,0.0,LOW
ORD_ACC_N_82_5,ACC_N_82,2026-06-16T00:00:00,PROD_115,36.63,DEV_N_82,ADDR_N_82,COMPLETED,0,0.0,LOW
ORD_ACC_N_82_6,ACC_N_82,2025-12-19T00:00:00,PROD_103,217.76,DEV_N_82,ADDR_N_82,COMPLETED,0,0.0,LOW
ORD_ACC_N_82_7,ACC_N_82,2026-04-10T00:00:00,PROD_141,203.85,DEV_N_82,ADDR_N_82,COMPLETED,0,0.0,LOW
ORD_ACC_N_82_8,ACC_N_82,2026-04-26T00:00:00,PROD_101,322.76,DEV_N_82,ADDR_N_82,COMPLETED,0,0.0,LOW
ORD_ACC_N_82_9,ACC_N_82,2026-03-01T00:00:00,PROD_122,250.25,DEV_N_82,ADDR_N_82,COMPLETED,0,0.0,LOW
ORD_ACC_N_83_0,ACC_N_83,2026-02-14T00:00:00,PROD_138,149.81,DEV_N_83,ADDR_N_83,REFUNDED,1,0.0,LOW
ORD_ACC_N_83_1,ACC_N_83,2026-04-10T00:00:00,PROD_133,48.12,DEV_N_83,ADDR_N_83,COMPLETED,0,0.0,LOW
ORD_ACC_N_83_2,ACC_N_83,2026-05-04T00:00:00,PROD_142,487.51,DEV_N_83,ADDR_N_83,COMPLETED,0,0.0,LOW
ORD_ACC_N_83_3,ACC_N_83,2026-04-17T00:00:00,PROD_147,276.17,DEV_N_83,ADDR_N_83,COMPLETED,0,0.0,LOW
ORD_ACC_N_83_4,ACC_N_83,2026-05-11T00:00:00,PROD_124,296.33,DEV_N_83,ADDR_N_83,COMPLETED,0,0.0,LOW
ORD_ACC_N_83_5,ACC_N_83,2026-06-04T00:00:00,PROD_147,104.53,DEV_N_83,ADDR_N_83,COMPLETED,0,0.0,LOW
ORD_ACC_N_84_0,ACC_N_84,2026-03-04T00:00:00,PROD_136,474.83,DEV_N_84,ADDR_N_84,COMPLETED,0,0.0,LOW
ORD_ACC_N_85_0,ACC_N_85,2026-03-26T00:00:00,PROD_103,104.27,DEV_N_85,ADDR_N_85,REFUNDED,1,0.0,LOW
ORD_ACC_N_85_1,ACC_N_85,2026-05-11T00:00:00,PROD_121,29.57,DEV_N_85,ADDR_N_85,COMPLETED,0,0.0,LOW
ORD_ACC_N_85_2,ACC_N_85,2026-05-20T00:00:00,PROD_111,407.09,DEV_N_85,ADDR_N_85,COMPLETED,0,0.0,LOW
ORD_ACC_N_85_3,ACC_N_85,2026-08-01T00:00:00,PROD_109,30.52,DEV_N_85,ADDR_N_85,COMPLETED,0,0.0,LOW
ORD_ACC_N_85_4,ACC_N_85,2026-02-26T00:00:00,PROD_142,481.07,DEV_N_85,ADDR_N_85,COMPLETED,0,0.0,LOW
ORD_ACC_N_85_5,ACC_N_85,2026-07-11T00:00:00,PROD_110,181.55,DEV_N_85,ADDR_N_85,COMPLETED,0,0.0,LOW
ORD_ACC_N_85_6,ACC_N_85,2025-12-25T00:00:00,PROD_135,331.61,DEV_N_85,ADDR_N_85,COMPLETED,0,0.0,LOW
ORD_ACC_N_85_7,ACC_N_85,2026-03-02T00:00:00,PROD_111,127.15,DEV_N_85,ADDR_N_85,COMPLETED,0,0.0,LOW
ORD_ACC_N_85_8,ACC_N_85,2026-03-27T00:00:00,PROD_111,372.32,DEV_N_85,ADDR_N_85,COMPLETED,0,0.0,LOW
ORD_ACC_N_86_0,ACC_N_86,2025-11-14T00:00:00,PROD_139,35.54,DEV_N_86,ADDR_N_86,COMPLETED,0,0.0,LOW
ORD_ACC_N_86_1,ACC_N_86,2025-11-15T00:00:00,PROD_121,69.97,DEV_N_86,ADDR_N_86,COMPLETED,0,0.0,LOW
ORD_ACC_N_86_2,ACC_N_86,2026-05-02T00:00:00,PROD_140,186.47,DEV_N_86,ADDR_N_86,COMPLETED,0,0.0,LOW
ORD_ACC_N_86_3,ACC_N_86,2026-03-13T00:00:00,PROD_115,234.38,DEV_N_86,ADDR_N_86,COMPLETED,0,0.0,LOW
ORD_ACC_N_86_4,ACC_N_86,2026-03-05T00:00:00,PROD_100,143.2,DEV_N_86,ADDR_N_86,COMPLETED,0,0.0,LOW
ORD_ACC_N_86_5,ACC_N_86,2026-02-15T00:00:00,PROD_110,230.35,DEV_N_86,ADDR_N_86,COMPLETED,0,0.0,LOW
ORD_ACC_N_86_6,ACC_N_86,2025-12-22T00:00:00,PROD_124,443.25,DEV_N_86,ADDR_N_86,COMPLETED,0,0.0,LOW
ORD_ACC_N_87_0,ACC_N_87,2026-01-22T00:00:00,PROD_114,297.47,DEV_N_87,ADDR_N_87,COMPLETED,0,0.0,LOW
ORD_ACC_N_87_1,ACC_N_87,2026-05-08T00:00:00,PROD_118,55.38,DEV_N_87,ADDR_N_87,COMPLETED,0,0.0,LOW
ORD_ACC_N_87_2,ACC_N_87,2026-06-11T00:00:00,PROD_121,145.34,DEV_N_87,ADDR_N_87,COMPLETED,0,0.0,LOW
ORD_ACC_N_87_3,ACC_N_87,2026-01-16T00:00:00,PROD_135,200.22,DEV_N_87,ADDR_N_87,COMPLETED,0,0.0,LOW
ORD_ACC_N_87_4,ACC_N_87,2026-06-06T00:00:00,PROD_130,305.13,DEV_N_87,ADDR_N_87,COMPLETED,0,0.0,LOW
ORD_ACC_N_87_5,ACC_N_87,2026-05-13T00:00:00,PROD_127,472.37,DEV_N_87,ADDR_N_87,COMPLETED,0,0.0,LOW
ORD_ACC_N_87_6,ACC_N_87,2026-08-18T00:00:00,PROD_112,68.6,DEV_N_87,ADDR_N_87,COMPLETED,0,0.0,LOW
ORD_ACC_N_87_7,ACC_N_87,2026-03-06T00:00:00,PROD_134,285.97,DEV_N_87,ADDR_N_87,COMPLETED,0,0.0,LOW
ORD_ACC_N_87_8,ACC_N_87,2026-03-15T00:00:00,PROD_103,155.13,DEV_N_87,ADDR_N_87,COMPLETED,0,0.0,LOW
ORD_ACC_N_87_9,ACC_N_87,2026-04-07T00:00:00,PROD_103,283.84,DEV_N_87,ADDR_N_87,COMPLETED,0,0.0,LOW
ORD_ACC_N_87_10,ACC_N_87,2026-08-31T00:00:00,PROD_142,225.25,DEV_N_87,ADDR_N_87,COMPLETED,0,0.0,LOW
ORD_ACC_N_87_11,ACC_N_87,2026-05-01T00:00:00,PROD_110,115.84,DEV_N_87,ADDR_N_87,REFUNDED,1,0.0,LOW
ORD_ACC_N_87_12,ACC_N_87,2026-05-02T00:00:00,PROD_125,425.01,DEV_N_87,ADDR_N_87,COMPLETED,0,0.0,LOW
ORD_ACC_N_88_0,ACC_N_88,2026-04-18T00:00:00,PROD_111,63.75,DEV_N_88,ADDR_N_88,COMPLETED,0,0.0,LOW
ORD_ACC_N_88_1,ACC_N_88,2026-02-17T00:00:00,PROD_116,197.31,DEV_N_88,ADDR_N_88,COMPLETED,0,0.0,LOW
ORD_ACC_N_88_2,ACC_N_88,2026-01-05T00:00:00,PROD_136,146.43,DEV_N_88,ADDR_N_88,COMPLETED,0,0.0,LOW
ORD_ACC_N_88_3,ACC_N_88,2026-06-15T00:00:00,PROD_105,381.07,DEV_N_88,ADDR_N_88,COMPLETED,0,0.0,LOW
ORD_ACC_N_88_4,ACC_N_88,2026-02-01T00:00:00,PROD_135,485.94,DEV_N_88,ADDR_N_88,COMPLETED,0,0.0,LOW
ORD_ACC_N_88_5,ACC_N_88,2026-02-14T00:00:00,PROD_134,412.83,DEV_N_88,ADDR_N_88,COMPLETED,0,0.0,LOW
ORD_ACC_N_88_6,ACC_N_88,2026-05-03T00:00:00,PROD_145,248.61,DEV_N_88,ADDR_N_88,COMPLETED,0,0.0,LOW
ORD_ACC_N_88_7,ACC_N_88,2025-12-17T00:00:00,PROD_136,294.19,DEV_N_88,ADDR_N_88,COMPLETED,0,0.0,LOW
ORD_ACC_N_88_8,ACC_N_88,2026-06-17T00:00:00,PROD_111,77.74,DEV_N_88,ADDR_N_88,COMPLETED,0,0.0,LOW
ORD_ACC_N_88_9,ACC_N_88,2026-05-15T00:00:00,PROD_127,408.06,DEV_N_88,ADDR_N_88,COMPLETED,0,0.0,LOW
ORD_ACC_N_88_10,ACC_N_88,2026-01-21T00:00:00,PROD_109,116.92,DEV_N_88,ADDR_N_88,COMPLETED,0,0.0,LOW
ORD_ACC_N_88_11,ACC_N_88,2026-04-21T00:00:00,PROD_104,173.48,DEV_N_88,ADDR_N_88,COMPLETED,0,0.0,LOW
ORD_ACC_N_88_12,ACC_N_88,2026-02-14T00:00:00,PROD_117,287.05,DEV_N_88,ADDR_N_88,COMPLETED,0,0.0,LOW
ORD_ACC_N_88_13,ACC_N_88,2026-01-09T00:00:00,PROD_144,460.24,DEV_N_88,ADDR_N_88,REFUNDED,1,0.0,LOW
ORD_ACC_N_88_14,ACC_N_88,2026-01-29T00:00:00,PROD_136,74.01,DEV_N_88,ADDR_N_88,COMPLETED,0,0.0,LOW
ORD_ACC_N_89_0,ACC_N_89,2026-07-11T00:00:00,PROD_106,463.97,DEV_N_89,ADDR_N_89,COMPLETED,0,0.0,LOW
ORD_ACC_N_89_1,ACC_N_89,2025-11-30T00:00:00,PROD_116,442.47,DEV_N_89,ADDR_N_89,COMPLETED,0,0.0,LOW
ORD_ACC_N_89_2,ACC_N_89,2025-12-26T00:00:00,PROD_111,294.57,DEV_N_89,ADDR_N_89,COMPLETED,0,0.0,LOW
ORD_ACC_N_89_3,ACC_N_89,2026-02-06T00:00:00,PROD_144,89.05,DEV_N_89,ADDR_N_89,COMPLETED,0,0.0,LOW
ORD_ACC_N_89_4,ACC_N_89,2026-08-12T00:00:00,PROD_144,209.98,DEV_N_89,ADDR_N_89,COMPLETED,0,0.0,LOW
ORD_ACC_N_89_5,ACC_N_89,2026-08-06T00:00:00,PROD_123,377.96,DEV_N_89,ADDR_N_89,COMPLETED,0,0.0,LOW
ORD_ACC_N_89_6,ACC_N_89,2026-03-12T00:00:00,PROD_117,412.35,DEV_N_89,ADDR_N_89,COMPLETED,0,0.0,LOW
ORD_ACC_N_89_7,ACC_N_89,2026-07-12T00:00:00,PROD_119,486.8,DEV_N_89,ADDR_N_89,COMPLETED,0,0.0,LOW
ORD_ACC_N_89_8,ACC_N_89,2026-03-20T00:00:00,PROD_141,149.32,DEV_N_89,ADDR_N_89,COMPLETED,0,0.0,LOW
ORD_ACC_N_89_9,ACC_N_89,2026-05-27T00:00:00,PROD_126,232.02,DEV_N_89,ADDR_N_89,COMPLETED,0,0.0,LOW
ORD_ACC_N_89_10,ACC_N_89,2025-12-10T00:00:00,PROD_132,436.25,DEV_N_89,ADDR_N_89,COMPLETED,0,0.0,LOW
ORD_ACC_N_89_11,ACC_N_89,2026-07-29T00:00:00,PROD_108,169.34,DEV_N_89,ADDR_N_89,COMPLETED,0,0.0,LOW
ORD_ACC_N_89_12,ACC_N_89,2025-11-13T00:00:00,PROD_112,33.9,DEV_N_89,ADDR_N_89,COMPLETED,0,0.0,LOW
ORD_ACC_N_90_0,ACC_N_90,2026-05-07T00:00:00,PROD_112,44.27,DEV_N_89,ADDR_N_89,COMPLETED,0,0.0,LOW
ORD_ACC_N_91_0,ACC_N_91,2026-05-05T00:00:00,PROD_107,262.46,DEV_N_91,ADDR_N_91,COMPLETED,0,0.0,LOW
ORD_ACC_N_91_1,ACC_N_91,2026-07-01T00:00:00,PROD_111,198.78,DEV_N_91,ADDR_N_91,COMPLETED,0,0.0,LOW
ORD_ACC_N_91_2,ACC_N_91,2026-04-03T00:00:00,PROD_116,284.64,DEV_N_91,ADDR_N_91,COMPLETED,0,0.0,LOW
ORD_ACC_N_91_3,ACC_N_91,2026-06-20T00:00:00,PROD_136,33.18,DEV_N_91,ADDR_N_91,REFUNDED,1,0.0,LOW
ORD_ACC_N_91_4,ACC_N_91,2026-03-19T00:00:00,PROD_141,128.05,DEV_N_91,ADDR_N_91,COMPLETED,0,0.0,LOW
ORD_ACC_N_91_5,ACC_N_91,2026-04-22T00:00:00,PROD_149,29.63,DEV_N_91,ADDR_N_91,COMPLETED,0,0.0,LOW
ORD_ACC_N_91_6,ACC_N_91,2026-05-02T00:00:00,PROD_138,457.53,DEV_N_91,ADDR_N_91,COMPLETED,0,0.0,LOW
ORD_ACC_N_91_7,ACC_N_91,2026-07-05T00:00:00,PROD_119,141.15,DEV_N_91,ADDR_N_91,COMPLETED,0,0.0,LOW
ORD_ACC_N_91_8,ACC_N_91,2026-05-15T00:00:00,PROD_129,449.83,DEV_N_91,ADDR_N_91,COMPLETED,0,0.0,LOW
ORD_ACC_N_91_9,ACC_N_91,2026-07-07T00:00:00,PROD_139,244.02,DEV_N_91,ADDR_N_91,COMPLETED,0,0.0,LOW
ORD_ACC_N_91_10,ACC_N_91,2026-04-04T00:00:00,PROD_142,69.11,DEV_N_91,ADDR_N_91,COMPLETED,0,0.0,LOW
ORD_ACC_N_91_11,ACC_N_91,2026-04-10T00:00:00,PROD_119,330.72,DEV_N_91,ADDR_N_91,COMPLETED,0,0.0,LOW
ORD_ACC_N_91_12,ACC_N_91,2026-04-30T00:00:00,PROD_140,50.64,DEV_N_91,ADDR_N_91,COMPLETED,0,0.0,LOW
ORD_ACC_N_91_13,ACC_N_91,2026-06-22T00:00:00,PROD_141,145.35,DEV_N_91,ADDR_N_91,COMPLETED,0,0.0,LOW
ORD_ACC_N_92_0,ACC_N_92,2026-06-26T00:00:00,PROD_138,387.43,DEV_N_92,ADDR_N_92,COMPLETED,0,0.0,LOW
ORD_ACC_N_92_1,ACC_N_92,2026-06-08T00:00:00,PROD_101,173.4,DEV_N_92,ADDR_N_92,COMPLETED,0,0.0,LOW
ORD_ACC_N_92_2,ACC_N_92,2026-07-25T00:00:00,PROD_124,144.52,DEV_N_92,ADDR_N_92,COMPLETED,0,0.0,LOW
ORD_ACC_N_93_0,ACC_N_93,2025-11-12T00:00:00,PROD_145,411.69,DEV_N_93,ADDR_N_93,COMPLETED,0,0.0,LOW
ORD_ACC_N_93_1,ACC_N_93,2025-12-01T00:00:00,PROD_142,326.39,DEV_N_93,ADDR_N_93,COMPLETED,0,0.0,LOW
ORD_ACC_N_93_2,ACC_N_93,2025-12-15T00:00:00,PROD_142,164.09,DEV_N_93,ADDR_N_93,COMPLETED,0,0.0,LOW
ORD_ACC_N_93_3,ACC_N_93,2026-05-31T00:00:00,PROD_147,161.02,DEV_N_93,ADDR_N_93,COMPLETED,0,0.0,LOW
ORD_ACC_N_93_4,ACC_N_93,2025-11-18T00:00:00,PROD_143,386.2,DEV_N_93,ADDR_N_93,COMPLETED,0,0.0,LOW
ORD_ACC_N_93_5,ACC_N_93,2026-07-17T00:00:00,PROD_119,126.68,DEV_N_93,ADDR_N_93,COMPLETED,0,0.0,LOW
ORD_ACC_N_93_6,ACC_N_93,2026-03-15T00:00:00,PROD_129,198.41,DEV_N_93,ADDR_N_93,COMPLETED,0,0.0,LOW
ORD_ACC_N_93_7,ACC_N_93,2026-01-03T00:00:00,PROD_137,45.76,DEV_N_93,ADDR_N_93,COMPLETED,0,0.0,LOW
ORD_ACC_N_93_8,ACC_N_93,2026-07-26T00:00:00,PROD_107,246.67,DEV_N_93,ADDR_N_93,COMPLETED,0,0.0,LOW
ORD_ACC_N_93_9,ACC_N_93,2025-12-03T00:00:00,PROD_109,163.21,DEV_N_93,ADDR_N_93,COMPLETED,0,0.0,LOW
ORD_ACC_N_93_10,ACC_N_93,2026-05-21T00:00:00,PROD_129,184.48,DEV_N_93,ADDR_N_93,COMPLETED,0,0.0,LOW
ORD_ACC_N_93_11,ACC_N_93,2026-03-23T00:00:00,PROD_105,433.95,DEV_N_93,ADDR_N_93,COMPLETED,0,0.0,LOW
ORD_ACC_N_94_0,ACC_N_94,2026-07-17T00:00:00,PROD_128,170.44,DEV_N_94,ADDR_N_94,COMPLETED,0,0.0,LOW
ORD_ACC_N_94_1,ACC_N_94,2026-07-09T00:00:00,PROD_148,385.37,DEV_N_94,ADDR_N_94,COMPLETED,0,0.0,LOW
ORD_ACC_N_94_2,ACC_N_94,2026-04-28T00:00:00,PROD_108,396.9,DEV_N_94,ADDR_N_94,COMPLETED,0,0.0,LOW
ORD_ACC_N_94_3,ACC_N_94,2026-05-12T00:00:00,PROD_130,324.07,DEV_N_94,ADDR_N_94,COMPLETED,0,0.0,LOW
ORD_ACC_N_94_4,ACC_N_94,2026-08-30T00:00:00,PROD_123,38.11,DEV_N_94,ADDR_N_94,COMPLETED,0,0.0,LOW
ORD_ACC_N_94_5,ACC_N_94,2026-06-10T00:00:00,PROD_101,383.29,DEV_N_94,ADDR_N_94,COMPLETED,0,0.0,LOW
ORD_ACC_N_94_6,ACC_N_94,2026-03-24T00:00:00,PROD_122,372.13,DEV_N_94,ADDR_N_94,COMPLETED,0,0.0,LOW
ORD_ACC_N_94_7,ACC_N_94,2026-07-29T00:00:00,PROD_119,69.3,DEV_N_94,ADDR_N_94,COMPLETED,0,0.0,LOW
ORD_ACC_N_94_8,ACC_N_94,2026-08-15T00:00:00,PROD_118,415.45,DEV_N_94,ADDR_N_94,COMPLETED,0,0.0,LOW
ORD_ACC_N_94_9,ACC_N_94,2026-04-20T00:00:00,PROD_143,306.26,DEV_N_94,ADDR_N_94,COMPLETED,0,0.0,LOW
ORD_ACC_N_94_10,ACC_N_94,2026-06-05T00:00:00,PROD_148,498.15,DEV_N_94,ADDR_N_94,COMPLETED,0,0.0,LOW
ORD_ACC_N_95_0,ACC_N_95,2026-07-11T00:00:00,PROD_108,29.18,DEV_N_95,ADDR_N_95,COMPLETED,0,0.0,LOW
ORD_ACC_N_95_1,ACC_N_95,2026-05-30T00:00:00,PROD_107,30.52,DEV_N_95,ADDR_N_95,COMPLETED,0,0.0,LOW
ORD_ACC_N_95_2,ACC_N_95,2026-06-01T00:00:00,PROD_140,332.26,DEV_N_95,ADDR_N_95,REFUNDED,1,0.0,LOW
ORD_ACC_N_95_3,ACC_N_95,2026-06-13T00:00:00,PROD_142,43.32,DEV_N_95,ADDR_N_95,COMPLETED,0,0.0,LOW
ORD_ACC_N_95_4,ACC_N_95,2026-06-09T00:00:00,PROD_107,421.34,DEV_N_95,ADDR_N_95,REFUNDED,1,0.0,LOW
ORD_ACC_N_95_5,ACC_N_95,2026-07-14T00:00:00,PROD_144,79.33,DEV_N_95,ADDR_N_95,COMPLETED,0,0.0,LOW
ORD_ACC_N_95_6,ACC_N_95,2026-08-05T00:00:00,PROD_119,353.69,DEV_N_95,ADDR_N_95,COMPLETED,0,0.0,LOW
ORD_ACC_N_95_7,ACC_N_95,2026-06-08T00:00:00,PROD_139,68.47,DEV_N_95,ADDR_N_95,COMPLETED,0,0.0,LOW
ORD_ACC_N_95_8,ACC_N_95,2026-06-03T00:00:00,PROD_106,85.84,DEV_N_95,ADDR_N_95,COMPLETED,0,0.0,LOW
ORD_ACC_N_95_9,ACC_N_95,2026-05-31T00:00:00,PROD_106,316.5,DEV_N_95,ADDR_N_95,COMPLETED,0,0.0,LOW
ORD_ACC_N_95_10,ACC_N_95,2026-08-06T00:00:00,PROD_133,312.32,DEV_N_95,ADDR_N_95,COMPLETED,0,0.0,LOW
ORD_ACC_N_95_11,ACC_N_95,2026-07-17T00:00:00,PROD_102,357.65,DEV_N_95,ADDR_N_95,COMPLETED,0,0.0,LOW
ORD_ACC_N_95_12,ACC_N_95,2026-06-29T00:00:00,PROD_130,456.97,DEV_N_95,ADDR_N_95,COMPLETED,0,0.0,LOW
ORD_ACC_N_95_13,ACC_N_95,2026-08-01T00:00:00,PROD_107,21.31,DEV_N_95,ADDR_N_95,COMPLETED,0,0.0,LOW
ORD_ACC_N_95_14,ACC_N_95,2026-06-07T00:00:00,PROD_149,257.17,DEV_N_95,ADDR_N_95,COMPLETED,0,0.0,LOW
ORD_ACC_N_96_0,ACC_N_96,2026-07-16T00:00:00,PROD_114,68.62,DEV_N_96,ADDR_N_96,COMPLETED,0,0.0,LOW
ORD_ACC_N_96_1,ACC_N_96,2026-08-13T00:00:00,PROD_111,146.78,DEV_N_96,ADDR_N_96,COMPLETED,0,0.0,LOW
ORD_ACC_N_96_2,ACC_N_96,2026-08-13T00:00:00,PROD_127,192.9,DEV_N_96,ADDR_N_96,COMPLETED,0,0.0,LOW
ORD_ACC_N_96_3,ACC_N_96,2026-08-25T00:00:00,PROD_100,428.6,DEV_N_96,ADDR_N_96,COMPLETED,0,0.0,LOW
ORD_ACC_N_96_4,ACC_N_96,2026-07-20T00:00:00,PROD_128,330.66,DEV_N_96,ADDR_N_96,COMPLETED,0,0.0,LOW
ORD_ACC_N_96_5,ACC_N_96,2026-08-14T00:00:00,PROD_121,441.67,DEV_N_96,ADDR_N_96,COMPLETED,0,0.0,LOW
ORD_ACC_N_96_6,ACC_N_96,2026-08-24T00:00:00,PROD_117,212.37,DEV_N_96,ADDR_N_96,COMPLETED,0,0.0,LOW
ORD_ACC_N_96_7,ACC_N_96,2026-07-18T00:00:00,PROD_141,428.32,DEV_N_96,ADDR_N_96,COMPLETED,0,0.0,LOW
ORD_ACC_N_96_8,ACC_N_96,2026-08-24T00:00:00,PROD_110,83.61,DEV_N_96,ADDR_N_96,COMPLETED,0,0.0,LOW
ORD_ACC_N_96_9,ACC_N_96,2026-08-05T00:00:00,PROD_136,457.39,DEV_N_96,ADDR_N_96,COMPLETED,0,0.0,LOW
ORD_ACC_N_96_10,ACC_N_96,2026-08-20T00:00:00,PROD_139,313.44,DEV_N_96,ADDR_N_96,COMPLETED,0,0.0,LOW
ORD_ACC_N_96_11,ACC_N_96,2026-07-19T00:00:00,PROD_108,442.38,DEV_N_96,ADDR_N_96,COMPLETED,0,0.0,LOW
ORD_ACC_N_97_0,ACC_N_97,2026-02-02T00:00:00,PROD_141,231.53,DEV_N_97,ADDR_N_97,COMPLETED,0,0.0,LOW
ORD_ACC_N_97_1,ACC_N_97,2026-08-25T00:00:00,PROD_149,358.19,DEV_N_97,ADDR_N_97,COMPLETED,0,0.0,LOW
ORD_ACC_N_98_0,ACC_N_98,2026-03-11T00:00:00,PROD_139,269.17,DEV_N_98,ADDR_N_98,COMPLETED,0,0.0,LOW
ORD_ACC_N_98_1,ACC_N_98,2026-01-22T00:00:00,PROD_122,337.62,DEV_N_98,ADDR_N_98,COMPLETED,0,0.0,LOW
ORD_ACC_N_98_2,ACC_N_98,2026-06-16T00:00:00,PROD_139,422.74,DEV_N_98,ADDR_N_98,COMPLETED,0,0.0,LOW
ORD_ACC_N_98_3,ACC_N_98,2026-08-26T00:00:00,PROD_130,328.83,DEV_N_98,ADDR_N_98,COMPLETED,0,0.0,LOW
ORD_ACC_N_99_0,ACC_N_99,2026-06-30T00:00:00,PROD_117,173.9,DEV_N_99,ADDR_N_99,COMPLETED,0,0.0,LOW
ORD_ACC_N_99_1,ACC_N_99,2026-06-28T00:00:00,PROD_125,126.9,DEV_N_99,ADDR_N_99,COMPLETED,0,0.0,LOW
ORD_ACC_N_100_0,ACC_N_100,2026-08-03T00:00:00,PROD_131,404.61,DEV_N_99,ADDR_N_99,COMPLETED,0,0.0,LOW
ORD_ACC_N_100_1,ACC_N_100,2026-08-11T00:00:00,PROD_141,76.98,DEV_N_99,ADDR_N_99,COMPLETED,0,0.0,LOW
ORD_ACC_N_100_2,ACC_N_100,2026-08-25T00:00:00,PROD_135,213.65,DEV_N_99,ADDR_N_99,REFUNDED,1,0.0,LOW
ORD_ACC_N_100_3,ACC_N_100,2026-07-24T00:00:00,PROD_132,482.32,DEV_N_99,ADDR_N_99,COMPLETED,0,0.0,LOW
ORD_ACC_N_100_4,ACC_N_100,2026-08-18T00:00:00,PROD_121,334.21,DEV_N_99,ADDR_N_99,COMPLETED,0,0.0,LOW
ORD_ACC_N_100_5,ACC_N_100,2026-08-28T00:00:00,PROD_121,411.96,DEV_N_99,ADDR_N_99,COMPLETED,0,0.0,LOW
ORD_ACC_N_100_6,ACC_N_100,2026-07-13T00:00:00,PROD_142,317.48,DEV_N_99,ADDR_N_99,COMPLETED,0,0.0,LOW
ORD_ACC_N_100_7,ACC_N_100,2026-07-17T00:00:00,PROD_142,237.22,DEV_N_99,ADDR_N_99,COMPLETED,0,0.0,LOW
ORD_ACC_N_101_0,ACC_N_101,2026-08-26T00:00:00,PROD_118,418.34,DEV_N_101,ADDR_N_101,COMPLETED,0,0.0,LOW
ORD_ACC_N_101_1,ACC_N_101,2026-08-23T00:00:00,PROD_110,199.47,DEV_N_101,ADDR_N_101,COMPLETED,0,0.0,LOW
ORD_ACC_N_101_2,ACC_N_101,2026-08-29T00:00:00,PROD_126,414.48,DEV_N_101,ADDR_N_101,COMPLETED,0,0.0,LOW
ORD_ACC_N_101_3,ACC_N_101,2026-08-27T00:00:00,PROD_125,313.21,DEV_N_101,ADDR_N_101,COMPLETED,0,0.0,LOW
ORD_ACC_N_101_4,ACC_N_101,2026-08-24T00:00:00,PROD_121,415.79,DEV_N_101,ADDR_N_101,COMPLETED,0,0.0,LOW
ORD_ACC_N_101_5,ACC_N_101,2026-08-25T00:00:00,PROD_143,42.32,DEV_N_101,ADDR_N_101,COMPLETED,0,0.0,LOW
ORD_ACC_N_102_0,ACC_N_102,2026-07-05T00:00:00,PROD_132,239.55,DEV_N_102,ADDR_N_102,COMPLETED,0,0.0,LOW
ORD_ACC_N_102_1,ACC_N_102,2026-06-29T00:00:00,PROD_135,22.08,DEV_N_102,ADDR_N_102,COMPLETED,0,0.0,LOW
ORD_ACC_N_102_2,ACC_N_102,2026-07-01T00:00:00,PROD_111,463.7,DEV_N_102,ADDR_N_102,COMPLETED,0,0.0,LOW
ORD_ACC_N_102_3,ACC_N_102,2026-08-09T00:00:00,PROD_124,370.64,DEV_N_102,ADDR_N_102,COMPLETED,0,0.0,LOW
ORD_ACC_N_102_4,ACC_N_102,2026-07-21T00:00:00,PROD_138,261.97,DEV_N_102,ADDR_N_102,COMPLETED,0,0.0,LOW
ORD_ACC_N_102_5,ACC_N_102,2026-07-27T00:00:00,PROD_118,210.98,DEV_N_102,ADDR_N_102,COMPLETED,0,0.0,LOW
ORD_ACC_N_102_6,ACC_N_102,2026-08-14T00:00:00,PROD_147,86.33,DEV_N_102,ADDR_N_102,COMPLETED,0,0.0,LOW
ORD_ACC_N_102_7,ACC_N_102,2026-07-24T00:00:00,PROD_120,424.68,DEV_N_102,ADDR_N_102,COMPLETED,0,0.0,LOW
ORD_ACC_N_102_8,ACC_N_102,2026-08-04T00:00:00,PROD_118,116.43,DEV_N_102,ADDR_N_102,COMPLETED,0,0.0,LOW
ORD_ACC_N_102_9,ACC_N_102,2026-08-15T00:00:00,PROD_111,491.04,DEV_N_102,ADDR_N_102,COMPLETED,0,0.0,LOW
ORD_ACC_N_102_10,ACC_N_102,2026-06-23T00:00:00,PROD_107,353.27,DEV_N_102,ADDR_N_102,COMPLETED,0,0.0,LOW
ORD_ACC_N_102_11,ACC_N_102,2026-06-21T00:00:00,PROD_142,250.58,DEV_N_102,ADDR_N_102,COMPLETED,0,0.0,LOW
ORD_ACC_N_102_12,ACC_N_102,2026-06-24T00:00:00,PROD_100,157.25,DEV_N_102,ADDR_N_102,COMPLETED,0,0.0,LOW
ORD_ACC_N_103_0,ACC_N_103,2026-07-14T00:00:00,PROD_112,89.76,DEV_N_103,ADDR_N_103,COMPLETED,0,0.0,LOW
ORD_ACC_N_104_0,ACC_N_104,2026-06-05T00:00:00,PROD_144,140.27,DEV_N_104,ADDR_N_104,COMPLETED,0,0.0,LOW
ORD_ACC_N_104_1,ACC_N_104,2026-08-05T00:00:00,PROD_128,381.73,DEV_N_104,ADDR_N_104,REFUNDED,1,0.0,LOW
ORD_ACC_N_104_2,ACC_N_104,2026-06-06T00:00:00,PROD_147,374.96,DEV_N_104,ADDR_N_104,COMPLETED,0,0.0,LOW
ORD_ACC_N_104_3,ACC_N_104,2026-07-13T00:00:00,PROD_144,134.05,DEV_N_104,ADDR_N_104,COMPLETED,0,0.0,LOW
ORD_ACC_N_104_4,ACC_N_104,2026-06-04T00:00:00,PROD_124,338.96,DEV_N_104,ADDR_N_104,COMPLETED,0,0.0,LOW
ORD_ACC_N_105_0,ACC_N_105,2025-11-22T00:00:00,PROD_112,45.83,DEV_N_105,ADDR_N_105,COMPLETED,0,0.0,LOW
ORD_ACC_N_105_1,ACC_N_105,2026-01-17T00:00:00,PROD_145,418.39,DEV_N_105,ADDR_N_105,COMPLETED,0,0.0,LOW
ORD_ACC_N_105_2,ACC_N_105,2025-11-03T00:00:00,PROD_149,282.38,DEV_N_105,ADDR_N_105,COMPLETED,0,0.0,LOW
ORD_ACC_N_105_3,ACC_N_105,2026-04-03T00:00:00,PROD_104,235.43,DEV_N_105,ADDR_N_105,COMPLETED,0,0.0,LOW
ORD_ACC_N_105_4,ACC_N_105,2026-06-04T00:00:00,PROD_102,372.84,DEV_N_105,ADDR_N_105,COMPLETED,0,0.0,LOW
ORD_ACC_N_105_5,ACC_N_105,2026-04-11T00:00:00,PROD_137,287.17,DEV_N_105,ADDR_N_105,COMPLETED,0,0.0,LOW
ORD_ACC_N_106_0,ACC_N_106,2026-08-24T00:00:00,PROD_109,360.65,DEV_N_106,ADDR_N_106,COMPLETED,0,0.0,LOW
ORD_ACC_N_106_1,ACC_N_106,2026-08-22T00:00:00,PROD_139,44.41,DEV_N_106,ADDR_N_106,COMPLETED,0,0.0,LOW
ORD_ACC_N_106_2,ACC_N_106,2026-08-24T00:00:00,PROD_104,399.16,DEV_N_106,ADDR_N_106,COMPLETED,0,0.0,LOW
ORD_ACC_N_106_3,ACC_N_106,2026-08-23T00:00:00,PROD_104,125.58,DEV_N_106,ADDR_N_106,COMPLETED,0,0.0,LOW
ORD_ACC_N_106_4,ACC_N_106,2026-08-29T00:00:00,PROD_105,219.65,DEV_N_106,ADDR_N_106,COMPLETED,0,0.0,LOW
ORD_ACC_N_106_5,ACC_N_106,2026-08-28T00:00:00,PROD_121,444.03,DEV_N_106,ADDR_N_106,COMPLETED,0,0.0,LOW
ORD_ACC_N_107_0,ACC_N_107,2026-03-26T00:00:00,PROD_148,274.64,DEV_N_107,ADDR_N_107,COMPLETED,0,0.0,LOW
ORD_ACC_N_107_1,ACC_N_107,2026-08-02T00:00:00,PROD_141,341.09,DEV_N_107,ADDR_N_107,COMPLETED,0,0.0,LOW
ORD_ACC_N_107_2,ACC_N_107,2026-03-25T00:00:00,PROD_120,137.04,DEV_N_107,ADDR_N_107,REFUNDED,1,0.0,LOW
ORD_ACC_N_107_3,ACC_N_107,2026-05-25T00:00:00,PROD_101,143.16,DEV_N_107,ADDR_N_107,COMPLETED,0,0.0,LOW
ORD_ACC_N_108_0,ACC_N_108,2026-04-23T00:00:00,PROD_141,233.87,DEV_N_108,ADDR_N_108,REFUNDED,1,0.0,LOW
ORD_ACC_N_108_1,ACC_N_108,2026-04-22T00:00:00,PROD_149,59.53,DEV_N_108,ADDR_N_108,COMPLETED,0,0.0,LOW
ORD_ACC_N_108_2,ACC_N_108,2026-04-17T00:00:00,PROD_142,23.52,DEV_N_108,ADDR_N_108,COMPLETED,0,0.0,LOW
ORD_ACC_N_108_3,ACC_N_108,2026-03-09T00:00:00,PROD_134,223.62,DEV_N_108,ADDR_N_108,COMPLETED,0,0.0,LOW
ORD_ACC_N_108_4,ACC_N_108,2026-03-19T00:00:00,PROD_143,412.04,DEV_N_108,ADDR_N_108,COMPLETED,0,0.0,LOW
ORD_ACC_N_108_5,ACC_N_108,2026-08-25T00:00:00,PROD_105,240.43,DEV_N_108,ADDR_N_108,COMPLETED,0,0.0,LOW
ORD_ACC_N_108_6,ACC_N_108,2026-08-18T00:00:00,PROD_104,105.44,DEV_N_108,ADDR_N_108,COMPLETED,0,0.0,LOW
ORD_ACC_N_108_7,ACC_N_108,2026-07-04T00:00:00,PROD_128,457.27,DEV_N_108,ADDR_N_108,COMPLETED,0,0.0,LOW
ORD_ACC_N_108_8,ACC_N_108,2026-05-13T00:00:00,PROD_107,171.87,DEV_N_108,ADDR_N_108,COMPLETED,0,0.0,LOW
ORD_ACC_N_109_0,ACC_N_109,2026-08-20T00:00:00,PROD_137,316.81,DEV_N_109,ADDR_N_109,COMPLETED,0,0.0,LOW
ORD_ACC_N_109_1,ACC_N_109,2026-08-20T00:00:00,PROD_132,427.16,DEV_N_109,ADDR_N_109,COMPLETED,0,0.0,LOW
ORD_ACC_N_109_2,ACC_N_109,2026-08-27T00:00:00,PROD_105,397.71,DEV_N_109,ADDR_N_109,COMPLETED,0,0.0,LOW
ORD_ACC_N_109_3,ACC_N_109,2026-08-19T00:00:00,PROD_142,464.81,DEV_N_109,ADDR_N_109,COMPLETED,0,0.0,LOW
ORD_ACC_N_109_4,ACC_N_109,2026-08-24T00:00:00,PROD_147,95.04,DEV_N_109,ADDR_N_109,COMPLETED,0,0.0,LOW
ORD_ACC_N_109_5,ACC_N_109,2026-08-19T00:00:00,PROD_140,402.79,DEV_N_109,ADDR_N_109,COMPLETED,0,0.0,LOW
ORD_ACC_N_109_6,ACC_N_109,2026-08-27T00:00:00,PROD_146,345.1,DEV_N_109,ADDR_N_109,COMPLETED,0,0.0,LOW
ORD_ACC_N_109_7,ACC_N_109,2026-08-31T00:00:00,PROD_107,285.69,DEV_N_109,ADDR_N_109,COMPLETED,0,0.0,LOW
ORD_ACC_N_109_8,ACC_N_109,2026-08-31T00:00:00,PROD_135,294.9,DEV_N_109,ADDR_N_109,COMPLETED,0,0.0,LOW
ORD_ACC_N_109_9,ACC_N_109,2026-08-27T00:00:00,PROD_146,120.83,DEV_N_109,ADDR_N_109,COMPLETED,0,0.0,LOW
ORD_ACC_N_109_10,ACC_N_109,2026-08-28T00:00:00,PROD_132,218.07,DEV_N_109,ADDR_N_109,COMPLETED,0,0.0,LOW
ORD_ACC_N_110_0,ACC_N_110,2026-08-03T00:00:00,PROD_107,316.1,DEV_N_109,ADDR_N_109,COMPLETED,0,0.0,LOW
ORD_ACC_N_110_1,ACC_N_110,2026-06-07T00:00:00,PROD_148,403.84,DEV_N_109,ADDR_N_109,COMPLETED,0,0.0,LOW
ORD_ACC_N_110_2,ACC_N_110,2026-07-03T00:00:00,PROD_142,329.44,DEV_N_109,ADDR_N_109,COMPLETED,0,0.0,LOW
ORD_ACC_N_111_0,ACC_N_111,2026-07-12T00:00:00,PROD_121,368.28,DEV_N_111,ADDR_N_111,COMPLETED,0,0.0,LOW
ORD_ACC_N_111_1,ACC_N_111,2026-07-30T00:00:00,PROD_118,342.22,DEV_N_111,ADDR_N_111,COMPLETED,0,0.0,LOW
ORD_ACC_N_112_0,ACC_N_112,2026-08-19T00:00:00,PROD_139,172.54,DEV_N_112,ADDR_N_112,COMPLETED,0,0.0,LOW
ORD_ACC_N_112_1,ACC_N_112,2026-07-18T00:00:00,PROD_123,300.4,DEV_N_112,ADDR_N_112,COMPLETED,0,0.0,LOW
ORD_ACC_N_112_2,ACC_N_112,2026-08-04T00:00:00,PROD_114,100.95,DEV_N_112,ADDR_N_112,COMPLETED,0,0.0,LOW
ORD_ACC_N_112_3,ACC_N_112,2026-08-14T00:00:00,PROD_146,423.25,DEV_N_112,ADDR_N_112,COMPLETED,0,0.0,LOW
ORD_ACC_N_112_4,ACC_N_112,2026-08-01T00:00:00,PROD_119,242.17,DEV_N_112,ADDR_N_112,COMPLETED,0,0.0,LOW
ORD_ACC_N_112_5,ACC_N_112,2026-07-27T00:00:00,PROD_105,72.24,DEV_N_112,ADDR_N_112,COMPLETED,0,0.0,LOW
ORD_ACC_N_112_6,ACC_N_112,2026-08-23T00:00:00,PROD_146,447.82,DEV_N_112,ADDR_N_112,COMPLETED,0,0.0,LOW
ORD_ACC_N_112_7,ACC_N_112,2026-08-27T00:00:00,PROD_140,448.21,DEV_N_112,ADDR_N_112,COMPLETED,0,0.0,LOW
ORD_ACC_N_112_8,ACC_N_112,2026-07-25T00:00:00,PROD_113,297.87,DEV_N_112,ADDR_N_112,COMPLETED,0,0.0,LOW
ORD_ACC_N_112_9,ACC_N_112,2026-07-27T00:00:00,PROD_134,145.1,DEV_N_112,ADDR_N_112,COMPLETED,0,0.0,LOW
ORD_ACC_N_112_10,ACC_N_112,2026-07-21T00:00:00,PROD_114,392.09,DEV_N_112,ADDR_N_112,COMPLETED,0,0.0,LOW
ORD_ACC_N_112_11,ACC_N_112,2026-08-13T00:00:00,PROD_105,84.26,DEV_N_112,ADDR_N_112,COMPLETED,0,0.0,LOW
ORD_ACC_N_112_12,ACC_N_112,2026-08-08T00:00:00,PROD_139,261.04,DEV_N_112,ADDR_N_112,COMPLETED,0,0.0,LOW
ORD_ACC_N_112_13,ACC_N_112,2026-07-30T00:00:00,PROD_136,87.38,DEV_N_112,ADDR_N_112,COMPLETED,0,0.0,LOW
ORD_ACC_N_112_14,ACC_N_112,2026-07-20T00:00:00,PROD_146,438.65,DEV_N_112,ADDR_N_112,COMPLETED,0,0.0,LOW
ORD_ACC_N_113_0,ACC_N_113,2026-07-06T00:00:00,PROD_116,385.51,DEV_N_113,ADDR_N_113,COMPLETED,0,0.0,LOW
ORD_ACC_N_114_0,ACC_N_114,2026-07-10T00:00:00,PROD_124,268.58,DEV_N_114,ADDR_N_114,COMPLETED,0,0.0,LOW
ORD_ACC_N_115_0,ACC_N_115,2026-08-20T00:00:00,PROD_106,39.15,DEV_N_115,ADDR_N_115,COMPLETED,0,0.0,LOW
ORD_ACC_N_115_1,ACC_N_115,2026-03-22T00:00:00,PROD_116,418.23,DEV_N_115,ADDR_N_115,COMPLETED,0,0.0,LOW
ORD_ACC_N_115_2,ACC_N_115,2026-04-14T00:00:00,PROD_124,293.68,DEV_N_115,ADDR_N_115,COMPLETED,0,0.0,LOW
ORD_ACC_N_115_3,ACC_N_115,2026-04-03T00:00:00,PROD_133,333.6,DEV_N_115,ADDR_N_115,COMPLETED,0,0.0,LOW
ORD_ACC_N_115_4,ACC_N_115,2026-05-27T00:00:00,PROD_125,486.88,DEV_N_115,ADDR_N_115,COMPLETED,0,0.0,LOW
ORD_ACC_N_115_5,ACC_N_115,2026-02-03T00:00:00,PROD_130,436.51,DEV_N_115,ADDR_N_115,COMPLETED,0,0.0,LOW
ORD_ACC_N_115_6,ACC_N_115,2026-08-30T00:00:00,PROD_110,260.88,DEV_N_115,ADDR_N_115,COMPLETED,0,0.0,LOW
ORD_ACC_N_115_7,ACC_N_115,2026-08-12T00:00:00,PROD_109,266.98,DEV_N_115,ADDR_N_115,COMPLETED,0,0.0,LOW
ORD_ACC_N_115_8,ACC_N_115,2026-07-22T00:00:00,PROD_107,193.87,DEV_N_115,ADDR_N_115,COMPLETED,0,0.0,LOW
ORD_ACC_N_115_9,ACC_N_115,2026-05-17T00:00:00,PROD_130,409.36,DEV_N_115,ADDR_N_115,COMPLETED,0,0.0,LOW
ORD_ACC_N_115_10,ACC_N_115,2026-05-01T00:00:00,PROD_126,121.14,DEV_N_115,ADDR_N_115,COMPLETED,0,0.0,LOW
ORD_ACC_N_115_11,ACC_N_115,2026-06-30T00:00:00,PROD_110,40.71,DEV_N_115,ADDR_N_115,COMPLETED,0,0.0,LOW
ORD_ACC_N_115_12,ACC_N_115,2026-03-23T00:00:00,PROD_109,266.07,DEV_N_115,ADDR_N_115,COMPLETED,0,0.0,LOW
ORD_ACC_N_115_13,ACC_N_115,2026-07-20T00:00:00,PROD_125,143.96,DEV_N_115,ADDR_N_115,COMPLETED,0,0.0,LOW
ORD_ACC_N_115_14,ACC_N_115,2026-04-09T00:00:00,PROD_146,326.06,DEV_N_115,ADDR_N_115,COMPLETED,0,0.0,LOW
ORD_ACC_N_116_0,ACC_N_116,2026-08-03T00:00:00,PROD_130,311.13,DEV_N_116,ADDR_N_116,COMPLETED,0,0.0,LOW
ORD_ACC_N_116_1,ACC_N_116,2026-08-17T00:00:00,PROD_137,418.57,DEV_N_116,ADDR_N_116,COMPLETED,0,0.0,LOW
ORD_ACC_N_116_2,ACC_N_116,2026-07-23T00:00:00,PROD_146,336.63,DEV_N_116,ADDR_N_116,COMPLETED,0,0.0,LOW
ORD_ACC_N_116_3,ACC_N_116,2026-08-02T00:00:00,PROD_124,306.34,DEV_N_116,ADDR_N_116,COMPLETED,0,0.0,LOW
ORD_ACC_N_117_0,ACC_N_117,2026-08-29T00:00:00,PROD_132,117.13,DEV_N_117,ADDR_N_117,COMPLETED,0,0.0,LOW
ORD_ACC_N_117_1,ACC_N_117,2026-08-12T00:00:00,PROD_139,310.65,DEV_N_117,ADDR_N_117,COMPLETED,0,0.0,LOW
ORD_ACC_N_118_0,ACC_N_118,2026-08-06T00:00:00,PROD_105,275.09,DEV_N_118,ADDR_N_118,COMPLETED,0,0.0,LOW
ORD_ACC_N_118_1,ACC_N_118,2026-08-10T00:00:00,PROD_100,82.56,DEV_N_118,ADDR_N_118,COMPLETED,0,0.0,LOW
ORD_ACC_N_118_2,ACC_N_118,2026-08-15T00:00:00,PROD_144,221.93,DEV_N_118,ADDR_N_118,COMPLETED,0,0.0,LOW
ORD_ACC_N_118_3,ACC_N_118,2026-08-18T00:00:00,PROD_149,130.15,DEV_N_118,ADDR_N_118,COMPLETED,0,0.0,LOW
ORD_ACC_N_118_4,ACC_N_118,2026-08-20T00:00:00,PROD_148,302.74,DEV_N_118,ADDR_N_118,COMPLETED,0,0.0,LOW
ORD_ACC_N_118_5,ACC_N_118,2026-08-28T00:00:00,PROD_149,224.23,DEV_N_118,ADDR_N_118,COMPLETED,0,0.0,LOW
ORD_ACC_N_118_6,ACC_N_118,2026-08-04T00:00:00,PROD_134,60.23,DEV_N_118,ADDR_N_118,COMPLETED,0,0.0,LOW
ORD_ACC_N_118_7,ACC_N_118,2026-08-23T00:00:00,PROD_100,110.73,DEV_N_118,ADDR_N_118,COMPLETED,0,0.0,LOW
ORD_ACC_N_118_8,ACC_N_118,2026-08-15T00:00:00,PROD_141,76.56,DEV_N_118,ADDR_N_118,REFUNDED,1,0.0,LOW
ORD_ACC_N_118_9,ACC_N_118,2026-08-18T00:00:00,PROD_141,193.89,DEV_N_118,ADDR_N_118,COMPLETED,0,0.0,LOW
ORD_ACC_N_118_10,ACC_N_118,2026-08-23T00:00:00,PROD_136,145.43,DEV_N_118,ADDR_N_118,COMPLETED,0,0.0,LOW
ORD_ACC_N_118_11,ACC_N_118,2026-08-12T00:00:00,PROD_148,152.27,DEV_N_118,ADDR_N_118,COMPLETED,0,0.0,LOW
ORD_ACC_N_118_12,ACC_N_118,2026-08-18T00:00:00,PROD_111,285.01,DEV_N_118,ADDR_N_118,COMPLETED,0,0.0,LOW
ORD_ACC_N_118_13,ACC_N_118,2026-08-14T00:00:00,PROD_119,286.36,DEV_N_118,ADDR_N_118,COMPLETED,0,0.0,LOW
ORD_ACC_N_118_14,ACC_N_118,2026-08-20T00:00:00,PROD_108,391.61,DEV_N_118,ADDR_N_118,COMPLETED,0,0.0,LOW
ORD_ACC_N_119_0,ACC_N_119,2026-05-23T00:00:00,PROD_113,355.67,DEV_N_119,ADDR_N_119,COMPLETED,0,0.0,LOW
ORD_ACC_N_119_1,ACC_N_119,2026-07-11T00:00:00,PROD_139,397.32,DEV_N_119,ADDR_N_119,COMPLETED,0,0.0,LOW
ORD_ACC_N_119_2,ACC_N_119,2026-08-11T00:00:00,PROD_105,206.77,DEV_N_119,ADDR_N_119,COMPLETED,0,0.0,LOW
ORD_ACC_N_119_3,ACC_N_119,2026-07-02T00:00:00,PROD_104,464.41,DEV_N_119,ADDR_N_119,COMPLETED,0,0.0,LOW
ORD_ACC_N_119_4,ACC_N_119,2026-08-03T00:00:00,PROD_146,198.0,DEV_N_119,ADDR_N_119,COMPLETED,0,0.0,LOW
ORD_ACC_N_119_5,ACC_N_119,2026-05-04T00:00:00,PROD_133,492.54,DEV_N_119,ADDR_N_119,COMPLETED,0,0.0,LOW
ORD_ACC_N_119_6,ACC_N_119,2026-06-01T00:00:00,PROD_149,482.49,DEV_N_119,ADDR_N_119,COMPLETED,0,0.0,LOW
ORD_ACC_N_119_7,ACC_N_119,2026-06-11T00:00:00,PROD_142,257.3,DEV_N_119,ADDR_N_119,REFUNDED,1,0.0,LOW
ORD_ACC_N_120_0,ACC_N_120,2026-05-23T00:00:00,PROD_114,307.77,DEV_N_119,ADDR_N_119,COMPLETED,0,0.0,LOW
ORD_ACC_N_121_0,ACC_N_121,2026-08-27T00:00:00,PROD_110,192.68,DEV_N_121,ADDR_N_121,COMPLETED,0,0.0,LOW
ORD_ACC_N_121_1,ACC_N_121,2026-07-27T00:00:00,PROD_125,394.24,DEV_N_121,ADDR_N_121,COMPLETED,0,0.0,LOW
ORD_ACC_N_121_2,ACC_N_121,2026-06-17T00:00:00,PROD_145,116.15,DEV_N_121,ADDR_N_121,REFUNDED,1,0.0,LOW
ORD_ACC_N_121_3,ACC_N_121,2026-06-22T00:00:00,PROD_137,156.56,DEV_N_121,ADDR_N_121,COMPLETED,0,0.0,LOW
ORD_ACC_N_121_4,ACC_N_121,2026-07-18T00:00:00,PROD_138,482.38,DEV_N_121,ADDR_N_121,COMPLETED,0,0.0,LOW
ORD_ACC_N_121_5,ACC_N_121,2026-07-04T00:00:00,PROD_116,466.26,DEV_N_121,ADDR_N_121,COMPLETED,0,0.0,LOW
ORD_ACC_N_121_6,ACC_N_121,2026-07-10T00:00:00,PROD_132,262.99,DEV_N_121,ADDR_N_121,COMPLETED,0,0.0,LOW
ORD_ACC_N_121_7,ACC_N_121,2026-07-19T00:00:00,PROD_116,474.57,DEV_N_121,ADDR_N_121,COMPLETED,0,0.0,LOW
ORD_ACC_N_121_8,ACC_N_121,2026-06-19T00:00:00,PROD_124,140.07,DEV_N_121,ADDR_N_121,COMPLETED,0,0.0,LOW
ORD_ACC_N_121_9,ACC_N_121,2026-07-01T00:00:00,PROD_149,389.58,DEV_N_121,ADDR_N_121,COMPLETED,0,0.0,LOW
ORD_ACC_N_121_10,ACC_N_121,2026-06-05T00:00:00,PROD_101,241.15,DEV_N_121,ADDR_N_121,COMPLETED,0,0.0,LOW
ORD_ACC_N_122_0,ACC_N_122,2026-08-23T00:00:00,PROD_114,203.68,DEV_N_122,ADDR_N_122,COMPLETED,0,0.0,LOW
ORD_ACC_N_122_1,ACC_N_122,2026-07-22T00:00:00,PROD_134,217.96,DEV_N_122,ADDR_N_122,COMPLETED,0,0.0,LOW
ORD_ACC_N_122_2,ACC_N_122,2026-07-29T00:00:00,PROD_143,139.16,DEV_N_122,ADDR_N_122,COMPLETED,0,0.0,LOW
ORD_ACC_N_122_3,ACC_N_122,2026-08-22T00:00:00,PROD_120,286.18,DEV_N_122,ADDR_N_122,COMPLETED,0,0.0,LOW
ORD_ACC_N_122_4,ACC_N_122,2026-08-04T00:00:00,PROD_147,449.27,DEV_N_122,ADDR_N_122,COMPLETED,0,0.0,LOW
ORD_ACC_N_123_0,ACC_N_123,2026-05-21T00:00:00,PROD_116,132.73,DEV_N_123,ADDR_N_123,COMPLETED,0,0.0,LOW
ORD_ACC_N_123_1,ACC_N_123,2026-05-06T00:00:00,PROD_139,117.33,DEV_N_123,ADDR_N_123,COMPLETED,0,0.0,LOW
ORD_ACC_N_123_2,ACC_N_123,2026-06-13T00:00:00,PROD_105,393.89,DEV_N_123,ADDR_N_123,COMPLETED,0,0.0,LOW
ORD_ACC_N_123_3,ACC_N_123,2026-08-28T00:00:00,PROD_102,386.84,DEV_N_123,ADDR_N_123,COMPLETED,0,0.0,LOW
ORD_ACC_N_123_4,ACC_N_123,2026-02-22T00:00:00,PROD_136,317.92,DEV_N_123,ADDR_N_123,COMPLETED,0,0.0,LOW
ORD_ACC_N_123_5,ACC_N_123,2025-12-23T00:00:00,PROD_132,107.78,DEV_N_123,ADDR_N_123,COMPLETED,0,0.0,LOW
ORD_ACC_N_123_6,ACC_N_123,2026-02-09T00:00:00,PROD_103,126.6,DEV_N_123,ADDR_N_123,COMPLETED,0,0.0,LOW
ORD_ACC_N_123_7,ACC_N_123,2026-01-27T00:00:00,PROD_132,249.59,DEV_N_123,ADDR_N_123,COMPLETED,0,0.0,LOW
ORD_ACC_N_123_8,ACC_N_123,2026-02-11T00:00:00,PROD_129,432.99,DEV_N_123,ADDR_N_123,COMPLETED,0,0.0,LOW
ORD_ACC_N_123_9,ACC_N_123,2026-01-08T00:00:00,PROD_143,171.51,DEV_N_123,ADDR_N_123,REFUNDED,1,0.0,LOW
ORD_ACC_N_123_10,ACC_N_123,2026-07-11T00:00:00,PROD_116,176.21,DEV_N_123,ADDR_N_123,COMPLETED,0,0.0,LOW
ORD_ACC_N_123_11,ACC_N_123,2026-04-19T00:00:00,PROD_139,133.83,DEV_N_123,ADDR_N_123,COMPLETED,0,0.0,LOW
ORD_ACC_N_124_0,ACC_N_124,2026-04-26T00:00:00,PROD_148,223.49,DEV_N_124,ADDR_N_124,COMPLETED,0,0.0,LOW
ORD_ACC_N_124_1,ACC_N_124,2026-05-30T00:00:00,PROD_111,430.08,DEV_N_124,ADDR_N_124,COMPLETED,0,0.0,LOW
ORD_ACC_N_124_2,ACC_N_124,2026-07-29T00:00:00,PROD_106,490.05,DEV_N_124,ADDR_N_124,COMPLETED,0,0.0,LOW
ORD_ACC_N_125_0,ACC_N_125,2026-05-13T00:00:00,PROD_147,431.03,DEV_N_125,ADDR_N_125,COMPLETED,0,0.0,LOW
ORD_ACC_N_125_1,ACC_N_125,2026-05-02T00:00:00,PROD_131,406.72,DEV_N_125,ADDR_N_125,COMPLETED,0,0.0,LOW
ORD_ACC_N_125_2,ACC_N_125,2026-06-12T00:00:00,PROD_135,396.96,DEV_N_125,ADDR_N_125,COMPLETED,0,0.0,LOW
ORD_ACC_N_125_3,ACC_N_125,2026-08-19T00:00:00,PROD_103,211.23,DEV_N_125,ADDR_N_125,COMPLETED,0,0.0,LOW
ORD_ACC_N_125_4,ACC_N_125,2026-06-27T00:00:00,PROD_128,248.74,DEV_N_125,ADDR_N_125,COMPLETED,0,0.0,LOW
ORD_ACC_N_125_5,ACC_N_125,2026-06-26T00:00:00,PROD_116,193.26,DEV_N_125,ADDR_N_125,COMPLETED,0,0.0,LOW
ORD_ACC_N_125_6,ACC_N_125,2026-08-26T00:00:00,PROD_143,217.65,DEV_N_125,ADDR_N_125,COMPLETED,0,0.0,LOW
ORD_ACC_N_125_7,ACC_N_125,2026-07-12T00:00:00,PROD_134,296.89,DEV_N_125,ADDR_N_125,COMPLETED,0,0.0,LOW
ORD_ACC_N_125_8,ACC_N_125,2026-06-20T00:00:00,PROD_131,190.45,DEV_N_125,ADDR_N_125,COMPLETED,0,0.0,LOW
ORD_ACC_N_126_0,ACC_N_126,2026-07-23T00:00:00,PROD_109,157.53,DEV_N_126,ADDR_N_126,COMPLETED,0,0.0,LOW
ORD_ACC_N_126_1,ACC_N_126,2026-07-22T00:00:00,PROD_140,407.7,DEV_N_126,ADDR_N_126,COMPLETED,0,0.0,LOW
ORD_ACC_N_126_2,ACC_N_126,2026-07-26T00:00:00,PROD_105,214.29,DEV_N_126,ADDR_N_126,COMPLETED,0,0.0,LOW
ORD_ACC_N_126_3,ACC_N_126,2026-08-10T00:00:00,PROD_118,129.54,DEV_N_126,ADDR_N_126,COMPLETED,0,0.0,LOW
ORD_ACC_N_126_4,ACC_N_126,2026-07-24T00:00:00,PROD_128,329.43,DEV_N_126,ADDR_N_126,COMPLETED,0,0.0,LOW
ORD_ACC_N_126_5,ACC_N_126,2026-07-15T00:00:00,PROD_126,301.72,DEV_N_126,ADDR_N_126,COMPLETED,0,0.0,LOW
ORD_ACC_N_126_6,ACC_N_126,2026-08-20T00:00:00,PROD_115,430.02,DEV_N_126,ADDR_N_126,COMPLETED,0,0.0,LOW
ORD_ACC_N_127_0,ACC_N_127,2026-08-21T00:00:00,PROD_130,210.58,DEV_N_127,ADDR_N_127,COMPLETED,0,0.0,LOW
ORD_ACC_N_127_1,ACC_N_127,2026-08-28T00:00:00,PROD_148,32.66,DEV_N_127,ADDR_N_127,COMPLETED,0,0.0,LOW
ORD_ACC_N_127_2,ACC_N_127,2026-08-25T00:00:00,PROD_141,145.98,DEV_N_127,ADDR_N_127,COMPLETED,0,0.0,LOW
ORD_ACC_N_127_3,ACC_N_127,2026-08-12T00:00:00,PROD_128,130.09,DEV_N_127,ADDR_N_127,COMPLETED,0,0.0,LOW
ORD_ACC_N_128_0,ACC_N_128,2026-08-10T00:00:00,PROD_120,33.71,DEV_N_128,ADDR_N_128,COMPLETED,0,0.0,LOW
ORD_ACC_N_128_1,ACC_N_128,2026-07-03T00:00:00,PROD_117,487.99,DEV_N_128,ADDR_N_128,COMPLETED,0,0.0,LOW
ORD_ACC_N_128_2,ACC_N_128,2026-07-06T00:00:00,PROD_134,84.86,DEV_N_128,ADDR_N_128,COMPLETED,0,0.0,LOW
ORD_ACC_N_128_3,ACC_N_128,2026-06-17T00:00:00,PROD_140,306.84,DEV_N_128,ADDR_N_128,COMPLETED,0,0.0,LOW
ORD_ACC_N_128_4,ACC_N_128,2026-07-07T00:00:00,PROD_119,271.26,DEV_N_128,ADDR_N_128,COMPLETED,0,0.0,LOW
ORD_ACC_N_128_5,ACC_N_128,2026-07-01T00:00:00,PROD_128,279.04,DEV_N_128,ADDR_N_128,COMPLETED,0,0.0,LOW
ORD_ACC_N_128_6,ACC_N_128,2026-07-16T00:00:00,PROD_100,217.86,DEV_N_128,ADDR_N_128,COMPLETED,0,0.0,LOW
ORD_ACC_N_128_7,ACC_N_128,2026-06-26T00:00:00,PROD_122,411.38,DEV_N_128,ADDR_N_128,COMPLETED,0,0.0,LOW
ORD_ACC_N_128_8,ACC_N_128,2026-07-02T00:00:00,PROD_131,276.85,DEV_N_128,ADDR_N_128,COMPLETED,0,0.0,LOW
ORD_ACC_N_129_0,ACC_N_129,2026-05-13T00:00:00,PROD_100,403.02,DEV_N_129,ADDR_N_129,COMPLETED,0,0.0,LOW
ORD_ACC_N_130_0,ACC_N_130,2026-05-18T00:00:00,PROD_115,443.44,DEV_N_129,ADDR_N_129,COMPLETED,0,0.0,LOW
ORD_ACC_N_130_1,ACC_N_130,2026-03-01T00:00:00,PROD_124,373.82,DEV_N_129,ADDR_N_129,COMPLETED,0,0.0,LOW
ORD_ACC_N_130_2,ACC_N_130,2026-06-25T00:00:00,PROD_133,58.02,DEV_N_129,ADDR_N_129,COMPLETED,0,0.0,LOW
ORD_ACC_N_130_3,ACC_N_130,2026-03-07T00:00:00,PROD_147,348.63,DEV_N_129,ADDR_N_129,COMPLETED,0,0.0,LOW
ORD_ACC_N_131_0,ACC_N_131,2026-07-14T00:00:00,PROD_118,429.67,DEV_N_131,ADDR_N_131,COMPLETED,0,0.0,LOW
ORD_ACC_N_131_1,ACC_N_131,2026-05-07T00:00:00,PROD_139,316.51,DEV_N_131,ADDR_N_131,COMPLETED,0,0.0,LOW
ORD_ACC_N_131_2,ACC_N_131,2026-07-14T00:00:00,PROD_134,173.91,DEV_N_131,ADDR_N_131,COMPLETED,0,0.0,LOW
ORD_ACC_N_131_3,ACC_N_131,2026-07-15T00:00:00,PROD_108,486.72,DEV_N_131,ADDR_N_131,COMPLETED,0,0.0,LOW
ORD_ACC_N_131_4,ACC_N_131,2026-08-29T00:00:00,PROD_131,131.75,DEV_N_131,ADDR_N_131,COMPLETED,0,0.0,LOW
ORD_ACC_N_131_5,ACC_N_131,2026-06-05T00:00:00,PROD_131,221.72,DEV_N_131,ADDR_N_131,COMPLETED,0,0.0,LOW
ORD_ACC_N_131_6,ACC_N_131,2026-05-05T00:00:00,PROD_105,354.53,DEV_N_131,ADDR_N_131,REFUNDED,1,0.0,LOW
ORD_ACC_N_132_0,ACC_N_132,2026-05-23T00:00:00,PROD_112,54.26,DEV_N_132,ADDR_N_132,COMPLETED,0,0.0,LOW
ORD_ACC_N_132_1,ACC_N_132,2026-05-26T00:00:00,PROD_149,417.56,DEV_N_132,ADDR_N_132,COMPLETED,0,0.0,LOW
ORD_ACC_N_132_2,ACC_N_132,2026-05-25T00:00:00,PROD_147,390.19,DEV_N_132,ADDR_N_132,COMPLETED,0,0.0,LOW
ORD_ACC_N_132_3,ACC_N_132,2026-07-12T00:00:00,PROD_133,241.2,DEV_N_132,ADDR_N_132,COMPLETED,0,0.0,LOW
ORD_ACC_N_132_4,ACC_N_132,2026-05-02T00:00:00,PROD_120,206.78,DEV_N_132,ADDR_N_132,COMPLETED,0,0.0,LOW
ORD_ACC_N_132_5,ACC_N_132,2026-08-21T00:00:00,PROD_107,377.47,DEV_N_132,ADDR_N_132,COMPLETED,0,0.0,LOW
ORD_ACC_N_132_6,ACC_N_132,2026-04-30T00:00:00,PROD_103,326.49,DEV_N_132,ADDR_N_132,COMPLETED,0,0.0,LOW
ORD_ACC_N_132_7,ACC_N_132,2026-08-03T00:00:00,PROD_100,133.26,DEV_N_132,ADDR_N_132,COMPLETED,0,0.0,LOW
ORD_ACC_N_132_8,ACC_N_132,2026-06-22T00:00:00,PROD_115,300.65,DEV_N_132,ADDR_N_132,COMPLETED,0,0.0,LOW
ORD_ACC_N_132_9,ACC_N_132,2026-08-21T00:00:00,PROD_144,298.92,DEV_N_132,ADDR_N_132,COMPLETED,0,0.0,LOW
ORD_ACC_N_132_10,ACC_N_132,2026-07-23T00:00:00,PROD_110,198.27,DEV_N_132,ADDR_N_132,COMPLETED,0,0.0,LOW
ORD_ACC_N_132_11,ACC_N_132,2026-08-08T00:00:00,PROD_148,349.25,DEV_N_132,ADDR_N_132,COMPLETED,0,0.0,LOW
ORD_ACC_N_132_12,ACC_N_132,2026-08-16T00:00:00,PROD_134,190.65,DEV_N_132,ADDR_N_132,COMPLETED,0,0.0,LOW
ORD_ACC_N_133_0,ACC_N_133,2026-08-02T00:00:00,PROD_141,172.03,DEV_N_133,ADDR_N_133,COMPLETED,0,0.0,LOW
ORD_ACC_N_133_1,ACC_N_133,2026-07-06T00:00:00,PROD_124,371.93,DEV_N_133,ADDR_N_133,REFUNDED,1,0.0,LOW
ORD_ACC_N_133_2,ACC_N_133,2026-07-30T00:00:00,PROD_128,451.36,DEV_N_133,ADDR_N_133,COMPLETED,0,0.0,LOW
ORD_ACC_N_133_3,ACC_N_133,2026-07-25T00:00:00,PROD_136,280.51,DEV_N_133,ADDR_N_133,COMPLETED,0,0.0,LOW
ORD_ACC_N_133_4,ACC_N_133,2026-06-23T00:00:00,PROD_117,186.88,DEV_N_133,ADDR_N_133,COMPLETED,0,0.0,LOW
ORD_ACC_N_133_5,ACC_N_133,2026-06-22T00:00:00,PROD_128,96.96,DEV_N_133,ADDR_N_133,COMPLETED,0,0.0,LOW
ORD_ACC_N_133_6,ACC_N_133,2026-07-29T00:00:00,PROD_149,279.97,DEV_N_133,ADDR_N_133,COMPLETED,0,0.0,LOW
ORD_ACC_N_133_7,ACC_N_133,2026-07-14T00:00:00,PROD_139,372.16,DEV_N_133,ADDR_N_133,COMPLETED,0,0.0,LOW
ORD_ACC_N_134_0,ACC_N_134,2026-03-20T00:00:00,PROD_134,366.08,DEV_N_134,ADDR_N_134,COMPLETED,0,0.0,LOW
ORD_ACC_N_134_1,ACC_N_134,2026-05-26T00:00:00,PROD_135,271.55,DEV_N_134,ADDR_N_134,COMPLETED,0,0.0,LOW
ORD_ACC_N_134_2,ACC_N_134,2025-10-22T00:00:00,PROD_120,155.9,DEV_N_134,ADDR_N_134,COMPLETED,0,0.0,LOW
ORD_ACC_N_134_3,ACC_N_134,2026-07-13T00:00:00,PROD_108,271.14,DEV_N_134,ADDR_N_134,COMPLETED,0,0.0,LOW
ORD_ACC_N_135_0,ACC_N_135,2026-08-28T00:00:00,PROD_136,252.98,DEV_N_135,ADDR_N_135,COMPLETED,0,0.0,LOW
ORD_ACC_N_135_1,ACC_N_135,2026-08-10T00:00:00,PROD_137,255.16,DEV_N_135,ADDR_N_135,COMPLETED,0,0.0,LOW
ORD_ACC_N_135_2,ACC_N_135,2026-08-30T00:00:00,PROD_104,195.85,DEV_N_135,ADDR_N_135,COMPLETED,0,0.0,LOW
ORD_ACC_N_135_3,ACC_N_135,2026-08-25T00:00:00,PROD_105,334.76,DEV_N_135,ADDR_N_135,COMPLETED,0,0.0,LOW
ORD_ACC_N_136_0,ACC_N_136,2026-02-28T00:00:00,PROD_126,287.85,DEV_N_136,ADDR_N_136,COMPLETED,0,0.0,LOW
ORD_ACC_N_137_0,ACC_N_137,2026-08-14T00:00:00,PROD_119,273.93,DEV_N_137,ADDR_N_137,COMPLETED,0,0.0,LOW
ORD_ACC_N_137_1,ACC_N_137,2026-08-18T00:00:00,PROD_146,481.08,DEV_N_137,ADDR_N_137,COMPLETED,0,0.0,LOW
ORD_ACC_N_137_2,ACC_N_137,2026-07-28T00:00:00,PROD_142,204.96,DEV_N_137,ADDR_N_137,COMPLETED,0,0.0,LOW
ORD_ACC_N_137_3,ACC_N_137,2026-07-26T00:00:00,PROD_147,320.16,DEV_N_137,ADDR_N_137,COMPLETED,0,0.0,LOW
ORD_ACC_N_137_4,ACC_N_137,2026-08-05T00:00:00,PROD_136,378.13,DEV_N_137,ADDR_N_137,COMPLETED,0,0.0,LOW
ORD_ACC_N_137_5,ACC_N_137,2026-08-02T00:00:00,PROD_106,357.22,DEV_N_137,ADDR_N_137,COMPLETED,0,0.0,LOW
ORD_ACC_N_137_6,ACC_N_137,2026-08-20T00:00:00,PROD_142,283.98,DEV_N_137,ADDR_N_137,COMPLETED,0,0.0,LOW
ORD_ACC_N_137_7,ACC_N_137,2026-07-28T00:00:00,PROD_122,499.25,DEV_N_137,ADDR_N_137,COMPLETED,0,0.0,LOW
ORD_ACC_N_137_8,ACC_N_137,2026-07-27T00:00:00,PROD_123,495.9,DEV_N_137,ADDR_N_137,COMPLETED,0,0.0,LOW
ORD_ACC_N_137_9,ACC_N_137,2026-08-04T00:00:00,PROD_115,416.55,DEV_N_137,ADDR_N_137,COMPLETED,0,0.0,LOW
ORD_ACC_N_137_10,ACC_N_137,2026-07-28T00:00:00,PROD_147,122.69,DEV_N_137,ADDR_N_137,COMPLETED,0,0.0,LOW
ORD_ACC_N_137_11,ACC_N_137,2026-08-08T00:00:00,PROD_125,481.59,DEV_N_137,ADDR_N_137,COMPLETED,0,0.0,LOW
ORD_ACC_N_137_12,ACC_N_137,2026-08-29T00:00:00,PROD_133,491.82,DEV_N_137,ADDR_N_137,COMPLETED,0,0.0,LOW
ORD_ACC_N_137_13,ACC_N_137,2026-08-12T00:00:00,PROD_113,23.15,DEV_N_137,ADDR_N_137,COMPLETED,0,0.0,LOW
ORD_ACC_N_138_0,ACC_N_138,2026-08-23T00:00:00,PROD_136,461.17,DEV_N_138,ADDR_N_138,COMPLETED,0,0.0,LOW
ORD_ACC_N_138_1,ACC_N_138,2026-08-27T00:00:00,PROD_109,65.26,DEV_N_138,ADDR_N_138,COMPLETED,0,0.0,LOW
ORD_ACC_N_138_2,ACC_N_138,2026-08-23T00:00:00,PROD_114,196.2,DEV_N_138,ADDR_N_138,COMPLETED,0,0.0,LOW
ORD_ACC_N_138_3,ACC_N_138,2026-08-22T00:00:00,PROD_113,64.11,DEV_N_138,ADDR_N_138,COMPLETED,0,0.0,LOW
ORD_ACC_N_138_4,ACC_N_138,2026-08-21T00:00:00,PROD_144,400.59,DEV_N_138,ADDR_N_138,COMPLETED,0,0.0,LOW
ORD_ACC_N_138_5,ACC_N_138,2026-08-28T00:00:00,PROD_146,305.71,DEV_N_138,ADDR_N_138,COMPLETED,0,0.0,LOW
ORD_ACC_N_138_6,ACC_N_138,2026-08-19T00:00:00,PROD_149,57.67,DEV_N_138,ADDR_N_138,COMPLETED,0,0.0,LOW
ORD_ACC_N_138_7,ACC_N_138,2026-08-20T00:00:00,PROD_107,442.3,DEV_N_138,ADDR_N_138,COMPLETED,0,0.0,LOW
ORD_ACC_N_138_8,ACC_N_138,2026-08-11T00:00:00,PROD_140,427.75,DEV_N_138,ADDR_N_138,COMPLETED,0,0.0,LOW
ORD_ACC_N_138_9,ACC_N_138,2026-08-30T00:00:00,PROD_134,166.3,DEV_N_138,ADDR_N_138,REFUNDED,1,0.0,LOW
ORD_ACC_N_138_10,ACC_N_138,2026-08-21T00:00:00,PROD_103,261.15,DEV_N_138,ADDR_N_138,COMPLETED,0,0.0,LOW
ORD_ACC_N_138_11,ACC_N_138,2026-08-17T00:00:00,PROD_105,381.36,DEV_N_138,ADDR_N_138,COMPLETED,0,0.0,LOW
ORD_ACC_N_138_12,ACC_N_138,2026-08-18T00:00:00,PROD_108,159.1,DEV_N_138,ADDR_N_138,COMPLETED,0,0.0,LOW
ORD_ACC_N_139_0,ACC_N_139,2026-07-26T00:00:00,PROD_116,377.75,DEV_N_139,ADDR_N_139,COMPLETED,0,0.0,LOW
ORD_ACC_N_139_1,ACC_N_139,2026-08-06T00:00:00,PROD_108,260.88,DEV_N_139,ADDR_N_139,COMPLETED,0,0.0,LOW
ORD_ACC_N_139_2,ACC_N_139,2026-08-01T00:00:00,PROD_141,288.46,DEV_N_139,ADDR_N_139,COMPLETED,0,0.0,LOW
ORD_ACC_N_139_3,ACC_N_139,2026-08-19T00:00:00,PROD_133,289.36,DEV_N_139,ADDR_N_139,COMPLETED,0,0.0,LOW
ORD_ACC_N_139_4,ACC_N_139,2026-08-16T00:00:00,PROD_120,54.39,DEV_N_139,ADDR_N_139,COMPLETED,0,0.0,LOW
ORD_ACC_N_139_5,ACC_N_139,2026-08-26T00:00:00,PROD_123,74.01,DEV_N_139,ADDR_N_139,COMPLETED,0,0.0,LOW
ORD_ACC_N_139_6,ACC_N_139,2026-08-19T00:00:00,PROD_101,173.95,DEV_N_139,ADDR_N_139,COMPLETED,0,0.0,LOW
ORD_ACC_N_139_7,ACC_N_139,2026-08-21T00:00:00,PROD_128,494.07,DEV_N_139,ADDR_N_139,COMPLETED,0,0.0,LOW
ORD_ACC_N_140_0,ACC_N_140,2026-08-26T00:00:00,PROD_143,463.62,DEV_N_139,ADDR_N_139,COMPLETED,0,0.0,LOW
ORD_ACC_N_140_1,ACC_N_140,2026-08-12T00:00:00,PROD_107,383.71,DEV_N_139,ADDR_N_139,COMPLETED,0,0.0,LOW
ORD_ACC_N_140_2,ACC_N_140,2026-07-31T00:00:00,PROD_118,475.49,DEV_N_139,ADDR_N_139,COMPLETED,0,0.0,LOW
ORD_ACC_N_140_3,ACC_N_140,2026-07-19T00:00:00,PROD_128,353.02,DEV_N_139,ADDR_N_139,COMPLETED,0,0.0,LOW
ORD_ACC_N_140_4,ACC_N_140,2026-08-29T00:00:00,PROD_113,179.3,DEV_N_139,ADDR_N_139,COMPLETED,0,0.0,LOW
ORD_ACC_N_140_5,ACC_N_140,2026-06-23T00:00:00,PROD_130,271.17,DEV_N_139,ADDR_N_139,COMPLETED,0,0.0,LOW
ORD_ACC_N_140_6,ACC_N_140,2026-08-13T00:00:00,PROD_124,353.63,DEV_N_139,ADDR_N_139,COMPLETED,0,0.0,LOW
ORD_ACC_N_140_7,ACC_N_140,2026-06-25T00:00:00,PROD_118,40.87,DEV_N_139,ADDR_N_139,COMPLETED,0,0.0,LOW
ORD_ACC_N_141_0,ACC_N_141,2026-08-04T00:00:00,PROD_104,243.18,DEV_N_141,ADDR_N_141,COMPLETED,0,0.0,LOW
ORD_ACC_N_141_1,ACC_N_141,2026-04-15T00:00:00,PROD_123,338.23,DEV_N_141,ADDR_N_141,COMPLETED,0,0.0,LOW
ORD_ACC_N_141_2,ACC_N_141,2026-08-22T00:00:00,PROD_124,160.4,DEV_N_141,ADDR_N_141,COMPLETED,0,0.0,LOW
ORD_ACC_N_141_3,ACC_N_141,2026-02-18T00:00:00,PROD_120,264.1,DEV_N_141,ADDR_N_141,COMPLETED,0,0.0,LOW
ORD_ACC_N_141_4,ACC_N_141,2025-10-30T00:00:00,PROD_132,275.15,DEV_N_141,ADDR_N_141,COMPLETED,0,0.0,LOW
ORD_ACC_N_142_0,ACC_N_142,2026-08-20T00:00:00,PROD_119,39.08,DEV_N_142,ADDR_N_142,COMPLETED,0,0.0,LOW
ORD_ACC_N_142_1,ACC_N_142,2025-12-24T00:00:00,PROD_122,208.83,DEV_N_142,ADDR_N_142,COMPLETED,0,0.0,LOW
ORD_ACC_N_142_2,ACC_N_142,2026-03-03T00:00:00,PROD_132,320.11,DEV_N_142,ADDR_N_142,COMPLETED,0,0.0,LOW
ORD_ACC_N_142_3,ACC_N_142,2026-07-31T00:00:00,PROD_101,320.38,DEV_N_142,ADDR_N_142,COMPLETED,0,0.0,LOW
ORD_ACC_N_142_4,ACC_N_142,2026-04-10T00:00:00,PROD_125,128.28,DEV_N_142,ADDR_N_142,COMPLETED,0,0.0,LOW
ORD_ACC_N_142_5,ACC_N_142,2026-07-18T00:00:00,PROD_143,370.35,DEV_N_142,ADDR_N_142,COMPLETED,0,0.0,LOW
ORD_ACC_N_142_6,ACC_N_142,2026-05-07T00:00:00,PROD_127,220.32,DEV_N_142,ADDR_N_142,COMPLETED,0,0.0,LOW
ORD_ACC_N_142_7,ACC_N_142,2026-03-16T00:00:00,PROD_141,235.6,DEV_N_142,ADDR_N_142,COMPLETED,0,0.0,LOW
ORD_ACC_N_142_8,ACC_N_142,2025-11-27T00:00:00,PROD_108,348.34,DEV_N_142,ADDR_N_142,COMPLETED,0,0.0,LOW
ORD_ACC_N_142_9,ACC_N_142,2025-12-06T00:00:00,PROD_149,456.59,DEV_N_142,ADDR_N_142,COMPLETED,0,0.0,LOW
ORD_ACC_N_142_10,ACC_N_142,2025-11-15T00:00:00,PROD_135,460.21,DEV_N_142,ADDR_N_142,COMPLETED,0,0.0,LOW
ORD_ACC_N_142_11,ACC_N_142,2026-07-02T00:00:00,PROD_109,108.38,DEV_N_142,ADDR_N_142,COMPLETED,0,0.0,LOW
ORD_ACC_N_142_12,ACC_N_142,2026-03-21T00:00:00,PROD_126,442.46,DEV_N_142,ADDR_N_142,COMPLETED,0,0.0,LOW
ORD_ACC_N_142_13,ACC_N_142,2026-01-17T00:00:00,PROD_140,377.89,DEV_N_142,ADDR_N_142,COMPLETED,0,0.0,LOW
ORD_ACC_N_142_14,ACC_N_142,2026-06-15T00:00:00,PROD_111,393.97,DEV_N_142,ADDR_N_142,COMPLETED,0,0.0,LOW
ORD_ACC_N_143_0,ACC_N_143,2026-04-17T00:00:00,PROD_138,310.69,DEV_N_143,ADDR_N_143,COMPLETED,0,0.0,LOW
ORD_ACC_N_143_1,ACC_N_143,2026-05-05T00:00:00,PROD_144,349.94,DEV_N_143,ADDR_N_143,COMPLETED,0,0.0,LOW
ORD_ACC_N_143_2,ACC_N_143,2026-06-24T00:00:00,PROD_145,261.12,DEV_N_143,ADDR_N_143,COMPLETED,0,0.0,LOW
ORD_ACC_N_143_3,ACC_N_143,2026-05-29T00:00:00,PROD_108,429.02,DEV_N_143,ADDR_N_143,COMPLETED,0,0.0,LOW
ORD_ACC_N_143_4,ACC_N_143,2026-05-25T00:00:00,PROD_100,128.61,DEV_N_143,ADDR_N_143,COMPLETED,0,0.0,LOW
ORD_ACC_N_143_5,ACC_N_143,2026-02-01T00:00:00,PROD_112,126.83,DEV_N_143,ADDR_N_143,COMPLETED,0,0.0,LOW
ORD_ACC_N_143_6,ACC_N_143,2026-07-29T00:00:00,PROD_128,105.0,DEV_N_143,ADDR_N_143,COMPLETED,0,0.0,LOW
ORD_ACC_N_143_7,ACC_N_143,2025-12-24T00:00:00,PROD_115,350.17,DEV_N_143,ADDR_N_143,COMPLETED,0,0.0,LOW
ORD_ACC_N_143_8,ACC_N_143,2026-02-05T00:00:00,PROD_124,392.58,DEV_N_143,ADDR_N_143,COMPLETED,0,0.0,LOW
ORD_ACC_N_143_9,ACC_N_143,2026-02-11T00:00:00,PROD_138,313.52,DEV_N_143,ADDR_N_143,COMPLETED,0,0.0,LOW
ORD_ACC_N_144_0,ACC_N_144,2026-08-12T00:00:00,PROD_102,269.91,DEV_N_144,ADDR_N_144,COMPLETED,0,0.0,LOW
ORD_ACC_N_144_1,ACC_N_144,2025-12-09T00:00:00,PROD_102,278.18,DEV_N_144,ADDR_N_144,COMPLETED,0,0.0,LOW
ORD_ACC_N_144_2,ACC_N_144,2026-02-14T00:00:00,PROD_103,267.74,DEV_N_144,ADDR_N_144,COMPLETED,0,0.0,LOW
ORD_ACC_N_144_3,ACC_N_144,2026-04-04T00:00:00,PROD_149,230.99,DEV_N_144,ADDR_N_144,COMPLETED,0,0.0,LOW
ORD_ACC_N_144_4,ACC_N_144,2026-01-07T00:00:00,PROD_103,99.91,DEV_N_144,ADDR_N_144,COMPLETED,0,0.0,LOW
ORD_ACC_N_144_5,ACC_N_144,2026-06-20T00:00:00,PROD_105,242.52,DEV_N_144,ADDR_N_144,COMPLETED,0,0.0,LOW
ORD_ACC_N_144_6,ACC_N_144,2026-07-05T00:00:00,PROD_144,106.29,DEV_N_144,ADDR_N_144,COMPLETED,0,0.0,LOW
ORD_ACC_N_144_7,ACC_N_144,2026-06-23T00:00:00,PROD_101,208.67,DEV_N_144,ADDR_N_144,COMPLETED,0,0.0,LOW
ORD_ACC_N_144_8,ACC_N_144,2026-01-11T00:00:00,PROD_112,303.35,DEV_N_144,ADDR_N_144,COMPLETED,0,0.0,LOW
ORD_ACC_N_144_9,ACC_N_144,2026-07-16T00:00:00,PROD_145,140.04,DEV_N_144,ADDR_N_144,COMPLETED,0,0.0,LOW
ORD_ACC_N_144_10,ACC_N_144,2026-06-29T00:00:00,PROD_140,63.77,DEV_N_144,ADDR_N_144,COMPLETED,0,0.0,LOW
ORD_ACC_N_145_0,ACC_N_145,2026-07-17T00:00:00,PROD_132,204.36,DEV_N_145,ADDR_N_145,COMPLETED,0,0.0,LOW
ORD_ACC_N_145_1,ACC_N_145,2026-08-21T00:00:00,PROD_149,201.77,DEV_N_145,ADDR_N_145,COMPLETED,0,0.0,LOW
ORD_ACC_N_145_2,ACC_N_145,2026-08-10T00:00:00,PROD_109,291.44,DEV_N_145,ADDR_N_145,COMPLETED,0,0.0,LOW
ORD_ACC_N_145_3,ACC_N_145,2026-08-22T00:00:00,PROD_126,105.86,DEV_N_145,ADDR_N_145,COMPLETED,0,0.0,LOW
ORD_ACC_N_145_4,ACC_N_145,2026-08-12T00:00:00,PROD_118,370.48,DEV_N_145,ADDR_N_145,COMPLETED,0,0.0,LOW
ORD_ACC_N_145_5,ACC_N_145,2026-08-24T00:00:00,PROD_100,451.3,DEV_N_145,ADDR_N_145,COMPLETED,0,0.0,LOW
ORD_ACC_N_145_6,ACC_N_145,2026-07-14T00:00:00,PROD_131,141.49,DEV_N_145,ADDR_N_145,COMPLETED,0,0.0,LOW
ORD_ACC_N_145_7,ACC_N_145,2026-07-11T00:00:00,PROD_115,22.76,DEV_N_145,ADDR_N_145,COMPLETED,0,0.0,LOW
ORD_ACC_N_145_8,ACC_N_145,2026-07-25T00:00:00,PROD_128,336.55,DEV_N_145,ADDR_N_145,COMPLETED,0,0.0,LOW
ORD_ACC_N_146_0,ACC_N_146,2026-08-28T00:00:00,PROD_139,137.46,DEV_N_146,ADDR_N_146,COMPLETED,0,0.0,LOW
ORD_ACC_N_146_1,ACC_N_146,2026-05-17T00:00:00,PROD_141,43.48,DEV_N_146,ADDR_N_146,COMPLETED,0,0.0,LOW
ORD_ACC_N_146_2,ACC_N_146,2026-08-13T00:00:00,PROD_136,89.78,DEV_N_146,ADDR_N_146,REFUNDED,1,0.0,LOW
ORD_ACC_N_146_3,ACC_N_146,2026-03-15T00:00:00,PROD_126,461.78,DEV_N_146,ADDR_N_146,REFUNDED,1,0.0,LOW
ORD_ACC_N_146_4,ACC_N_146,2026-04-08T00:00:00,PROD_138,313.32,DEV_N_146,ADDR_N_146,COMPLETED,0,0.0,LOW
ORD_ACC_N_146_5,ACC_N_146,2025-11-17T00:00:00,PROD_137,105.16,DEV_N_146,ADDR_N_146,COMPLETED,0,0.0,LOW
ORD_ACC_N_146_6,ACC_N_146,2026-08-13T00:00:00,PROD_123,64.7,DEV_N_146,ADDR_N_146,COMPLETED,0,0.0,LOW
ORD_ACC_N_146_7,ACC_N_146,2026-07-28T00:00:00,PROD_104,384.05,DEV_N_146,ADDR_N_146,COMPLETED,0,0.0,LOW
ORD_ACC_N_146_8,ACC_N_146,2026-01-02T00:00:00,PROD_117,84.58,DEV_N_146,ADDR_N_146,COMPLETED,0,0.0,LOW
ORD_ACC_N_146_9,ACC_N_146,2025-12-05T00:00:00,PROD_113,218.6,DEV_N_146,ADDR_N_146,COMPLETED,0,0.0,LOW
ORD_ACC_N_147_0,ACC_N_147,2026-07-26T00:00:00,PROD_105,370.27,DEV_N_147,ADDR_N_147,COMPLETED,0,0.0,LOW
ORD_ACC_N_147_1,ACC_N_147,2026-07-24T00:00:00,PROD_118,468.27,DEV_N_147,ADDR_N_147,COMPLETED,0,0.0,LOW
ORD_ACC_N_148_0,ACC_N_148,2026-03-22T00:00:00,PROD_139,144.64,DEV_N_148,ADDR_N_148,COMPLETED,0,0.0,LOW
ORD_ACC_N_148_1,ACC_N_148,2026-06-26T00:00:00,PROD_146,314.86,DEV_N_148,ADDR_N_148,COMPLETED,0,0.0,LOW
ORD_ACC_N_148_2,ACC_N_148,2025-12-22T00:00:00,PROD_114,407.83,DEV_N_148,ADDR_N_148,COMPLETED,0,0.0,LOW
ORD_ACC_N_148_3,ACC_N_148,2026-05-24T00:00:00,PROD_140,20.76,DEV_N_148,ADDR_N_148,REFUNDED,1,0.0,LOW
ORD_ACC_N_148_4,ACC_N_148,2025-10-20T00:00:00,PROD_121,499.51,DEV_N_148,ADDR_N_148,COMPLETED,0,0.0,LOW
ORD_ACC_N_148_5,ACC_N_148,2025-11-18T00:00:00,PROD_140,406.9,DEV_N_148,ADDR_N_148,COMPLETED,0,0.0,LOW
ORD_ACC_N_148_6,ACC_N_148,2026-04-09T00:00:00,PROD_119,142.12,DEV_N_148,ADDR_N_148,COMPLETED,0,0.0,LOW
ORD_ACC_N_148_7,ACC_N_148,2025-11-23T00:00:00,PROD_143,175.48,DEV_N_148,ADDR_N_148,REFUNDED,1,0.0,LOW
ORD_ACC_N_148_8,ACC_N_148,2026-02-10T00:00:00,PROD_101,367.71,DEV_N_148,ADDR_N_148,COMPLETED,0,0.0,LOW
ORD_ACC_N_148_9,ACC_N_148,2026-05-24T00:00:00,PROD_143,178.65,DEV_N_148,ADDR_N_148,COMPLETED,0,0.0,LOW
ORD_ACC_N_148_10,ACC_N_148,2026-01-01T00:00:00,PROD_130,402.68,DEV_N_148,ADDR_N_148,COMPLETED,0,0.0,LOW
ORD_ACC_N_148_11,ACC_N_148,2026-01-08T00:00:00,PROD_121,448.19,DEV_N_148,ADDR_N_148,COMPLETED,0,0.0,LOW
ORD_ACC_N_148_12,ACC_N_148,2026-02-01T00:00:00,PROD_133,465.34,DEV_N_148,ADDR_N_148,COMPLETED,0,0.0,LOW
ORD_ACC_N_148_13,ACC_N_148,2025-11-15T00:00:00,PROD_134,367.98,DEV_N_148,ADDR_N_148,COMPLETED,0,0.0,LOW
ORD_ACC_N_149_0,ACC_N_149,2026-06-05T00:00:00,PROD_122,179.23,DEV_N_149,ADDR_N_149,COMPLETED,0,0.0,LOW
ORD_ACC_N_149_1,ACC_N_149,2026-08-12T00:00:00,PROD_124,154.62,DEV_N_149,ADDR_N_149,REFUNDED,1,0.0,LOW
ORD_ACC_N_149_2,ACC_N_149,2026-06-19T00:00:00,PROD_107,310.73,DEV_N_149,ADDR_N_149,COMPLETED,0,0.0,LOW
ORD_ACC_N_149_3,ACC_N_149,2026-06-02T00:00:00,PROD_117,431.75,DEV_N_149,ADDR_N_149,COMPLETED,0,0.0,LOW
ORD_ACC_N_149_4,ACC_N_149,2026-08-20T00:00:00,PROD_128,258.59,DEV_N_149,ADDR_N_149,COMPLETED,0,0.0,LOW
ORD_ACC_N_149_5,ACC_N_149,2026-08-04T00:00:00,PROD_123,272.05,DEV_N_149,ADDR_N_149,COMPLETED,0,0.0,LOW
ORD_ACC_N_149_6,ACC_N_149,2026-05-24T00:00:00,PROD_132,117.01,DEV_N_149,ADDR_N_149,COMPLETED,0,0.0,LOW
ORD_ACC_N_149_7,ACC_N_149,2026-05-21T00:00:00,PROD_112,251.68,DEV_N_149,ADDR_N_149,COMPLETED,0,0.0,LOW
ORD_ACC_N_149_8,ACC_N_149,2026-07-01T00:00:00,PROD_149,371.57,DEV_N_149,ADDR_N_149,COMPLETED,0,0.0,LOW
ORD_ACC_N_149_9,ACC_N_149,2026-08-13T00:00:00,PROD_133,389.35,DEV_N_149,ADDR_N_149,COMPLETED,0,0.0,LOW
ORD_ACC_N_150_0,ACC_N_150,2026-08-27T00:00:00,PROD_133,240.5,DEV_N_149,ADDR_N_149,COMPLETED,0,0.0,LOW
ORD_ACC_N_150_1,ACC_N_150,2026-08-31T00:00:00,PROD_138,169.27,DEV_N_149,ADDR_N_149,REFUNDED,1,0.0,LOW
ORD_ACC_N_150_2,ACC_N_150,2026-07-03T00:00:00,PROD_149,446.81,DEV_N_149,ADDR_N_149,COMPLETED,0,0.0,LOW
ORD_ACC_N_150_3,ACC_N_150,2026-08-29T00:00:00,PROD_113,297.23,DEV_N_149,ADDR_N_149,COMPLETED,0,0.0,LOW
ORD_ACC_N_150_4,ACC_N_150,2026-08-06T00:00:00,PROD_120,112.42,DEV_N_149,ADDR_N_149,COMPLETED,0,0.0,LOW
ORD_ACC_N_150_5,ACC_N_150,2026-06-07T00:00:00,PROD_117,76.47,DEV_N_149,ADDR_N_149,COMPLETED,0,0.0,LOW
ORD_ACC_N_150_6,ACC_N_150,2026-08-30T00:00:00,PROD_106,479.98,DEV_N_149,ADDR_N_149,COMPLETED,0,0.0,LOW
ORD_ACC_N_150_7,ACC_N_150,2026-06-23T00:00:00,PROD_109,188.15,DEV_N_149,ADDR_N_149,COMPLETED,0,0.0,LOW
ORD_ACC_N_150_8,ACC_N_150,2026-06-19T00:00:00,PROD_139,137.52,DEV_N_149,ADDR_N_149,COMPLETED,0,0.0,LOW
ORD_ACC_N_150_9,ACC_N_150,2026-06-23T00:00:00,PROD_130,232.95,DEV_N_149,ADDR_N_149,COMPLETED,0,0.0,LOW
ORD_ACC_N_150_10,ACC_N_150,2026-08-18T00:00:00,PROD_125,204.13,DEV_N_149,ADDR_N_149,COMPLETED,0,0.0,LOW
ORD_ACC_N_150_11,ACC_N_150,2026-06-02T00:00:00,PROD_144,306.14,DEV_N_149,ADDR_N_149,COMPLETED,0,0.0,LOW
ORD_ACC_N_151_0,ACC_N_151,2026-03-25T00:00:00,PROD_148,179.52,DEV_N_151,ADDR_N_151,COMPLETED,0,0.0,LOW
ORD_ACC_N_151_1,ACC_N_151,2026-07-22T00:00:00,PROD_129,487.37,DEV_N_151,ADDR_N_151,COMPLETED,0,0.0,LOW
ORD_ACC_N_151_2,ACC_N_151,2026-06-25T00:00:00,PROD_144,64.6,DEV_N_151,ADDR_N_151,COMPLETED,0,0.0,LOW
ORD_ACC_N_151_3,ACC_N_151,2026-07-13T00:00:00,PROD_145,238.68,DEV_N_151,ADDR_N_151,COMPLETED,0,0.0,LOW
ORD_ACC_N_151_4,ACC_N_151,2026-01-03T00:00:00,PROD_139,131.21,DEV_N_151,ADDR_N_151,COMPLETED,0,0.0,LOW
ORD_ACC_N_151_5,ACC_N_151,2026-02-26T00:00:00,PROD_142,208.2,DEV_N_151,ADDR_N_151,COMPLETED,0,0.0,LOW
ORD_ACC_N_152_0,ACC_N_152,2026-04-29T00:00:00,PROD_122,34.53,DEV_N_152,ADDR_N_152,COMPLETED,0,0.0,LOW
ORD_ACC_N_152_1,ACC_N_152,2026-05-05T00:00:00,PROD_122,425.97,DEV_N_152,ADDR_N_152,COMPLETED,0,0.0,LOW
ORD_ACC_N_152_2,ACC_N_152,2026-04-06T00:00:00,PROD_145,81.15,DEV_N_152,ADDR_N_152,COMPLETED,0,0.0,LOW
ORD_ACC_N_152_3,ACC_N_152,2026-06-09T00:00:00,PROD_119,286.95,DEV_N_152,ADDR_N_152,COMPLETED,0,0.0,LOW
ORD_ACC_N_152_4,ACC_N_152,2026-05-05T00:00:00,PROD_139,212.39,DEV_N_152,ADDR_N_152,COMPLETED,0,0.0,LOW
ORD_ACC_N_152_5,ACC_N_152,2026-04-13T00:00:00,PROD_104,96.33,DEV_N_152,ADDR_N_152,COMPLETED,0,0.0,LOW
ORD_ACC_N_152_6,ACC_N_152,2026-07-09T00:00:00,PROD_127,410.68,DEV_N_152,ADDR_N_152,COMPLETED,0,0.0,LOW
ORD_ACC_N_152_7,ACC_N_152,2026-06-05T00:00:00,PROD_142,281.37,DEV_N_152,ADDR_N_152,COMPLETED,0,0.0,LOW
ORD_ACC_N_153_0,ACC_N_153,2025-12-25T00:00:00,PROD_120,74.87,DEV_N_153,ADDR_N_153,COMPLETED,0,0.0,LOW
ORD_ACC_N_153_1,ACC_N_153,2026-07-13T00:00:00,PROD_125,414.57,DEV_N_153,ADDR_N_153,COMPLETED,0,0.0,LOW
ORD_ACC_N_153_2,ACC_N_153,2026-07-07T00:00:00,PROD_124,349.04,DEV_N_153,ADDR_N_153,COMPLETED,0,0.0,LOW
ORD_ACC_N_153_3,ACC_N_153,2025-12-21T00:00:00,PROD_113,329.59,DEV_N_153,ADDR_N_153,COMPLETED,0,0.0,LOW
ORD_ACC_N_153_4,ACC_N_153,2025-11-07T00:00:00,PROD_100,453.56,DEV_N_153,ADDR_N_153,COMPLETED,0,0.0,LOW
ORD_ACC_N_153_5,ACC_N_153,2026-06-16T00:00:00,PROD_139,237.43,DEV_N_153,ADDR_N_153,COMPLETED,0,0.0,LOW
ORD_ACC_N_153_6,ACC_N_153,2026-01-15T00:00:00,PROD_120,113.92,DEV_N_153,ADDR_N_153,COMPLETED,0,0.0,LOW
ORD_ACC_N_153_7,ACC_N_153,2025-11-13T00:00:00,PROD_127,401.29,DEV_N_153,ADDR_N_153,COMPLETED,0,0.0,LOW
ORD_ACC_N_153_8,ACC_N_153,2026-07-17T00:00:00,PROD_132,299.71,DEV_N_153,ADDR_N_153,COMPLETED,0,0.0,LOW
ORD_ACC_N_153_9,ACC_N_153,2026-06-27T00:00:00,PROD_135,429.2,DEV_N_153,ADDR_N_153,COMPLETED,0,0.0,LOW
ORD_ACC_N_153_10,ACC_N_153,2026-08-31T00:00:00,PROD_122,357.61,DEV_N_153,ADDR_N_153,COMPLETED,0,0.0,LOW
ORD_ACC_N_153_11,ACC_N_153,2026-04-09T00:00:00,PROD_144,435.53,DEV_N_153,ADDR_N_153,COMPLETED,0,0.0,LOW
ORD_ACC_N_153_12,ACC_N_153,2026-02-11T00:00:00,PROD_125,320.1,DEV_N_153,ADDR_N_153,COMPLETED,0,0.0,LOW
ORD_ACC_N_153_13,ACC_N_153,2026-01-21T00:00:00,PROD_130,281.66,DEV_N_153,ADDR_N_153,COMPLETED,0,0.0,LOW
ORD_ACC_N_154_0,ACC_N_154,2026-07-13T00:00:00,PROD_126,424.8,DEV_N_154,ADDR_N_154,COMPLETED,0,0.0,LOW
ORD_ACC_N_154_1,ACC_N_154,2026-07-26T00:00:00,PROD_108,498.78,DEV_N_154,ADDR_N_154,COMPLETED,0,0.0,LOW
ORD_ACC_N_154_2,ACC_N_154,2026-08-22T00:00:00,PROD_131,331.23,DEV_N_154,ADDR_N_154,COMPLETED,0,0.0,LOW
ORD_ACC_N_154_3,ACC_N_154,2026-08-14T00:00:00,PROD_126,60.64,DEV_N_154,ADDR_N_154,COMPLETED,0,0.0,LOW
ORD_ACC_N_154_4,ACC_N_154,2026-05-23T00:00:00,PROD_139,353.79,DEV_N_154,ADDR_N_154,COMPLETED,0,0.0,LOW
ORD_ACC_N_154_5,ACC_N_154,2026-07-04T00:00:00,PROD_128,264.52,DEV_N_154,ADDR_N_154,COMPLETED,0,0.0,LOW
ORD_ACC_N_154_6,ACC_N_154,2026-07-17T00:00:00,PROD_100,128.36,DEV_N_154,ADDR_N_154,COMPLETED,0,0.0,LOW
ORD_ACC_N_154_7,ACC_N_154,2026-06-29T00:00:00,PROD_132,426.47,DEV_N_154,ADDR_N_154,COMPLETED,0,0.0,LOW
ORD_ACC_N_154_8,ACC_N_154,2026-07-10T00:00:00,PROD_102,464.75,DEV_N_154,ADDR_N_154,COMPLETED,0,0.0,LOW
ORD_ACC_N_155_0,ACC_N_155,2026-02-24T00:00:00,PROD_144,74.32,DEV_N_155,ADDR_N_155,COMPLETED,0,0.0,LOW
ORD_ACC_N_155_1,ACC_N_155,2026-06-20T00:00:00,PROD_148,370.49,DEV_N_155,ADDR_N_155,COMPLETED,0,0.0,LOW
ORD_ACC_N_155_2,ACC_N_155,2026-01-05T00:00:00,PROD_139,268.14,DEV_N_155,ADDR_N_155,COMPLETED,0,0.0,LOW
ORD_ACC_N_155_3,ACC_N_155,2026-04-28T00:00:00,PROD_142,246.78,DEV_N_155,ADDR_N_155,COMPLETED,0,0.0,LOW
ORD_ACC_N_155_4,ACC_N_155,2025-11-28T00:00:00,PROD_103,403.09,DEV_N_155,ADDR_N_155,COMPLETED,0,0.0,LOW
ORD_ACC_N_155_5,ACC_N_155,2025-12-01T00:00:00,PROD_132,393.69,DEV_N_155,ADDR_N_155,COMPLETED,0,0.0,LOW
ORD_ACC_N_155_6,ACC_N_155,2025-11-11T00:00:00,PROD_118,372.23,DEV_N_155,ADDR_N_155,COMPLETED,0,0.0,LOW
ORD_ACC_N_155_7,ACC_N_155,2026-06-07T00:00:00,PROD_147,36.96,DEV_N_155,ADDR_N_155,COMPLETED,0,0.0,LOW
ORD_ACC_N_156_0,ACC_N_156,2026-07-31T00:00:00,PROD_136,322.06,DEV_N_156,ADDR_N_156,COMPLETED,0,0.0,LOW
ORD_ACC_N_156_1,ACC_N_156,2026-04-04T00:00:00,PROD_118,408.27,DEV_N_156,ADDR_N_156,COMPLETED,0,0.0,LOW
ORD_ACC_N_156_2,ACC_N_156,2026-07-20T00:00:00,PROD_117,80.87,DEV_N_156,ADDR_N_156,COMPLETED,0,0.0,LOW
ORD_ACC_N_156_3,ACC_N_156,2026-06-25T00:00:00,PROD_116,315.58,DEV_N_156,ADDR_N_156,COMPLETED,0,0.0,LOW
ORD_ACC_N_156_4,ACC_N_156,2026-07-05T00:00:00,PROD_147,309.83,DEV_N_156,ADDR_N_156,COMPLETED,0,0.0,LOW
ORD_ACC_N_157_0,ACC_N_157,2026-02-23T00:00:00,PROD_144,407.76,DEV_N_157,ADDR_N_157,COMPLETED,0,0.0,LOW
ORD_ACC_N_157_1,ACC_N_157,2025-12-26T00:00:00,PROD_102,106.79,DEV_N_157,ADDR_N_157,COMPLETED,0,0.0,LOW
ORD_ACC_N_157_2,ACC_N_157,2026-07-19T00:00:00,PROD_109,484.33,DEV_N_157,ADDR_N_157,COMPLETED,0,0.0,LOW
ORD_ACC_N_157_3,ACC_N_157,2026-02-01T00:00:00,PROD_128,389.78,DEV_N_157,ADDR_N_157,COMPLETED,0,0.0,LOW
ORD_ACC_N_157_4,ACC_N_157,2026-05-16T00:00:00,PROD_103,297.32,DEV_N_157,ADDR_N_157,COMPLETED,0,0.0,LOW
ORD_ACC_N_157_5,ACC_N_157,2026-07-03T00:00:00,PROD_130,45.21,DEV_N_157,ADDR_N_157,COMPLETED,0,0.0,LOW
ORD_ACC_N_157_6,ACC_N_157,2025-12-31T00:00:00,PROD_134,378.15,DEV_N_157,ADDR_N_157,COMPLETED,0,0.0,LOW
ORD_ACC_N_157_7,ACC_N_157,2026-02-18T00:00:00,PROD_116,348.08,DEV_N_157,ADDR_N_157,COMPLETED,0,0.0,LOW
ORD_ACC_N_158_0,ACC_N_158,2026-01-21T00:00:00,PROD_128,25.69,DEV_N_158,ADDR_N_158,COMPLETED,0,0.0,LOW
ORD_ACC_N_158_1,ACC_N_158,2026-03-23T00:00:00,PROD_102,481.65,DEV_N_158,ADDR_N_158,COMPLETED,0,0.0,LOW
ORD_ACC_N_158_2,ACC_N_158,2025-12-02T00:00:00,PROD_127,325.96,DEV_N_158,ADDR_N_158,COMPLETED,0,0.0,LOW
ORD_ACC_N_158_3,ACC_N_158,2026-04-14T00:00:00,PROD_106,180.78,DEV_N_158,ADDR_N_158,COMPLETED,0,0.0,LOW
ORD_ACC_N_158_4,ACC_N_158,2026-02-12T00:00:00,PROD_115,241.33,DEV_N_158,ADDR_N_158,COMPLETED,0,0.0,LOW
ORD_ACC_N_158_5,ACC_N_158,2026-05-24T00:00:00,PROD_111,269.58,DEV_N_158,ADDR_N_158,COMPLETED,0,0.0,LOW
ORD_ACC_N_158_6,ACC_N_158,2025-11-24T00:00:00,PROD_104,25.08,DEV_N_158,ADDR_N_158,REFUNDED,1,0.0,LOW
ORD_ACC_N_158_7,ACC_N_158,2026-07-12T00:00:00,PROD_122,272.13,DEV_N_158,ADDR_N_158,COMPLETED,0,0.0,LOW
ORD_ACC_N_158_8,ACC_N_158,2026-04-08T00:00:00,PROD_139,140.91,DEV_N_158,ADDR_N_158,REFUNDED,1,0.0,LOW
ORD_ACC_N_158_9,ACC_N_158,2026-05-12T00:00:00,PROD_145,476.23,DEV_N_158,ADDR_N_158,COMPLETED,0,0.0,LOW
ORD_ACC_N_158_10,ACC_N_158,2026-07-18T00:00:00,PROD_142,431.09,DEV_N_158,ADDR_N_158,COMPLETED,0,0.0,LOW
ORD_ACC_N_158_11,ACC_N_158,2026-05-29T00:00:00,PROD_116,450.08,DEV_N_158,ADDR_N_158,COMPLETED,0,0.0,LOW
ORD_ACC_N_158_12,ACC_N_158,2026-01-04T00:00:00,PROD_129,337.03,DEV_N_158,ADDR_N_158,COMPLETED,0,0.0,LOW
ORD_ACC_N_158_13,ACC_N_158,2026-01-25T00:00:00,PROD_149,352.27,DEV_N_158,ADDR_N_158,COMPLETED,0,0.0,LOW
ORD_ACC_N_159_0,ACC_N_159,2026-08-13T00:00:00,PROD_124,153.1,DEV_N_159,ADDR_N_159,COMPLETED,0,0.0,LOW
ORD_ACC_N_159_1,ACC_N_159,2026-08-16T00:00:00,PROD_111,143.95,DEV_N_159,ADDR_N_159,COMPLETED,0,0.0,LOW
ORD_ACC_N_159_2,ACC_N_159,2026-08-14T00:00:00,PROD_139,256.03,DEV_N_159,ADDR_N_159,COMPLETED,0,0.0,LOW
ORD_ACC_N_160_0,ACC_N_160,2026-06-30T00:00:00,PROD_127,72.05,DEV_N_159,ADDR_N_159,COMPLETED,0,0.0,LOW
ORD_ACC_N_160_1,ACC_N_160,2026-06-14T00:00:00,PROD_145,328.8,DEV_N_159,ADDR_N_159,COMPLETED,0,0.0,LOW
ORD_ACC_N_160_2,ACC_N_160,2026-08-18T00:00:00,PROD_146,36.73,DEV_N_159,ADDR_N_159,COMPLETED,0,0.0,LOW
ORD_ACC_N_160_3,ACC_N_160,2026-05-24T00:00:00,PROD_109,234.02,DEV_N_159,ADDR_N_159,COMPLETED,0,0.0,LOW
ORD_ACC_N_160_4,ACC_N_160,2026-08-27T00:00:00,PROD_144,339.01,DEV_N_159,ADDR_N_159,COMPLETED,0,0.0,LOW
ORD_ACC_N_160_5,ACC_N_160,2026-07-12T00:00:00,PROD_149,295.83,DEV_N_159,ADDR_N_159,COMPLETED,0,0.0,LOW
ORD_ACC_N_160_6,ACC_N_160,2026-07-01T00:00:00,PROD_149,229.31,DEV_N_159,ADDR_N_159,COMPLETED,0,0.0,LOW
ORD_ACC_N_160_7,ACC_N_160,2026-06-23T00:00:00,PROD_144,128.41,DEV_N_159,ADDR_N_159,COMPLETED,0,0.0,LOW
ORD_ACC_N_160_8,ACC_N_160,2026-08-16T00:00:00,PROD_122,292.28,DEV_N_159,ADDR_N_159,COMPLETED,0,0.0,LOW
ORD_ACC_N_160_9,ACC_N_160,2026-06-05T00:00:00,PROD_141,165.36,DEV_N_159,ADDR_N_159,COMPLETED,0,0.0,LOW
ORD_ACC_N_160_10,ACC_N_160,2026-07-16T00:00:00,PROD_105,276.62,DEV_N_159,ADDR_N_159,COMPLETED,0,0.0,LOW
ORD_ACC_N_161_0,ACC_N_161,2026-07-11T00:00:00,PROD_124,104.78,DEV_N_161,ADDR_N_161,REFUNDED,1,0.0,LOW
ORD_ACC_N_161_1,ACC_N_161,2026-05-24T00:00:00,PROD_122,450.3,DEV_N_161,ADDR_N_161,COMPLETED,0,0.0,LOW
ORD_ACC_N_161_2,ACC_N_161,2026-08-10T00:00:00,PROD_112,444.9,DEV_N_161,ADDR_N_161,COMPLETED,0,0.0,LOW
ORD_ACC_N_161_3,ACC_N_161,2026-08-22T00:00:00,PROD_137,112.68,DEV_N_161,ADDR_N_161,COMPLETED,0,0.0,LOW
ORD_ACC_N_161_4,ACC_N_161,2026-04-28T00:00:00,PROD_141,206.61,DEV_N_161,ADDR_N_161,COMPLETED,0,0.0,LOW
ORD_ACC_N_161_5,ACC_N_161,2026-04-26T00:00:00,PROD_128,276.29,DEV_N_161,ADDR_N_161,COMPLETED,0,0.0,LOW
ORD_ACC_N_161_6,ACC_N_161,2026-08-22T00:00:00,PROD_146,182.86,DEV_N_161,ADDR_N_161,COMPLETED,0,0.0,LOW
ORD_ACC_N_161_7,ACC_N_161,2026-05-20T00:00:00,PROD_142,76.73,DEV_N_161,ADDR_N_161,COMPLETED,0,0.0,LOW
ORD_ACC_N_161_8,ACC_N_161,2026-05-06T00:00:00,PROD_134,471.24,DEV_N_161,ADDR_N_161,COMPLETED,0,0.0,LOW
ORD_ACC_N_161_9,ACC_N_161,2026-04-05T00:00:00,PROD_147,131.83,DEV_N_161,ADDR_N_161,COMPLETED,0,0.0,LOW
ORD_ACC_N_161_10,ACC_N_161,2026-04-28T00:00:00,PROD_139,333.84,DEV_N_161,ADDR_N_161,COMPLETED,0,0.0,LOW
ORD_ACC_N_162_0,ACC_N_162,2026-07-29T00:00:00,PROD_119,26.9,DEV_N_162,ADDR_N_162,COMPLETED,0,0.0,LOW
ORD_ACC_N_162_1,ACC_N_162,2026-05-07T00:00:00,PROD_104,313.39,DEV_N_162,ADDR_N_162,COMPLETED,0,0.0,LOW
ORD_ACC_N_162_2,ACC_N_162,2026-08-02T00:00:00,PROD_114,258.63,DEV_N_162,ADDR_N_162,COMPLETED,0,0.0,LOW
ORD_ACC_N_162_3,ACC_N_162,2026-07-11T00:00:00,PROD_147,224.58,DEV_N_162,ADDR_N_162,COMPLETED,0,0.0,LOW
ORD_ACC_N_162_4,ACC_N_162,2026-06-09T00:00:00,PROD_134,77.99,DEV_N_162,ADDR_N_162,COMPLETED,0,0.0,LOW
ORD_ACC_N_162_5,ACC_N_162,2026-06-10T00:00:00,PROD_148,421.49,DEV_N_162,ADDR_N_162,COMPLETED,0,0.0,LOW
ORD_ACC_N_162_6,ACC_N_162,2026-07-18T00:00:00,PROD_109,181.04,DEV_N_162,ADDR_N_162,COMPLETED,0,0.0,LOW
ORD_ACC_N_162_7,ACC_N_162,2026-07-19T00:00:00,PROD_128,354.22,DEV_N_162,ADDR_N_162,COMPLETED,0,0.0,LOW
ORD_ACC_N_162_8,ACC_N_162,2026-08-21T00:00:00,PROD_140,84.02,DEV_N_162,ADDR_N_162,COMPLETED,0,0.0,LOW
ORD_ACC_N_162_9,ACC_N_162,2026-05-27T00:00:00,PROD_131,393.28,DEV_N_162,ADDR_N_162,REFUNDED,1,0.0,LOW
ORD_ACC_N_162_10,ACC_N_162,2026-08-30T00:00:00,PROD_141,106.12,DEV_N_162,ADDR_N_162,COMPLETED,0,0.0,LOW
ORD_ACC_N_162_11,ACC_N_162,2026-06-20T00:00:00,PROD_149,219.79,DEV_N_162,ADDR_N_162,COMPLETED,0,0.0,LOW
ORD_ACC_N_163_0,ACC_N_163,2026-05-18T00:00:00,PROD_128,88.68,DEV_N_163,ADDR_N_163,COMPLETED,0,0.0,LOW
ORD_ACC_N_163_1,ACC_N_163,2026-05-01T00:00:00,PROD_102,470.28,DEV_N_163,ADDR_N_163,COMPLETED,0,0.0,LOW
ORD_ACC_N_163_2,ACC_N_163,2026-05-31T00:00:00,PROD_105,364.26,DEV_N_163,ADDR_N_163,COMPLETED,0,0.0,LOW
ORD_ACC_N_164_0,ACC_N_164,2026-08-30T00:00:00,PROD_133,287.7,DEV_N_164,ADDR_N_164,COMPLETED,0,0.0,LOW
ORD_ACC_N_164_1,ACC_N_164,2026-03-26T00:00:00,PROD_134,193.71,DEV_N_164,ADDR_N_164,COMPLETED,0,0.0,LOW
ORD_ACC_N_164_2,ACC_N_164,2026-07-06T00:00:00,PROD_113,242.82,DEV_N_164,ADDR_N_164,COMPLETED,0,0.0,LOW
ORD_ACC_N_164_3,ACC_N_164,2026-08-18T00:00:00,PROD_143,112.99,DEV_N_164,ADDR_N_164,COMPLETED,0,0.0,LOW
ORD_ACC_N_164_4,ACC_N_164,2026-04-26T00:00:00,PROD_102,104.64,DEV_N_164,ADDR_N_164,COMPLETED,0,0.0,LOW
ORD_ACC_N_164_5,ACC_N_164,2026-03-19T00:00:00,PROD_116,194.81,DEV_N_164,ADDR_N_164,COMPLETED,0,0.0,LOW
ORD_ACC_N_164_6,ACC_N_164,2026-03-27T00:00:00,PROD_102,406.47,DEV_N_164,ADDR_N_164,COMPLETED,0,0.0,LOW
ORD_ACC_N_165_0,ACC_N_165,2026-07-28T00:00:00,PROD_131,104.43,DEV_N_165,ADDR_N_165,COMPLETED,0,0.0,LOW
ORD_ACC_N_165_1,ACC_N_165,2026-08-24T00:00:00,PROD_128,54.01,DEV_N_165,ADDR_N_165,COMPLETED,0,0.0,LOW
ORD_ACC_N_165_2,ACC_N_165,2026-08-11T00:00:00,PROD_120,221.15,DEV_N_165,ADDR_N_165,COMPLETED,0,0.0,LOW
ORD_ACC_N_165_3,ACC_N_165,2026-08-24T00:00:00,PROD_147,176.54,DEV_N_165,ADDR_N_165,COMPLETED,0,0.0,LOW
ORD_ACC_N_165_4,ACC_N_165,2026-08-19T00:00:00,PROD_130,200.26,DEV_N_165,ADDR_N_165,COMPLETED,0,0.0,LOW
ORD_ACC_N_165_5,ACC_N_165,2026-07-31T00:00:00,PROD_113,46.08,DEV_N_165,ADDR_N_165,COMPLETED,0,0.0,LOW
ORD_ACC_N_165_6,ACC_N_165,2026-08-02T00:00:00,PROD_129,105.47,DEV_N_165,ADDR_N_165,COMPLETED,0,0.0,LOW
ORD_ACC_N_165_7,ACC_N_165,2026-08-09T00:00:00,PROD_108,488.27,DEV_N_165,ADDR_N_165,COMPLETED,0,0.0,LOW
ORD_ACC_N_165_8,ACC_N_165,2026-08-28T00:00:00,PROD_129,154.69,DEV_N_165,ADDR_N_165,COMPLETED,0,0.0,LOW
ORD_ACC_N_165_9,ACC_N_165,2026-08-05T00:00:00,PROD_118,102.18,DEV_N_165,ADDR_N_165,COMPLETED,0,0.0,LOW
ORD_ACC_N_165_10,ACC_N_165,2026-08-21T00:00:00,PROD_139,398.98,DEV_N_165,ADDR_N_165,COMPLETED,0,0.0,LOW
ORD_ACC_N_165_11,ACC_N_165,2026-07-27T00:00:00,PROD_133,430.4,DEV_N_165,ADDR_N_165,COMPLETED,0,0.0,LOW
ORD_ACC_N_165_12,ACC_N_165,2026-08-18T00:00:00,PROD_117,303.96,DEV_N_165,ADDR_N_165,COMPLETED,0,0.0,LOW
ORD_ACC_N_165_13,ACC_N_165,2026-08-04T00:00:00,PROD_120,373.37,DEV_N_165,ADDR_N_165,COMPLETED,0,0.0,LOW
ORD_ACC_N_165_14,ACC_N_165,2026-08-17T00:00:00,PROD_109,448.07,DEV_N_165,ADDR_N_165,COMPLETED,0,0.0,LOW
ORD_ACC_N_166_0,ACC_N_166,2026-08-31T00:00:00,PROD_149,39.23,DEV_N_166,ADDR_N_166,COMPLETED,0,0.0,LOW
ORD_ACC_N_166_1,ACC_N_166,2026-08-31T00:00:00,PROD_144,224.33,DEV_N_166,ADDR_N_166,COMPLETED,0,0.0,LOW
ORD_ACC_N_166_2,ACC_N_166,2026-08-24T00:00:00,PROD_148,257.74,DEV_N_166,ADDR_N_166,COMPLETED,0,0.0,LOW
ORD_ACC_N_166_3,ACC_N_166,2026-08-20T00:00:00,PROD_108,371.26,DEV_N_166,ADDR_N_166,COMPLETED,0,0.0,LOW
ORD_ACC_N_166_4,ACC_N_166,2026-08-27T00:00:00,PROD_101,134.75,DEV_N_166,ADDR_N_166,COMPLETED,0,0.0,LOW
ORD_ACC_N_166_5,ACC_N_166,2026-08-21T00:00:00,PROD_136,166.32,DEV_N_166,ADDR_N_166,COMPLETED,0,0.0,LOW
ORD_ACC_N_166_6,ACC_N_166,2026-08-31T00:00:00,PROD_108,488.68,DEV_N_166,ADDR_N_166,COMPLETED,0,0.0,LOW
ORD_ACC_N_167_0,ACC_N_167,2026-07-15T00:00:00,PROD_100,320.87,DEV_N_167,ADDR_N_167,COMPLETED,0,0.0,LOW
ORD_ACC_N_167_1,ACC_N_167,2026-07-13T00:00:00,PROD_102,448.85,DEV_N_167,ADDR_N_167,COMPLETED,0,0.0,LOW
ORD_ACC_N_167_2,ACC_N_167,2026-07-08T00:00:00,PROD_139,381.39,DEV_N_167,ADDR_N_167,COMPLETED,0,0.0,LOW
ORD_ACC_N_167_3,ACC_N_167,2026-06-19T00:00:00,PROD_105,401.35,DEV_N_167,ADDR_N_167,COMPLETED,0,0.0,LOW
ORD_ACC_N_167_4,ACC_N_167,2026-07-20T00:00:00,PROD_143,373.17,DEV_N_167,ADDR_N_167,COMPLETED,0,0.0,LOW
ORD_ACC_N_167_5,ACC_N_167,2026-08-25T00:00:00,PROD_139,73.26,DEV_N_167,ADDR_N_167,COMPLETED,0,0.0,LOW
ORD_ACC_N_167_6,ACC_N_167,2026-07-16T00:00:00,PROD_145,195.89,DEV_N_167,ADDR_N_167,COMPLETED,0,0.0,LOW
ORD_ACC_N_167_7,ACC_N_167,2026-06-21T00:00:00,PROD_121,360.48,DEV_N_167,ADDR_N_167,COMPLETED,0,0.0,LOW
ORD_ACC_N_167_8,ACC_N_167,2026-06-23T00:00:00,PROD_148,74.51,DEV_N_167,ADDR_N_167,COMPLETED,0,0.0,LOW
ORD_ACC_N_167_9,ACC_N_167,2026-06-03T00:00:00,PROD_114,120.7,DEV_N_167,ADDR_N_167,COMPLETED,0,0.0,LOW
ORD_ACC_N_167_10,ACC_N_167,2026-07-17T00:00:00,PROD_127,451.01,DEV_N_167,ADDR_N_167,COMPLETED,0,0.0,LOW
ORD_ACC_N_167_11,ACC_N_167,2026-08-25T00:00:00,PROD_131,50.42,DEV_N_167,ADDR_N_167,COMPLETED,0,0.0,LOW
ORD_ACC_N_167_12,ACC_N_167,2026-06-25T00:00:00,PROD_134,418.19,DEV_N_167,ADDR_N_167,COMPLETED,0,0.0,LOW
ORD_ACC_N_168_0,ACC_N_168,2026-03-26T00:00:00,PROD_144,196.71,DEV_N_168,ADDR_N_168,COMPLETED,0,0.0,LOW
ORD_ACC_N_168_1,ACC_N_168,2026-07-14T00:00:00,PROD_105,448.11,DEV_N_168,ADDR_N_168,COMPLETED,0,0.0,LOW
ORD_ACC_N_168_2,ACC_N_168,2026-07-17T00:00:00,PROD_106,158.42,DEV_N_168,ADDR_N_168,COMPLETED,0,0.0,LOW
ORD_ACC_N_168_3,ACC_N_168,2026-06-22T00:00:00,PROD_109,73.77,DEV_N_168,ADDR_N_168,COMPLETED,0,0.0,LOW
ORD_ACC_N_168_4,ACC_N_168,2026-04-20T00:00:00,PROD_126,477.01,DEV_N_168,ADDR_N_168,REFUNDED,1,0.0,LOW
ORD_ACC_N_168_5,ACC_N_168,2026-05-02T00:00:00,PROD_141,186.42,DEV_N_168,ADDR_N_168,COMPLETED,0,0.0,LOW
ORD_ACC_N_168_6,ACC_N_168,2026-06-18T00:00:00,PROD_114,110.75,DEV_N_168,ADDR_N_168,REFUNDED,1,0.0,LOW
ORD_ACC_N_168_7,ACC_N_168,2026-05-18T00:00:00,PROD_120,297.78,DEV_N_168,ADDR_N_168,COMPLETED,0,0.0,LOW
ORD_ACC_N_169_0,ACC_N_169,2025-12-03T00:00:00,PROD_119,424.12,DEV_N_169,ADDR_N_169,COMPLETED,0,0.0,LOW
ORD_ACC_N_169_1,ACC_N_169,2026-06-25T00:00:00,PROD_116,451.18,DEV_N_169,ADDR_N_169,COMPLETED,0,0.0,LOW
ORD_ACC_N_169_2,ACC_N_169,2025-12-27T00:00:00,PROD_103,198.51,DEV_N_169,ADDR_N_169,COMPLETED,0,0.0,LOW
ORD_ACC_N_169_3,ACC_N_169,2026-03-04T00:00:00,PROD_139,156.5,DEV_N_169,ADDR_N_169,COMPLETED,0,0.0,LOW
ORD_ACC_N_169_4,ACC_N_169,2025-11-30T00:00:00,PROD_145,156.92,DEV_N_169,ADDR_N_169,COMPLETED,0,0.0,LOW
ORD_ACC_N_169_5,ACC_N_169,2026-06-10T00:00:00,PROD_120,134.19,DEV_N_169,ADDR_N_169,REFUNDED,1,0.0,LOW
ORD_ACC_N_169_6,ACC_N_169,2026-01-18T00:00:00,PROD_135,145.0,DEV_N_169,ADDR_N_169,COMPLETED,0,0.0,LOW
ORD_ACC_N_169_7,ACC_N_169,2026-03-22T00:00:00,PROD_128,489.45,DEV_N_169,ADDR_N_169,COMPLETED,0,0.0,LOW
ORD_ACC_N_169_8,ACC_N_169,2026-06-09T00:00:00,PROD_101,276.15,DEV_N_169,ADDR_N_169,COMPLETED,0,0.0,LOW
ORD_ACC_N_169_9,ACC_N_169,2025-12-19T00:00:00,PROD_120,388.89,DEV_N_169,ADDR_N_169,COMPLETED,0,0.0,LOW
ORD_ACC_N_169_10,ACC_N_169,2026-08-29T00:00:00,PROD_132,485.67,DEV_N_169,ADDR_N_169,COMPLETED,0,0.0,LOW
ORD_ACC_N_170_0,ACC_N_170,2026-04-02T00:00:00,PROD_148,247.48,DEV_N_169,ADDR_N_169,COMPLETED,0,0.0,LOW
ORD_ACC_N_170_1,ACC_N_170,2026-06-17T00:00:00,PROD_128,403.8,DEV_N_169,ADDR_N_169,COMPLETED,0,0.0,LOW
ORD_ACC_N_170_2,ACC_N_170,2026-07-05T00:00:00,PROD_108,371.19,DEV_N_169,ADDR_N_169,COMPLETED,0,0.0,LOW
ORD_ACC_N_170_3,ACC_N_170,2026-07-03T00:00:00,PROD_114,167.88,DEV_N_169,ADDR_N_169,COMPLETED,0,0.0,LOW
ORD_ACC_N_170_4,ACC_N_170,2026-03-02T00:00:00,PROD_141,64.39,DEV_N_169,ADDR_N_169,COMPLETED,0,0.0,LOW
ORD_ACC_N_170_5,ACC_N_170,2025-11-06T00:00:00,PROD_149,272.69,DEV_N_169,ADDR_N_169,COMPLETED,0,0.0,LOW
ORD_ACC_N_170_6,ACC_N_170,2026-05-23T00:00:00,PROD_128,30.82,DEV_N_169,ADDR_N_169,COMPLETED,0,0.0,LOW
ORD_ACC_N_170_7,ACC_N_170,2025-12-12T00:00:00,PROD_138,209.32,DEV_N_169,ADDR_N_169,COMPLETED,0,0.0,LOW
ORD_ACC_N_170_8,ACC_N_170,2025-12-13T00:00:00,PROD_123,472.83,DEV_N_169,ADDR_N_169,COMPLETED,0,0.0,LOW
ORD_ACC_N_170_9,ACC_N_170,2026-06-17T00:00:00,PROD_124,363.66,DEV_N_169,ADDR_N_169,COMPLETED,0,0.0,LOW
ORD_ACC_N_170_10,ACC_N_170,2026-08-25T00:00:00,PROD_128,156.63,DEV_N_169,ADDR_N_169,COMPLETED,0,0.0,LOW
ORD_ACC_N_170_11,ACC_N_170,2026-07-18T00:00:00,PROD_147,123.53,DEV_N_169,ADDR_N_169,COMPLETED,0,0.0,LOW
ORD_ACC_N_171_0,ACC_N_171,2026-07-21T00:00:00,PROD_127,406.72,DEV_N_171,ADDR_N_171,COMPLETED,0,0.0,LOW
ORD_ACC_N_171_1,ACC_N_171,2026-07-27T00:00:00,PROD_109,421.05,DEV_N_171,ADDR_N_171,COMPLETED,0,0.0,LOW
ORD_ACC_N_171_2,ACC_N_171,2026-06-15T00:00:00,PROD_121,247.81,DEV_N_171,ADDR_N_171,COMPLETED,0,0.0,LOW
ORD_ACC_N_171_3,ACC_N_171,2026-04-02T00:00:00,PROD_126,382.93,DEV_N_171,ADDR_N_171,COMPLETED,0,0.0,LOW
ORD_ACC_N_171_4,ACC_N_171,2026-05-17T00:00:00,PROD_136,103.95,DEV_N_171,ADDR_N_171,COMPLETED,0,0.0,LOW
ORD_ACC_N_172_0,ACC_N_172,2026-05-17T00:00:00,PROD_102,203.25,DEV_N_172,ADDR_N_172,COMPLETED,0,0.0,LOW
ORD_ACC_N_172_1,ACC_N_172,2026-05-17T00:00:00,PROD_147,300.9,DEV_N_172,ADDR_N_172,COMPLETED,0,0.0,LOW
ORD_ACC_N_172_2,ACC_N_172,2026-08-03T00:00:00,PROD_116,32.88,DEV_N_172,ADDR_N_172,REFUNDED,1,0.0,LOW
ORD_ACC_N_173_0,ACC_N_173,2026-07-26T00:00:00,PROD_144,220.24,DEV_N_173,ADDR_N_173,COMPLETED,0,0.0,LOW
ORD_ACC_N_173_1,ACC_N_173,2026-08-28T00:00:00,PROD_104,77.29,DEV_N_173,ADDR_N_173,COMPLETED,0,0.0,LOW
ORD_ACC_N_173_2,ACC_N_173,2026-07-16T00:00:00,PROD_116,298.91,DEV_N_173,ADDR_N_173,COMPLETED,0,0.0,LOW
ORD_ACC_N_173_3,ACC_N_173,2026-08-16T00:00:00,PROD_101,199.14,DEV_N_173,ADDR_N_173,COMPLETED,0,0.0,LOW
ORD_ACC_N_173_4,ACC_N_173,2026-08-11T00:00:00,PROD_129,299.19,DEV_N_173,ADDR_N_173,COMPLETED,0,0.0,LOW
ORD_ACC_N_173_5,ACC_N_173,2026-07-17T00:00:00,PROD_126,98.39,DEV_N_173,ADDR_N_173,COMPLETED,0,0.0,LOW
ORD_ACC_N_173_6,ACC_N_173,2026-08-25T00:00:00,PROD_104,159.13,DEV_N_173,ADDR_N_173,COMPLETED,0,0.0,LOW
ORD_ACC_N_173_7,ACC_N_173,2026-08-07T00:00:00,PROD_106,387.89,DEV_N_173,ADDR_N_173,COMPLETED,0,0.0,LOW
ORD_ACC_N_173_8,ACC_N_173,2026-08-10T00:00:00,PROD_143,280.98,DEV_N_173,ADDR_N_173,COMPLETED,0,0.0,LOW
ORD_ACC_N_173_9,ACC_N_173,2026-07-28T00:00:00,PROD_106,349.01,DEV_N_173,ADDR_N_173,COMPLETED,0,0.0,LOW
ORD_ACC_N_173_10,ACC_N_173,2026-07-17T00:00:00,PROD_133,415.19,DEV_N_173,ADDR_N_173,REFUNDED,1,0.0,LOW
ORD_ACC_N_174_0,ACC_N_174,2026-03-10T00:00:00,PROD_113,462.04,DEV_N_174,ADDR_N_174,COMPLETED,0,0.0,LOW
ORD_ACC_N_174_1,ACC_N_174,2025-12-17T00:00:00,PROD_135,126.13,DEV_N_174,ADDR_N_174,COMPLETED,0,0.0,LOW
ORD_ACC_N_174_2,ACC_N_174,2026-07-04T00:00:00,PROD_107,220.33,DEV_N_174,ADDR_N_174,COMPLETED,0,0.0,LOW
ORD_ACC_N_174_3,ACC_N_174,2026-08-23T00:00:00,PROD_123,250.17,DEV_N_174,ADDR_N_174,COMPLETED,0,0.0,LOW
ORD_ACC_N_174_4,ACC_N_174,2026-01-17T00:00:00,PROD_148,447.07,DEV_N_174,ADDR_N_174,COMPLETED,0,0.0,LOW
ORD_ACC_N_174_5,ACC_N_174,2026-06-04T00:00:00,PROD_107,360.75,DEV_N_174,ADDR_N_174,REFUNDED,1,0.0,LOW
ORD_ACC_N_174_6,ACC_N_174,2026-06-20T00:00:00,PROD_113,350.26,DEV_N_174,ADDR_N_174,COMPLETED,0,0.0,LOW
ORD_ACC_N_175_0,ACC_N_175,2026-07-18T00:00:00,PROD_101,386.25,DEV_N_175,ADDR_N_175,COMPLETED,0,0.0,LOW
ORD_ACC_N_175_1,ACC_N_175,2026-07-14T00:00:00,PROD_102,227.0,DEV_N_175,ADDR_N_175,COMPLETED,0,0.0,LOW
ORD_ACC_N_175_2,ACC_N_175,2026-07-25T00:00:00,PROD_116,48.45,DEV_N_175,ADDR_N_175,COMPLETED,0,0.0,LOW
ORD_ACC_N_175_3,ACC_N_175,2026-08-27T00:00:00,PROD_106,164.79,DEV_N_175,ADDR_N_175,REFUNDED,1,0.0,LOW
ORD_ACC_N_175_4,ACC_N_175,2026-08-18T00:00:00,PROD_142,302.05,DEV_N_175,ADDR_N_175,COMPLETED,0,0.0,LOW
ORD_ACC_N_175_5,ACC_N_175,2026-08-30T00:00:00,PROD_117,63.57,DEV_N_175,ADDR_N_175,COMPLETED,0,0.0,LOW
ORD_ACC_N_175_6,ACC_N_175,2026-08-09T00:00:00,PROD_149,189.06,DEV_N_175,ADDR_N_175,COMPLETED,0,0.0,LOW
ORD_ACC_N_176_0,ACC_N_176,2026-08-14T00:00:00,PROD_100,67.57,DEV_N_176,ADDR_N_176,COMPLETED,0,0.0,LOW
ORD_ACC_N_176_1,ACC_N_176,2026-07-07T00:00:00,PROD_110,363.59,DEV_N_176,ADDR_N_176,COMPLETED,0,0.0,LOW
ORD_ACC_N_176_2,ACC_N_176,2026-08-30T00:00:00,PROD_113,487.32,DEV_N_176,ADDR_N_176,COMPLETED,0,0.0,LOW
ORD_ACC_N_176_3,ACC_N_176,2026-05-02T00:00:00,PROD_128,195.9,DEV_N_176,ADDR_N_176,COMPLETED,0,0.0,LOW
ORD_ACC_N_176_4,ACC_N_176,2026-07-16T00:00:00,PROD_127,420.68,DEV_N_176,ADDR_N_176,COMPLETED,0,0.0,LOW
ORD_ACC_N_176_5,ACC_N_176,2026-04-22T00:00:00,PROD_120,129.23,DEV_N_176,ADDR_N_176,COMPLETED,0,0.0,LOW
ORD_ACC_N_176_6,ACC_N_176,2026-05-04T00:00:00,PROD_148,72.95,DEV_N_176,ADDR_N_176,COMPLETED,0,0.0,LOW
ORD_ACC_N_176_7,ACC_N_176,2026-06-19T00:00:00,PROD_120,287.42,DEV_N_176,ADDR_N_176,REFUNDED,1,0.0,LOW
ORD_ACC_N_176_8,ACC_N_176,2026-05-25T00:00:00,PROD_119,156.13,DEV_N_176,ADDR_N_176,COMPLETED,0,0.0,LOW
ORD_ACC_N_177_0,ACC_N_177,2026-07-10T00:00:00,PROD_112,159.48,DEV_N_177,ADDR_N_177,COMPLETED,0,0.0,LOW
ORD_ACC_N_177_1,ACC_N_177,2026-05-09T00:00:00,PROD_143,423.71,DEV_N_177,ADDR_N_177,COMPLETED,0,0.0,LOW
ORD_ACC_N_177_2,ACC_N_177,2026-08-09T00:00:00,PROD_143,26.14,DEV_N_177,ADDR_N_177,COMPLETED,0,0.0,LOW
ORD_ACC_N_177_3,ACC_N_177,2026-07-12T00:00:00,PROD_105,230.27,DEV_N_177,ADDR_N_177,COMPLETED,0,0.0,LOW
ORD_ACC_N_177_4,ACC_N_177,2026-08-13T00:00:00,PROD_106,209.51,DEV_N_177,ADDR_N_177,COMPLETED,0,0.0,LOW
ORD_ACC_N_177_5,ACC_N_177,2026-08-23T00:00:00,PROD_112,194.58,DEV_N_177,ADDR_N_177,COMPLETED,0,0.0,LOW
ORD_ACC_N_177_6,ACC_N_177,2026-05-15T00:00:00,PROD_127,495.52,DEV_N_177,ADDR_N_177,COMPLETED,0,0.0,LOW
ORD_ACC_N_177_7,ACC_N_177,2026-07-27T00:00:00,PROD_137,387.11,DEV_N_177,ADDR_N_177,COMPLETED,0,0.0,LOW
ORD_ACC_N_177_8,ACC_N_177,2026-05-27T00:00:00,PROD_125,398.96,DEV_N_177,ADDR_N_177,COMPLETED,0,0.0,LOW
ORD_ACC_N_178_0,ACC_N_178,2026-03-30T00:00:00,PROD_132,476.07,DEV_N_178,ADDR_N_178,COMPLETED,0,0.0,LOW
ORD_ACC_N_178_1,ACC_N_178,2026-07-25T00:00:00,PROD_116,388.64,DEV_N_178,ADDR_N_178,COMPLETED,0,0.0,LOW
ORD_ACC_N_178_2,ACC_N_178,2026-04-26T00:00:00,PROD_101,130.79,DEV_N_178,ADDR_N_178,COMPLETED,0,0.0,LOW
ORD_ACC_N_178_3,ACC_N_178,2026-02-24T00:00:00,PROD_143,45.37,DEV_N_178,ADDR_N_178,COMPLETED,0,0.0,LOW
ORD_ACC_N_178_4,ACC_N_178,2025-12-26T00:00:00,PROD_120,105.97,DEV_N_178,ADDR_N_178,COMPLETED,0,0.0,LOW
ORD_ACC_N_178_5,ACC_N_178,2026-06-15T00:00:00,PROD_104,318.54,DEV_N_178,ADDR_N_178,COMPLETED,0,0.0,LOW
ORD_ACC_N_178_6,ACC_N_178,2026-02-16T00:00:00,PROD_118,256.25,DEV_N_178,ADDR_N_178,COMPLETED,0,0.0,LOW
ORD_ACC_N_178_7,ACC_N_178,2026-04-28T00:00:00,PROD_134,262.3,DEV_N_178,ADDR_N_178,COMPLETED,0,0.0,LOW
ORD_ACC_N_178_8,ACC_N_178,2026-08-27T00:00:00,PROD_127,477.24,DEV_N_178,ADDR_N_178,REFUNDED,1,0.0,LOW
ORD_ACC_N_178_9,ACC_N_178,2026-05-08T00:00:00,PROD_129,170.99,DEV_N_178,ADDR_N_178,COMPLETED,0,0.0,LOW
ORD_ACC_N_178_10,ACC_N_178,2026-08-23T00:00:00,PROD_149,104.9,DEV_N_178,ADDR_N_178,COMPLETED,0,0.0,LOW
ORD_ACC_N_179_0,ACC_N_179,2026-07-07T00:00:00,PROD_131,84.55,DEV_N_179,ADDR_N_179,COMPLETED,0,0.0,LOW
ORD_ACC_N_179_1,ACC_N_179,2026-06-20T00:00:00,PROD_143,344.01,DEV_N_179,ADDR_N_179,COMPLETED,0,0.0,LOW
ORD_ACC_N_179_2,ACC_N_179,2026-06-19T00:00:00,PROD_110,245.51,DEV_N_179,ADDR_N_179,COMPLETED,0,0.0,LOW
ORD_ACC_N_179_3,ACC_N_179,2026-08-24T00:00:00,PROD_124,207.86,DEV_N_179,ADDR_N_179,COMPLETED,0,0.0,LOW
ORD_ACC_N_179_4,ACC_N_179,2026-06-06T00:00:00,PROD_120,189.33,DEV_N_179,ADDR_N_179,COMPLETED,0,0.0,LOW
ORD_ACC_N_179_5,ACC_N_179,2026-08-28T00:00:00,PROD_123,303.42,DEV_N_179,ADDR_N_179,COMPLETED,0,0.0,LOW
ORD_ACC_N_179_6,ACC_N_179,2026-06-18T00:00:00,PROD_121,32.91,DEV_N_179,ADDR_N_179,COMPLETED,0,0.0,LOW
ORD_ACC_N_179_7,ACC_N_179,2026-08-19T00:00:00,PROD_126,225.51,DEV_N_179,ADDR_N_179,COMPLETED,0,0.0,LOW
ORD_ACC_N_180_0,ACC_N_180,2026-08-16T00:00:00,PROD_137,138.85,DEV_N_179,ADDR_N_179,COMPLETED,0,0.0,LOW
ORD_ACC_N_180_1,ACC_N_180,2026-08-27T00:00:00,PROD_110,437.09,DEV_N_179,ADDR_N_179,COMPLETED,0,0.0,LOW
ORD_ACC_N_180_2,ACC_N_180,2026-07-28T00:00:00,PROD_127,176.54,DEV_N_179,ADDR_N_179,COMPLETED,0,0.0,LOW
ORD_ACC_N_180_3,ACC_N_180,2026-07-30T00:00:00,PROD_144,452.68,DEV_N_179,ADDR_N_179,COMPLETED,0,0.0,LOW
ORD_ACC_N_180_4,ACC_N_180,2026-07-25T00:00:00,PROD_136,30.67,DEV_N_179,ADDR_N_179,COMPLETED,0,0.0,LOW
ORD_ACC_N_180_5,ACC_N_180,2026-08-11T00:00:00,PROD_106,294.82,DEV_N_179,ADDR_N_179,COMPLETED,0,0.0,LOW
ORD_ACC_N_180_6,ACC_N_180,2026-08-10T00:00:00,PROD_142,258.43,DEV_N_179,ADDR_N_179,COMPLETED,0,0.0,LOW
ORD_ACC_N_180_7,ACC_N_180,2026-08-21T00:00:00,PROD_127,315.12,DEV_N_179,ADDR_N_179,COMPLETED,0,0.0,LOW
ORD_ACC_N_180_8,ACC_N_180,2026-07-31T00:00:00,PROD_104,325.01,DEV_N_179,ADDR_N_179,COMPLETED,0,0.0,LOW
ORD_ACC_N_180_9,ACC_N_180,2026-08-18T00:00:00,PROD_136,157.93,DEV_N_179,ADDR_N_179,REFUNDED,1,0.0,LOW
ORD_ACC_N_180_10,ACC_N_180,2026-08-26T00:00:00,PROD_137,364.5,DEV_N_179,ADDR_N_179,COMPLETED,0,0.0,LOW
ORD_ACC_N_181_0,ACC_N_181,2026-04-08T00:00:00,PROD_113,404.57,DEV_N_181,ADDR_N_181,COMPLETED,0,0.0,LOW
ORD_ACC_N_181_1,ACC_N_181,2026-08-12T00:00:00,PROD_119,332.74,DEV_N_181,ADDR_N_181,COMPLETED,0,0.0,LOW
ORD_ACC_N_182_0,ACC_N_182,2026-03-24T00:00:00,PROD_139,116.04,DEV_N_182,ADDR_N_182,COMPLETED,0,0.0,LOW
ORD_ACC_N_182_1,ACC_N_182,2026-01-11T00:00:00,PROD_101,342.35,DEV_N_182,ADDR_N_182,COMPLETED,0,0.0,LOW
ORD_ACC_N_182_2,ACC_N_182,2026-05-28T00:00:00,PROD_147,296.88,DEV_N_182,ADDR_N_182,COMPLETED,0,0.0,LOW
ORD_ACC_N_182_3,ACC_N_182,2026-04-16T00:00:00,PROD_139,469.84,DEV_N_182,ADDR_N_182,COMPLETED,0,0.0,LOW
ORD_ACC_N_182_4,ACC_N_182,2025-11-15T00:00:00,PROD_112,368.78,DEV_N_182,ADDR_N_182,COMPLETED,0,0.0,LOW
ORD_ACC_N_182_5,ACC_N_182,2026-01-07T00:00:00,PROD_143,90.92,DEV_N_182,ADDR_N_182,COMPLETED,0,0.0,LOW
ORD_ACC_N_182_6,ACC_N_182,2026-01-21T00:00:00,PROD_104,216.92,DEV_N_182,ADDR_N_182,COMPLETED,0,0.0,LOW
ORD_ACC_N_182_7,ACC_N_182,2026-02-01T00:00:00,PROD_110,148.13,DEV_N_182,ADDR_N_182,COMPLETED,0,0.0,LOW
ORD_ACC_N_182_8,ACC_N_182,2025-10-28T00:00:00,PROD_109,133.34,DEV_N_182,ADDR_N_182,COMPLETED,0,0.0,LOW
ORD_ACC_N_183_0,ACC_N_183,2026-08-22T00:00:00,PROD_127,242.8,DEV_N_183,ADDR_N_183,COMPLETED,0,0.0,LOW
ORD_ACC_N_183_1,ACC_N_183,2026-08-11T00:00:00,PROD_117,454.71,DEV_N_183,ADDR_N_183,COMPLETED,0,0.0,LOW
ORD_ACC_N_183_2,ACC_N_183,2026-08-31T00:00:00,PROD_142,144.03,DEV_N_183,ADDR_N_183,COMPLETED,0,0.0,LOW
ORD_ACC_N_183_3,ACC_N_183,2026-08-26T00:00:00,PROD_146,329.26,DEV_N_183,ADDR_N_183,REFUNDED,1,0.0,LOW
ORD_ACC_N_184_0,ACC_N_184,2026-08-26T00:00:00,PROD_104,170.67,DEV_N_184,ADDR_N_184,COMPLETED,0,0.0,LOW
ORD_ACC_N_184_1,ACC_N_184,2026-08-08T00:00:00,PROD_125,342.4,DEV_N_184,ADDR_N_184,COMPLETED,0,0.0,LOW
ORD_ACC_N_184_2,ACC_N_184,2026-08-16T00:00:00,PROD_107,73.73,DEV_N_184,ADDR_N_184,COMPLETED,0,0.0,LOW
ORD_ACC_N_184_3,ACC_N_184,2026-07-25T00:00:00,PROD_116,475.84,DEV_N_184,ADDR_N_184,COMPLETED,0,0.0,LOW
ORD_ACC_N_184_4,ACC_N_184,2026-08-26T00:00:00,PROD_120,134.28,DEV_N_184,ADDR_N_184,COMPLETED,0,0.0,LOW
ORD_ACC_N_184_5,ACC_N_184,2026-07-25T00:00:00,PROD_147,373.87,DEV_N_184,ADDR_N_184,COMPLETED,0,0.0,LOW
ORD_ACC_N_184_6,ACC_N_184,2026-08-04T00:00:00,PROD_113,124.64,DEV_N_184,ADDR_N_184,COMPLETED,0,0.0,LOW
ORD_ACC_N_184_7,ACC_N_184,2026-08-03T00:00:00,PROD_103,216.02,DEV_N_184,ADDR_N_184,COMPLETED,0,0.0,LOW
ORD_ACC_N_184_8,ACC_N_184,2026-07-28T00:00:00,PROD_120,199.86,DEV_N_184,ADDR_N_184,COMPLETED,0,0.0,LOW
ORD_ACC_N_184_9,ACC_N_184,2026-08-04T00:00:00,PROD_117,247.93,DEV_N_184,ADDR_N_184,COMPLETED,0,0.0,LOW
ORD_ACC_N_184_10,ACC_N_184,2026-08-08T00:00:00,PROD_119,248.11,DEV_N_184,ADDR_N_184,COMPLETED,0,0.0,LOW
ORD_ACC_N_184_11,ACC_N_184,2026-08-29T00:00:00,PROD_103,423.91,DEV_N_184,ADDR_N_184,COMPLETED,0,0.0,LOW
ORD_ACC_N_184_12,ACC_N_184,2026-08-15T00:00:00,PROD_144,285.31,DEV_N_184,ADDR_N_184,COMPLETED,0,0.0,LOW
ORD_ACC_N_184_13,ACC_N_184,2026-08-24T00:00:00,PROD_128,276.76,DEV_N_184,ADDR_N_184,COMPLETED,0,0.0,LOW
ORD_ACC_N_185_0,ACC_N_185,2026-08-25T00:00:00,PROD_119,465.2,DEV_N_185,ADDR_N_185,COMPLETED,0,0.0,LOW
ORD_ACC_N_185_1,ACC_N_185,2026-08-18T00:00:00,PROD_110,383.2,DEV_N_185,ADDR_N_185,COMPLETED,0,0.0,LOW
ORD_ACC_N_185_2,ACC_N_185,2026-08-21T00:00:00,PROD_141,172.25,DEV_N_185,ADDR_N_185,COMPLETED,0,0.0,LOW
ORD_ACC_N_185_3,ACC_N_185,2026-08-19T00:00:00,PROD_149,36.26,DEV_N_185,ADDR_N_185,COMPLETED,0,0.0,LOW
ORD_ACC_N_185_4,ACC_N_185,2026-08-24T00:00:00,PROD_121,373.73,DEV_N_185,ADDR_N_185,COMPLETED,0,0.0,LOW
ORD_ACC_N_185_5,ACC_N_185,2026-08-18T00:00:00,PROD_116,68.19,DEV_N_185,ADDR_N_185,COMPLETED,0,0.0,LOW
ORD_ACC_N_185_6,ACC_N_185,2026-08-30T00:00:00,PROD_135,188.89,DEV_N_185,ADDR_N_185,COMPLETED,0,0.0,LOW
ORD_ACC_N_185_7,ACC_N_185,2026-08-24T00:00:00,PROD_141,353.7,DEV_N_185,ADDR_N_185,COMPLETED,0,0.0,LOW
ORD_ACC_N_185_8,ACC_N_185,2026-08-21T00:00:00,PROD_100,232.83,DEV_N_185,ADDR_N_185,COMPLETED,0,0.0,LOW
ORD_ACC_N_185_9,ACC_N_185,2026-08-28T00:00:00,PROD_105,321.58,DEV_N_185,ADDR_N_185,COMPLETED,0,0.0,LOW
ORD_ACC_N_185_10,ACC_N_185,2026-08-29T00:00:00,PROD_149,139.81,DEV_N_185,ADDR_N_185,COMPLETED,0,0.0,LOW
ORD_ACC_N_185_11,ACC_N_185,2026-08-18T00:00:00,PROD_120,305.13,DEV_N_185,ADDR_N_185,COMPLETED,0,0.0,LOW
ORD_ACC_N_185_12,ACC_N_185,2026-08-24T00:00:00,PROD_111,439.28,DEV_N_185,ADDR_N_185,COMPLETED,0,0.0,LOW
ORD_ACC_N_185_13,ACC_N_185,2026-08-18T00:00:00,PROD_105,177.24,DEV_N_185,ADDR_N_185,COMPLETED,0,0.0,LOW
ORD_ACC_N_185_14,ACC_N_185,2026-08-26T00:00:00,PROD_136,107.31,DEV_N_185,ADDR_N_185,COMPLETED,0,0.0,LOW
ORD_ACC_N_186_0,ACC_N_186,2026-08-14T00:00:00,PROD_105,330.61,DEV_N_186,ADDR_N_186,COMPLETED,0,0.0,LOW
ORD_ACC_N_187_0,ACC_N_187,2026-06-03T00:00:00,PROD_139,428.88,DEV_N_187,ADDR_N_187,REFUNDED,1,0.0,LOW
ORD_ACC_N_187_1,ACC_N_187,2026-07-29T00:00:00,PROD_110,91.64,DEV_N_187,ADDR_N_187,COMPLETED,0,0.0,LOW
ORD_ACC_N_187_2,ACC_N_187,2026-08-16T00:00:00,PROD_149,26.78,DEV_N_187,ADDR_N_187,COMPLETED,0,0.0,LOW
ORD_ACC_N_187_3,ACC_N_187,2026-05-18T00:00:00,PROD_145,343.33,DEV_N_187,ADDR_N_187,COMPLETED,0,0.0,LOW
ORD_ACC_N_187_4,ACC_N_187,2026-08-07T00:00:00,PROD_117,474.11,DEV_N_187,ADDR_N_187,COMPLETED,0,0.0,LOW
ORD_ACC_N_188_0,ACC_N_188,2026-06-26T00:00:00,PROD_113,227.03,DEV_N_188,ADDR_N_188,COMPLETED,0,0.0,LOW
ORD_ACC_N_188_1,ACC_N_188,2026-05-27T00:00:00,PROD_109,220.8,DEV_N_188,ADDR_N_188,COMPLETED,0,0.0,LOW
ORD_ACC_N_188_2,ACC_N_188,2026-04-05T00:00:00,PROD_128,488.54,DEV_N_188,ADDR_N_188,COMPLETED,0,0.0,LOW
ORD_ACC_N_188_3,ACC_N_188,2026-02-23T00:00:00,PROD_105,299.79,DEV_N_188,ADDR_N_188,COMPLETED,0,0.0,LOW
ORD_ACC_N_188_4,ACC_N_188,2026-01-03T00:00:00,PROD_144,83.94,DEV_N_188,ADDR_N_188,COMPLETED,0,0.0,LOW
ORD_ACC_N_188_5,ACC_N_188,2026-05-15T00:00:00,PROD_147,362.4,DEV_N_188,ADDR_N_188,COMPLETED,0,0.0,LOW
ORD_ACC_N_188_6,ACC_N_188,2026-04-22T00:00:00,PROD_103,55.07,DEV_N_188,ADDR_N_188,COMPLETED,0,0.0,LOW
ORD_ACC_N_189_0,ACC_N_189,2026-06-02T00:00:00,PROD_138,498.43,DEV_N_189,ADDR_N_189,COMPLETED,0,0.0,LOW
ORD_ACC_N_189_1,ACC_N_189,2026-08-30T00:00:00,PROD_119,141.76,DEV_N_189,ADDR_N_189,COMPLETED,0,0.0,LOW
ORD_ACC_N_189_2,ACC_N_189,2026-05-29T00:00:00,PROD_102,83.47,DEV_N_189,ADDR_N_189,COMPLETED,0,0.0,LOW
ORD_ACC_N_189_3,ACC_N_189,2026-07-17T00:00:00,PROD_121,144.94,DEV_N_189,ADDR_N_189,COMPLETED,0,0.0,LOW
ORD_ACC_N_189_4,ACC_N_189,2026-07-29T00:00:00,PROD_127,63.03,DEV_N_189,ADDR_N_189,COMPLETED,0,0.0,LOW
ORD_ACC_N_189_5,ACC_N_189,2026-06-26T00:00:00,PROD_108,76.08,DEV_N_189,ADDR_N_189,REFUNDED,1,0.0,LOW
ORD_ACC_N_189_6,ACC_N_189,2026-05-31T00:00:00,PROD_116,464.59,DEV_N_189,ADDR_N_189,COMPLETED,0,0.0,LOW
ORD_ACC_N_189_7,ACC_N_189,2026-06-25T00:00:00,PROD_110,268.15,DEV_N_189,ADDR_N_189,COMPLETED,0,0.0,LOW
ORD_ACC_N_190_0,ACC_N_190,2026-06-15T00:00:00,PROD_140,286.72,DEV_N_189,ADDR_N_189,COMPLETED,0,0.0,LOW
ORD_ACC_N_190_1,ACC_N_190,2026-08-04T00:00:00,PROD_111,110.68,DEV_N_189,ADDR_N_189,COMPLETED,0,0.0,LOW
ORD_ACC_N_190_2,ACC_N_190,2026-01-03T00:00:00,PROD_127,144.91,DEV_N_189,ADDR_N_189,COMPLETED,0,0.0,LOW
ORD_ACC_N_190_3,ACC_N_190,2025-12-21T00:00:00,PROD_145,39.58,DEV_N_189,ADDR_N_189,COMPLETED,0,0.0,LOW
ORD_ACC_N_190_4,ACC_N_190,2025-12-26T00:00:00,PROD_146,239.72,DEV_N_189,ADDR_N_189,COMPLETED,0,0.0,LOW
ORD_ACC_N_190_5,ACC_N_190,2026-06-29T00:00:00,PROD_118,187.81,DEV_N_189,ADDR_N_189,COMPLETED,0,0.0,LOW
ORD_ACC_N_190_6,ACC_N_190,2026-06-06T00:00:00,PROD_136,379.97,DEV_N_189,ADDR_N_189,COMPLETED,0,0.0,LOW
ORD_ACC_N_190_7,ACC_N_190,2026-05-15T00:00:00,PROD_133,300.1,DEV_N_189,ADDR_N_189,COMPLETED,0,0.0,LOW
ORD_ACC_N_190_8,ACC_N_190,2026-05-31T00:00:00,PROD_149,219.88,DEV_N_189,ADDR_N_189,COMPLETED,0,0.0,LOW
ORD_ACC_N_190_9,ACC_N_190,2026-07-14T00:00:00,PROD_143,445.94,DEV_N_189,ADDR_N_189,REFUNDED,1,0.0,LOW
ORD_ACC_N_190_10,ACC_N_190,2026-02-21T00:00:00,PROD_120,303.36,DEV_N_189,ADDR_N_189,COMPLETED,0,0.0,LOW
ORD_ACC_N_190_11,ACC_N_190,2026-08-17T00:00:00,PROD_142,58.91,DEV_N_189,ADDR_N_189,COMPLETED,0,0.0,LOW
ORD_ACC_N_190_12,ACC_N_190,2026-01-11T00:00:00,PROD_142,321.61,DEV_N_189,ADDR_N_189,COMPLETED,0,0.0,LOW
ORD_ACC_N_191_0,ACC_N_191,2026-03-17T00:00:00,PROD_146,318.74,DEV_N_191,ADDR_N_191,COMPLETED,0,0.0,LOW
ORD_ACC_N_192_0,ACC_N_192,2026-08-25T00:00:00,PROD_103,404.75,DEV_N_192,ADDR_N_192,COMPLETED,0,0.0,LOW
ORD_ACC_N_192_1,ACC_N_192,2026-06-22T00:00:00,PROD_125,476.91,DEV_N_192,ADDR_N_192,COMPLETED,0,0.0,LOW
ORD_ACC_N_192_2,ACC_N_192,2026-08-09T00:00:00,PROD_125,135.24,DEV_N_192,ADDR_N_192,COMPLETED,0,0.0,LOW
ORD_ACC_N_192_3,ACC_N_192,2026-08-29T00:00:00,PROD_149,429.13,DEV_N_192,ADDR_N_192,COMPLETED,0,0.0,LOW
ORD_ACC_N_193_0,ACC_N_193,2026-07-23T00:00:00,PROD_127,77.89,DEV_N_193,ADDR_N_193,COMPLETED,0,0.0,LOW
ORD_ACC_N_193_1,ACC_N_193,2026-03-30T00:00:00,PROD_123,83.02,DEV_N_193,ADDR_N_193,COMPLETED,0,0.0,LOW
ORD_ACC_N_193_2,ACC_N_193,2026-07-11T00:00:00,PROD_130,255.02,DEV_N_193,ADDR_N_193,COMPLETED,0,0.0,LOW
ORD_ACC_N_193_3,ACC_N_193,2026-04-09T00:00:00,PROD_127,308.16,DEV_N_193,ADDR_N_193,COMPLETED,0,0.0,LOW
ORD_ACC_N_193_4,ACC_N_193,2026-07-15T00:00:00,PROD_102,228.37,DEV_N_193,ADDR_N_193,COMPLETED,0,0.0,LOW
ORD_ACC_N_193_5,ACC_N_193,2026-06-05T00:00:00,PROD_141,487.17,DEV_N_193,ADDR_N_193,COMPLETED,0,0.0,LOW
ORD_ACC_N_193_6,ACC_N_193,2026-04-27T00:00:00,PROD_105,273.09,DEV_N_193,ADDR_N_193,COMPLETED,0,0.0,LOW
ORD_ACC_N_193_7,ACC_N_193,2026-05-04T00:00:00,PROD_130,229.93,DEV_N_193,ADDR_N_193,COMPLETED,0,0.0,LOW
ORD_ACC_N_193_8,ACC_N_193,2026-07-24T00:00:00,PROD_119,492.41,DEV_N_193,ADDR_N_193,COMPLETED,0,0.0,LOW
ORD_ACC_N_193_9,ACC_N_193,2026-04-20T00:00:00,PROD_135,225.31,DEV_N_193,ADDR_N_193,COMPLETED,0,0.0,LOW
ORD_ACC_N_193_10,ACC_N_193,2026-08-20T00:00:00,PROD_126,266.44,DEV_N_193,ADDR_N_193,COMPLETED,0,0.0,LOW
ORD_ACC_N_194_0,ACC_N_194,2026-02-28T00:00:00,PROD_116,292.87,DEV_N_194,ADDR_N_194,COMPLETED,0,0.0,LOW
ORD_ACC_N_194_1,ACC_N_194,2026-08-11T00:00:00,PROD_147,388.95,DEV_N_194,ADDR_N_194,REFUNDED,1,0.0,LOW
ORD_ACC_N_194_2,ACC_N_194,2026-02-11T00:00:00,PROD_105,107.46,DEV_N_194,ADDR_N_194,COMPLETED,0,0.0,LOW
ORD_ACC_N_194_3,ACC_N_194,2026-01-19T00:00:00,PROD_146,358.1,DEV_N_194,ADDR_N_194,COMPLETED,0,0.0,LOW
ORD_ACC_N_194_4,ACC_N_194,2026-02-19T00:00:00,PROD_116,341.72,DEV_N_194,ADDR_N_194,COMPLETED,0,0.0,LOW
ORD_ACC_N_194_5,ACC_N_194,2026-01-08T00:00:00,PROD_111,438.25,DEV_N_194,ADDR_N_194,COMPLETED,0,0.0,LOW
ORD_ACC_N_194_6,ACC_N_194,2026-02-21T00:00:00,PROD_143,491.45,DEV_N_194,ADDR_N_194,COMPLETED,0,0.0,LOW
ORD_ACC_N_194_7,ACC_N_194,2026-05-12T00:00:00,PROD_107,276.5,DEV_N_194,ADDR_N_194,REFUNDED,1,0.0,LOW
ORD_ACC_N_194_8,ACC_N_194,2026-03-17T00:00:00,PROD_142,249.02,DEV_N_194,ADDR_N_194,COMPLETED,0,0.0,LOW
ORD_ACC_N_194_9,ACC_N_194,2026-02-27T00:00:00,PROD_139,253.63,DEV_N_194,ADDR_N_194,COMPLETED,0,0.0,LOW
ORD_ACC_N_194_10,ACC_N_194,2026-03-08T00:00:00,PROD_125,343.43,DEV_N_194,ADDR_N_194,COMPLETED,0,0.0,LOW
ORD_ACC_N_195_0,ACC_N_195,2026-08-23T00:00:00,PROD_101,26.66,DEV_N_195,ADDR_N_195,COMPLETED,0,0.0,LOW
ORD_ACC_N_195_1,ACC_N_195,2026-08-30T00:00:00,PROD_141,120.43,DEV_N_195,ADDR_N_195,COMPLETED,0,0.0,LOW
ORD_ACC_N_195_2,ACC_N_195,2026-08-04T00:00:00,PROD_134,424.2,DEV_N_195,ADDR_N_195,COMPLETED,0,0.0,LOW
ORD_ACC_N_196_0,ACC_N_196,2026-07-13T00:00:00,PROD_101,242.44,DEV_N_196,ADDR_N_196,COMPLETED,0,0.0,LOW
ORD_ACC_N_196_1,ACC_N_196,2026-08-21T00:00:00,PROD_128,453.16,DEV_N_196,ADDR_N_196,COMPLETED,0,0.0,LOW
ORD_ACC_N_196_2,ACC_N_196,2026-08-01T00:00:00,PROD_115,29.42,DEV_N_196,ADDR_N_196,COMPLETED,0,0.0,LOW
ORD_ACC_N_196_3,ACC_N_196,2026-08-13T00:00:00,PROD_103,293.33,DEV_N_196,ADDR_N_196,COMPLETED,0,0.0,LOW
ORD_ACC_N_196_4,ACC_N_196,2026-08-31T00:00:00,PROD_127,69.28,DEV_N_196,ADDR_N_196,COMPLETED,0,0.0,LOW
ORD_ACC_N_197_0,ACC_N_197,2026-04-05T00:00:00,PROD_132,37.77,DEV_N_197,ADDR_N_197,COMPLETED,0,0.0,LOW
ORD_ACC_N_197_1,ACC_N_197,2025-12-25T00:00:00,PROD_101,131.31,DEV_N_197,ADDR_N_197,COMPLETED,0,0.0,LOW
ORD_ACC_N_197_2,ACC_N_197,2026-03-23T00:00:00,PROD_141,285.56,DEV_N_197,ADDR_N_197,COMPLETED,0,0.0,LOW
ORD_ACC_N_197_3,ACC_N_197,2026-01-01T00:00:00,PROD_141,76.13,DEV_N_197,ADDR_N_197,COMPLETED,0,0.0,LOW
ORD_ACC_N_197_4,ACC_N_197,2026-01-14T00:00:00,PROD_118,354.81,DEV_N_197,ADDR_N_197,REFUNDED,1,0.0,LOW
ORD_ACC_N_197_5,ACC_N_197,2026-03-08T00:00:00,PROD_137,230.29,DEV_N_197,ADDR_N_197,COMPLETED,0,0.0,LOW
ORD_ACC_N_197_6,ACC_N_197,2026-01-04T00:00:00,PROD_145,82.96,DEV_N_197,ADDR_N_197,COMPLETED,0,0.0,LOW
ORD_ACC_N_197_7,ACC_N_197,2026-01-30T00:00:00,PROD_147,419.88,DEV_N_197,ADDR_N_197,COMPLETED,0,0.0,LOW
ORD_ACC_N_197_8,ACC_N_197,2026-01-02T00:00:00,PROD_139,403.88,DEV_N_197,ADDR_N_197,COMPLETED,0,0.0,LOW
ORD_ACC_N_197_9,ACC_N_197,2026-04-09T00:00:00,PROD_130,351.53,DEV_N_197,ADDR_N_197,COMPLETED,0,0.0,LOW
ORD_ACC_N_197_10,ACC_N_197,2026-06-04T00:00:00,PROD_106,115.75,DEV_N_197,ADDR_N_197,COMPLETED,0,0.0,LOW
ORD_ACC_N_197_11,ACC_N_197,2025-12-22T00:00:00,PROD_103,165.75,DEV_N_197,ADDR_N_197,COMPLETED,0,0.0,LOW
ORD_ACC_N_198_0,ACC_N_198,2026-06-26T00:00:00,PROD_132,191.38,DEV_N_198,ADDR_N_198,COMPLETED,0,0.0,LOW
ORD_ACC_N_198_1,ACC_N_198,2026-08-15T00:00:00,PROD_114,182.11,DEV_N_198,ADDR_N_198,COMPLETED,0,0.0,LOW
ORD_ACC_N_198_2,ACC_N_198,2026-04-10T00:00:00,PROD_121,127.57,DEV_N_198,ADDR_N_198,COMPLETED,0,0.0,LOW
ORD_ACC_N_198_3,ACC_N_198,2026-08-20T00:00:00,PROD_109,389.65,DEV_N_198,ADDR_N_198,COMPLETED,0,0.0,LOW
ORD_ACC_N_198_4,ACC_N_198,2026-03-30T00:00:00,PROD_128,341.35,DEV_N_198,ADDR_N_198,COMPLETED,0,0.0,LOW
ORD_ACC_N_198_5,ACC_N_198,2026-08-03T00:00:00,PROD_139,487.84,DEV_N_198,ADDR_N_198,COMPLETED,0,0.0,LOW
ORD_ACC_N_198_6,ACC_N_198,2026-04-10T00:00:00,PROD_140,40.15,DEV_N_198,ADDR_N_198,COMPLETED,0,0.0,LOW
ORD_ACC_N_198_7,ACC_N_198,2026-07-10T00:00:00,PROD_118,457.27,DEV_N_198,ADDR_N_198,COMPLETED,0,0.0,LOW
ORD_ACC_N_198_8,ACC_N_198,2026-04-24T00:00:00,PROD_109,259.23,DEV_N_198,ADDR_N_198,COMPLETED,0,0.0,LOW
ORD_ACC_N_198_9,ACC_N_198,2026-06-07T00:00:00,PROD_112,413.2,DEV_N_198,ADDR_N_198,COMPLETED,0,0.0,LOW
ORD_ACC_N_198_10,ACC_N_198,2026-05-17T00:00:00,PROD_130,389.23,DEV_N_198,ADDR_N_198,REFUNDED,1,0.0,LOW
ORD_ACC_N_198_11,ACC_N_198,2026-04-24T00:00:00,PROD_145,102.21,DEV_N_198,ADDR_N_198,COMPLETED,0,0.0,LOW
ORD_ACC_N_198_12,ACC_N_198,2026-05-31T00:00:00,PROD_148,322.13,DEV_N_198,ADDR_N_198,COMPLETED,0,0.0,LOW
ORD_ACC_N_198_13,ACC_N_198,2026-05-16T00:00:00,PROD_127,397.86,DEV_N_198,ADDR_N_198,COMPLETED,0,0.0,LOW
ORD_ACC_N_198_14,ACC_N_198,2026-05-19T00:00:00,PROD_133,451.07,DEV_N_198,ADDR_N_198,COMPLETED,0,0.0,LOW
ORD_ACC_N_199_0,ACC_N_199,2026-08-27T00:00:00,PROD_133,389.67,DEV_N_199,ADDR_N_199,COMPLETED,0,0.0,LOW
ORD_ACC_N_199_1,ACC_N_199,2026-08-29T00:00:00,PROD_149,182.39,DEV_N_199,ADDR_N_199,COMPLETED,0,0.0,LOW
ORD_ACC_N_199_2,ACC_N_199,2026-08-18T00:00:00,PROD_142,49.5,DEV_N_199,ADDR_N_199,COMPLETED,0,0.0,LOW
ORD_ACC_N_199_3,ACC_N_199,2026-08-13T00:00:00,PROD_145,47.75,DEV_N_199,ADDR_N_199,COMPLETED,0,0.0,LOW
ORD_ACC_N_199_4,ACC_N_199,2026-08-22T00:00:00,PROD_144,221.27,DEV_N_199,ADDR_N_199,COMPLETED,0,0.0,LOW
ORD_ACC_N_199_5,ACC_N_199,2026-08-22T00:00:00,PROD_122,366.34,DEV_N_199,ADDR_N_199,COMPLETED,0,0.0,LOW
ORD_ACC_N_199_6,ACC_N_199,2026-08-23T00:00:00,PROD_109,452.1,DEV_N_199,ADDR_N_199,COMPLETED,0,0.0,LOW
ORD_ACC_N_199_7,ACC_N_199,2026-08-17T00:00:00,PROD_139,329.06,DEV_N_199,ADDR_N_199,COMPLETED,0,0.0,LOW
ORD_ACC_N_200_0,ACC_N_200,2026-03-08T00:00:00,PROD_125,446.08,DEV_N_199,ADDR_N_199,COMPLETED,0,0.0,LOW
ORD_ACC_N_200_1,ACC_N_200,2026-03-30T00:00:00,PROD_124,60.45,DEV_N_199,ADDR_N_199,COMPLETED,0,0.0,LOW
ORD_ACC_N_200_2,ACC_N_200,2025-12-08T00:00:00,PROD_105,496.12,DEV_N_199,ADDR_N_199,COMPLETED,0,0.0,LOW
ORD_ACC_N_200_3,ACC_N_200,2025-11-22T00:00:00,PROD_140,169.88,DEV_N_199,ADDR_N_199,COMPLETED,0,0.0,LOW
ORD_ACC_N_200_4,ACC_N_200,2026-08-20T00:00:00,PROD_137,33.39,DEV_N_199,ADDR_N_199,COMPLETED,0,0.0,LOW
ORD_ACC_N_200_5,ACC_N_200,2026-04-30T00:00:00,PROD_127,419.47,DEV_N_199,ADDR_N_199,COMPLETED,0,0.0,LOW
ORD_ACC_N_200_6,ACC_N_200,2026-07-06T00:00:00,PROD_116,371.35,DEV_N_199,ADDR_N_199,COMPLETED,0,0.0,LOW
ORD_ACC_N_200_7,ACC_N_200,2026-03-03T00:00:00,PROD_107,79.43,DEV_N_199,ADDR_N_199,COMPLETED,0,0.0,LOW
ORD_ACC_N_201_0,ACC_N_201,2026-08-30T00:00:00,PROD_147,237.51,DEV_N_201,ADDR_N_201,COMPLETED,0,0.0,LOW
ORD_ACC_N_201_1,ACC_N_201,2026-04-09T00:00:00,PROD_142,363.03,DEV_N_201,ADDR_N_201,COMPLETED,0,0.0,LOW
ORD_ACC_N_201_2,ACC_N_201,2026-04-01T00:00:00,PROD_142,132.24,DEV_N_201,ADDR_N_201,COMPLETED,0,0.0,LOW
ORD_ACC_N_201_3,ACC_N_201,2026-07-27T00:00:00,PROD_115,362.89,DEV_N_201,ADDR_N_201,COMPLETED,0,0.0,LOW
ORD_ACC_N_201_4,ACC_N_201,2026-06-09T00:00:00,PROD_149,267.9,DEV_N_201,ADDR_N_201,COMPLETED,0,0.0,LOW
ORD_ACC_N_201_5,ACC_N_201,2026-05-07T00:00:00,PROD_126,67.03,DEV_N_201,ADDR_N_201,COMPLETED,0,0.0,LOW
ORD_ACC_N_201_6,ACC_N_201,2026-08-08T00:00:00,PROD_130,49.85,DEV_N_201,ADDR_N_201,COMPLETED,0,0.0,LOW
ORD_ACC_N_201_7,ACC_N_201,2026-05-09T00:00:00,PROD_125,57.47,DEV_N_201,ADDR_N_201,COMPLETED,0,0.0,LOW
ORD_ACC_N_201_8,ACC_N_201,2026-04-10T00:00:00,PROD_116,269.09,DEV_N_201,ADDR_N_201,COMPLETED,0,0.0,LOW
ORD_ACC_N_201_9,ACC_N_201,2026-04-26T00:00:00,PROD_144,325.5,DEV_N_201,ADDR_N_201,COMPLETED,0,0.0,LOW
ORD_ACC_N_202_0,ACC_N_202,2026-07-21T00:00:00,PROD_145,89.29,DEV_N_202,ADDR_N_202,COMPLETED,0,0.0,LOW
ORD_ACC_N_202_1,ACC_N_202,2026-07-29T00:00:00,PROD_133,484.66,DEV_N_202,ADDR_N_202,COMPLETED,0,0.0,LOW
ORD_ACC_N_202_2,ACC_N_202,2026-03-07T00:00:00,PROD_147,122.07,DEV_N_202,ADDR_N_202,COMPLETED,0,0.0,LOW
ORD_ACC_N_202_3,ACC_N_202,2026-04-10T00:00:00,PROD_138,197.28,DEV_N_202,ADDR_N_202,COMPLETED,0,0.0,LOW
ORD_ACC_N_202_4,ACC_N_202,2026-08-03T00:00:00,PROD_102,78.02,DEV_N_202,ADDR_N_202,COMPLETED,0,0.0,LOW
ORD_ACC_N_202_5,ACC_N_202,2026-07-23T00:00:00,PROD_123,76.52,DEV_N_202,ADDR_N_202,COMPLETED,0,0.0,LOW
ORD_ACC_N_202_6,ACC_N_202,2026-06-17T00:00:00,PROD_109,253.24,DEV_N_202,ADDR_N_202,COMPLETED,0,0.0,LOW
ORD_ACC_N_202_7,ACC_N_202,2026-05-16T00:00:00,PROD_118,43.35,DEV_N_202,ADDR_N_202,COMPLETED,0,0.0,LOW
ORD_ACC_N_202_8,ACC_N_202,2026-07-16T00:00:00,PROD_107,413.18,DEV_N_202,ADDR_N_202,COMPLETED,0,0.0,LOW
ORD_ACC_N_202_9,ACC_N_202,2026-06-03T00:00:00,PROD_130,52.43,DEV_N_202,ADDR_N_202,REFUNDED,1,0.0,LOW
ORD_ACC_N_202_10,ACC_N_202,2026-04-09T00:00:00,PROD_124,237.14,DEV_N_202,ADDR_N_202,COMPLETED,0,0.0,LOW
ORD_ACC_N_202_11,ACC_N_202,2026-01-30T00:00:00,PROD_148,365.62,DEV_N_202,ADDR_N_202,COMPLETED,0,0.0,LOW
ORD_ACC_N_202_12,ACC_N_202,2026-04-24T00:00:00,PROD_142,325.5,DEV_N_202,ADDR_N_202,COMPLETED,0,0.0,LOW
ORD_ACC_N_202_13,ACC_N_202,2026-07-24T00:00:00,PROD_139,435.85,DEV_N_202,ADDR_N_202,COMPLETED,0,0.0,LOW
ORD_ACC_N_203_0,ACC_N_203,2026-07-03T00:00:00,PROD_102,452.12,DEV_N_203,ADDR_N_203,COMPLETED,0,0.0,LOW
ORD_ACC_N_203_1,ACC_N_203,2026-02-24T00:00:00,PROD_110,153.14,DEV_N_203,ADDR_N_203,COMPLETED,0,0.0,LOW
ORD_ACC_N_203_2,ACC_N_203,2026-04-07T00:00:00,PROD_119,322.45,DEV_N_203,ADDR_N_203,COMPLETED,0,0.0,LOW
ORD_ACC_N_203_3,ACC_N_203,2026-03-19T00:00:00,PROD_112,79.42,DEV_N_203,ADDR_N_203,COMPLETED,0,0.0,LOW
ORD_ACC_N_203_4,ACC_N_203,2026-04-15T00:00:00,PROD_136,296.89,DEV_N_203,ADDR_N_203,COMPLETED,0,0.0,LOW
ORD_ACC_N_203_5,ACC_N_203,2026-07-14T00:00:00,PROD_101,380.27,DEV_N_203,ADDR_N_203,COMPLETED,0,0.0,LOW
ORD_ACC_N_203_6,ACC_N_203,2026-03-16T00:00:00,PROD_101,469.37,DEV_N_203,ADDR_N_203,COMPLETED,0,0.0,LOW
ORD_ACC_N_204_0,ACC_N_204,2026-05-17T00:00:00,PROD_128,358.7,DEV_N_204,ADDR_N_204,COMPLETED,0,0.0,LOW
ORD_ACC_N_204_1,ACC_N_204,2026-05-20T00:00:00,PROD_137,276.1,DEV_N_204,ADDR_N_204,COMPLETED,0,0.0,LOW
ORD_ACC_N_204_2,ACC_N_204,2026-06-30T00:00:00,PROD_127,433.75,DEV_N_204,ADDR_N_204,REFUNDED,1,0.0,LOW
ORD_ACC_N_204_3,ACC_N_204,2026-08-28T00:00:00,PROD_116,432.63,DEV_N_204,ADDR_N_204,COMPLETED,0,0.0,LOW
ORD_ACC_N_205_0,ACC_N_205,2026-08-10T00:00:00,PROD_149,156.97,DEV_N_205,ADDR_N_205,COMPLETED,0,0.0,LOW
ORD_ACC_N_205_1,ACC_N_205,2026-08-12T00:00:00,PROD_110,167.26,DEV_N_205,ADDR_N_205,COMPLETED,0,0.0,LOW
ORD_ACC_N_206_0,ACC_N_206,2026-05-31T00:00:00,PROD_124,33.04,DEV_N_206,ADDR_N_206,COMPLETED,0,0.0,LOW
ORD_ACC_N_206_1,ACC_N_206,2026-03-21T00:00:00,PROD_116,88.38,DEV_N_206,ADDR_N_206,COMPLETED,0,0.0,LOW
ORD_ACC_N_206_2,ACC_N_206,2026-07-01T00:00:00,PROD_138,44.9,DEV_N_206,ADDR_N_206,COMPLETED,0,0.0,LOW
ORD_ACC_N_206_3,ACC_N_206,2026-05-02T00:00:00,PROD_124,256.63,DEV_N_206,ADDR_N_206,COMPLETED,0,0.0,LOW
ORD_ACC_N_206_4,ACC_N_206,2026-04-16T00:00:00,PROD_126,49.1,DEV_N_206,ADDR_N_206,COMPLETED,0,0.0,LOW
ORD_ACC_N_206_5,ACC_N_206,2025-12-27T00:00:00,PROD_101,33.88,DEV_N_206,ADDR_N_206,COMPLETED,0,0.0,LOW
ORD_ACC_N_207_0,ACC_N_207,2026-07-11T00:00:00,PROD_108,138.23,DEV_N_207,ADDR_N_207,COMPLETED,0,0.0,LOW
ORD_ACC_N_207_1,ACC_N_207,2025-11-14T00:00:00,PROD_140,215.24,DEV_N_207,ADDR_N_207,COMPLETED,0,0.0,LOW
ORD_ACC_N_207_2,ACC_N_207,2026-05-19T00:00:00,PROD_134,395.78,DEV_N_207,ADDR_N_207,COMPLETED,0,0.0,LOW
ORD_ACC_N_207_3,ACC_N_207,2026-04-28T00:00:00,PROD_135,278.02,DEV_N_207,ADDR_N_207,COMPLETED,0,0.0,LOW
ORD_ACC_N_207_4,ACC_N_207,2026-08-10T00:00:00,PROD_139,20.48,DEV_N_207,ADDR_N_207,COMPLETED,0,0.0,LOW
ORD_ACC_N_207_5,ACC_N_207,2026-06-07T00:00:00,PROD_130,20.26,DEV_N_207,ADDR_N_207,COMPLETED,0,0.0,LOW
ORD_ACC_N_207_6,ACC_N_207,2026-04-25T00:00:00,PROD_122,422.95,DEV_N_207,ADDR_N_207,COMPLETED,0,0.0,LOW
ORD_ACC_N_207_7,ACC_N_207,2025-12-13T00:00:00,PROD_134,155.03,DEV_N_207,ADDR_N_207,COMPLETED,0,0.0,LOW
ORD_ACC_N_207_8,ACC_N_207,2026-07-27T00:00:00,PROD_107,164.31,DEV_N_207,ADDR_N_207,COMPLETED,0,0.0,LOW
ORD_ACC_N_207_9,ACC_N_207,2025-11-20T00:00:00,PROD_113,499.43,DEV_N_207,ADDR_N_207,COMPLETED,0,0.0,LOW
ORD_ACC_N_208_0,ACC_N_208,2026-03-22T00:00:00,PROD_140,444.29,DEV_N_208,ADDR_N_208,COMPLETED,0,0.0,LOW
ORD_ACC_N_208_1,ACC_N_208,2026-01-12T00:00:00,PROD_120,151.05,DEV_N_208,ADDR_N_208,COMPLETED,0,0.0,LOW
ORD_ACC_N_208_2,ACC_N_208,2026-05-16T00:00:00,PROD_101,240.7,DEV_N_208,ADDR_N_208,COMPLETED,0,0.0,LOW
ORD_ACC_N_208_3,ACC_N_208,2026-08-30T00:00:00,PROD_100,312.22,DEV_N_208,ADDR_N_208,REFUNDED,1,0.0,LOW
ORD_ACC_N_208_4,ACC_N_208,2025-12-24T00:00:00,PROD_141,385.98,DEV_N_208,ADDR_N_208,COMPLETED,0,0.0,LOW
ORD_ACC_N_208_5,ACC_N_208,2026-08-16T00:00:00,PROD_128,448.43,DEV_N_208,ADDR_N_208,COMPLETED,0,0.0,LOW
ORD_ACC_N_208_6,ACC_N_208,2026-03-04T00:00:00,PROD_138,486.58,DEV_N_208,ADDR_N_208,COMPLETED,0,0.0,LOW
ORD_ACC_N_208_7,ACC_N_208,2026-02-14T00:00:00,PROD_144,105.05,DEV_N_208,ADDR_N_208,COMPLETED,0,0.0,LOW
ORD_ACC_N_208_8,ACC_N_208,2026-06-29T00:00:00,PROD_128,242.09,DEV_N_208,ADDR_N_208,COMPLETED,0,0.0,LOW
ORD_ACC_N_208_9,ACC_N_208,2026-05-10T00:00:00,PROD_143,376.71,DEV_N_208,ADDR_N_208,COMPLETED,0,0.0,LOW
ORD_ACC_N_208_10,ACC_N_208,2026-05-25T00:00:00,PROD_119,63.18,DEV_N_208,ADDR_N_208,COMPLETED,0,0.0,LOW
ORD_ACC_N_208_11,ACC_N_208,2026-05-04T00:00:00,PROD_102,490.46,DEV_N_208,ADDR_N_208,COMPLETED,0,0.0,LOW
ORD_ACC_N_208_12,ACC_N_208,2025-12-22T00:00:00,PROD_113,454.16,DEV_N_208,ADDR_N_208,COMPLETED,0,0.0,LOW
ORD_ACC_N_209_0,ACC_N_209,2026-06-11T00:00:00,PROD_136,210.12,DEV_N_209,ADDR_N_209,COMPLETED,0,0.0,LOW
ORD_ACC_N_209_1,ACC_N_209,2026-06-29T00:00:00,PROD_147,101.83,DEV_N_209,ADDR_N_209,COMPLETED,0,0.0,LOW
ORD_ACC_N_209_2,ACC_N_209,2026-06-06T00:00:00,PROD_104,347.54,DEV_N_209,ADDR_N_209,COMPLETED,0,0.0,LOW
ORD_ACC_N_209_3,ACC_N_209,2026-08-15T00:00:00,PROD_136,378.07,DEV_N_209,ADDR_N_209,COMPLETED,0,0.0,LOW
ORD_ACC_N_209_4,ACC_N_209,2026-06-26T00:00:00,PROD_143,369.87,DEV_N_209,ADDR_N_209,COMPLETED,0,0.0,LOW
ORD_ACC_N_209_5,ACC_N_209,2026-06-04T00:00:00,PROD_143,345.31,DEV_N_209,ADDR_N_209,COMPLETED,0,0.0,LOW
ORD_ACC_N_209_6,ACC_N_209,2026-07-04T00:00:00,PROD_143,20.94,DEV_N_209,ADDR_N_209,COMPLETED,0,0.0,LOW
ORD_ACC_N_209_7,ACC_N_209,2026-05-14T00:00:00,PROD_126,470.6,DEV_N_209,ADDR_N_209,COMPLETED,0,0.0,LOW
ORD_ACC_N_209_8,ACC_N_209,2026-08-16T00:00:00,PROD_123,346.48,DEV_N_209,ADDR_N_209,COMPLETED,0,0.0,LOW
ORD_ACC_N_209_9,ACC_N_209,2026-05-26T00:00:00,PROD_103,40.86,DEV_N_209,ADDR_N_209,COMPLETED,0,0.0,LOW
ORD_ACC_N_209_10,ACC_N_209,2026-07-09T00:00:00,PROD_125,275.56,DEV_N_209,ADDR_N_209,COMPLETED,0,0.0,LOW
ORD_ACC_N_209_11,ACC_N_209,2026-07-20T00:00:00,PROD_101,59.27,DEV_N_209,ADDR_N_209,COMPLETED,0,0.0,LOW
ORD_ACC_N_209_12,ACC_N_209,2026-06-04T00:00:00,PROD_115,223.43,DEV_N_209,ADDR_N_209,COMPLETED,0,0.0,LOW
ORD_ACC_N_209_13,ACC_N_209,2026-08-10T00:00:00,PROD_140,178.03,DEV_N_209,ADDR_N_209,COMPLETED,0,0.0,LOW
ORD_ACC_N_210_0,ACC_N_210,2026-08-18T00:00:00,PROD_140,407.87,DEV_N_209,ADDR_N_209,COMPLETED,0,0.0,LOW
ORD_ACC_N_210_1,ACC_N_210,2026-08-23T00:00:00,PROD_121,138.63,DEV_N_209,ADDR_N_209,COMPLETED,0,0.0,LOW
ORD_ACC_N_210_2,ACC_N_210,2026-08-21T00:00:00,PROD_104,269.44,DEV_N_209,ADDR_N_209,COMPLETED,0,0.0,LOW
ORD_ACC_N_210_3,ACC_N_210,2026-08-12T00:00:00,PROD_128,230.49,DEV_N_209,ADDR_N_209,COMPLETED,0,0.0,LOW
ORD_ACC_N_210_4,ACC_N_210,2026-08-28T00:00:00,PROD_102,61.06,DEV_N_209,ADDR_N_209,COMPLETED,0,0.0,LOW
ORD_ACC_N_210_5,ACC_N_210,2026-08-21T00:00:00,PROD_108,447.24,DEV_N_209,ADDR_N_209,COMPLETED,0,0.0,LOW
ORD_ACC_N_210_6,ACC_N_210,2026-08-17T00:00:00,PROD_127,46.3,DEV_N_209,ADDR_N_209,COMPLETED,0,0.0,LOW
ORD_ACC_N_210_7,ACC_N_210,2026-08-28T00:00:00,PROD_118,345.23,DEV_N_209,ADDR_N_209,COMPLETED,0,0.0,LOW
ORD_ACC_N_211_0,ACC_N_211,2026-03-26T00:00:00,PROD_138,380.94,DEV_N_211,ADDR_N_211,COMPLETED,0,0.0,LOW
ORD_ACC_N_211_1,ACC_N_211,2026-08-29T00:00:00,PROD_127,237.64,DEV_N_211,ADDR_N_211,COMPLETED,0,0.0,LOW
ORD_ACC_N_212_0,ACC_N_212,2026-03-11T00:00:00,PROD_101,332.44,DEV_N_212,ADDR_N_212,COMPLETED,0,0.0,LOW
ORD_ACC_N_212_1,ACC_N_212,2025-12-10T00:00:00,PROD_106,177.53,DEV_N_212,ADDR_N_212,COMPLETED,0,0.0,LOW
ORD_ACC_N_213_0,ACC_N_213,2026-07-28T00:00:00,PROD_136,304.59,DEV_N_213,ADDR_N_213,COMPLETED,0,0.0,LOW
ORD_ACC_N_213_1,ACC_N_213,2025-12-14T00:00:00,PROD_146,143.02,DEV_N_213,ADDR_N_213,COMPLETED,0,0.0,LOW
ORD_ACC_N_213_2,ACC_N_213,2026-01-16T00:00:00,PROD_102,109.24,DEV_N_213,ADDR_N_213,COMPLETED,0,0.0,LOW
ORD_ACC_N_213_3,ACC_N_213,2026-06-27T00:00:00,PROD_141,169.6,DEV_N_213,ADDR_N_213,COMPLETED,0,0.0,LOW
ORD_ACC_N_213_4,ACC_N_213,2026-03-25T00:00:00,PROD_109,300.16,DEV_N_213,ADDR_N_213,COMPLETED,0,0.0,LOW
ORD_ACC_N_213_5,ACC_N_213,2026-01-03T00:00:00,PROD_123,168.16,DEV_N_213,ADDR_N_213,COMPLETED,0,0.0,LOW
ORD_ACC_N_213_6,ACC_N_213,2025-12-09T00:00:00,PROD_103,301.49,DEV_N_213,ADDR_N_213,COMPLETED,0,0.0,LOW
ORD_ACC_N_213_7,ACC_N_213,2025-12-15T00:00:00,PROD_103,413.21,DEV_N_213,ADDR_N_213,COMPLETED,0,0.0,LOW
ORD_ACC_N_213_8,ACC_N_213,2026-03-08T00:00:00,PROD_112,113.8,DEV_N_213,ADDR_N_213,COMPLETED,0,0.0,LOW
ORD_ACC_N_213_9,ACC_N_213,2026-03-10T00:00:00,PROD_144,110.89,DEV_N_213,ADDR_N_213,COMPLETED,0,0.0,LOW
ORD_ACC_N_213_10,ACC_N_213,2025-10-28T00:00:00,PROD_136,352.36,DEV_N_213,ADDR_N_213,COMPLETED,0,0.0,LOW
ORD_ACC_N_213_11,ACC_N_213,2026-03-31T00:00:00,PROD_129,220.97,DEV_N_213,ADDR_N_213,COMPLETED,0,0.0,LOW
ORD_ACC_N_214_0,ACC_N_214,2026-08-30T00:00:00,PROD_129,326.61,DEV_N_214,ADDR_N_214,COMPLETED,0,0.0,LOW
ORD_ACC_N_214_1,ACC_N_214,2026-05-14T00:00:00,PROD_121,134.73,DEV_N_214,ADDR_N_214,COMPLETED,0,0.0,LOW
ORD_ACC_N_214_2,ACC_N_214,2026-05-18T00:00:00,PROD_100,212.15,DEV_N_214,ADDR_N_214,COMPLETED,0,0.0,LOW
ORD_ACC_N_214_3,ACC_N_214,2026-08-26T00:00:00,PROD_107,55.39,DEV_N_214,ADDR_N_214,REFUNDED,1,0.0,LOW
ORD_ACC_N_215_0,ACC_N_215,2026-03-23T00:00:00,PROD_102,301.13,DEV_N_215,ADDR_N_215,COMPLETED,0,0.0,LOW
ORD_ACC_N_215_1,ACC_N_215,2026-07-12T00:00:00,PROD_116,114.96,DEV_N_215,ADDR_N_215,COMPLETED,0,0.0,LOW
ORD_ACC_N_215_2,ACC_N_215,2026-06-06T00:00:00,PROD_112,426.82,DEV_N_215,ADDR_N_215,COMPLETED,0,0.0,LOW
ORD_ACC_N_215_3,ACC_N_215,2026-07-17T00:00:00,PROD_101,424.58,DEV_N_215,ADDR_N_215,COMPLETED,0,0.0,LOW
ORD_ACC_N_216_0,ACC_N_216,2026-02-11T00:00:00,PROD_113,444.81,DEV_N_216,ADDR_N_216,COMPLETED,0,0.0,LOW
ORD_ACC_N_216_1,ACC_N_216,2026-05-07T00:00:00,PROD_142,135.27,DEV_N_216,ADDR_N_216,COMPLETED,0,0.0,LOW
ORD_ACC_N_216_2,ACC_N_216,2026-04-19T00:00:00,PROD_127,489.01,DEV_N_216,ADDR_N_216,COMPLETED,0,0.0,LOW
ORD_ACC_N_216_3,ACC_N_216,2026-08-01T00:00:00,PROD_112,89.33,DEV_N_216,ADDR_N_216,COMPLETED,0,0.0,LOW
ORD_ACC_N_216_4,ACC_N_216,2026-04-17T00:00:00,PROD_138,201.53,DEV_N_216,ADDR_N_216,COMPLETED,0,0.0,LOW
ORD_ACC_N_216_5,ACC_N_216,2026-03-22T00:00:00,PROD_139,137.38,DEV_N_216,ADDR_N_216,REFUNDED,1,0.0,LOW
ORD_ACC_N_216_6,ACC_N_216,2026-04-16T00:00:00,PROD_115,161.21,DEV_N_216,ADDR_N_216,COMPLETED,0,0.0,LOW
ORD_ACC_N_216_7,ACC_N_216,2026-03-23T00:00:00,PROD_132,401.89,DEV_N_216,ADDR_N_216,COMPLETED,0,0.0,LOW
ORD_ACC_N_216_8,ACC_N_216,2026-04-28T00:00:00,PROD_130,120.43,DEV_N_216,ADDR_N_216,COMPLETED,0,0.0,LOW
ORD_ACC_N_216_9,ACC_N_216,2026-08-15T00:00:00,PROD_141,100.37,DEV_N_216,ADDR_N_216,COMPLETED,0,0.0,LOW
ORD_ACC_N_216_10,ACC_N_216,2026-05-28T00:00:00,PROD_120,259.32,DEV_N_216,ADDR_N_216,COMPLETED,0,0.0,LOW
ORD_ACC_N_217_0,ACC_N_217,2025-12-27T00:00:00,PROD_117,363.51,DEV_N_217,ADDR_N_217,COMPLETED,0,0.0,LOW
ORD_ACC_N_217_1,ACC_N_217,2026-02-07T00:00:00,PROD_141,326.29,DEV_N_217,ADDR_N_217,COMPLETED,0,0.0,LOW
ORD_ACC_N_217_2,ACC_N_217,2026-05-17T00:00:00,PROD_115,125.37,DEV_N_217,ADDR_N_217,COMPLETED,0,0.0,LOW
ORD_ACC_N_217_3,ACC_N_217,2026-05-12T00:00:00,PROD_136,166.88,DEV_N_217,ADDR_N_217,COMPLETED,0,0.0,LOW
ORD_ACC_N_217_4,ACC_N_217,2026-02-21T00:00:00,PROD_148,142.17,DEV_N_217,ADDR_N_217,COMPLETED,0,0.0,LOW
ORD_ACC_N_217_5,ACC_N_217,2026-04-02T00:00:00,PROD_137,233.36,DEV_N_217,ADDR_N_217,COMPLETED,0,0.0,LOW
ORD_ACC_N_217_6,ACC_N_217,2026-01-05T00:00:00,PROD_128,265.89,DEV_N_217,ADDR_N_217,COMPLETED,0,0.0,LOW
ORD_ACC_N_217_7,ACC_N_217,2026-01-22T00:00:00,PROD_120,216.3,DEV_N_217,ADDR_N_217,COMPLETED,0,0.0,LOW
ORD_ACC_N_217_8,ACC_N_217,2026-02-17T00:00:00,PROD_116,31.86,DEV_N_217,ADDR_N_217,COMPLETED,0,0.0,LOW
ORD_ACC_N_217_9,ACC_N_217,2026-03-01T00:00:00,PROD_132,452.71,DEV_N_217,ADDR_N_217,COMPLETED,0,0.0,LOW
ORD_ACC_N_217_10,ACC_N_217,2026-07-22T00:00:00,PROD_106,397.22,DEV_N_217,ADDR_N_217,COMPLETED,0,0.0,LOW
ORD_ACC_N_217_11,ACC_N_217,2026-07-26T00:00:00,PROD_121,192.91,DEV_N_217,ADDR_N_217,COMPLETED,0,0.0,LOW
ORD_ACC_N_218_0,ACC_N_218,2026-04-25T00:00:00,PROD_143,165.3,DEV_N_218,ADDR_N_218,COMPLETED,0,0.0,LOW
ORD_ACC_N_218_1,ACC_N_218,2026-05-26T00:00:00,PROD_148,358.71,DEV_N_218,ADDR_N_218,COMPLETED,0,0.0,LOW
ORD_ACC_N_218_2,ACC_N_218,2026-04-20T00:00:00,PROD_122,24.1,DEV_N_218,ADDR_N_218,COMPLETED,0,0.0,LOW
ORD_ACC_N_218_3,ACC_N_218,2026-02-05T00:00:00,PROD_100,414.49,DEV_N_218,ADDR_N_218,COMPLETED,0,0.0,LOW
ORD_ACC_N_218_4,ACC_N_218,2025-10-01T00:00:00,PROD_109,266.07,DEV_N_218,ADDR_N_218,COMPLETED,0,0.0,LOW
ORD_ACC_N_218_5,ACC_N_218,2026-05-07T00:00:00,PROD_130,128.92,DEV_N_218,ADDR_N_218,COMPLETED,0,0.0,LOW
ORD_ACC_N_219_0,ACC_N_219,2026-01-04T00:00:00,PROD_105,366.8,DEV_N_219,ADDR_N_219,COMPLETED,0,0.0,LOW
ORD_ACC_N_219_1,ACC_N_219,2026-05-27T00:00:00,PROD_126,225.82,DEV_N_219,ADDR_N_219,COMPLETED,0,0.0,LOW
ORD_ACC_N_219_2,ACC_N_219,2026-01-19T00:00:00,PROD_123,235.99,DEV_N_219,ADDR_N_219,COMPLETED,0,0.0,LOW
ORD_ACC_N_219_3,ACC_N_219,2026-06-27T00:00:00,PROD_131,166.67,DEV_N_219,ADDR_N_219,COMPLETED,0,0.0,LOW
ORD_ACC_N_219_4,ACC_N_219,2026-03-11T00:00:00,PROD_148,128.24,DEV_N_219,ADDR_N_219,COMPLETED,0,0.0,LOW
ORD_ACC_N_219_5,ACC_N_219,2026-03-31T00:00:00,PROD_102,176.52,DEV_N_219,ADDR_N_219,REFUNDED,1,0.0,LOW
ORD_ACC_N_219_6,ACC_N_219,2026-03-15T00:00:00,PROD_138,292.73,DEV_N_219,ADDR_N_219,COMPLETED,0,0.0,LOW
ORD_ACC_N_219_7,ACC_N_219,2026-02-12T00:00:00,PROD_125,490.48,DEV_N_219,ADDR_N_219,COMPLETED,0,0.0,LOW
ORD_ACC_N_219_8,ACC_N_219,2025-12-01T00:00:00,PROD_121,205.49,DEV_N_219,ADDR_N_219,COMPLETED,0,0.0,LOW
ORD_ACC_N_219_9,ACC_N_219,2026-01-12T00:00:00,PROD_110,326.72,DEV_N_219,ADDR_N_219,COMPLETED,0,0.0,LOW
ORD_ACC_N_220_0,ACC_N_220,2026-06-02T00:00:00,PROD_131,35.39,DEV_N_219,ADDR_N_219,COMPLETED,0,0.0,LOW
ORD_ACC_N_220_1,ACC_N_220,2026-05-28T00:00:00,PROD_124,115.52,DEV_N_219,ADDR_N_219,COMPLETED,0,0.0,LOW
ORD_ACC_N_220_2,ACC_N_220,2026-05-18T00:00:00,PROD_104,131.86,DEV_N_219,ADDR_N_219,COMPLETED,0,0.0,LOW
ORD_ACC_N_220_3,ACC_N_220,2026-08-02T00:00:00,PROD_120,196.95,DEV_N_219,ADDR_N_219,REFUNDED,1,0.0,LOW
ORD_ACC_N_220_4,ACC_N_220,2026-06-12T00:00:00,PROD_126,495.01,DEV_N_219,ADDR_N_219,COMPLETED,0,0.0,LOW
ORD_ACC_N_220_5,ACC_N_220,2026-07-27T00:00:00,PROD_113,206.72,DEV_N_219,ADDR_N_219,COMPLETED,0,0.0,LOW
ORD_ACC_N_220_6,ACC_N_220,2026-05-18T00:00:00,PROD_142,168.68,DEV_N_219,ADDR_N_219,COMPLETED,0,0.0,LOW
ORD_ACC_N_220_7,ACC_N_220,2026-06-11T00:00:00,PROD_137,309.78,DEV_N_219,ADDR_N_219,COMPLETED,0,0.0,LOW
ORD_ACC_N_220_8,ACC_N_220,2025-12-17T00:00:00,PROD_112,364.05,DEV_N_219,ADDR_N_219,COMPLETED,0,0.0,LOW
ORD_ACC_N_221_0,ACC_N_221,2026-08-23T00:00:00,PROD_115,415.8,DEV_N_221,ADDR_N_221,COMPLETED,0,0.0,LOW
ORD_ACC_N_221_1,ACC_N_221,2026-07-20T00:00:00,PROD_129,456.95,DEV_N_221,ADDR_N_221,COMPLETED,0,0.0,LOW
ORD_ACC_N_221_2,ACC_N_221,2026-06-19T00:00:00,PROD_141,38.76,DEV_N_221,ADDR_N_221,COMPLETED,0,0.0,LOW
ORD_ACC_N_221_3,ACC_N_221,2026-07-18T00:00:00,PROD_119,356.15,DEV_N_221,ADDR_N_221,COMPLETED,0,0.0,LOW
ORD_ACC_N_221_4,ACC_N_221,2026-06-14T00:00:00,PROD_126,415.25,DEV_N_221,ADDR_N_221,COMPLETED,0,0.0,LOW
ORD_ACC_N_221_5,ACC_N_221,2026-08-09T00:00:00,PROD_129,451.98,DEV_N_221,ADDR_N_221,COMPLETED,0,0.0,LOW
ORD_ACC_N_221_6,ACC_N_221,2026-08-08T00:00:00,PROD_144,355.29,DEV_N_221,ADDR_N_221,COMPLETED,0,0.0,LOW
ORD_ACC_N_221_7,ACC_N_221,2026-08-01T00:00:00,PROD_140,445.06,DEV_N_221,ADDR_N_221,COMPLETED,0,0.0,LOW
ORD_ACC_N_222_0,ACC_N_222,2026-08-14T00:00:00,PROD_113,355.06,DEV_N_222,ADDR_N_222,COMPLETED,0,0.0,LOW
ORD_ACC_N_222_1,ACC_N_222,2026-05-18T00:00:00,PROD_123,496.35,DEV_N_222,ADDR_N_222,COMPLETED,0,0.0,LOW
ORD_ACC_N_222_2,ACC_N_222,2026-08-05T00:00:00,PROD_126,262.11,DEV_N_222,ADDR_N_222,COMPLETED,0,0.0,LOW
ORD_ACC_N_222_3,ACC_N_222,2026-07-20T00:00:00,PROD_129,141.33,DEV_N_222,ADDR_N_222,COMPLETED,0,0.0,LOW
ORD_ACC_N_222_4,ACC_N_222,2026-08-13T00:00:00,PROD_129,326.66,DEV_N_222,ADDR_N_222,COMPLETED,0,0.0,LOW
ORD_ACC_N_222_5,ACC_N_222,2026-06-05T00:00:00,PROD_125,378.06,DEV_N_222,ADDR_N_222,COMPLETED,0,0.0,LOW
ORD_ACC_N_222_6,ACC_N_222,2026-08-29T00:00:00,PROD_108,140.29,DEV_N_222,ADDR_N_222,COMPLETED,0,0.0,LOW
ORD_ACC_N_222_7,ACC_N_222,2026-05-05T00:00:00,PROD_135,252.68,DEV_N_222,ADDR_N_222,COMPLETED,0,0.0,LOW
ORD_ACC_N_222_8,ACC_N_222,2026-05-11T00:00:00,PROD_110,87.32,DEV_N_222,ADDR_N_222,COMPLETED,0,0.0,LOW
ORD_ACC_N_222_9,ACC_N_222,2026-08-27T00:00:00,PROD_107,311.35,DEV_N_222,ADDR_N_222,COMPLETED,0,0.0,LOW
ORD_ACC_N_222_10,ACC_N_222,2026-05-23T00:00:00,PROD_100,100.86,DEV_N_222,ADDR_N_222,COMPLETED,0,0.0,LOW
ORD_ACC_N_223_0,ACC_N_223,2026-07-17T00:00:00,PROD_143,105.41,DEV_N_223,ADDR_N_223,COMPLETED,0,0.0,LOW
ORD_ACC_N_223_1,ACC_N_223,2026-08-04T00:00:00,PROD_140,232.19,DEV_N_223,ADDR_N_223,REFUNDED,1,0.0,LOW
ORD_ACC_N_223_2,ACC_N_223,2026-07-13T00:00:00,PROD_138,351.37,DEV_N_223,ADDR_N_223,COMPLETED,0,0.0,LOW
ORD_ACC_N_223_3,ACC_N_223,2026-08-25T00:00:00,PROD_115,390.76,DEV_N_223,ADDR_N_223,COMPLETED,0,0.0,LOW
ORD_ACC_N_223_4,ACC_N_223,2026-08-01T00:00:00,PROD_101,115.99,DEV_N_223,ADDR_N_223,REFUNDED,1,0.0,LOW
ORD_ACC_N_223_5,ACC_N_223,2026-08-07T00:00:00,PROD_106,346.38,DEV_N_223,ADDR_N_223,COMPLETED,0,0.0,LOW
ORD_ACC_N_223_6,ACC_N_223,2026-08-10T00:00:00,PROD_120,41.13,DEV_N_223,ADDR_N_223,COMPLETED,0,0.0,LOW
ORD_ACC_N_223_7,ACC_N_223,2026-06-21T00:00:00,PROD_134,320.86,DEV_N_223,ADDR_N_223,COMPLETED,0,0.0,LOW
ORD_ACC_N_224_0,ACC_N_224,2026-07-03T00:00:00,PROD_111,122.61,DEV_N_224,ADDR_N_224,COMPLETED,0,0.0,LOW
ORD_ACC_N_224_1,ACC_N_224,2026-05-21T00:00:00,PROD_113,333.92,DEV_N_224,ADDR_N_224,REFUNDED,1,0.0,LOW
ORD_ACC_N_225_0,ACC_N_225,2026-08-14T00:00:00,PROD_104,331.97,DEV_N_225,ADDR_N_225,COMPLETED,0,0.0,LOW
ORD_ACC_N_225_1,ACC_N_225,2026-08-05T00:00:00,PROD_106,164.74,DEV_N_225,ADDR_N_225,COMPLETED,0,0.0,LOW
ORD_ACC_N_225_2,ACC_N_225,2026-07-26T00:00:00,PROD_138,102.3,DEV_N_225,ADDR_N_225,COMPLETED,0,0.0,LOW
ORD_ACC_N_225_3,ACC_N_225,2026-07-22T00:00:00,PROD_149,354.23,DEV_N_225,ADDR_N_225,COMPLETED,0,0.0,LOW
ORD_ACC_N_225_4,ACC_N_225,2026-08-10T00:00:00,PROD_144,104.16,DEV_N_225,ADDR_N_225,COMPLETED,0,0.0,LOW
ORD_ACC_N_225_5,ACC_N_225,2026-07-20T00:00:00,PROD_138,251.42,DEV_N_225,ADDR_N_225,COMPLETED,0,0.0,LOW
ORD_ACC_N_225_6,ACC_N_225,2026-08-03T00:00:00,PROD_114,203.54,DEV_N_225,ADDR_N_225,COMPLETED,0,0.0,LOW
ORD_ACC_N_225_7,ACC_N_225,2026-07-25T00:00:00,PROD_101,358.22,DEV_N_225,ADDR_N_225,REFUNDED,1,0.0,LOW
ORD_ACC_N_225_8,ACC_N_225,2026-08-12T00:00:00,PROD_115,133.47,DEV_N_225,ADDR_N_225,COMPLETED,0,0.0,LOW
ORD_ACC_N_225_9,ACC_N_225,2026-08-26T00:00:00,PROD_118,48.76,DEV_N_225,ADDR_N_225,COMPLETED,0,0.0,LOW
ORD_ACC_N_225_10,ACC_N_225,2026-08-22T00:00:00,PROD_115,200.36,DEV_N_225,ADDR_N_225,COMPLETED,0,0.0,LOW
ORD_ACC_N_226_0,ACC_N_226,2026-01-19T00:00:00,PROD_141,177.77,DEV_N_226,ADDR_N_226,COMPLETED,0,0.0,LOW
ORD_ACC_N_226_1,ACC_N_226,2026-04-20T00:00:00,PROD_118,400.05,DEV_N_226,ADDR_N_226,COMPLETED,0,0.0,LOW
ORD_ACC_N_226_2,ACC_N_226,2026-07-04T00:00:00,PROD_115,426.53,DEV_N_226,ADDR_N_226,COMPLETED,0,0.0,LOW
ORD_ACC_N_226_3,ACC_N_226,2026-04-15T00:00:00,PROD_115,45.96,DEV_N_226,ADDR_N_226,COMPLETED,0,0.0,LOW
ORD_ACC_N_226_4,ACC_N_226,2026-03-29T00:00:00,PROD_111,438.9,DEV_N_226,ADDR_N_226,COMPLETED,0,0.0,LOW
ORD_ACC_N_226_5,ACC_N_226,2026-03-23T00:00:00,PROD_104,22.9,DEV_N_226,ADDR_N_226,COMPLETED,0,0.0,LOW
ORD_ACC_N_226_6,ACC_N_226,2026-08-18T00:00:00,PROD_113,324.5,DEV_N_226,ADDR_N_226,COMPLETED,0,0.0,LOW
ORD_ACC_N_226_7,ACC_N_226,2026-08-08T00:00:00,PROD_113,103.36,DEV_N_226,ADDR_N_226,COMPLETED,0,0.0,LOW
ORD_ACC_N_226_8,ACC_N_226,2026-04-24T00:00:00,PROD_119,57.52,DEV_N_226,ADDR_N_226,COMPLETED,0,0.0,LOW
ORD_ACC_N_226_9,ACC_N_226,2026-02-28T00:00:00,PROD_138,114.82,DEV_N_226,ADDR_N_226,COMPLETED,0,0.0,LOW
ORD_ACC_N_226_10,ACC_N_226,2026-06-15T00:00:00,PROD_140,156.97,DEV_N_226,ADDR_N_226,COMPLETED,0,0.0,LOW
ORD_ACC_N_226_11,ACC_N_226,2026-06-23T00:00:00,PROD_123,433.96,DEV_N_226,ADDR_N_226,COMPLETED,0,0.0,LOW
ORD_ACC_N_227_0,ACC_N_227,2026-05-03T00:00:00,PROD_147,231.86,DEV_N_227,ADDR_N_227,COMPLETED,0,0.0,LOW
ORD_ACC_N_227_1,ACC_N_227,2026-02-18T00:00:00,PROD_130,94.82,DEV_N_227,ADDR_N_227,COMPLETED,0,0.0,LOW
ORD_ACC_N_227_2,ACC_N_227,2026-02-17T00:00:00,PROD_148,203.08,DEV_N_227,ADDR_N_227,COMPLETED,0,0.0,LOW
ORD_ACC_N_228_0,ACC_N_228,2026-06-14T00:00:00,PROD_124,285.37,DEV_N_228,ADDR_N_228,COMPLETED,0,0.0,LOW
ORD_ACC_N_228_1,ACC_N_228,2026-03-28T00:00:00,PROD_138,237.73,DEV_N_228,ADDR_N_228,COMPLETED,0,0.0,LOW
ORD_ACC_N_228_2,ACC_N_228,2026-07-26T00:00:00,PROD_112,179.95,DEV_N_228,ADDR_N_228,COMPLETED,0,0.0,LOW
ORD_ACC_N_228_3,ACC_N_228,2026-05-26T00:00:00,PROD_146,22.01,DEV_N_228,ADDR_N_228,COMPLETED,0,0.0,LOW
ORD_ACC_N_228_4,ACC_N_228,2025-12-23T00:00:00,PROD_125,214.19,DEV_N_228,ADDR_N_228,COMPLETED,0,0.0,LOW
ORD_ACC_N_228_5,ACC_N_228,2026-02-16T00:00:00,PROD_137,254.98,DEV_N_228,ADDR_N_228,COMPLETED,0,0.0,LOW
ORD_ACC_N_228_6,ACC_N_228,2026-02-03T00:00:00,PROD_107,444.8,DEV_N_228,ADDR_N_228,COMPLETED,0,0.0,LOW
ORD_ACC_N_228_7,ACC_N_228,2025-11-15T00:00:00,PROD_116,97.93,DEV_N_228,ADDR_N_228,COMPLETED,0,0.0,LOW
ORD_ACC_N_228_8,ACC_N_228,2025-12-14T00:00:00,PROD_123,360.38,DEV_N_228,ADDR_N_228,COMPLETED,0,0.0,LOW
ORD_ACC_N_229_0,ACC_N_229,2026-01-26T00:00:00,PROD_102,373.12,DEV_N_229,ADDR_N_229,COMPLETED,0,0.0,LOW
ORD_ACC_N_229_1,ACC_N_229,2025-10-12T00:00:00,PROD_142,359.15,DEV_N_229,ADDR_N_229,REFUNDED,1,0.0,LOW
ORD_ACC_N_229_2,ACC_N_229,2025-10-26T00:00:00,PROD_116,238.63,DEV_N_229,ADDR_N_229,COMPLETED,0,0.0,LOW
ORD_ACC_N_229_3,ACC_N_229,2025-10-27T00:00:00,PROD_110,297.6,DEV_N_229,ADDR_N_229,COMPLETED,0,0.0,LOW
ORD_ACC_N_229_4,ACC_N_229,2026-07-03T00:00:00,PROD_124,390.07,DEV_N_229,ADDR_N_229,COMPLETED,0,0.0,LOW
ORD_ACC_N_229_5,ACC_N_229,2025-11-04T00:00:00,PROD_112,487.59,DEV_N_229,ADDR_N_229,COMPLETED,0,0.0,LOW
ORD_ACC_N_229_6,ACC_N_229,2026-06-08T00:00:00,PROD_119,418.28,DEV_N_229,ADDR_N_229,COMPLETED,0,0.0,LOW
ORD_ACC_N_230_0,ACC_N_230,2026-02-17T00:00:00,PROD_148,301.32,DEV_N_229,ADDR_N_229,COMPLETED,0,0.0,LOW
ORD_ACC_N_230_1,ACC_N_230,2026-07-07T00:00:00,PROD_122,325.37,DEV_N_229,ADDR_N_229,COMPLETED,0,0.0,LOW
ORD_ACC_N_230_2,ACC_N_230,2026-04-16T00:00:00,PROD_125,379.39,DEV_N_229,ADDR_N_229,COMPLETED,0,0.0,LOW
ORD_ACC_N_230_3,ACC_N_230,2026-08-28T00:00:00,PROD_100,493.77,DEV_N_229,ADDR_N_229,COMPLETED,0,0.0,LOW
ORD_ACC_N_230_4,ACC_N_230,2026-07-27T00:00:00,PROD_126,391.4,DEV_N_229,ADDR_N_229,COMPLETED,0,0.0,LOW
ORD_ACC_N_230_5,ACC_N_230,2026-01-23T00:00:00,PROD_145,101.9,DEV_N_229,ADDR_N_229,COMPLETED,0,0.0,LOW
ORD_ACC_N_230_6,ACC_N_230,2026-05-22T00:00:00,PROD_107,253.51,DEV_N_229,ADDR_N_229,COMPLETED,0,0.0,LOW
ORD_ACC_N_230_7,ACC_N_230,2026-05-15T00:00:00,PROD_111,109.11,DEV_N_229,ADDR_N_229,COMPLETED,0,0.0,LOW
ORD_ACC_N_230_8,ACC_N_230,2026-04-21T00:00:00,PROD_128,491.81,DEV_N_229,ADDR_N_229,COMPLETED,0,0.0,LOW
ORD_ACC_N_230_9,ACC_N_230,2026-07-07T00:00:00,PROD_118,436.81,DEV_N_229,ADDR_N_229,COMPLETED,0,0.0,LOW
ORD_ACC_N_230_10,ACC_N_230,2026-02-19T00:00:00,PROD_101,79.85,DEV_N_229,ADDR_N_229,COMPLETED,0,0.0,LOW
ORD_ACC_N_231_0,ACC_N_231,2026-04-29T00:00:00,PROD_103,342.95,DEV_N_231,ADDR_N_231,COMPLETED,0,0.0,LOW
ORD_ACC_N_231_1,ACC_N_231,2026-08-30T00:00:00,PROD_102,339.35,DEV_N_231,ADDR_N_231,COMPLETED,0,0.0,LOW
ORD_ACC_N_231_2,ACC_N_231,2026-07-08T00:00:00,PROD_138,270.72,DEV_N_231,ADDR_N_231,REFUNDED,1,0.0,LOW
ORD_ACC_N_231_3,ACC_N_231,2026-04-29T00:00:00,PROD_127,247.15,DEV_N_231,ADDR_N_231,COMPLETED,0,0.0,LOW
ORD_ACC_N_231_4,ACC_N_231,2026-05-29T00:00:00,PROD_120,347.29,DEV_N_231,ADDR_N_231,COMPLETED,0,0.0,LOW
ORD_ACC_N_231_5,ACC_N_231,2026-05-31T00:00:00,PROD_103,339.24,DEV_N_231,ADDR_N_231,COMPLETED,0,0.0,LOW
ORD_ACC_N_231_6,ACC_N_231,2026-06-08T00:00:00,PROD_144,407.01,DEV_N_231,ADDR_N_231,REFUNDED,1,0.0,LOW
ORD_ACC_N_231_7,ACC_N_231,2026-08-25T00:00:00,PROD_117,308.92,DEV_N_231,ADDR_N_231,COMPLETED,0,0.0,LOW
ORD_ACC_N_232_0,ACC_N_232,2026-03-26T00:00:00,PROD_132,349.37,DEV_N_232,ADDR_N_232,COMPLETED,0,0.0,LOW
ORD_ACC_N_232_1,ACC_N_232,2026-03-15T00:00:00,PROD_120,110.21,DEV_N_232,ADDR_N_232,COMPLETED,0,0.0,LOW
ORD_ACC_N_232_2,ACC_N_232,2026-03-22T00:00:00,PROD_147,192.9,DEV_N_232,ADDR_N_232,REFUNDED,1,0.0,LOW
ORD_ACC_N_232_3,ACC_N_232,2026-07-03T00:00:00,PROD_139,311.25,DEV_N_232,ADDR_N_232,COMPLETED,0,0.0,LOW
ORD_ACC_N_232_4,ACC_N_232,2026-06-03T00:00:00,PROD_130,225.4,DEV_N_232,ADDR_N_232,COMPLETED,0,0.0,LOW
ORD_ACC_N_232_5,ACC_N_232,2026-02-25T00:00:00,PROD_145,204.73,DEV_N_232,ADDR_N_232,COMPLETED,0,0.0,LOW
ORD_ACC_N_232_6,ACC_N_232,2026-04-20T00:00:00,PROD_145,440.59,DEV_N_232,ADDR_N_232,COMPLETED,0,0.0,LOW
ORD_ACC_N_232_7,ACC_N_232,2026-08-23T00:00:00,PROD_119,81.37,DEV_N_232,ADDR_N_232,COMPLETED,0,0.0,LOW
ORD_ACC_N_233_0,ACC_N_233,2026-01-14T00:00:00,PROD_142,234.22,DEV_N_233,ADDR_N_233,COMPLETED,0,0.0,LOW
ORD_ACC_N_233_1,ACC_N_233,2026-07-01T00:00:00,PROD_142,136.81,DEV_N_233,ADDR_N_233,COMPLETED,0,0.0,LOW
ORD_ACC_N_233_2,ACC_N_233,2026-08-04T00:00:00,PROD_110,228.75,DEV_N_233,ADDR_N_233,COMPLETED,0,0.0,LOW
ORD_ACC_N_234_0,ACC_N_234,2026-06-21T00:00:00,PROD_130,125.78,DEV_N_234,ADDR_N_234,COMPLETED,0,0.0,LOW
ORD_ACC_N_234_1,ACC_N_234,2026-03-14T00:00:00,PROD_146,85.16,DEV_N_234,ADDR_N_234,COMPLETED,0,0.0,LOW
ORD_ACC_N_234_2,ACC_N_234,2026-08-08T00:00:00,PROD_114,401.86,DEV_N_234,ADDR_N_234,COMPLETED,0,0.0,LOW
ORD_ACC_N_234_3,ACC_N_234,2026-02-16T00:00:00,PROD_121,463.45,DEV_N_234,ADDR_N_234,COMPLETED,0,0.0,LOW
ORD_ACC_N_234_4,ACC_N_234,2026-03-01T00:00:00,PROD_141,376.62,DEV_N_234,ADDR_N_234,COMPLETED,0,0.0,LOW
ORD_ACC_N_234_5,ACC_N_234,2026-05-12T00:00:00,PROD_107,408.05,DEV_N_234,ADDR_N_234,COMPLETED,0,0.0,LOW
ORD_ACC_N_234_6,ACC_N_234,2026-08-09T00:00:00,PROD_137,73.46,DEV_N_234,ADDR_N_234,COMPLETED,0,0.0,LOW
ORD_ACC_N_234_7,ACC_N_234,2026-02-22T00:00:00,PROD_108,472.16,DEV_N_234,ADDR_N_234,COMPLETED,0,0.0,LOW
ORD_ACC_N_234_8,ACC_N_234,2026-05-26T00:00:00,PROD_103,296.92,DEV_N_234,ADDR_N_234,REFUNDED,1,0.0,LOW
ORD_ACC_N_234_9,ACC_N_234,2026-07-14T00:00:00,PROD_120,426.62,DEV_N_234,ADDR_N_234,COMPLETED,0,0.0,LOW
ORD_ACC_N_234_10,ACC_N_234,2026-02-08T00:00:00,PROD_133,346.07,DEV_N_234,ADDR_N_234,COMPLETED,0,0.0,LOW
ORD_ACC_N_234_11,ACC_N_234,2026-04-02T00:00:00,PROD_134,126.63,DEV_N_234,ADDR_N_234,COMPLETED,0,0.0,LOW
ORD_ACC_N_234_12,ACC_N_234,2026-06-12T00:00:00,PROD_114,89.46,DEV_N_234,ADDR_N_234,COMPLETED,0,0.0,LOW
ORD_ACC_N_235_0,ACC_N_235,2026-06-17T00:00:00,PROD_142,308.7,DEV_N_235,ADDR_N_235,COMPLETED,0,0.0,LOW
ORD_ACC_N_235_1,ACC_N_235,2025-10-29T00:00:00,PROD_144,173.67,DEV_N_235,ADDR_N_235,COMPLETED,0,0.0,LOW
ORD_ACC_N_235_2,ACC_N_235,2026-04-13T00:00:00,PROD_130,498.49,DEV_N_235,ADDR_N_235,COMPLETED,0,0.0,LOW
ORD_ACC_N_235_3,ACC_N_235,2025-12-21T00:00:00,PROD_103,159.92,DEV_N_235,ADDR_N_235,COMPLETED,0,0.0,LOW
ORD_ACC_N_235_4,ACC_N_235,2026-06-14T00:00:00,PROD_146,417.38,DEV_N_235,ADDR_N_235,COMPLETED,0,0.0,LOW
ORD_ACC_N_235_5,ACC_N_235,2026-08-05T00:00:00,PROD_131,463.12,DEV_N_235,ADDR_N_235,COMPLETED,0,0.0,LOW
ORD_ACC_N_235_6,ACC_N_235,2026-03-31T00:00:00,PROD_110,492.51,DEV_N_235,ADDR_N_235,COMPLETED,0,0.0,LOW
ORD_ACC_N_235_7,ACC_N_235,2025-11-24T00:00:00,PROD_130,208.3,DEV_N_235,ADDR_N_235,COMPLETED,0,0.0,LOW
ORD_ACC_N_236_0,ACC_N_236,2026-08-13T00:00:00,PROD_144,273.37,DEV_N_236,ADDR_N_236,COMPLETED,0,0.0,LOW
ORD_ACC_N_236_1,ACC_N_236,2026-03-05T00:00:00,PROD_108,431.0,DEV_N_236,ADDR_N_236,COMPLETED,0,0.0,LOW
ORD_ACC_N_236_2,ACC_N_236,2026-02-20T00:00:00,PROD_103,399.81,DEV_N_236,ADDR_N_236,COMPLETED,0,0.0,LOW
ORD_ACC_N_236_3,ACC_N_236,2026-05-06T00:00:00,PROD_128,334.22,DEV_N_236,ADDR_N_236,COMPLETED,0,0.0,LOW
ORD_ACC_N_236_4,ACC_N_236,2026-06-18T00:00:00,PROD_147,450.66,DEV_N_236,ADDR_N_236,COMPLETED,0,0.0,LOW
ORD_ACC_N_236_5,ACC_N_236,2026-02-24T00:00:00,PROD_136,332.59,DEV_N_236,ADDR_N_236,COMPLETED,0,0.0,LOW
ORD_ACC_N_236_6,ACC_N_236,2026-03-11T00:00:00,PROD_124,397.04,DEV_N_236,ADDR_N_236,COMPLETED,0,0.0,LOW
ORD_ACC_N_237_0,ACC_N_237,2026-06-06T00:00:00,PROD_130,464.47,DEV_N_237,ADDR_N_237,COMPLETED,0,0.0,LOW
ORD_ACC_N_237_1,ACC_N_237,2026-08-05T00:00:00,PROD_121,76.33,DEV_N_237,ADDR_N_237,COMPLETED,0,0.0,LOW
ORD_ACC_N_237_2,ACC_N_237,2026-01-21T00:00:00,PROD_125,485.47,DEV_N_237,ADDR_N_237,COMPLETED,0,0.0,LOW
ORD_ACC_N_237_3,ACC_N_237,2026-08-14T00:00:00,PROD_119,77.03,DEV_N_237,ADDR_N_237,COMPLETED,0,0.0,LOW
ORD_ACC_N_237_4,ACC_N_237,2026-06-04T00:00:00,PROD_144,333.34,DEV_N_237,ADDR_N_237,COMPLETED,0,0.0,LOW
ORD_ACC_N_237_5,ACC_N_237,2026-01-06T00:00:00,PROD_117,435.15,DEV_N_237,ADDR_N_237,COMPLETED,0,0.0,LOW
ORD_ACC_N_237_6,ACC_N_237,2026-02-24T00:00:00,PROD_107,25.57,DEV_N_237,ADDR_N_237,COMPLETED,0,0.0,LOW
ORD_ACC_N_237_7,ACC_N_237,2025-10-07T00:00:00,PROD_101,341.02,DEV_N_237,ADDR_N_237,COMPLETED,0,0.0,LOW
ORD_ACC_N_237_8,ACC_N_237,2025-11-11T00:00:00,PROD_144,493.93,DEV_N_237,ADDR_N_237,COMPLETED,0,0.0,LOW
ORD_ACC_N_237_9,ACC_N_237,2025-11-01T00:00:00,PROD_141,106.93,DEV_N_237,ADDR_N_237,COMPLETED,0,0.0,LOW
ORD_ACC_N_237_10,ACC_N_237,2026-04-01T00:00:00,PROD_104,294.28,DEV_N_237,ADDR_N_237,COMPLETED,0,0.0,LOW
ORD_ACC_N_237_11,ACC_N_237,2026-05-29T00:00:00,PROD_125,214.56,DEV_N_237,ADDR_N_237,COMPLETED,0,0.0,LOW
ORD_ACC_N_237_12,ACC_N_237,2025-11-30T00:00:00,PROD_104,396.07,DEV_N_237,ADDR_N_237,COMPLETED,0,0.0,LOW
ORD_ACC_N_237_13,ACC_N_237,2025-11-05T00:00:00,PROD_141,278.71,DEV_N_237,ADDR_N_237,COMPLETED,0,0.0,LOW
ORD_ACC_N_238_0,ACC_N_238,2026-05-09T00:00:00,PROD_144,76.32,DEV_N_238,ADDR_N_238,COMPLETED,0,0.0,LOW
ORD_ACC_N_238_1,ACC_N_238,2026-08-31T00:00:00,PROD_107,286.27,DEV_N_238,ADDR_N_238,COMPLETED,0,0.0,LOW
ORD_ACC_N_238_2,ACC_N_238,2026-08-15T00:00:00,PROD_105,296.04,DEV_N_238,ADDR_N_238,COMPLETED,0,0.0,LOW
ORD_ACC_N_238_3,ACC_N_238,2026-07-30T00:00:00,PROD_107,428.7,DEV_N_238,ADDR_N_238,REFUNDED,1,0.0,LOW
ORD_ACC_N_238_4,ACC_N_238,2026-07-16T00:00:00,PROD_142,483.81,DEV_N_238,ADDR_N_238,COMPLETED,0,0.0,LOW
ORD_ACC_N_238_5,ACC_N_238,2026-07-31T00:00:00,PROD_133,164.29,DEV_N_238,ADDR_N_238,COMPLETED,0,0.0,LOW
ORD_ACC_N_238_6,ACC_N_238,2026-06-08T00:00:00,PROD_131,276.37,DEV_N_238,ADDR_N_238,COMPLETED,0,0.0,LOW
ORD_ACC_N_238_7,ACC_N_238,2026-06-26T00:00:00,PROD_138,457.18,DEV_N_238,ADDR_N_238,COMPLETED,0,0.0,LOW
ORD_ACC_N_238_8,ACC_N_238,2026-06-27T00:00:00,PROD_102,120.72,DEV_N_238,ADDR_N_238,COMPLETED,0,0.0,LOW
ORD_ACC_N_238_9,ACC_N_238,2026-08-27T00:00:00,PROD_113,110.28,DEV_N_238,ADDR_N_238,COMPLETED,0,0.0,LOW
ORD_ACC_N_238_10,ACC_N_238,2026-06-15T00:00:00,PROD_117,284.99,DEV_N_238,ADDR_N_238,COMPLETED,0,0.0,LOW
ORD_ACC_N_239_0,ACC_N_239,2026-07-24T00:00:00,PROD_141,283.93,DEV_N_239,ADDR_N_239,COMPLETED,0,0.0,LOW
ORD_ACC_N_239_1,ACC_N_239,2026-02-08T00:00:00,PROD_143,238.91,DEV_N_239,ADDR_N_239,COMPLETED,0,0.0,LOW
ORD_ACC_N_239_2,ACC_N_239,2026-06-19T00:00:00,PROD_146,277.23,DEV_N_239,ADDR_N_239,COMPLETED,0,0.0,LOW
ORD_ACC_N_239_3,ACC_N_239,2025-10-11T00:00:00,PROD_123,354.47,DEV_N_239,ADDR_N_239,COMPLETED,0,0.0,LOW
ORD_ACC_N_239_4,ACC_N_239,2025-12-13T00:00:00,PROD_109,310.37,DEV_N_239,ADDR_N_239,COMPLETED,0,0.0,LOW
ORD_ACC_N_239_5,ACC_N_239,2026-01-21T00:00:00,PROD_115,201.89,DEV_N_239,ADDR_N_239,COMPLETED,0,0.0,LOW
ORD_ACC_N_239_6,ACC_N_239,2026-04-15T00:00:00,PROD_135,79.82,DEV_N_239,ADDR_N_239,COMPLETED,0,0.0,LOW
ORD_ACC_N_240_0,ACC_N_240,2026-07-22T00:00:00,PROD_149,62.71,DEV_N_239,ADDR_N_239,COMPLETED,0,0.0,LOW
ORD_ACC_N_240_1,ACC_N_240,2026-08-22T00:00:00,PROD_100,437.05,DEV_N_239,ADDR_N_239,COMPLETED,0,0.0,LOW
ORD_ACC_N_240_2,ACC_N_240,2026-08-07T00:00:00,PROD_106,490.15,DEV_N_239,ADDR_N_239,COMPLETED,0,0.0,LOW
ORD_ACC_N_240_3,ACC_N_240,2026-08-20T00:00:00,PROD_137,272.71,DEV_N_239,ADDR_N_239,COMPLETED,0,0.0,LOW
ORD_ACC_N_240_4,ACC_N_240,2026-08-25T00:00:00,PROD_118,273.9,DEV_N_239,ADDR_N_239,COMPLETED,0,0.0,LOW
ORD_ACC_N_240_5,ACC_N_240,2026-08-14T00:00:00,PROD_110,311.58,DEV_N_239,ADDR_N_239,COMPLETED,0,0.0,LOW
ORD_ACC_N_241_0,ACC_N_241,2026-06-04T00:00:00,PROD_134,406.92,DEV_N_241,ADDR_N_241,COMPLETED,0,0.0,LOW
ORD_ACC_N_241_1,ACC_N_241,2026-04-01T00:00:00,PROD_137,443.37,DEV_N_241,ADDR_N_241,COMPLETED,0,0.0,LOW
ORD_ACC_N_241_2,ACC_N_241,2026-06-26T00:00:00,PROD_109,24.56,DEV_N_241,ADDR_N_241,COMPLETED,0,0.0,LOW
ORD_ACC_N_242_0,ACC_N_242,2026-06-20T00:00:00,PROD_146,373.0,DEV_N_242,ADDR_N_242,COMPLETED,0,0.0,LOW
ORD_ACC_N_242_1,ACC_N_242,2026-07-31T00:00:00,PROD_129,345.54,DEV_N_242,ADDR_N_242,COMPLETED,0,0.0,LOW
ORD_ACC_N_242_2,ACC_N_242,2026-07-06T00:00:00,PROD_132,493.4,DEV_N_242,ADDR_N_242,COMPLETED,0,0.0,LOW
ORD_ACC_N_242_3,ACC_N_242,2026-07-27T00:00:00,PROD_145,477.26,DEV_N_242,ADDR_N_242,COMPLETED,0,0.0,LOW
ORD_ACC_N_242_4,ACC_N_242,2026-07-23T00:00:00,PROD_119,325.1,DEV_N_242,ADDR_N_242,COMPLETED,0,0.0,LOW
ORD_ACC_N_242_5,ACC_N_242,2026-07-22T00:00:00,PROD_104,425.72,DEV_N_242,ADDR_N_242,COMPLETED,0,0.0,LOW
ORD_ACC_N_242_6,ACC_N_242,2026-08-20T00:00:00,PROD_147,99.25,DEV_N_242,ADDR_N_242,COMPLETED,0,0.0,LOW
ORD_ACC_N_243_0,ACC_N_243,2025-12-22T00:00:00,PROD_127,408.01,DEV_N_243,ADDR_N_243,REFUNDED,1,0.0,LOW
ORD_ACC_N_243_1,ACC_N_243,2025-12-29T00:00:00,PROD_143,258.95,DEV_N_243,ADDR_N_243,COMPLETED,0,0.0,LOW
ORD_ACC_N_243_2,ACC_N_243,2026-06-29T00:00:00,PROD_147,214.63,DEV_N_243,ADDR_N_243,COMPLETED,0,0.0,LOW
ORD_ACC_N_243_3,ACC_N_243,2026-01-26T00:00:00,PROD_115,357.24,DEV_N_243,ADDR_N_243,COMPLETED,0,0.0,LOW
ORD_ACC_N_243_4,ACC_N_243,2026-08-10T00:00:00,PROD_143,311.54,DEV_N_243,ADDR_N_243,COMPLETED,0,0.0,LOW
ORD_ACC_N_243_5,ACC_N_243,2026-05-08T00:00:00,PROD_108,103.91,DEV_N_243,ADDR_N_243,COMPLETED,0,0.0,LOW
ORD_ACC_N_243_6,ACC_N_243,2026-03-04T00:00:00,PROD_124,477.19,DEV_N_243,ADDR_N_243,COMPLETED,0,0.0,LOW
ORD_ACC_N_243_7,ACC_N_243,2026-02-21T00:00:00,PROD_143,485.47,DEV_N_243,ADDR_N_243,COMPLETED,0,0.0,LOW
ORD_ACC_N_243_8,ACC_N_243,2025-11-28T00:00:00,PROD_118,428.37,DEV_N_243,ADDR_N_243,COMPLETED,0,0.0,LOW
ORD_ACC_N_243_9,ACC_N_243,2025-12-27T00:00:00,PROD_147,160.9,DEV_N_243,ADDR_N_243,COMPLETED,0,0.0,LOW
ORD_ACC_N_243_10,ACC_N_243,2026-02-11T00:00:00,PROD_141,124.38,DEV_N_243,ADDR_N_243,COMPLETED,0,0.0,LOW
ORD_ACC_N_243_11,ACC_N_243,2026-08-13T00:00:00,PROD_131,469.0,DEV_N_243,ADDR_N_243,COMPLETED,0,0.0,LOW
ORD_ACC_N_243_12,ACC_N_243,2026-03-02T00:00:00,PROD_119,22.83,DEV_N_243,ADDR_N_243,COMPLETED,0,0.0,LOW
ORD_ACC_N_243_13,ACC_N_243,2026-07-08T00:00:00,PROD_111,22.47,DEV_N_243,ADDR_N_243,COMPLETED,0,0.0,LOW
ORD_ACC_N_243_14,ACC_N_243,2026-03-03T00:00:00,PROD_112,24.25,DEV_N_243,ADDR_N_243,COMPLETED,0,0.0,LOW
ORD_ACC_N_244_0,ACC_N_244,2026-06-14T00:00:00,PROD_100,217.15,DEV_N_244,ADDR_N_244,COMPLETED,0,0.0,LOW
ORD_ACC_N_244_1,ACC_N_244,2026-04-25T00:00:00,PROD_119,128.53,DEV_N_244,ADDR_N_244,COMPLETED,0,0.0,LOW
ORD_ACC_N_244_2,ACC_N_244,2026-01-24T00:00:00,PROD_117,448.25,DEV_N_244,ADDR_N_244,COMPLETED,0,0.0,LOW
ORD_ACC_N_244_3,ACC_N_244,2026-01-19T00:00:00,PROD_108,335.01,DEV_N_244,ADDR_N_244,COMPLETED,0,0.0,LOW
ORD_ACC_N_244_4,ACC_N_244,2026-01-21T00:00:00,PROD_145,22.79,DEV_N_244,ADDR_N_244,COMPLETED,0,0.0,LOW
ORD_ACC_N_244_5,ACC_N_244,2026-07-06T00:00:00,PROD_125,110.99,DEV_N_244,ADDR_N_244,REFUNDED,1,0.0,LOW
ORD_ACC_N_244_6,ACC_N_244,2026-08-15T00:00:00,PROD_130,96.95,DEV_N_244,ADDR_N_244,COMPLETED,0,0.0,LOW
ORD_ACC_N_244_7,ACC_N_244,2026-07-02T00:00:00,PROD_143,222.13,DEV_N_244,ADDR_N_244,COMPLETED,0,0.0,LOW
ORD_ACC_N_244_8,ACC_N_244,2026-03-18T00:00:00,PROD_125,380.52,DEV_N_244,ADDR_N_244,COMPLETED,0,0.0,LOW
ORD_ACC_N_245_0,ACC_N_245,2026-08-03T00:00:00,PROD_108,479.69,DEV_N_245,ADDR_N_245,COMPLETED,0,0.0,LOW
ORD_ACC_N_245_1,ACC_N_245,2026-06-04T00:00:00,PROD_115,260.0,DEV_N_245,ADDR_N_245,COMPLETED,0,0.0,LOW
ORD_ACC_N_245_2,ACC_N_245,2026-03-11T00:00:00,PROD_138,418.32,DEV_N_245,ADDR_N_245,COMPLETED,0,0.0,LOW
ORD_ACC_N_246_0,ACC_N_246,2026-06-18T00:00:00,PROD_127,155.47,DEV_N_246,ADDR_N_246,COMPLETED,0,0.0,LOW
ORD_ACC_N_246_1,ACC_N_246,2026-03-26T00:00:00,PROD_115,93.2,DEV_N_246,ADDR_N_246,COMPLETED,0,0.0,LOW
ORD_ACC_N_246_2,ACC_N_246,2026-02-16T00:00:00,PROD_144,75.21,DEV_N_246,ADDR_N_246,COMPLETED,0,0.0,LOW
ORD_ACC_N_246_3,ACC_N_246,2026-03-14T00:00:00,PROD_145,413.89,DEV_N_246,ADDR_N_246,COMPLETED,0,0.0,LOW
ORD_ACC_N_246_4,ACC_N_246,2026-03-05T00:00:00,PROD_112,370.62,DEV_N_246,ADDR_N_246,COMPLETED,0,0.0,LOW
ORD_ACC_N_246_5,ACC_N_246,2026-03-23T00:00:00,PROD_108,324.55,DEV_N_246,ADDR_N_246,COMPLETED,0,0.0,LOW
ORD_ACC_N_246_6,ACC_N_246,2026-08-22T00:00:00,PROD_109,151.45,DEV_N_246,ADDR_N_246,COMPLETED,0,0.0,LOW
ORD_ACC_N_246_7,ACC_N_246,2026-08-27T00:00:00,PROD_103,315.9,DEV_N_246,ADDR_N_246,COMPLETED,0,0.0,LOW
ORD_ACC_N_247_0,ACC_N_247,2026-06-14T00:00:00,PROD_114,356.08,DEV_N_247,ADDR_N_247,COMPLETED,0,0.0,LOW
ORD_ACC_N_247_1,ACC_N_247,2026-05-14T00:00:00,PROD_141,250.01,DEV_N_247,ADDR_N_247,COMPLETED,0,0.0,LOW
ORD_ACC_N_247_2,ACC_N_247,2026-06-15T00:00:00,PROD_122,72.83,DEV_N_247,ADDR_N_247,COMPLETED,0,0.0,LOW
ORD_ACC_N_247_3,ACC_N_247,2026-06-29T00:00:00,PROD_102,173.52,DEV_N_247,ADDR_N_247,REFUNDED,1,0.0,LOW
ORD_ACC_N_247_4,ACC_N_247,2026-03-15T00:00:00,PROD_130,377.48,DEV_N_247,ADDR_N_247,COMPLETED,0,0.0,LOW
ORD_ACC_N_247_5,ACC_N_247,2026-03-29T00:00:00,PROD_131,68.37,DEV_N_247,ADDR_N_247,COMPLETED,0,0.0,LOW
ORD_ACC_N_247_6,ACC_N_247,2026-06-07T00:00:00,PROD_100,166.09,DEV_N_247,ADDR_N_247,COMPLETED,0,0.0,LOW
ORD_ACC_N_247_7,ACC_N_247,2026-02-15T00:00:00,PROD_147,433.75,DEV_N_247,ADDR_N_247,COMPLETED,0,0.0,LOW
ORD_ACC_N_247_8,ACC_N_247,2026-02-22T00:00:00,PROD_123,393.83,DEV_N_247,ADDR_N_247,COMPLETED,0,0.0,LOW
ORD_ACC_N_248_0,ACC_N_248,2026-05-16T00:00:00,PROD_106,300.48,DEV_N_248,ADDR_N_248,COMPLETED,0,0.0,LOW
ORD_ACC_N_248_1,ACC_N_248,2025-10-13T00:00:00,PROD_137,376.44,DEV_N_248,ADDR_N_248,COMPLETED,0,0.0,LOW
ORD_ACC_N_248_2,ACC_N_248,2026-05-25T00:00:00,PROD_104,358.24,DEV_N_248,ADDR_N_248,COMPLETED,0,0.0,LOW
ORD_ACC_N_248_3,ACC_N_248,2025-10-19T00:00:00,PROD_148,184.59,DEV_N_248,ADDR_N_248,COMPLETED,0,0.0,LOW
ORD_ACC_N_248_4,ACC_N_248,2025-12-01T00:00:00,PROD_112,365.97,DEV_N_248,ADDR_N_248,REFUNDED,1,0.0,LOW
ORD_ACC_N_249_0,ACC_N_249,2026-06-04T00:00:00,PROD_145,449.56,DEV_N_249,ADDR_N_249,COMPLETED,0,0.0,LOW
ORD_ACC_N_249_1,ACC_N_249,2026-05-12T00:00:00,PROD_132,52.5,DEV_N_249,ADDR_N_249,COMPLETED,0,0.0,LOW
ORD_ACC_N_249_2,ACC_N_249,2026-07-20T00:00:00,PROD_108,307.59,DEV_N_249,ADDR_N_249,COMPLETED,0,0.0,LOW
ORD_ACC_N_249_3,ACC_N_249,2026-08-20T00:00:00,PROD_144,478.79,DEV_N_249,ADDR_N_249,COMPLETED,0,0.0,LOW
ORD_ACC_N_249_4,ACC_N_249,2026-05-22T00:00:00,PROD_132,257.61,DEV_N_249,ADDR_N_249,COMPLETED,0,0.0,LOW
ORD_ACC_N_249_5,ACC_N_249,2026-07-20T00:00:00,PROD_135,230.12,DEV_N_249,ADDR_N_249,COMPLETED,0,0.0,LOW
ORD_ACC_N_249_6,ACC_N_249,2026-05-21T00:00:00,PROD_100,311.46,DEV_N_249,ADDR_N_249,COMPLETED,0,0.0,LOW
ORD_ACC_N_249_7,ACC_N_249,2026-07-07T00:00:00,PROD_132,304.21,DEV_N_249,ADDR_N_249,REFUNDED,1,0.0,LOW
ORD_ACC_N_249_8,ACC_N_249,2026-04-19T00:00:00,PROD_118,144.24,DEV_N_249,ADDR_N_249,COMPLETED,0,0.0,LOW
ORD_ACC_N_249_9,ACC_N_249,2026-08-01T00:00:00,PROD_115,102.13,DEV_N_249,ADDR_N_249,REFUNDED,1,0.0,LOW
ORD_ACC_N_249_10,ACC_N_249,2026-07-25T00:00:00,PROD_108,472.18,DEV_N_249,ADDR_N_249,COMPLETED,0,0.0,LOW
ORD_ACC_N_249_11,ACC_N_249,2026-08-18T00:00:00,PROD_113,328.36,DEV_N_249,ADDR_N_249,COMPLETED,0,0.0,LOW
ORD_ACC_N_249_12,ACC_N_249,2026-08-02T00:00:00,PROD_138,20.67,DEV_N_249,ADDR_N_249,COMPLETED,0,0.0,LOW
ORD_ACC_N_249_13,ACC_N_249,2026-06-09T00:00:00,PROD_135,59.96,DEV_N_249,ADDR_N_249,COMPLETED,0,0.0,LOW
ORD_ACC_N_249_14,ACC_N_249,2026-07-28T00:00:00,PROD_120,216.0,DEV_N_249,ADDR_N_249,COMPLETED,0,0.0,LOW
ORD_ACC_N_250_0,ACC_N_250,2026-08-26T00:00:00,PROD_117,415.49,DEV_N_249,ADDR_N_249,COMPLETED,0,0.0,LOW
ORD_ACC_N_250_1,ACC_N_250,2026-04-22T00:00:00,PROD_149,486.37,DEV_N_249,ADDR_N_249,COMPLETED,0,0.0,LOW
ORD_ACC_N_250_2,ACC_N_250,2026-07-08T00:00:00,PROD_141,366.85,DEV_N_249,ADDR_N_249,COMPLETED,0,0.0,LOW
ORD_ACC_N_250_3,ACC_N_250,2025-10-15T00:00:00,PROD_128,324.47,DEV_N_249,ADDR_N_249,COMPLETED,0,0.0,LOW
ORD_ACC_N_250_4,ACC_N_250,2026-03-18T00:00:00,PROD_148,149.02,DEV_N_249,ADDR_N_249,COMPLETED,0,0.0,LOW
ORD_ACC_N_250_5,ACC_N_250,2026-06-13T00:00:00,PROD_127,234.11,DEV_N_249,ADDR_N_249,COMPLETED,0,0.0,LOW
ORD_ACC_N_250_6,ACC_N_250,2026-06-17T00:00:00,PROD_111,453.04,DEV_N_249,ADDR_N_249,COMPLETED,0,0.0,LOW
ORD_ACC_N_250_7,ACC_N_250,2026-05-29T00:00:00,PROD_136,411.49,DEV_N_249,ADDR_N_249,COMPLETED,0,0.0,LOW
ORD_ACC_N_250_8,ACC_N_250,2026-05-31T00:00:00,PROD_110,330.83,DEV_N_249,ADDR_N_249,REFUNDED,1,0.0,LOW
ORD_ACC_N_250_9,ACC_N_250,2025-10-24T00:00:00,PROD_127,110.17,DEV_N_249,ADDR_N_249,COMPLETED,0,0.0,LOW
ORD_ACC_N_250_10,ACC_N_250,2026-01-11T00:00:00,PROD_106,456.38,DEV_N_249,ADDR_N_249,COMPLETED,0,0.0,LOW
ORD_ACC_N_250_11,ACC_N_250,2026-06-22T00:00:00,PROD_138,368.85,DEV_N_249,ADDR_N_249,COMPLETED,0,0.0,LOW
ORD_ACC_N_250_12,ACC_N_250,2026-02-19T00:00:00,PROD_100,204.32,DEV_N_249,ADDR_N_249,COMPLETED,0,0.0,LOW
ORD_ACC_N_250_13,ACC_N_250,2026-06-25T00:00:00,PROD_109,139.2,DEV_N_249,ADDR_N_249,COMPLETED,0,0.0,LOW
ORD_ACC_N_251_0,ACC_N_251,2026-08-31T00:00:00,PROD_147,479.66,DEV_N_251,ADDR_N_251,COMPLETED,0,0.0,LOW
ORD_ACC_N_251_1,ACC_N_251,2026-08-29T00:00:00,PROD_136,117.11,DEV_N_251,ADDR_N_251,COMPLETED,0,0.0,LOW
ORD_ACC_N_251_2,ACC_N_251,2026-08-26T00:00:00,PROD_115,167.54,DEV_N_251,ADDR_N_251,COMPLETED,0,0.0,LOW
ORD_ACC_N_251_3,ACC_N_251,2026-08-23T00:00:00,PROD_102,321.19,DEV_N_251,ADDR_N_251,COMPLETED,0,0.0,LOW
ORD_ACC_N_251_4,ACC_N_251,2026-08-22T00:00:00,PROD_126,69.23,DEV_N_251,ADDR_N_251,COMPLETED,0,0.0,LOW
ORD_ACC_N_251_5,ACC_N_251,2026-08-31T00:00:00,PROD_127,457.84,DEV_N_251,ADDR_N_251,REFUNDED,1,0.0,LOW
ORD_ACC_N_251_6,ACC_N_251,2026-08-20T00:00:00,PROD_143,334.58,DEV_N_251,ADDR_N_251,COMPLETED,0,0.0,LOW
ORD_ACC_N_251_7,ACC_N_251,2026-08-28T00:00:00,PROD_114,256.07,DEV_N_251,ADDR_N_251,COMPLETED,0,0.0,LOW
ORD_ACC_N_251_8,ACC_N_251,2026-08-22T00:00:00,PROD_107,191.51,DEV_N_251,ADDR_N_251,COMPLETED,0,0.0,LOW
ORD_ACC_N_251_9,ACC_N_251,2026-08-29T00:00:00,PROD_111,449.88,DEV_N_251,ADDR_N_251,COMPLETED,0,0.0,LOW
ORD_ACC_N_251_10,ACC_N_251,2026-08-21T00:00:00,PROD_109,307.81,DEV_N_251,ADDR_N_251,COMPLETED,0,0.0,LOW
ORD_ACC_N_251_11,ACC_N_251,2026-08-22T00:00:00,PROD_131,187.23,DEV_N_251,ADDR_N_251,COMPLETED,0,0.0,LOW
ORD_ACC_N_251_12,ACC_N_251,2026-08-23T00:00:00,PROD_104,409.15,DEV_N_251,ADDR_N_251,COMPLETED,0,0.0,LOW
ORD_ACC_N_252_0,ACC_N_252,2026-06-09T00:00:00,PROD_128,90.36,DEV_N_252,ADDR_N_252,COMPLETED,0,0.0,LOW
ORD_ACC_N_252_1,ACC_N_252,2026-08-23T00:00:00,PROD_146,74.32,DEV_N_252,ADDR_N_252,COMPLETED,0,0.0,LOW
ORD_ACC_N_252_2,ACC_N_252,2026-08-13T00:00:00,PROD_111,63.41,DEV_N_252,ADDR_N_252,COMPLETED,0,0.0,LOW
ORD_ACC_N_252_3,ACC_N_252,2026-07-17T00:00:00,PROD_144,173.27,DEV_N_252,ADDR_N_252,COMPLETED,0,0.0,LOW
ORD_ACC_N_252_4,ACC_N_252,2026-06-15T00:00:00,PROD_141,400.88,DEV_N_252,ADDR_N_252,COMPLETED,0,0.0,LOW
ORD_ACC_N_252_5,ACC_N_252,2026-07-13T00:00:00,PROD_134,220.96,DEV_N_252,ADDR_N_252,COMPLETED,0,0.0,LOW
ORD_ACC_N_252_6,ACC_N_252,2026-06-24T00:00:00,PROD_105,277.38,DEV_N_252,ADDR_N_252,COMPLETED,0,0.0,LOW
ORD_ACC_N_252_7,ACC_N_252,2026-07-09T00:00:00,PROD_147,272.93,DEV_N_252,ADDR_N_252,COMPLETED,0,0.0,LOW
ORD_ACC_N_252_8,ACC_N_252,2026-08-20T00:00:00,PROD_101,132.89,DEV_N_252,ADDR_N_252,REFUNDED,1,0.0,LOW
ORD_ACC_N_252_9,ACC_N_252,2026-07-02T00:00:00,PROD_103,479.66,DEV_N_252,ADDR_N_252,COMPLETED,0,0.0,LOW
ORD_ACC_N_252_10,ACC_N_252,2026-07-16T00:00:00,PROD_108,427.4,DEV_N_252,ADDR_N_252,COMPLETED,0,0.0,LOW
ORD_ACC_N_252_11,ACC_N_252,2026-07-04T00:00:00,PROD_126,89.19,DEV_N_252,ADDR_N_252,COMPLETED,0,0.0,LOW
ORD_ACC_N_252_12,ACC_N_252,2026-08-05T00:00:00,PROD_108,417.35,DEV_N_252,ADDR_N_252,COMPLETED,0,0.0,LOW
ORD_ACC_N_253_0,ACC_N_253,2026-08-28T00:00:00,PROD_103,354.14,DEV_N_253,ADDR_N_253,COMPLETED,0,0.0,LOW
ORD_ACC_N_253_1,ACC_N_253,2026-06-18T00:00:00,PROD_110,55.41,DEV_N_253,ADDR_N_253,COMPLETED,0,0.0,LOW
ORD_ACC_N_253_2,ACC_N_253,2026-08-13T00:00:00,PROD_104,195.32,DEV_N_253,ADDR_N_253,COMPLETED,0,0.0,LOW
ORD_ACC_N_253_3,ACC_N_253,2026-06-20T00:00:00,PROD_148,418.91,DEV_N_253,ADDR_N_253,COMPLETED,0,0.0,LOW
ORD_ACC_N_253_4,ACC_N_253,2026-07-02T00:00:00,PROD_144,376.91,DEV_N_253,ADDR_N_253,COMPLETED,0,0.0,LOW
ORD_ACC_N_253_5,ACC_N_253,2026-07-02T00:00:00,PROD_141,217.53,DEV_N_253,ADDR_N_253,COMPLETED,0,0.0,LOW
ORD_ACC_N_253_6,ACC_N_253,2026-07-26T00:00:00,PROD_141,73.41,DEV_N_253,ADDR_N_253,COMPLETED,0,0.0,LOW
ORD_ACC_N_254_0,ACC_N_254,2026-06-04T00:00:00,PROD_127,261.58,DEV_N_254,ADDR_N_254,REFUNDED,1,0.0,LOW
ORD_ACC_N_254_1,ACC_N_254,2026-04-21T00:00:00,PROD_145,461.19,DEV_N_254,ADDR_N_254,COMPLETED,0,0.0,LOW
ORD_ACC_N_254_2,ACC_N_254,2026-01-27T00:00:00,PROD_105,467.1,DEV_N_254,ADDR_N_254,COMPLETED,0,0.0,LOW
ORD_ACC_N_254_3,ACC_N_254,2026-02-19T00:00:00,PROD_113,489.4,DEV_N_254,ADDR_N_254,COMPLETED,0,0.0,LOW
ORD_ACC_N_254_4,ACC_N_254,2025-10-19T00:00:00,PROD_147,46.88,DEV_N_254,ADDR_N_254,COMPLETED,0,0.0,LOW
ORD_ACC_N_254_5,ACC_N_254,2025-10-26T00:00:00,PROD_129,424.02,DEV_N_254,ADDR_N_254,COMPLETED,0,0.0,LOW
ORD_ACC_N_254_6,ACC_N_254,2026-03-24T00:00:00,PROD_124,333.3,DEV_N_254,ADDR_N_254,COMPLETED,0,0.0,LOW
ORD_ACC_N_254_7,ACC_N_254,2026-08-04T00:00:00,PROD_112,405.6,DEV_N_254,ADDR_N_254,COMPLETED,0,0.0,LOW
ORD_ACC_N_254_8,ACC_N_254,2026-07-07T00:00:00,PROD_149,70.11,DEV_N_254,ADDR_N_254,COMPLETED,0,0.0,LOW
ORD_ACC_N_254_9,ACC_N_254,2026-08-17T00:00:00,PROD_106,134.97,DEV_N_254,ADDR_N_254,COMPLETED,0,0.0,LOW
ORD_ACC_N_254_10,ACC_N_254,2026-05-15T00:00:00,PROD_119,306.61,DEV_N_254,ADDR_N_254,COMPLETED,0,0.0,LOW
ORD_ACC_N_254_11,ACC_N_254,2025-11-22T00:00:00,PROD_115,116.83,DEV_N_254,ADDR_N_254,COMPLETED,0,0.0,LOW
ORD_ACC_N_254_12,ACC_N_254,2026-07-19T00:00:00,PROD_136,488.8,DEV_N_254,ADDR_N_254,COMPLETED,0,0.0,LOW
ORD_ACC_N_255_0,ACC_N_255,2026-08-11T00:00:00,PROD_122,64.74,DEV_N_255,ADDR_N_255,COMPLETED,0,0.0,LOW
ORD_ACC_N_256_0,ACC_N_256,2026-07-13T00:00:00,PROD_122,170.95,DEV_N_256,ADDR_N_256,COMPLETED,0,0.0,LOW
ORD_ACC_N_256_1,ACC_N_256,2026-03-05T00:00:00,PROD_147,343.85,DEV_N_256,ADDR_N_256,COMPLETED,0,0.0,LOW
ORD_ACC_N_256_2,ACC_N_256,2026-08-06T00:00:00,PROD_101,261.05,DEV_N_256,ADDR_N_256,COMPLETED,0,0.0,LOW
ORD_ACC_N_256_3,ACC_N_256,2026-02-09T00:00:00,PROD_102,203.41,DEV_N_256,ADDR_N_256,COMPLETED,0,0.0,LOW
ORD_ACC_N_256_4,ACC_N_256,2026-07-21T00:00:00,PROD_140,92.74,DEV_N_256,ADDR_N_256,COMPLETED,0,0.0,LOW
ORD_ACC_N_256_5,ACC_N_256,2026-03-01T00:00:00,PROD_143,131.15,DEV_N_256,ADDR_N_256,COMPLETED,0,0.0,LOW
ORD_ACC_N_256_6,ACC_N_256,2026-02-16T00:00:00,PROD_132,364.91,DEV_N_256,ADDR_N_256,COMPLETED,0,0.0,LOW
ORD_ACC_N_256_7,ACC_N_256,2026-02-26T00:00:00,PROD_149,312.19,DEV_N_256,ADDR_N_256,COMPLETED,0,0.0,LOW
ORD_ACC_N_256_8,ACC_N_256,2026-05-09T00:00:00,PROD_123,396.97,DEV_N_256,ADDR_N_256,COMPLETED,0,0.0,LOW
ORD_ACC_N_257_0,ACC_N_257,2026-01-15T00:00:00,PROD_115,362.13,DEV_N_257,ADDR_N_257,COMPLETED,0,0.0,LOW
ORD_ACC_N_258_0,ACC_N_258,2026-07-24T00:00:00,PROD_131,479.85,DEV_N_258,ADDR_N_258,COMPLETED,0,0.0,LOW
ORD_ACC_N_258_1,ACC_N_258,2026-08-24T00:00:00,PROD_135,88.46,DEV_N_258,ADDR_N_258,COMPLETED,0,0.0,LOW
ORD_ACC_N_258_2,ACC_N_258,2025-12-19T00:00:00,PROD_118,65.17,DEV_N_258,ADDR_N_258,COMPLETED,0,0.0,LOW
ORD_ACC_N_258_3,ACC_N_258,2026-07-28T00:00:00,PROD_105,154.46,DEV_N_258,ADDR_N_258,COMPLETED,0,0.0,LOW
ORD_ACC_N_258_4,ACC_N_258,2026-06-01T00:00:00,PROD_130,361.11,DEV_N_258,ADDR_N_258,COMPLETED,0,0.0,LOW
ORD_ACC_N_258_5,ACC_N_258,2026-01-17T00:00:00,PROD_107,332.14,DEV_N_258,ADDR_N_258,COMPLETED,0,0.0,LOW
ORD_ACC_N_258_6,ACC_N_258,2025-12-25T00:00:00,PROD_125,39.0,DEV_N_258,ADDR_N_258,COMPLETED,0,0.0,LOW
ORD_ACC_N_258_7,ACC_N_258,2025-10-18T00:00:00,PROD_123,460.23,DEV_N_258,ADDR_N_258,COMPLETED,0,0.0,LOW
ORD_ACC_N_258_8,ACC_N_258,2025-10-16T00:00:00,PROD_143,476.98,DEV_N_258,ADDR_N_258,COMPLETED,0,0.0,LOW
ORD_ACC_N_258_9,ACC_N_258,2025-12-15T00:00:00,PROD_143,236.04,DEV_N_258,ADDR_N_258,COMPLETED,0,0.0,LOW
ORD_ACC_N_259_0,ACC_N_259,2026-08-02T00:00:00,PROD_135,375.7,DEV_N_259,ADDR_N_259,COMPLETED,0,0.0,LOW
ORD_ACC_N_259_1,ACC_N_259,2026-06-13T00:00:00,PROD_110,429.47,DEV_N_259,ADDR_N_259,COMPLETED,0,0.0,LOW
ORD_ACC_N_259_2,ACC_N_259,2026-02-08T00:00:00,PROD_129,429.84,DEV_N_259,ADDR_N_259,COMPLETED,0,0.0,LOW
ORD_ACC_N_259_3,ACC_N_259,2026-03-06T00:00:00,PROD_129,243.62,DEV_N_259,ADDR_N_259,COMPLETED,0,0.0,LOW
ORD_ACC_N_259_4,ACC_N_259,2026-07-19T00:00:00,PROD_125,106.53,DEV_N_259,ADDR_N_259,COMPLETED,0,0.0,LOW
ORD_ACC_N_259_5,ACC_N_259,2026-05-21T00:00:00,PROD_121,212.73,DEV_N_259,ADDR_N_259,COMPLETED,0,0.0,LOW
ORD_ACC_N_259_6,ACC_N_259,2025-12-26T00:00:00,PROD_107,122.06,DEV_N_259,ADDR_N_259,COMPLETED,0,0.0,LOW
ORD_ACC_N_259_7,ACC_N_259,2026-01-11T00:00:00,PROD_130,38.38,DEV_N_259,ADDR_N_259,COMPLETED,0,0.0,LOW
ORD_ACC_N_259_8,ACC_N_259,2026-05-14T00:00:00,PROD_138,173.69,DEV_N_259,ADDR_N_259,REFUNDED,1,0.0,LOW
ORD_ACC_N_259_9,ACC_N_259,2026-02-27T00:00:00,PROD_113,398.99,DEV_N_259,ADDR_N_259,COMPLETED,0,0.0,LOW
ORD_ACC_N_259_10,ACC_N_259,2026-05-15T00:00:00,PROD_143,436.65,DEV_N_259,ADDR_N_259,COMPLETED,0,0.0,LOW
ORD_ACC_N_260_0,ACC_N_260,2026-07-17T00:00:00,PROD_125,60.12,DEV_N_259,ADDR_N_259,COMPLETED,0,0.0,LOW
ORD_ACC_N_260_1,ACC_N_260,2026-06-16T00:00:00,PROD_126,439.41,DEV_N_259,ADDR_N_259,COMPLETED,0,0.0,LOW
ORD_ACC_N_260_2,ACC_N_260,2026-07-08T00:00:00,PROD_103,341.43,DEV_N_259,ADDR_N_259,COMPLETED,0,0.0,LOW
ORD_ACC_N_260_3,ACC_N_260,2026-05-14T00:00:00,PROD_110,184.17,DEV_N_259,ADDR_N_259,COMPLETED,0,0.0,LOW
ORD_ACC_N_260_4,ACC_N_260,2026-06-03T00:00:00,PROD_134,472.13,DEV_N_259,ADDR_N_259,COMPLETED,0,0.0,LOW
ORD_ACC_N_261_0,ACC_N_261,2026-03-07T00:00:00,PROD_135,293.75,DEV_N_261,ADDR_N_261,COMPLETED,0,0.0,LOW
ORD_ACC_N_261_1,ACC_N_261,2026-07-12T00:00:00,PROD_139,57.35,DEV_N_261,ADDR_N_261,COMPLETED,0,0.0,LOW
ORD_ACC_N_261_2,ACC_N_261,2026-06-10T00:00:00,PROD_146,338.75,DEV_N_261,ADDR_N_261,COMPLETED,0,0.0,LOW
ORD_ACC_N_261_3,ACC_N_261,2026-08-28T00:00:00,PROD_109,92.24,DEV_N_261,ADDR_N_261,COMPLETED,0,0.0,LOW
ORD_ACC_N_261_4,ACC_N_261,2026-01-22T00:00:00,PROD_143,171.88,DEV_N_261,ADDR_N_261,COMPLETED,0,0.0,LOW
ORD_ACC_N_261_5,ACC_N_261,2026-06-25T00:00:00,PROD_128,269.93,DEV_N_261,ADDR_N_261,REFUNDED,1,0.0,LOW
ORD_ACC_N_262_0,ACC_N_262,2026-07-13T00:00:00,PROD_112,37.51,DEV_N_262,ADDR_N_262,COMPLETED,0,0.0,LOW
ORD_ACC_N_262_1,ACC_N_262,2025-11-25T00:00:00,PROD_113,391.7,DEV_N_262,ADDR_N_262,COMPLETED,0,0.0,LOW
ORD_ACC_N_262_2,ACC_N_262,2026-05-16T00:00:00,PROD_136,477.14,DEV_N_262,ADDR_N_262,COMPLETED,0,0.0,LOW
ORD_ACC_N_262_3,ACC_N_262,2026-02-23T00:00:00,PROD_119,410.61,DEV_N_262,ADDR_N_262,REFUNDED,1,0.0,LOW
ORD_ACC_N_262_4,ACC_N_262,2025-12-19T00:00:00,PROD_126,331.48,DEV_N_262,ADDR_N_262,COMPLETED,0,0.0,LOW
ORD_ACC_N_262_5,ACC_N_262,2026-03-04T00:00:00,PROD_148,417.53,DEV_N_262,ADDR_N_262,COMPLETED,0,0.0,LOW
ORD_ACC_N_262_6,ACC_N_262,2026-07-04T00:00:00,PROD_123,464.65,DEV_N_262,ADDR_N_262,COMPLETED,0,0.0,LOW
ORD_ACC_N_262_7,ACC_N_262,2025-11-21T00:00:00,PROD_124,305.55,DEV_N_262,ADDR_N_262,COMPLETED,0,0.0,LOW
ORD_ACC_N_262_8,ACC_N_262,2026-01-20T00:00:00,PROD_106,324.37,DEV_N_262,ADDR_N_262,COMPLETED,0,0.0,LOW
ORD_ACC_N_262_9,ACC_N_262,2026-07-09T00:00:00,PROD_126,63.03,DEV_N_262,ADDR_N_262,REFUNDED,1,0.0,LOW
ORD_ACC_N_263_0,ACC_N_263,2025-11-26T00:00:00,PROD_137,67.86,DEV_N_263,ADDR_N_263,COMPLETED,0,0.0,LOW
ORD_ACC_N_263_1,ACC_N_263,2026-04-05T00:00:00,PROD_149,428.82,DEV_N_263,ADDR_N_263,COMPLETED,0,0.0,LOW
ORD_ACC_N_263_2,ACC_N_263,2025-11-22T00:00:00,PROD_130,202.92,DEV_N_263,ADDR_N_263,COMPLETED,0,0.0,LOW
ORD_ACC_N_263_3,ACC_N_263,2026-03-05T00:00:00,PROD_126,484.46,DEV_N_263,ADDR_N_263,COMPLETED,0,0.0,LOW
ORD_ACC_N_263_4,ACC_N_263,2026-08-28T00:00:00,PROD_132,471.02,DEV_N_263,ADDR_N_263,COMPLETED,0,0.0,LOW
ORD_ACC_N_263_5,ACC_N_263,2026-04-16T00:00:00,PROD_126,442.21,DEV_N_263,ADDR_N_263,COMPLETED,0,0.0,LOW
ORD_ACC_N_263_6,ACC_N_263,2026-08-29T00:00:00,PROD_100,452.09,DEV_N_263,ADDR_N_263,COMPLETED,0,0.0,LOW
ORD_ACC_N_263_7,ACC_N_263,2026-06-14T00:00:00,PROD_133,399.44,DEV_N_263,ADDR_N_263,COMPLETED,0,0.0,LOW
ORD_ACC_N_263_8,ACC_N_263,2026-03-22T00:00:00,PROD_127,180.84,DEV_N_263,ADDR_N_263,COMPLETED,0,0.0,LOW
ORD_ACC_N_263_9,ACC_N_263,2025-11-20T00:00:00,PROD_141,487.28,DEV_N_263,ADDR_N_263,COMPLETED,0,0.0,LOW
ORD_ACC_N_263_10,ACC_N_263,2026-08-05T00:00:00,PROD_108,404.64,DEV_N_263,ADDR_N_263,COMPLETED,0,0.0,LOW
ORD_ACC_N_263_11,ACC_N_263,2026-06-04T00:00:00,PROD_110,213.5,DEV_N_263,ADDR_N_263,COMPLETED,0,0.0,LOW
ORD_ACC_N_263_12,ACC_N_263,2026-05-05T00:00:00,PROD_132,67.8,DEV_N_263,ADDR_N_263,COMPLETED,0,0.0,LOW
ORD_ACC_N_263_13,ACC_N_263,2025-10-12T00:00:00,PROD_148,296.93,DEV_N_263,ADDR_N_263,COMPLETED,0,0.0,LOW
ORD_ACC_N_263_14,ACC_N_263,2025-11-21T00:00:00,PROD_105,96.35,DEV_N_263,ADDR_N_263,COMPLETED,0,0.0,LOW
ORD_ACC_N_264_0,ACC_N_264,2026-08-31T00:00:00,PROD_101,321.87,DEV_N_264,ADDR_N_264,COMPLETED,0,0.0,LOW
ORD_ACC_N_264_1,ACC_N_264,2026-08-09T00:00:00,PROD_136,280.96,DEV_N_264,ADDR_N_264,COMPLETED,0,0.0,LOW
ORD_ACC_N_264_2,ACC_N_264,2026-08-31T00:00:00,PROD_129,376.32,DEV_N_264,ADDR_N_264,COMPLETED,0,0.0,LOW
ORD_ACC_N_264_3,ACC_N_264,2026-08-26T00:00:00,PROD_119,135.07,DEV_N_264,ADDR_N_264,COMPLETED,0,0.0,LOW
ORD_ACC_N_264_4,ACC_N_264,2026-08-14T00:00:00,PROD_124,423.42,DEV_N_264,ADDR_N_264,COMPLETED,0,0.0,LOW
ORD_ACC_N_264_5,ACC_N_264,2026-08-10T00:00:00,PROD_109,44.84,DEV_N_264,ADDR_N_264,COMPLETED,0,0.0,LOW
ORD_ACC_N_264_6,ACC_N_264,2026-08-11T00:00:00,PROD_107,492.7,DEV_N_264,ADDR_N_264,COMPLETED,0,0.0,LOW
ORD_ACC_N_265_0,ACC_N_265,2026-07-08T00:00:00,PROD_111,88.08,DEV_N_265,ADDR_N_265,COMPLETED,0,0.0,LOW
ORD_ACC_N_265_1,ACC_N_265,2026-07-23T00:00:00,PROD_113,257.24,DEV_N_265,ADDR_N_265,COMPLETED,0,0.0,LOW
ORD_ACC_N_266_0,ACC_N_266,2026-07-12T00:00:00,PROD_140,30.54,DEV_N_266,ADDR_N_266,COMPLETED,0,0.0,LOW
ORD_ACC_N_266_1,ACC_N_266,2026-08-18T00:00:00,PROD_120,349.92,DEV_N_266,ADDR_N_266,COMPLETED,0,0.0,LOW
ORD_ACC_N_266_2,ACC_N_266,2026-07-11T00:00:00,PROD_111,97.33,DEV_N_266,ADDR_N_266,COMPLETED,0,0.0,LOW
ORD_ACC_N_266_3,ACC_N_266,2026-07-22T00:00:00,PROD_121,311.19,DEV_N_266,ADDR_N_266,REFUNDED,1,0.0,LOW
ORD_ACC_N_266_4,ACC_N_266,2026-07-23T00:00:00,PROD_133,308.0,DEV_N_266,ADDR_N_266,REFUNDED,1,0.0,LOW
ORD_ACC_N_266_5,ACC_N_266,2026-08-19T00:00:00,PROD_133,310.93,DEV_N_266,ADDR_N_266,COMPLETED,0,0.0,LOW
ORD_ACC_N_266_6,ACC_N_266,2026-07-14T00:00:00,PROD_107,93.13,DEV_N_266,ADDR_N_266,COMPLETED,0,0.0,LOW
ORD_ACC_N_266_7,ACC_N_266,2026-08-30T00:00:00,PROD_146,177.22,DEV_N_266,ADDR_N_266,COMPLETED,0,0.0,LOW
ORD_ACC_N_267_0,ACC_N_267,2026-04-30T00:00:00,PROD_145,115.63,DEV_N_267,ADDR_N_267,COMPLETED,0,0.0,LOW
ORD_ACC_N_267_1,ACC_N_267,2026-06-17T00:00:00,PROD_127,244.18,DEV_N_267,ADDR_N_267,COMPLETED,0,0.0,LOW
ORD_ACC_N_267_2,ACC_N_267,2026-05-21T00:00:00,PROD_112,462.73,DEV_N_267,ADDR_N_267,COMPLETED,0,0.0,LOW
ORD_ACC_N_267_3,ACC_N_267,2026-05-23T00:00:00,PROD_137,69.39,DEV_N_267,ADDR_N_267,COMPLETED,0,0.0,LOW
ORD_ACC_N_267_4,ACC_N_267,2026-07-20T00:00:00,PROD_131,401.17,DEV_N_267,ADDR_N_267,COMPLETED,0,0.0,LOW
ORD_ACC_N_268_0,ACC_N_268,2026-04-01T00:00:00,PROD_139,378.6,DEV_N_268,ADDR_N_268,COMPLETED,0,0.0,LOW
ORD_ACC_N_268_1,ACC_N_268,2026-03-29T00:00:00,PROD_122,203.86,DEV_N_268,ADDR_N_268,COMPLETED,0,0.0,LOW
ORD_ACC_N_268_2,ACC_N_268,2026-01-14T00:00:00,PROD_110,323.7,DEV_N_268,ADDR_N_268,COMPLETED,0,0.0,LOW
ORD_ACC_N_268_3,ACC_N_268,2026-04-23T00:00:00,PROD_138,141.47,DEV_N_268,ADDR_N_268,COMPLETED,0,0.0,LOW
ORD_ACC_N_268_4,ACC_N_268,2026-06-02T00:00:00,PROD_120,211.19,DEV_N_268,ADDR_N_268,COMPLETED,0,0.0,LOW
ORD_ACC_N_268_5,ACC_N_268,2026-02-10T00:00:00,PROD_113,109.24,DEV_N_268,ADDR_N_268,COMPLETED,0,0.0,LOW
ORD_ACC_N_268_6,ACC_N_268,2026-05-28T00:00:00,PROD_100,89.62,DEV_N_268,ADDR_N_268,COMPLETED,0,0.0,LOW
ORD_ACC_N_269_0,ACC_N_269,2026-03-16T00:00:00,PROD_120,122.61,DEV_N_269,ADDR_N_269,COMPLETED,0,0.0,LOW
ORD_ACC_N_270_0,ACC_N_270,2026-02-15T00:00:00,PROD_113,156.13,DEV_N_269,ADDR_N_269,COMPLETED,0,0.0,LOW
ORD_ACC_N_270_1,ACC_N_270,2025-11-17T00:00:00,PROD_142,153.46,DEV_N_269,ADDR_N_269,COMPLETED,0,0.0,LOW
ORD_ACC_N_271_0,ACC_N_271,2026-01-28T00:00:00,PROD_120,347.42,DEV_N_271,ADDR_N_271,COMPLETED,0,0.0,LOW
ORD_ACC_N_271_1,ACC_N_271,2026-05-23T00:00:00,PROD_102,43.84,DEV_N_271,ADDR_N_271,COMPLETED,0,0.0,LOW
ORD_ACC_N_271_2,ACC_N_271,2026-01-28T00:00:00,PROD_138,77.24,DEV_N_271,ADDR_N_271,COMPLETED,0,0.0,LOW
ORD_ACC_N_271_3,ACC_N_271,2025-11-02T00:00:00,PROD_118,203.77,DEV_N_271,ADDR_N_271,COMPLETED,0,0.0,LOW
ORD_ACC_N_271_4,ACC_N_271,2025-11-10T00:00:00,PROD_118,494.22,DEV_N_271,ADDR_N_271,COMPLETED,0,0.0,LOW
ORD_ACC_N_271_5,ACC_N_271,2026-02-06T00:00:00,PROD_133,37.76,DEV_N_271,ADDR_N_271,COMPLETED,0,0.0,LOW
ORD_ACC_N_271_6,ACC_N_271,2026-03-12T00:00:00,PROD_106,329.49,DEV_N_271,ADDR_N_271,COMPLETED,0,0.0,LOW
ORD_ACC_N_271_7,ACC_N_271,2026-03-30T00:00:00,PROD_125,151.84,DEV_N_271,ADDR_N_271,COMPLETED,0,0.0,LOW
ORD_ACC_N_271_8,ACC_N_271,2025-11-20T00:00:00,PROD_103,391.81,DEV_N_271,ADDR_N_271,COMPLETED,0,0.0,LOW
ORD_ACC_N_271_9,ACC_N_271,2026-04-01T00:00:00,PROD_141,354.3,DEV_N_271,ADDR_N_271,COMPLETED,0,0.0,LOW
ORD_ACC_N_271_10,ACC_N_271,2026-02-21T00:00:00,PROD_114,470.1,DEV_N_271,ADDR_N_271,COMPLETED,0,0.0,LOW
ORD_ACC_N_271_11,ACC_N_271,2026-08-26T00:00:00,PROD_144,86.59,DEV_N_271,ADDR_N_271,COMPLETED,0,0.0,LOW
ORD_ACC_N_271_12,ACC_N_271,2026-05-08T00:00:00,PROD_123,101.69,DEV_N_271,ADDR_N_271,COMPLETED,0,0.0,LOW
ORD_ACC_N_271_13,ACC_N_271,2026-08-29T00:00:00,PROD_116,468.37,DEV_N_271,ADDR_N_271,COMPLETED,0,0.0,LOW
ORD_ACC_N_271_14,ACC_N_271,2026-07-06T00:00:00,PROD_116,43.04,DEV_N_271,ADDR_N_271,COMPLETED,0,0.0,LOW
ORD_ACC_N_272_0,ACC_N_272,2026-02-18T00:00:00,PROD_108,149.56,DEV_N_272,ADDR_N_272,COMPLETED,0,0.0,LOW
ORD_ACC_N_272_1,ACC_N_272,2026-01-08T00:00:00,PROD_109,77.55,DEV_N_272,ADDR_N_272,COMPLETED,0,0.0,LOW
ORD_ACC_N_272_2,ACC_N_272,2026-02-01T00:00:00,PROD_133,325.71,DEV_N_272,ADDR_N_272,COMPLETED,0,0.0,LOW
ORD_ACC_N_272_3,ACC_N_272,2026-04-30T00:00:00,PROD_117,297.38,DEV_N_272,ADDR_N_272,COMPLETED,0,0.0,LOW
ORD_ACC_N_272_4,ACC_N_272,2025-12-27T00:00:00,PROD_118,128.4,DEV_N_272,ADDR_N_272,COMPLETED,0,0.0,LOW
ORD_ACC_N_272_5,ACC_N_272,2026-03-04T00:00:00,PROD_142,288.09,DEV_N_272,ADDR_N_272,COMPLETED,0,0.0,LOW
ORD_ACC_N_272_6,ACC_N_272,2025-09-10T00:00:00,PROD_103,57.45,DEV_N_272,ADDR_N_272,COMPLETED,0,0.0,LOW
ORD_ACC_N_272_7,ACC_N_272,2026-08-25T00:00:00,PROD_124,341.84,DEV_N_272,ADDR_N_272,COMPLETED,0,0.0,LOW
ORD_ACC_N_272_8,ACC_N_272,2025-12-25T00:00:00,PROD_137,70.18,DEV_N_272,ADDR_N_272,COMPLETED,0,0.0,LOW
ORD_ACC_N_272_9,ACC_N_272,2025-12-11T00:00:00,PROD_119,432.06,DEV_N_272,ADDR_N_272,COMPLETED,0,0.0,LOW
ORD_ACC_N_273_0,ACC_N_273,2025-12-16T00:00:00,PROD_123,70.72,DEV_N_273,ADDR_N_273,COMPLETED,0,0.0,LOW
ORD_ACC_N_273_1,ACC_N_273,2026-01-12T00:00:00,PROD_149,436.57,DEV_N_273,ADDR_N_273,COMPLETED,0,0.0,LOW
ORD_ACC_N_273_2,ACC_N_273,2026-05-27T00:00:00,PROD_143,52.95,DEV_N_273,ADDR_N_273,COMPLETED,0,0.0,LOW
ORD_ACC_N_274_0,ACC_N_274,2026-07-10T00:00:00,PROD_147,90.7,DEV_N_274,ADDR_N_274,COMPLETED,0,0.0,LOW
ORD_ACC_N_274_1,ACC_N_274,2026-04-30T00:00:00,PROD_117,27.96,DEV_N_274,ADDR_N_274,COMPLETED,0,0.0,LOW
ORD_ACC_N_274_2,ACC_N_274,2025-12-31T00:00:00,PROD_116,337.71,DEV_N_274,ADDR_N_274,COMPLETED,0,0.0,LOW
ORD_ACC_N_274_3,ACC_N_274,2025-11-23T00:00:00,PROD_109,60.35,DEV_N_274,ADDR_N_274,COMPLETED,0,0.0,LOW
ORD_ACC_N_274_4,ACC_N_274,2025-12-17T00:00:00,PROD_128,226.81,DEV_N_274,ADDR_N_274,COMPLETED,0,0.0,LOW
ORD_ACC_N_274_5,ACC_N_274,2026-02-23T00:00:00,PROD_146,66.95,DEV_N_274,ADDR_N_274,COMPLETED,0,0.0,LOW
ORD_ACC_N_274_6,ACC_N_274,2026-05-24T00:00:00,PROD_138,161.12,DEV_N_274,ADDR_N_274,COMPLETED,0,0.0,LOW
ORD_ACC_N_274_7,ACC_N_274,2025-12-03T00:00:00,PROD_106,311.58,DEV_N_274,ADDR_N_274,COMPLETED,0,0.0,LOW
ORD_ACC_N_274_8,ACC_N_274,2026-04-26T00:00:00,PROD_103,480.31,DEV_N_274,ADDR_N_274,COMPLETED,0,0.0,LOW
ORD_ACC_N_274_9,ACC_N_274,2025-11-10T00:00:00,PROD_106,147.77,DEV_N_274,ADDR_N_274,COMPLETED,0,0.0,LOW
ORD_ACC_N_274_10,ACC_N_274,2026-05-08T00:00:00,PROD_125,443.65,DEV_N_274,ADDR_N_274,COMPLETED,0,0.0,LOW
ORD_ACC_N_275_0,ACC_N_275,2026-07-06T00:00:00,PROD_117,372.28,DEV_N_275,ADDR_N_275,COMPLETED,0,0.0,LOW
ORD_ACC_N_275_1,ACC_N_275,2026-07-10T00:00:00,PROD_140,102.09,DEV_N_275,ADDR_N_275,COMPLETED,0,0.0,LOW
ORD_ACC_N_276_0,ACC_N_276,2026-08-30T00:00:00,PROD_144,65.24,DEV_N_276,ADDR_N_276,COMPLETED,0,0.0,LOW
ORD_ACC_N_276_1,ACC_N_276,2025-12-30T00:00:00,PROD_144,374.76,DEV_N_276,ADDR_N_276,COMPLETED,0,0.0,LOW
ORD_ACC_N_276_2,ACC_N_276,2026-06-05T00:00:00,PROD_111,171.25,DEV_N_276,ADDR_N_276,COMPLETED,0,0.0,LOW
ORD_ACC_N_276_3,ACC_N_276,2026-01-10T00:00:00,PROD_130,88.08,DEV_N_276,ADDR_N_276,REFUNDED,1,0.0,LOW
ORD_ACC_N_276_4,ACC_N_276,2026-08-21T00:00:00,PROD_104,105.21,DEV_N_276,ADDR_N_276,COMPLETED,0,0.0,LOW
ORD_ACC_N_277_0,ACC_N_277,2026-08-27T00:00:00,PROD_137,305.12,DEV_N_277,ADDR_N_277,COMPLETED,0,0.0,LOW
ORD_ACC_N_277_1,ACC_N_277,2025-12-24T00:00:00,PROD_102,439.14,DEV_N_277,ADDR_N_277,COMPLETED,0,0.0,LOW
ORD_ACC_N_277_2,ACC_N_277,2025-11-14T00:00:00,PROD_114,346.42,DEV_N_277,ADDR_N_277,COMPLETED,0,0.0,LOW
ORD_ACC_N_277_3,ACC_N_277,2025-12-17T00:00:00,PROD_106,100.31,DEV_N_277,ADDR_N_277,COMPLETED,0,0.0,LOW
ORD_ACC_N_277_4,ACC_N_277,2026-03-29T00:00:00,PROD_131,405.87,DEV_N_277,ADDR_N_277,COMPLETED,0,0.0,LOW
ORD_ACC_N_277_5,ACC_N_277,2025-11-25T00:00:00,PROD_123,143.52,DEV_N_277,ADDR_N_277,COMPLETED,0,0.0,LOW
ORD_ACC_N_277_6,ACC_N_277,2026-08-25T00:00:00,PROD_121,417.32,DEV_N_277,ADDR_N_277,COMPLETED,0,0.0,LOW
ORD_ACC_N_277_7,ACC_N_277,2025-09-26T00:00:00,PROD_138,431.34,DEV_N_277,ADDR_N_277,COMPLETED,0,0.0,LOW
ORD_ACC_N_277_8,ACC_N_277,2026-07-05T00:00:00,PROD_140,149.57,DEV_N_277,ADDR_N_277,COMPLETED,0,0.0,LOW
ORD_ACC_N_277_9,ACC_N_277,2026-06-17T00:00:00,PROD_142,489.75,DEV_N_277,ADDR_N_277,COMPLETED,0,0.0,LOW
ORD_ACC_N_277_10,ACC_N_277,2026-03-02T00:00:00,PROD_147,258.96,DEV_N_277,ADDR_N_277,COMPLETED,0,0.0,LOW
ORD_ACC_N_277_11,ACC_N_277,2026-02-28T00:00:00,PROD_124,119.03,DEV_N_277,ADDR_N_277,COMPLETED,0,0.0,LOW
ORD_ACC_N_277_12,ACC_N_277,2026-04-13T00:00:00,PROD_128,441.03,DEV_N_277,ADDR_N_277,COMPLETED,0,0.0,LOW
ORD_ACC_N_278_0,ACC_N_278,2026-06-06T00:00:00,PROD_137,187.45,DEV_N_278,ADDR_N_278,COMPLETED,0,0.0,LOW
ORD_ACC_N_278_1,ACC_N_278,2026-07-27T00:00:00,PROD_133,168.48,DEV_N_278,ADDR_N_278,REFUNDED,1,0.0,LOW
ORD_ACC_N_278_2,ACC_N_278,2026-08-16T00:00:00,PROD_122,228.06,DEV_N_278,ADDR_N_278,COMPLETED,0,0.0,LOW
ORD_ACC_N_278_3,ACC_N_278,2026-08-17T00:00:00,PROD_143,485.35,DEV_N_278,ADDR_N_278,COMPLETED,0,0.0,LOW
ORD_ACC_N_278_4,ACC_N_278,2026-07-03T00:00:00,PROD_118,346.84,DEV_N_278,ADDR_N_278,COMPLETED,0,0.0,LOW
ORD_ACC_N_279_0,ACC_N_279,2026-06-09T00:00:00,PROD_118,165.75,DEV_N_279,ADDR_N_279,COMPLETED,0,0.0,LOW
ORD_ACC_N_279_1,ACC_N_279,2026-01-11T00:00:00,PROD_137,39.66,DEV_N_279,ADDR_N_279,COMPLETED,0,0.0,LOW
ORD_ACC_N_279_2,ACC_N_279,2026-08-04T00:00:00,PROD_122,254.42,DEV_N_279,ADDR_N_279,REFUNDED,1,0.0,LOW
ORD_ACC_N_279_3,ACC_N_279,2026-04-25T00:00:00,PROD_132,86.11,DEV_N_279,ADDR_N_279,COMPLETED,0,0.0,LOW
ORD_ACC_N_279_4,ACC_N_279,2026-06-13T00:00:00,PROD_109,477.77,DEV_N_279,ADDR_N_279,COMPLETED,0,0.0,LOW
ORD_ACC_N_279_5,ACC_N_279,2026-01-22T00:00:00,PROD_114,300.91,DEV_N_279,ADDR_N_279,COMPLETED,0,0.0,LOW
ORD_ACC_N_279_6,ACC_N_279,2026-01-01T00:00:00,PROD_143,467.81,DEV_N_279,ADDR_N_279,COMPLETED,0,0.0,LOW
ORD_ACC_N_279_7,ACC_N_279,2026-01-27T00:00:00,PROD_116,211.57,DEV_N_279,ADDR_N_279,COMPLETED,0,0.0,LOW
ORD_ACC_N_279_8,ACC_N_279,2026-03-25T00:00:00,PROD_120,103.18,DEV_N_279,ADDR_N_279,COMPLETED,0,0.0,LOW
ORD_ACC_N_279_9,ACC_N_279,2026-06-21T00:00:00,PROD_108,347.99,DEV_N_279,ADDR_N_279,COMPLETED,0,0.0,LOW
ORD_ACC_N_279_10,ACC_N_279,2025-11-21T00:00:00,PROD_119,115.77,DEV_N_279,ADDR_N_279,COMPLETED,0,0.0,LOW
ORD_ACC_N_280_0,ACC_N_280,2025-11-25T00:00:00,PROD_127,108.02,DEV_N_279,ADDR_N_279,COMPLETED,0,0.0,LOW
ORD_ACC_N_280_1,ACC_N_280,2026-06-22T00:00:00,PROD_132,272.75,DEV_N_279,ADDR_N_279,COMPLETED,0,0.0,LOW
ORD_ACC_N_280_2,ACC_N_280,2026-01-04T00:00:00,PROD_126,190.01,DEV_N_279,ADDR_N_279,COMPLETED,0,0.0,LOW
ORD_ACC_N_280_3,ACC_N_280,2026-08-17T00:00:00,PROD_149,458.03,DEV_N_279,ADDR_N_279,REFUNDED,1,0.0,LOW
ORD_ACC_N_280_4,ACC_N_280,2026-06-21T00:00:00,PROD_115,315.3,DEV_N_279,ADDR_N_279,COMPLETED,0,0.0,LOW
ORD_ACC_N_280_5,ACC_N_280,2025-12-12T00:00:00,PROD_136,199.09,DEV_N_279,ADDR_N_279,COMPLETED,0,0.0,LOW
ORD_ACC_N_280_6,ACC_N_280,2026-08-04T00:00:00,PROD_125,382.56,DEV_N_279,ADDR_N_279,COMPLETED,0,0.0,LOW
ORD_ACC_N_280_7,ACC_N_280,2026-01-07T00:00:00,PROD_129,407.59,DEV_N_279,ADDR_N_279,COMPLETED,0,0.0,LOW
ORD_ACC_N_281_0,ACC_N_281,2026-08-14T00:00:00,PROD_121,418.35,DEV_N_281,ADDR_N_281,COMPLETED,0,0.0,LOW
ORD_ACC_N_282_0,ACC_N_282,2026-08-13T00:00:00,PROD_103,291.41,DEV_N_282,ADDR_N_282,COMPLETED,0,0.0,LOW
ORD_ACC_N_282_1,ACC_N_282,2026-07-15T00:00:00,PROD_145,300.62,DEV_N_282,ADDR_N_282,COMPLETED,0,0.0,LOW
ORD_ACC_N_282_2,ACC_N_282,2026-07-18T00:00:00,PROD_147,118.43,DEV_N_282,ADDR_N_282,COMPLETED,0,0.0,LOW
ORD_ACC_N_282_3,ACC_N_282,2026-08-23T00:00:00,PROD_109,127.3,DEV_N_282,ADDR_N_282,COMPLETED,0,0.0,LOW
ORD_ACC_N_282_4,ACC_N_282,2026-07-22T00:00:00,PROD_100,169.23,DEV_N_282,ADDR_N_282,COMPLETED,0,0.0,LOW
ORD_ACC_N_282_5,ACC_N_282,2026-07-23T00:00:00,PROD_100,350.13,DEV_N_282,ADDR_N_282,COMPLETED,0,0.0,LOW
ORD_ACC_N_282_6,ACC_N_282,2026-07-24T00:00:00,PROD_115,442.35,DEV_N_282,ADDR_N_282,COMPLETED,0,0.0,LOW
ORD_ACC_N_282_7,ACC_N_282,2026-08-25T00:00:00,PROD_128,247.4,DEV_N_282,ADDR_N_282,COMPLETED,0,0.0,LOW
ORD_ACC_N_282_8,ACC_N_282,2026-08-28T00:00:00,PROD_130,464.5,DEV_N_282,ADDR_N_282,COMPLETED,0,0.0,LOW
ORD_ACC_N_282_9,ACC_N_282,2026-07-10T00:00:00,PROD_116,132.77,DEV_N_282,ADDR_N_282,COMPLETED,0,0.0,LOW
ORD_ACC_N_282_10,ACC_N_282,2026-07-19T00:00:00,PROD_107,230.78,DEV_N_282,ADDR_N_282,COMPLETED,0,0.0,LOW
ORD_ACC_N_282_11,ACC_N_282,2026-08-22T00:00:00,PROD_147,325.37,DEV_N_282,ADDR_N_282,COMPLETED,0,0.0,LOW
ORD_ACC_N_282_12,ACC_N_282,2026-08-21T00:00:00,PROD_112,265.53,DEV_N_282,ADDR_N_282,COMPLETED,0,0.0,LOW
ORD_ACC_N_282_13,ACC_N_282,2026-08-01T00:00:00,PROD_137,159.22,DEV_N_282,ADDR_N_282,COMPLETED,0,0.0,LOW
ORD_ACC_N_283_0,ACC_N_283,2026-06-22T00:00:00,PROD_106,207.77,DEV_N_283,ADDR_N_283,COMPLETED,0,0.0,LOW
ORD_ACC_N_283_1,ACC_N_283,2026-05-17T00:00:00,PROD_118,410.48,DEV_N_283,ADDR_N_283,COMPLETED,0,0.0,LOW
ORD_ACC_N_283_2,ACC_N_283,2026-08-01T00:00:00,PROD_119,290.82,DEV_N_283,ADDR_N_283,REFUNDED,1,0.0,LOW
ORD_ACC_N_283_3,ACC_N_283,2026-05-10T00:00:00,PROD_108,40.46,DEV_N_283,ADDR_N_283,COMPLETED,0,0.0,LOW
ORD_ACC_N_283_4,ACC_N_283,2026-02-27T00:00:00,PROD_110,240.01,DEV_N_283,ADDR_N_283,REFUNDED,1,0.0,LOW
ORD_ACC_N_283_5,ACC_N_283,2026-04-25T00:00:00,PROD_133,121.17,DEV_N_283,ADDR_N_283,COMPLETED,0,0.0,LOW
ORD_ACC_N_283_6,ACC_N_283,2026-04-22T00:00:00,PROD_122,50.13,DEV_N_283,ADDR_N_283,COMPLETED,0,0.0,LOW
ORD_ACC_N_283_7,ACC_N_283,2026-06-06T00:00:00,PROD_108,240.55,DEV_N_283,ADDR_N_283,COMPLETED,0,0.0,LOW
ORD_ACC_N_283_8,ACC_N_283,2026-02-17T00:00:00,PROD_104,336.05,DEV_N_283,ADDR_N_283,COMPLETED,0,0.0,LOW
ORD_ACC_N_283_9,ACC_N_283,2026-05-27T00:00:00,PROD_111,482.03,DEV_N_283,ADDR_N_283,COMPLETED,0,0.0,LOW
ORD_ACC_N_283_10,ACC_N_283,2026-03-03T00:00:00,PROD_133,465.16,DEV_N_283,ADDR_N_283,COMPLETED,0,0.0,LOW
ORD_ACC_N_284_0,ACC_N_284,2026-07-21T00:00:00,PROD_137,302.65,DEV_N_284,ADDR_N_284,COMPLETED,0,0.0,LOW
ORD_ACC_N_284_1,ACC_N_284,2026-07-11T00:00:00,PROD_146,52.43,DEV_N_284,ADDR_N_284,REFUNDED,1,0.0,LOW
ORD_ACC_N_284_2,ACC_N_284,2026-08-19T00:00:00,PROD_143,339.33,DEV_N_284,ADDR_N_284,COMPLETED,0,0.0,LOW
ORD_ACC_N_284_3,ACC_N_284,2026-07-21T00:00:00,PROD_146,384.76,DEV_N_284,ADDR_N_284,COMPLETED,0,0.0,LOW
ORD_ACC_N_284_4,ACC_N_284,2026-08-18T00:00:00,PROD_124,451.9,DEV_N_284,ADDR_N_284,COMPLETED,0,0.0,LOW
ORD_ACC_N_284_5,ACC_N_284,2026-08-23T00:00:00,PROD_102,49.72,DEV_N_284,ADDR_N_284,COMPLETED,0,0.0,LOW
ORD_ACC_N_284_6,ACC_N_284,2026-07-06T00:00:00,PROD_101,386.41,DEV_N_284,ADDR_N_284,COMPLETED,0,0.0,LOW
ORD_ACC_N_284_7,ACC_N_284,2026-07-21T00:00:00,PROD_108,71.68,DEV_N_284,ADDR_N_284,COMPLETED,0,0.0,LOW
ORD_ACC_N_284_8,ACC_N_284,2026-06-21T00:00:00,PROD_128,115.87,DEV_N_284,ADDR_N_284,COMPLETED,0,0.0,LOW
ORD_ACC_N_284_9,ACC_N_284,2026-08-03T00:00:00,PROD_133,116.57,DEV_N_284,ADDR_N_284,COMPLETED,0,0.0,LOW
ORD_ACC_N_284_10,ACC_N_284,2026-08-20T00:00:00,PROD_142,299.41,DEV_N_284,ADDR_N_284,COMPLETED,0,0.0,LOW
ORD_ACC_N_284_11,ACC_N_284,2026-08-05T00:00:00,PROD_100,35.95,DEV_N_284,ADDR_N_284,COMPLETED,0,0.0,LOW
ORD_ACC_N_285_0,ACC_N_285,2026-04-14T00:00:00,PROD_143,434.96,DEV_N_285,ADDR_N_285,COMPLETED,0,0.0,LOW
ORD_ACC_N_285_1,ACC_N_285,2026-04-26T00:00:00,PROD_130,111.27,DEV_N_285,ADDR_N_285,COMPLETED,0,0.0,LOW
ORD_ACC_N_285_2,ACC_N_285,2026-06-02T00:00:00,PROD_108,191.11,DEV_N_285,ADDR_N_285,COMPLETED,0,0.0,LOW
ORD_ACC_N_285_3,ACC_N_285,2026-05-11T00:00:00,PROD_104,225.21,DEV_N_285,ADDR_N_285,COMPLETED,0,0.0,LOW
ORD_ACC_N_285_4,ACC_N_285,2026-08-11T00:00:00,PROD_106,81.05,DEV_N_285,ADDR_N_285,COMPLETED,0,0.0,LOW
ORD_ACC_N_285_5,ACC_N_285,2026-04-26T00:00:00,PROD_121,130.68,DEV_N_285,ADDR_N_285,COMPLETED,0,0.0,LOW
ORD_ACC_N_285_6,ACC_N_285,2026-07-05T00:00:00,PROD_116,414.24,DEV_N_285,ADDR_N_285,COMPLETED,0,0.0,LOW
ORD_ACC_N_285_7,ACC_N_285,2026-03-04T00:00:00,PROD_110,191.79,DEV_N_285,ADDR_N_285,COMPLETED,0,0.0,LOW
ORD_ACC_N_285_8,ACC_N_285,2026-08-12T00:00:00,PROD_133,276.52,DEV_N_285,ADDR_N_285,COMPLETED,0,0.0,LOW
ORD_ACC_N_285_9,ACC_N_285,2026-04-25T00:00:00,PROD_134,169.87,DEV_N_285,ADDR_N_285,COMPLETED,0,0.0,LOW
ORD_ACC_N_286_0,ACC_N_286,2026-04-19T00:00:00,PROD_126,333.55,DEV_N_286,ADDR_N_286,REFUNDED,1,0.0,LOW
ORD_ACC_N_286_1,ACC_N_286,2026-03-13T00:00:00,PROD_113,446.25,DEV_N_286,ADDR_N_286,COMPLETED,0,0.0,LOW
ORD_ACC_N_286_2,ACC_N_286,2026-03-16T00:00:00,PROD_103,463.6,DEV_N_286,ADDR_N_286,COMPLETED,0,0.0,LOW
ORD_ACC_N_286_3,ACC_N_286,2025-12-22T00:00:00,PROD_139,55.0,DEV_N_286,ADDR_N_286,COMPLETED,0,0.0,LOW
ORD_ACC_N_286_4,ACC_N_286,2026-03-07T00:00:00,PROD_138,490.91,DEV_N_286,ADDR_N_286,COMPLETED,0,0.0,LOW
ORD_ACC_N_286_5,ACC_N_286,2026-07-21T00:00:00,PROD_108,446.01,DEV_N_286,ADDR_N_286,COMPLETED,0,0.0,LOW
ORD_ACC_N_286_6,ACC_N_286,2026-08-10T00:00:00,PROD_114,69.95,DEV_N_286,ADDR_N_286,COMPLETED,0,0.0,LOW
ORD_ACC_N_286_7,ACC_N_286,2026-01-23T00:00:00,PROD_114,249.24,DEV_N_286,ADDR_N_286,COMPLETED,0,0.0,LOW
ORD_ACC_N_287_0,ACC_N_287,2026-08-19T00:00:00,PROD_143,276.41,DEV_N_287,ADDR_N_287,COMPLETED,0,0.0,LOW
ORD_ACC_N_288_0,ACC_N_288,2026-08-05T00:00:00,PROD_108,205.82,DEV_N_288,ADDR_N_288,COMPLETED,0,0.0,LOW
ORD_ACC_N_288_1,ACC_N_288,2026-01-25T00:00:00,PROD_107,283.78,DEV_N_288,ADDR_N_288,COMPLETED,0,0.0,LOW
ORD_ACC_N_288_2,ACC_N_288,2026-02-24T00:00:00,PROD_103,188.86,DEV_N_288,ADDR_N_288,COMPLETED,0,0.0,LOW
ORD_ACC_N_288_3,ACC_N_288,2026-05-05T00:00:00,PROD_126,64.16,DEV_N_288,ADDR_N_288,REFUNDED,1,0.0,LOW
ORD_ACC_N_288_4,ACC_N_288,2026-08-08T00:00:00,PROD_146,495.65,DEV_N_288,ADDR_N_288,REFUNDED,1,0.0,LOW
ORD_ACC_N_288_5,ACC_N_288,2026-07-23T00:00:00,PROD_118,47.19,DEV_N_288,ADDR_N_288,COMPLETED,0,0.0,LOW
ORD_ACC_N_288_6,ACC_N_288,2026-03-24T00:00:00,PROD_115,187.84,DEV_N_288,ADDR_N_288,COMPLETED,0,0.0,LOW
ORD_ACC_N_288_7,ACC_N_288,2026-06-26T00:00:00,PROD_107,310.94,DEV_N_288,ADDR_N_288,COMPLETED,0,0.0,LOW
ORD_ACC_N_289_0,ACC_N_289,2026-07-28T00:00:00,PROD_122,118.81,DEV_N_289,ADDR_N_289,COMPLETED,0,0.0,LOW
ORD_ACC_N_289_1,ACC_N_289,2026-08-03T00:00:00,PROD_149,362.3,DEV_N_289,ADDR_N_289,COMPLETED,0,0.0,LOW
ORD_ACC_N_289_2,ACC_N_289,2026-08-13T00:00:00,PROD_117,437.11,DEV_N_289,ADDR_N_289,COMPLETED,0,0.0,LOW
ORD_ACC_N_289_3,ACC_N_289,2026-07-18T00:00:00,PROD_122,279.88,DEV_N_289,ADDR_N_289,COMPLETED,0,0.0,LOW
ORD_ACC_N_289_4,ACC_N_289,2026-07-17T00:00:00,PROD_105,476.27,DEV_N_289,ADDR_N_289,COMPLETED,0,0.0,LOW
ORD_ACC_N_290_0,ACC_N_290,2026-06-26T00:00:00,PROD_113,130.66,DEV_N_289,ADDR_N_289,COMPLETED,0,0.0,LOW
ORD_ACC_N_290_1,ACC_N_290,2026-07-15T00:00:00,PROD_102,367.96,DEV_N_289,ADDR_N_289,COMPLETED,0,0.0,LOW
ORD_ACC_N_290_2,ACC_N_290,2026-07-06T00:00:00,PROD_107,331.96,DEV_N_289,ADDR_N_289,COMPLETED,0,0.0,LOW
ORD_ACC_N_290_3,ACC_N_290,2026-06-29T00:00:00,PROD_137,421.44,DEV_N_289,ADDR_N_289,COMPLETED,0,0.0,LOW
ORD_ACC_N_290_4,ACC_N_290,2026-07-24T00:00:00,PROD_117,417.05,DEV_N_289,ADDR_N_289,COMPLETED,0,0.0,LOW
ORD_ACC_N_290_5,ACC_N_290,2026-07-13T00:00:00,PROD_124,257.77,DEV_N_289,ADDR_N_289,COMPLETED,0,0.0,LOW
ORD_ACC_N_290_6,ACC_N_290,2026-08-26T00:00:00,PROD_142,127.74,DEV_N_289,ADDR_N_289,COMPLETED,0,0.0,LOW
ORD_ACC_N_290_7,ACC_N_290,2026-06-24T00:00:00,PROD_134,45.08,DEV_N_289,ADDR_N_289,COMPLETED,0,0.0,LOW
ORD_ACC_N_290_8,ACC_N_290,2026-08-28T00:00:00,PROD_121,456.83,DEV_N_289,ADDR_N_289,COMPLETED,0,0.0,LOW
ORD_ACC_N_290_9,ACC_N_290,2026-06-17T00:00:00,PROD_146,123.94,DEV_N_289,ADDR_N_289,REFUNDED,1,0.0,LOW
ORD_ACC_N_290_10,ACC_N_290,2026-07-08T00:00:00,PROD_148,395.65,DEV_N_289,ADDR_N_289,COMPLETED,0,0.0,LOW
ORD_ACC_N_290_11,ACC_N_290,2026-08-18T00:00:00,PROD_143,285.58,DEV_N_289,ADDR_N_289,COMPLETED,0,0.0,LOW
ORD_ACC_N_290_12,ACC_N_290,2026-06-24T00:00:00,PROD_136,242.48,DEV_N_289,ADDR_N_289,COMPLETED,0,0.0,LOW
ORD_ACC_N_290_13,ACC_N_290,2026-07-29T00:00:00,PROD_147,98.02,DEV_N_289,ADDR_N_289,COMPLETED,0,0.0,LOW
ORD_ACC_N_291_0,ACC_N_291,2026-08-30T00:00:00,PROD_117,154.74,DEV_N_291,ADDR_N_291,COMPLETED,0,0.0,LOW
ORD_ACC_N_291_1,ACC_N_291,2026-07-31T00:00:00,PROD_136,390.24,DEV_N_291,ADDR_N_291,COMPLETED,0,0.0,LOW
ORD_ACC_N_291_2,ACC_N_291,2026-08-27T00:00:00,PROD_142,315.46,DEV_N_291,ADDR_N_291,COMPLETED,0,0.0,LOW
ORD_ACC_N_291_3,ACC_N_291,2026-08-30T00:00:00,PROD_120,79.67,DEV_N_291,ADDR_N_291,COMPLETED,0,0.0,LOW
ORD_ACC_N_291_4,ACC_N_291,2026-08-09T00:00:00,PROD_100,233.03,DEV_N_291,ADDR_N_291,REFUNDED,1,0.0,LOW
ORD_ACC_N_291_5,ACC_N_291,2026-07-17T00:00:00,PROD_113,250.5,DEV_N_291,ADDR_N_291,COMPLETED,0,0.0,LOW
ORD_ACC_N_291_6,ACC_N_291,2026-08-24T00:00:00,PROD_139,298.19,DEV_N_291,ADDR_N_291,COMPLETED,0,0.0,LOW
ORD_ACC_N_291_7,ACC_N_291,2026-07-22T00:00:00,PROD_116,477.58,DEV_N_291,ADDR_N_291,COMPLETED,0,0.0,LOW
ORD_ACC_N_291_8,ACC_N_291,2026-07-29T00:00:00,PROD_140,437.15,DEV_N_291,ADDR_N_291,COMPLETED,0,0.0,LOW
ORD_ACC_N_291_9,ACC_N_291,2026-08-13T00:00:00,PROD_114,438.19,DEV_N_291,ADDR_N_291,COMPLETED,0,0.0,LOW
ORD_ACC_N_291_10,ACC_N_291,2026-08-27T00:00:00,PROD_128,108.44,DEV_N_291,ADDR_N_291,COMPLETED,0,0.0,LOW
ORD_ACC_N_291_11,ACC_N_291,2026-07-22T00:00:00,PROD_103,40.14,DEV_N_291,ADDR_N_291,COMPLETED,0,0.0,LOW
ORD_ACC_N_291_12,ACC_N_291,2026-07-30T00:00:00,PROD_122,27.74,DEV_N_291,ADDR_N_291,COMPLETED,0,0.0,LOW
ORD_ACC_N_291_13,ACC_N_291,2026-08-26T00:00:00,PROD_104,308.28,DEV_N_291,ADDR_N_291,COMPLETED,0,0.0,LOW
ORD_ACC_N_291_14,ACC_N_291,2026-07-06T00:00:00,PROD_113,74.33,DEV_N_291,ADDR_N_291,COMPLETED,0,0.0,LOW
ORD_ACC_N_292_0,ACC_N_292,2026-01-31T00:00:00,PROD_118,54.27,DEV_N_292,ADDR_N_292,COMPLETED,0,0.0,LOW
ORD_ACC_N_292_1,ACC_N_292,2026-08-19T00:00:00,PROD_121,176.74,DEV_N_292,ADDR_N_292,COMPLETED,0,0.0,LOW
ORD_ACC_N_292_2,ACC_N_292,2026-02-21T00:00:00,PROD_139,245.93,DEV_N_292,ADDR_N_292,COMPLETED,0,0.0,LOW
ORD_ACC_N_292_3,ACC_N_292,2026-06-10T00:00:00,PROD_109,196.78,DEV_N_292,ADDR_N_292,COMPLETED,0,0.0,LOW
ORD_ACC_N_292_4,ACC_N_292,2026-08-18T00:00:00,PROD_120,70.99,DEV_N_292,ADDR_N_292,COMPLETED,0,0.0,LOW
ORD_ACC_N_292_5,ACC_N_292,2025-12-14T00:00:00,PROD_113,396.06,DEV_N_292,ADDR_N_292,COMPLETED,0,0.0,LOW
ORD_ACC_N_293_0,ACC_N_293,2026-06-16T00:00:00,PROD_105,202.92,DEV_N_293,ADDR_N_293,COMPLETED,0,0.0,LOW
ORD_ACC_N_294_0,ACC_N_294,2026-06-28T00:00:00,PROD_146,498.95,DEV_N_294,ADDR_N_294,COMPLETED,0,0.0,LOW
ORD_ACC_N_294_1,ACC_N_294,2026-06-24T00:00:00,PROD_133,371.86,DEV_N_294,ADDR_N_294,COMPLETED,0,0.0,LOW
ORD_ACC_N_294_2,ACC_N_294,2026-06-15T00:00:00,PROD_128,246.72,DEV_N_294,ADDR_N_294,COMPLETED,0,0.0,LOW
ORD_ACC_N_294_3,ACC_N_294,2026-07-28T00:00:00,PROD_115,113.61,DEV_N_294,ADDR_N_294,COMPLETED,0,0.0,LOW
ORD_ACC_N_294_4,ACC_N_294,2026-07-31T00:00:00,PROD_114,403.52,DEV_N_294,ADDR_N_294,COMPLETED,0,0.0,LOW
ORD_ACC_N_294_5,ACC_N_294,2026-07-22T00:00:00,PROD_115,379.13,DEV_N_294,ADDR_N_294,COMPLETED,0,0.0,LOW
ORD_ACC_N_294_6,ACC_N_294,2026-05-30T00:00:00,PROD_105,479.65,DEV_N_294,ADDR_N_294,COMPLETED,0,0.0,LOW
ORD_ACC_N_294_7,ACC_N_294,2026-06-21T00:00:00,PROD_141,262.71,DEV_N_294,ADDR_N_294,COMPLETED,0,0.0,LOW
ORD_ACC_N_294_8,ACC_N_294,2026-06-15T00:00:00,PROD_114,130.57,DEV_N_294,ADDR_N_294,COMPLETED,0,0.0,LOW
ORD_ACC_N_294_9,ACC_N_294,2026-05-18T00:00:00,PROD_134,416.86,DEV_N_294,ADDR_N_294,COMPLETED,0,0.0,LOW
ORD_ACC_N_295_0,ACC_N_295,2026-04-04T00:00:00,PROD_118,339.63,DEV_N_295,ADDR_N_295,COMPLETED,0,0.0,LOW
ORD_ACC_N_295_1,ACC_N_295,2026-06-12T00:00:00,PROD_132,76.62,DEV_N_295,ADDR_N_295,COMPLETED,0,0.0,LOW
ORD_ACC_N_295_2,ACC_N_295,2026-04-06T00:00:00,PROD_112,257.22,DEV_N_295,ADDR_N_295,COMPLETED,0,0.0,LOW
ORD_ACC_N_295_3,ACC_N_295,2026-05-07T00:00:00,PROD_116,27.45,DEV_N_295,ADDR_N_295,COMPLETED,0,0.0,LOW
ORD_ACC_N_295_4,ACC_N_295,2026-03-02T00:00:00,PROD_108,466.46,DEV_N_295,ADDR_N_295,COMPLETED,0,0.0,LOW
ORD_ACC_N_295_5,ACC_N_295,2026-01-30T00:00:00,PROD_104,227.08,DEV_N_295,ADDR_N_295,COMPLETED,0,0.0,LOW
ORD_ACC_N_295_6,ACC_N_295,2026-04-22T00:00:00,PROD_127,436.1,DEV_N_295,ADDR_N_295,COMPLETED,0,0.0,LOW
ORD_ACC_N_295_7,ACC_N_295,2026-07-30T00:00:00,PROD_145,213.11,DEV_N_295,ADDR_N_295,COMPLETED,0,0.0,LOW
ORD_ACC_N_295_8,ACC_N_295,2026-08-01T00:00:00,PROD_121,181.67,DEV_N_295,ADDR_N_295,COMPLETED,0,0.0,LOW
ORD_ACC_N_295_9,ACC_N_295,2026-03-29T00:00:00,PROD_102,315.98,DEV_N_295,ADDR_N_295,COMPLETED,0,0.0,LOW
ORD_ACC_N_295_10,ACC_N_295,2026-02-23T00:00:00,PROD_126,461.95,DEV_N_295,ADDR_N_295,COMPLETED,0,0.0,LOW
ORD_ACC_N_296_0,ACC_N_296,2026-02-19T00:00:00,PROD_111,249.01,DEV_N_296,ADDR_N_296,COMPLETED,0,0.0,LOW
ORD_ACC_N_296_1,ACC_N_296,2026-02-03T00:00:00,PROD_100,469.58,DEV_N_296,ADDR_N_296,COMPLETED,0,0.0,LOW
ORD_ACC_N_296_2,ACC_N_296,2026-04-02T00:00:00,PROD_124,197.54,DEV_N_296,ADDR_N_296,COMPLETED,0,0.0,LOW
ORD_ACC_N_296_3,ACC_N_296,2026-05-11T00:00:00,PROD_117,104.83,DEV_N_296,ADDR_N_296,COMPLETED,0,0.0,LOW
ORD_ACC_N_296_4,ACC_N_296,2026-07-03T00:00:00,PROD_136,162.73,DEV_N_296,ADDR_N_296,COMPLETED,0,0.0,LOW
ORD_ACC_N_297_0,ACC_N_297,2025-12-14T00:00:00,PROD_120,425.15,DEV_N_297,ADDR_N_297,COMPLETED,0,0.0,LOW
ORD_ACC_N_297_1,ACC_N_297,2026-03-21T00:00:00,PROD_102,383.5,DEV_N_297,ADDR_N_297,COMPLETED,0,0.0,LOW
ORD_ACC_N_297_2,ACC_N_297,2026-01-23T00:00:00,PROD_139,269.18,DEV_N_297,ADDR_N_297,COMPLETED,0,0.0,LOW
ORD_ACC_N_297_3,ACC_N_297,2026-07-12T00:00:00,PROD_118,186.73,DEV_N_297,ADDR_N_297,COMPLETED,0,0.0,LOW
ORD_ACC_N_297_4,ACC_N_297,2025-12-25T00:00:00,PROD_118,230.68,DEV_N_297,ADDR_N_297,COMPLETED,0,0.0,LOW
ORD_ACC_N_297_5,ACC_N_297,2026-07-08T00:00:00,PROD_109,463.77,DEV_N_297,ADDR_N_297,COMPLETED,0,0.0,LOW
ORD_ACC_N_297_6,ACC_N_297,2026-05-18T00:00:00,PROD_110,285.04,DEV_N_297,ADDR_N_297,COMPLETED,0,0.0,LOW
ORD_ACC_N_297_7,ACC_N_297,2026-08-11T00:00:00,PROD_112,480.73,DEV_N_297,ADDR_N_297,COMPLETED,0,0.0,LOW
ORD_ACC_N_297_8,ACC_N_297,2025-12-24T00:00:00,PROD_113,419.6,DEV_N_297,ADDR_N_297,REFUNDED,1,0.0,LOW
ORD_ACC_N_297_9,ACC_N_297,2026-01-25T00:00:00,PROD_129,371.4,DEV_N_297,ADDR_N_297,COMPLETED,0,0.0,LOW
ORD_ACC_N_298_0,ACC_N_298,2026-08-16T00:00:00,PROD_116,233.31,DEV_N_298,ADDR_N_298,COMPLETED,0,0.0,LOW
ORD_ACC_N_298_1,ACC_N_298,2026-08-14T00:00:00,PROD_107,496.68,DEV_N_298,ADDR_N_298,COMPLETED,0,0.0,LOW
ORD_ACC_N_298_2,ACC_N_298,2026-08-21T00:00:00,PROD_104,377.25,DEV_N_298,ADDR_N_298,COMPLETED,0,0.0,LOW
ORD_ACC_N_298_3,ACC_N_298,2026-08-11T00:00:00,PROD_140,263.39,DEV_N_298,ADDR_N_298,COMPLETED,0,0.0,LOW
ORD_ACC_N_298_4,ACC_N_298,2026-08-22T00:00:00,PROD_102,359.27,DEV_N_298,ADDR_N_298,COMPLETED,0,0.0,LOW
ORD_ACC_N_298_5,ACC_N_298,2026-08-19T00:00:00,PROD_120,467.54,DEV_N_298,ADDR_N_298,COMPLETED,0,0.0,LOW
ORD_ACC_N_298_6,ACC_N_298,2026-08-27T00:00:00,PROD_115,475.61,DEV_N_298,ADDR_N_298,COMPLETED,0,0.0,LOW
ORD_ACC_N_298_7,ACC_N_298,2026-07-14T00:00:00,PROD_112,438.62,DEV_N_298,ADDR_N_298,COMPLETED,0,0.0,LOW
ORD_ACC_N_298_8,ACC_N_298,2026-07-02T00:00:00,PROD_146,92.69,DEV_N_298,ADDR_N_298,COMPLETED,0,0.0,LOW
ORD_ACC_N_298_9,ACC_N_298,2026-07-26T00:00:00,PROD_105,83.26,DEV_N_298,ADDR_N_298,COMPLETED,0,0.0,LOW
ORD_ACC_N_298_10,ACC_N_298,2026-08-04T00:00:00,PROD_135,21.53,DEV_N_298,ADDR_N_298,COMPLETED,0,0.0,LOW
ORD_ACC_N_298_11,ACC_N_298,2026-08-05T00:00:00,PROD_144,360.8,DEV_N_298,ADDR_N_298,REFUNDED,1,0.0,LOW
ORD_ACC_N_299_0,ACC_N_299,2026-04-04T00:00:00,PROD_133,132.66,DEV_N_299,ADDR_N_299,COMPLETED,0,0.0,LOW
ORD_ACC_N_299_1,ACC_N_299,2026-06-16T00:00:00,PROD_142,423.53,DEV_N_299,ADDR_N_299,COMPLETED,0,0.0,LOW
ORD_ACC_N_299_2,ACC_N_299,2026-04-28T00:00:00,PROD_122,402.44,DEV_N_299,ADDR_N_299,COMPLETED,0,0.0,LOW
ORD_ACC_N_299_3,ACC_N_299,2026-04-30T00:00:00,PROD_148,161.8,DEV_N_299,ADDR_N_299,COMPLETED,0,0.0,LOW
ORD_ACC_N_299_4,ACC_N_299,2026-05-16T00:00:00,PROD_142,485.29,DEV_N_299,ADDR_N_299,COMPLETED,0,0.0,LOW
ORD_ACC_N_299_5,ACC_N_299,2026-08-02T00:00:00,PROD_142,104.57,DEV_N_299,ADDR_N_299,COMPLETED,0,0.0,LOW
ORD_ACC_N_299_6,ACC_N_299,2026-06-04T00:00:00,PROD_149,354.54,DEV_N_299,ADDR_N_299,COMPLETED,0,0.0,LOW
ORD_ACC_N_299_7,ACC_N_299,2026-04-28T00:00:00,PROD_101,308.51,DEV_N_299,ADDR_N_299,COMPLETED,0,0.0,LOW
ORD_ACC_N_299_8,ACC_N_299,2026-06-24T00:00:00,PROD_126,263.59,DEV_N_299,ADDR_N_299,COMPLETED,0,0.0,LOW
ORD_ACC_N_299_9,ACC_N_299,2026-04-10T00:00:00,PROD_120,390.46,DEV_N_299,ADDR_N_299,COMPLETED,0,0.0,LOW
ORD_ACC_N_299_10,ACC_N_299,2026-05-23T00:00:00,PROD_116,408.33,DEV_N_299,ADDR_N_299,COMPLETED,0,0.0,LOW
ORD_ACC_N_300_0,ACC_N_300,2026-07-06T00:00:00,PROD_119,183.12,DEV_N_299,ADDR_N_299,COMPLETED,0,0.0,LOW
ORD_ACC_N_300_1,ACC_N_300,2026-05-19T00:00:00,PROD_134,126.23,DEV_N_299,ADDR_N_299,COMPLETED,0,0.0,LOW
ORD_ACC_N_300_2,ACC_N_300,2026-08-03T00:00:00,PROD_121,474.98,DEV_N_299,ADDR_N_299,COMPLETED,0,0.0,LOW
ORD_ACC_N_300_3,ACC_N_300,2026-04-15T00:00:00,PROD_124,29.56,DEV_N_299,ADDR_N_299,COMPLETED,0,0.0,LOW
ORD_ACC_N_300_4,ACC_N_300,2026-06-07T00:00:00,PROD_135,457.87,DEV_N_299,ADDR_N_299,COMPLETED,0,0.0,LOW
ORD_ACC_N_300_5,ACC_N_300,2026-08-19T00:00:00,PROD_112,268.95,DEV_N_299,ADDR_N_299,COMPLETED,0,0.0,LOW
ORD_ACC_N_300_6,ACC_N_300,2026-04-16T00:00:00,PROD_118,209.85,DEV_N_299,ADDR_N_299,COMPLETED,0,0.0,LOW
ORD_ACC_N_300_7,ACC_N_300,2026-05-28T00:00:00,PROD_146,179.12,DEV_N_299,ADDR_N_299,COMPLETED,0,0.0,LOW
ORD_ACC_N_301_0,ACC_N_301,2026-08-31T00:00:00,PROD_132,382.46,DEV_N_301,ADDR_N_301,COMPLETED,0,0.0,LOW
ORD_ACC_N_302_0,ACC_N_302,2026-06-12T00:00:00,PROD_140,155.88,DEV_N_302,ADDR_N_302,REFUNDED,1,0.0,LOW
ORD_ACC_N_303_0,ACC_N_303,2026-07-31T00:00:00,PROD_125,410.24,DEV_N_303,ADDR_N_303,COMPLETED,0,0.0,LOW
ORD_ACC_N_303_1,ACC_N_303,2026-06-23T00:00:00,PROD_132,433.75,DEV_N_303,ADDR_N_303,COMPLETED,0,0.0,LOW
ORD_ACC_N_303_2,ACC_N_303,2026-08-26T00:00:00,PROD_138,27.08,DEV_N_303,ADDR_N_303,COMPLETED,0,0.0,LOW
ORD_ACC_N_303_3,ACC_N_303,2026-08-07T00:00:00,PROD_112,373.22,DEV_N_303,ADDR_N_303,COMPLETED,0,0.0,LOW
ORD_ACC_N_303_4,ACC_N_303,2026-06-13T00:00:00,PROD_147,396.69,DEV_N_303,ADDR_N_303,COMPLETED,0,0.0,LOW
ORD_ACC_N_303_5,ACC_N_303,2026-06-15T00:00:00,PROD_116,151.54,DEV_N_303,ADDR_N_303,COMPLETED,0,0.0,LOW
ORD_ACC_N_303_6,ACC_N_303,2026-05-03T00:00:00,PROD_114,200.76,DEV_N_303,ADDR_N_303,COMPLETED,0,0.0,LOW
ORD_ACC_N_303_7,ACC_N_303,2026-04-10T00:00:00,PROD_144,153.71,DEV_N_303,ADDR_N_303,COMPLETED,0,0.0,LOW
ORD_ACC_N_303_8,ACC_N_303,2026-04-24T00:00:00,PROD_131,137.41,DEV_N_303,ADDR_N_303,REFUNDED,1,0.0,LOW
ORD_ACC_N_303_9,ACC_N_303,2026-04-14T00:00:00,PROD_136,363.0,DEV_N_303,ADDR_N_303,COMPLETED,0,0.0,LOW
ORD_ACC_N_303_10,ACC_N_303,2026-05-22T00:00:00,PROD_130,390.18,DEV_N_303,ADDR_N_303,COMPLETED,0,0.0,LOW
ORD_ACC_N_303_11,ACC_N_303,2026-08-04T00:00:00,PROD_140,328.55,DEV_N_303,ADDR_N_303,COMPLETED,0,0.0,LOW
ORD_ACC_N_304_0,ACC_N_304,2026-08-21T00:00:00,PROD_137,119.69,DEV_N_304,ADDR_N_304,COMPLETED,0,0.0,LOW
ORD_ACC_N_304_1,ACC_N_304,2026-08-26T00:00:00,PROD_130,87.84,DEV_N_304,ADDR_N_304,COMPLETED,0,0.0,LOW
ORD_ACC_N_304_2,ACC_N_304,2026-07-16T00:00:00,PROD_103,423.03,DEV_N_304,ADDR_N_304,COMPLETED,0,0.0,LOW
ORD_ACC_N_304_3,ACC_N_304,2026-08-15T00:00:00,PROD_109,217.69,DEV_N_304,ADDR_N_304,COMPLETED,0,0.0,LOW
ORD_ACC_N_304_4,ACC_N_304,2026-08-11T00:00:00,PROD_100,350.72,DEV_N_304,ADDR_N_304,COMPLETED,0,0.0,LOW
ORD_ACC_N_304_5,ACC_N_304,2026-07-18T00:00:00,PROD_131,120.43,DEV_N_304,ADDR_N_304,COMPLETED,0,0.0,LOW
ORD_ACC_N_304_6,ACC_N_304,2026-07-31T00:00:00,PROD_120,170.25,DEV_N_304,ADDR_N_304,COMPLETED,0,0.0,LOW
ORD_ACC_N_304_7,ACC_N_304,2026-07-17T00:00:00,PROD_147,251.84,DEV_N_304,ADDR_N_304,COMPLETED,0,0.0,LOW
ORD_ACC_N_304_8,ACC_N_304,2026-08-25T00:00:00,PROD_108,224.34,DEV_N_304,ADDR_N_304,COMPLETED,0,0.0,LOW
ORD_ACC_N_305_0,ACC_N_305,2026-08-16T00:00:00,PROD_107,99.77,DEV_N_305,ADDR_N_305,COMPLETED,0,0.0,LOW
ORD_ACC_N_305_1,ACC_N_305,2026-07-08T00:00:00,PROD_133,257.69,DEV_N_305,ADDR_N_305,COMPLETED,0,0.0,LOW
ORD_ACC_N_305_2,ACC_N_305,2026-08-14T00:00:00,PROD_125,379.52,DEV_N_305,ADDR_N_305,COMPLETED,0,0.0,LOW
ORD_ACC_N_305_3,ACC_N_305,2026-07-25T00:00:00,PROD_146,76.44,DEV_N_305,ADDR_N_305,COMPLETED,0,0.0,LOW
ORD_ACC_N_305_4,ACC_N_305,2026-06-26T00:00:00,PROD_136,174.75,DEV_N_305,ADDR_N_305,COMPLETED,0,0.0,LOW
ORD_ACC_N_305_5,ACC_N_305,2026-08-13T00:00:00,PROD_139,159.29,DEV_N_305,ADDR_N_305,COMPLETED,0,0.0,LOW
ORD_ACC_N_305_6,ACC_N_305,2026-06-26T00:00:00,PROD_113,310.17,DEV_N_305,ADDR_N_305,COMPLETED,0,0.0,LOW
ORD_ACC_N_305_7,ACC_N_305,2026-08-14T00:00:00,PROD_130,98.83,DEV_N_305,ADDR_N_305,COMPLETED,0,0.0,LOW
ORD_ACC_N_305_8,ACC_N_305,2026-07-22T00:00:00,PROD_104,219.83,DEV_N_305,ADDR_N_305,COMPLETED,0,0.0,LOW
ORD_ACC_N_306_0,ACC_N_306,2026-07-14T00:00:00,PROD_129,115.65,DEV_N_306,ADDR_N_306,COMPLETED,0,0.0,LOW
ORD_ACC_N_306_1,ACC_N_306,2026-08-07T00:00:00,PROD_110,49.33,DEV_N_306,ADDR_N_306,COMPLETED,0,0.0,LOW
ORD_ACC_N_306_2,ACC_N_306,2026-06-03T00:00:00,PROD_122,325.44,DEV_N_306,ADDR_N_306,COMPLETED,0,0.0,LOW
ORD_ACC_N_306_3,ACC_N_306,2026-07-13T00:00:00,PROD_127,151.8,DEV_N_306,ADDR_N_306,COMPLETED,0,0.0,LOW
ORD_ACC_N_306_4,ACC_N_306,2026-06-14T00:00:00,PROD_116,196.29,DEV_N_306,ADDR_N_306,COMPLETED,0,0.0,LOW
ORD_ACC_N_306_5,ACC_N_306,2026-04-15T00:00:00,PROD_137,327.97,DEV_N_306,ADDR_N_306,COMPLETED,0,0.0,LOW
ORD_ACC_N_306_6,ACC_N_306,2026-08-05T00:00:00,PROD_116,370.72,DEV_N_306,ADDR_N_306,COMPLETED,0,0.0,LOW
ORD_ACC_N_306_7,ACC_N_306,2026-08-05T00:00:00,PROD_141,80.82,DEV_N_306,ADDR_N_306,COMPLETED,0,0.0,LOW
ORD_ACC_N_306_8,ACC_N_306,2026-06-08T00:00:00,PROD_138,296.31,DEV_N_306,ADDR_N_306,COMPLETED,0,0.0,LOW
ORD_ACC_N_306_9,ACC_N_306,2026-03-27T00:00:00,PROD_110,340.88,DEV_N_306,ADDR_N_306,COMPLETED,0,0.0,LOW
ORD_ACC_N_306_10,ACC_N_306,2026-07-03T00:00:00,PROD_139,494.76,DEV_N_306,ADDR_N_306,COMPLETED,0,0.0,LOW
ORD_ACC_N_306_11,ACC_N_306,2026-07-26T00:00:00,PROD_120,99.11,DEV_N_306,ADDR_N_306,COMPLETED,0,0.0,LOW
ORD_ACC_N_307_0,ACC_N_307,2026-07-30T00:00:00,PROD_130,407.47,DEV_N_307,ADDR_N_307,COMPLETED,0,0.0,LOW
ORD_ACC_N_307_1,ACC_N_307,2026-08-12T00:00:00,PROD_135,260.18,DEV_N_307,ADDR_N_307,COMPLETED,0,0.0,LOW
ORD_ACC_N_307_2,ACC_N_307,2026-08-07T00:00:00,PROD_122,391.48,DEV_N_307,ADDR_N_307,COMPLETED,0,0.0,LOW
ORD_ACC_N_308_0,ACC_N_308,2025-12-03T00:00:00,PROD_113,57.54,DEV_N_308,ADDR_N_308,COMPLETED,0,0.0,LOW
ORD_ACC_N_308_1,ACC_N_308,2026-04-11T00:00:00,PROD_135,361.45,DEV_N_308,ADDR_N_308,COMPLETED,0,0.0,LOW
ORD_ACC_N_308_2,ACC_N_308,2025-12-24T00:00:00,PROD_107,353.65,DEV_N_308,ADDR_N_308,COMPLETED,0,0.0,LOW
ORD_ACC_N_308_3,ACC_N_308,2026-01-21T00:00:00,PROD_123,333.0,DEV_N_308,ADDR_N_308,COMPLETED,0,0.0,LOW
ORD_ACC_N_308_4,ACC_N_308,2026-03-07T00:00:00,PROD_135,369.68,DEV_N_308,ADDR_N_308,COMPLETED,0,0.0,LOW
ORD_ACC_N_308_5,ACC_N_308,2026-02-17T00:00:00,PROD_100,199.62,DEV_N_308,ADDR_N_308,COMPLETED,0,0.0,LOW
ORD_ACC_N_309_0,ACC_N_309,2026-04-19T00:00:00,PROD_121,113.55,DEV_N_309,ADDR_N_309,COMPLETED,0,0.0,LOW
ORD_ACC_N_309_1,ACC_N_309,2026-01-10T00:00:00,PROD_100,197.06,DEV_N_309,ADDR_N_309,COMPLETED,0,0.0,LOW
ORD_ACC_N_309_2,ACC_N_309,2026-06-23T00:00:00,PROD_130,36.09,DEV_N_309,ADDR_N_309,COMPLETED,0,0.0,LOW
ORD_ACC_N_309_3,ACC_N_309,2026-08-20T00:00:00,PROD_117,497.95,DEV_N_309,ADDR_N_309,COMPLETED,0,0.0,LOW
ORD_ACC_N_309_4,ACC_N_309,2026-04-07T00:00:00,PROD_130,415.2,DEV_N_309,ADDR_N_309,COMPLETED,0,0.0,LOW
ORD_ACC_N_309_5,ACC_N_309,2026-03-23T00:00:00,PROD_147,238.15,DEV_N_309,ADDR_N_309,COMPLETED,0,0.0,LOW
ORD_ACC_N_310_0,ACC_N_310,2026-08-08T00:00:00,PROD_109,33.84,DEV_N_309,ADDR_N_309,COMPLETED,0,0.0,LOW
ORD_ACC_N_311_0,ACC_N_311,2026-07-09T00:00:00,PROD_128,420.35,DEV_N_311,ADDR_N_311,COMPLETED,0,0.0,LOW
ORD_ACC_N_311_1,ACC_N_311,2026-07-22T00:00:00,PROD_112,66.79,DEV_N_311,ADDR_N_311,COMPLETED,0,0.0,LOW
ORD_ACC_N_312_0,ACC_N_312,2026-08-21T00:00:00,PROD_137,450.91,DEV_N_312,ADDR_N_312,COMPLETED,0,0.0,LOW
ORD_ACC_N_312_1,ACC_N_312,2026-08-15T00:00:00,PROD_126,26.8,DEV_N_312,ADDR_N_312,COMPLETED,0,0.0,LOW
ORD_ACC_N_312_2,ACC_N_312,2026-08-29T00:00:00,PROD_109,112.61,DEV_N_312,ADDR_N_312,COMPLETED,0,0.0,LOW
ORD_ACC_N_312_3,ACC_N_312,2026-08-29T00:00:00,PROD_138,102.84,DEV_N_312,ADDR_N_312,REFUNDED,1,0.0,LOW
ORD_ACC_N_312_4,ACC_N_312,2026-08-18T00:00:00,PROD_100,103.02,DEV_N_312,ADDR_N_312,COMPLETED,0,0.0,LOW
ORD_ACC_N_312_5,ACC_N_312,2026-08-23T00:00:00,PROD_129,289.07,DEV_N_312,ADDR_N_312,COMPLETED,0,0.0,LOW
ORD_ACC_N_313_0,ACC_N_313,2026-08-02T00:00:00,PROD_111,62.32,DEV_N_313,ADDR_N_313,COMPLETED,0,0.0,LOW
ORD_ACC_N_313_1,ACC_N_313,2026-08-20T00:00:00,PROD_101,172.4,DEV_N_313,ADDR_N_313,COMPLETED,0,0.0,LOW
ORD_ACC_N_313_2,ACC_N_313,2026-07-12T00:00:00,PROD_129,25.01,DEV_N_313,ADDR_N_313,COMPLETED,0,0.0,LOW
ORD_ACC_N_313_3,ACC_N_313,2026-07-16T00:00:00,PROD_143,472.75,DEV_N_313,ADDR_N_313,COMPLETED,0,0.0,LOW
ORD_ACC_N_313_4,ACC_N_313,2026-07-15T00:00:00,PROD_103,382.8,DEV_N_313,ADDR_N_313,COMPLETED,0,0.0,LOW
ORD_ACC_N_313_5,ACC_N_313,2026-07-17T00:00:00,PROD_136,157.8,DEV_N_313,ADDR_N_313,COMPLETED,0,0.0,LOW
ORD_ACC_N_313_6,ACC_N_313,2026-08-05T00:00:00,PROD_112,128.46,DEV_N_313,ADDR_N_313,COMPLETED,0,0.0,LOW
ORD_ACC_N_313_7,ACC_N_313,2026-08-13T00:00:00,PROD_105,144.49,DEV_N_313,ADDR_N_313,COMPLETED,0,0.0,LOW
ORD_ACC_N_313_8,ACC_N_313,2026-08-09T00:00:00,PROD_141,297.77,DEV_N_313,ADDR_N_313,COMPLETED,0,0.0,LOW
ORD_ACC_N_313_9,ACC_N_313,2026-08-03T00:00:00,PROD_110,418.16,DEV_N_313,ADDR_N_313,COMPLETED,0,0.0,LOW
ORD_ACC_N_314_0,ACC_N_314,2026-06-13T00:00:00,PROD_144,278.22,DEV_N_314,ADDR_N_314,COMPLETED,0,0.0,LOW
ORD_ACC_N_314_1,ACC_N_314,2026-03-07T00:00:00,PROD_118,330.08,DEV_N_314,ADDR_N_314,COMPLETED,0,0.0,LOW
ORD_ACC_N_314_2,ACC_N_314,2026-03-09T00:00:00,PROD_147,355.83,DEV_N_314,ADDR_N_314,COMPLETED,0,0.0,LOW
ORD_ACC_N_314_3,ACC_N_314,2026-07-16T00:00:00,PROD_113,266.37,DEV_N_314,ADDR_N_314,COMPLETED,0,0.0,LOW
ORD_ACC_N_314_4,ACC_N_314,2026-04-20T00:00:00,PROD_142,35.1,DEV_N_314,ADDR_N_314,COMPLETED,0,0.0,LOW
ORD_ACC_N_314_5,ACC_N_314,2025-12-31T00:00:00,PROD_123,87.11,DEV_N_314,ADDR_N_314,COMPLETED,0,0.0,LOW
ORD_ACC_N_314_6,ACC_N_314,2026-02-19T00:00:00,PROD_120,335.99,DEV_N_314,ADDR_N_314,COMPLETED,0,0.0,LOW
ORD_ACC_N_315_0,ACC_N_315,2026-08-27T00:00:00,PROD_121,96.2,DEV_N_315,ADDR_N_315,COMPLETED,0,0.0,LOW
ORD_ACC_N_315_1,ACC_N_315,2026-05-28T00:00:00,PROD_129,458.31,DEV_N_315,ADDR_N_315,COMPLETED,0,0.0,LOW
ORD_ACC_N_315_2,ACC_N_315,2026-05-28T00:00:00,PROD_139,380.98,DEV_N_315,ADDR_N_315,COMPLETED,0,0.0,LOW
ORD_ACC_N_315_3,ACC_N_315,2025-11-01T00:00:00,PROD_125,296.46,DEV_N_315,ADDR_N_315,COMPLETED,0,0.0,LOW
ORD_ACC_N_315_4,ACC_N_315,2026-04-29T00:00:00,PROD_121,141.24,DEV_N_315,ADDR_N_315,COMPLETED,0,0.0,LOW
ORD_ACC_N_315_5,ACC_N_315,2026-02-07T00:00:00,PROD_114,164.08,DEV_N_315,ADDR_N_315,COMPLETED,0,0.0,LOW
ORD_ACC_N_316_0,ACC_N_316,2026-07-08T00:00:00,PROD_125,391.55,DEV_N_316,ADDR_N_316,COMPLETED,0,0.0,LOW
ORD_ACC_N_316_1,ACC_N_316,2026-08-28T00:00:00,PROD_119,98.73,DEV_N_316,ADDR_N_316,COMPLETED,0,0.0,LOW
ORD_ACC_N_316_2,ACC_N_316,2026-08-06T00:00:00,PROD_108,476.72,DEV_N_316,ADDR_N_316,COMPLETED,0,0.0,LOW
ORD_ACC_N_316_3,ACC_N_316,2026-07-20T00:00:00,PROD_105,398.51,DEV_N_316,ADDR_N_316,COMPLETED,0,0.0,LOW
ORD_ACC_N_316_4,ACC_N_316,2026-08-13T00:00:00,PROD_110,404.72,DEV_N_316,ADDR_N_316,COMPLETED,0,0.0,LOW
ORD_ACC_N_316_5,ACC_N_316,2026-08-31T00:00:00,PROD_111,336.13,DEV_N_316,ADDR_N_316,COMPLETED,0,0.0,LOW
ORD_ACC_N_316_6,ACC_N_316,2026-07-23T00:00:00,PROD_113,58.58,DEV_N_316,ADDR_N_316,COMPLETED,0,0.0,LOW
ORD_ACC_N_317_0,ACC_N_317,2026-08-16T00:00:00,PROD_149,93.99,DEV_N_317,ADDR_N_317,COMPLETED,0,0.0,LOW
ORD_ACC_N_317_1,ACC_N_317,2026-08-31T00:00:00,PROD_130,249.13,DEV_N_317,ADDR_N_317,COMPLETED,0,0.0,LOW
ORD_ACC_N_317_2,ACC_N_317,2026-07-19T00:00:00,PROD_130,209.14,DEV_N_317,ADDR_N_317,COMPLETED,0,0.0,LOW
ORD_ACC_N_317_3,ACC_N_317,2026-07-09T00:00:00,PROD_106,242.47,DEV_N_317,ADDR_N_317,COMPLETED,0,0.0,LOW
ORD_ACC_N_317_4,ACC_N_317,2026-08-23T00:00:00,PROD_125,172.81,DEV_N_317,ADDR_N_317,COMPLETED,0,0.0,LOW
ORD_ACC_N_317_5,ACC_N_317,2026-08-13T00:00:00,PROD_127,413.5,DEV_N_317,ADDR_N_317,COMPLETED,0,0.0,LOW
ORD_ACC_N_317_6,ACC_N_317,2026-08-06T00:00:00,PROD_142,276.38,DEV_N_317,ADDR_N_317,COMPLETED,0,0.0,LOW
ORD_ACC_N_317_7,ACC_N_317,2026-08-30T00:00:00,PROD_149,126.41,DEV_N_317,ADDR_N_317,COMPLETED,0,0.0,LOW
ORD_ACC_N_317_8,ACC_N_317,2026-08-08T00:00:00,PROD_100,193.89,DEV_N_317,ADDR_N_317,COMPLETED,0,0.0,LOW
ORD_ACC_N_317_9,ACC_N_317,2026-07-24T00:00:00,PROD_141,380.81,DEV_N_317,ADDR_N_317,COMPLETED,0,0.0,LOW
ORD_ACC_N_317_10,ACC_N_317,2026-08-23T00:00:00,PROD_119,259.98,DEV_N_317,ADDR_N_317,REFUNDED,1,0.0,LOW
ORD_ACC_N_317_11,ACC_N_317,2026-08-10T00:00:00,PROD_109,204.35,DEV_N_317,ADDR_N_317,COMPLETED,0,0.0,LOW
ORD_ACC_N_318_0,ACC_N_318,2026-04-30T00:00:00,PROD_126,36.72,DEV_N_318,ADDR_N_318,COMPLETED,0,0.0,LOW
ORD_ACC_N_318_1,ACC_N_318,2026-07-21T00:00:00,PROD_106,211.14,DEV_N_318,ADDR_N_318,COMPLETED,0,0.0,LOW
ORD_ACC_N_318_2,ACC_N_318,2026-08-10T00:00:00,PROD_141,186.22,DEV_N_318,ADDR_N_318,COMPLETED,0,0.0,LOW
ORD_ACC_N_318_3,ACC_N_318,2026-08-28T00:00:00,PROD_132,97.22,DEV_N_318,ADDR_N_318,COMPLETED,0,0.0,LOW
ORD_ACC_N_318_4,ACC_N_318,2026-05-07T00:00:00,PROD_142,25.56,DEV_N_318,ADDR_N_318,COMPLETED,0,0.0,LOW
ORD_ACC_N_318_5,ACC_N_318,2026-05-15T00:00:00,PROD_116,390.25,DEV_N_318,ADDR_N_318,COMPLETED,0,0.0,LOW
ORD_ACC_N_318_6,ACC_N_318,2026-03-30T00:00:00,PROD_132,407.42,DEV_N_318,ADDR_N_318,COMPLETED,0,0.0,LOW
ORD_ACC_N_319_0,ACC_N_319,2026-06-07T00:00:00,PROD_107,425.2,DEV_N_319,ADDR_N_319,COMPLETED,0,0.0,LOW
ORD_ACC_N_319_1,ACC_N_319,2025-12-23T00:00:00,PROD_143,223.55,DEV_N_319,ADDR_N_319,COMPLETED,0,0.0,LOW
ORD_ACC_N_319_2,ACC_N_319,2026-07-24T00:00:00,PROD_145,23.34,DEV_N_319,ADDR_N_319,COMPLETED,0,0.0,LOW
ORD_ACC_N_319_3,ACC_N_319,2026-06-26T00:00:00,PROD_146,114.85,DEV_N_319,ADDR_N_319,COMPLETED,0,0.0,LOW
ORD_ACC_N_319_4,ACC_N_319,2026-05-12T00:00:00,PROD_107,43.3,DEV_N_319,ADDR_N_319,COMPLETED,0,0.0,LOW
ORD_ACC_N_319_5,ACC_N_319,2026-05-06T00:00:00,PROD_143,196.21,DEV_N_319,ADDR_N_319,COMPLETED,0,0.0,LOW
ORD_ACC_N_319_6,ACC_N_319,2026-06-28T00:00:00,PROD_149,224.34,DEV_N_319,ADDR_N_319,COMPLETED,0,0.0,LOW
ORD_ACC_N_319_7,ACC_N_319,2026-04-15T00:00:00,PROD_126,148.27,DEV_N_319,ADDR_N_319,COMPLETED,0,0.0,LOW
ORD_ACC_N_319_8,ACC_N_319,2026-05-09T00:00:00,PROD_138,175.82,DEV_N_319,ADDR_N_319,COMPLETED,0,0.0,LOW
ORD_ACC_N_319_9,ACC_N_319,2026-06-01T00:00:00,PROD_125,371.31,DEV_N_319,ADDR_N_319,COMPLETED,0,0.0,LOW
ORD_ACC_N_319_10,ACC_N_319,2026-07-18T00:00:00,PROD_146,60.34,DEV_N_319,ADDR_N_319,COMPLETED,0,0.0,LOW
ORD_ACC_N_319_11,ACC_N_319,2026-03-22T00:00:00,PROD_122,256.86,DEV_N_319,ADDR_N_319,COMPLETED,0,0.0,LOW
ORD_ACC_N_320_0,ACC_N_320,2026-04-29T00:00:00,PROD_146,461.01,DEV_N_319,ADDR_N_319,COMPLETED,0,0.0,LOW
ORD_ACC_N_320_1,ACC_N_320,2025-11-13T00:00:00,PROD_123,240.04,DEV_N_319,ADDR_N_319,COMPLETED,0,0.0,LOW
ORD_ACC_N_320_2,ACC_N_320,2026-06-17T00:00:00,PROD_106,312.49,DEV_N_319,ADDR_N_319,COMPLETED,0,0.0,LOW
ORD_ACC_N_320_3,ACC_N_320,2025-12-12T00:00:00,PROD_140,490.53,DEV_N_319,ADDR_N_319,COMPLETED,0,0.0,LOW
ORD_ACC_N_320_4,ACC_N_320,2026-01-27T00:00:00,PROD_147,212.36,DEV_N_319,ADDR_N_319,COMPLETED,0,0.0,LOW
ORD_ACC_N_320_5,ACC_N_320,2025-10-01T00:00:00,PROD_127,376.49,DEV_N_319,ADDR_N_319,COMPLETED,0,0.0,LOW
ORD_ACC_N_320_6,ACC_N_320,2026-05-25T00:00:00,PROD_139,294.03,DEV_N_319,ADDR_N_319,COMPLETED,0,0.0,LOW
ORD_ACC_N_320_7,ACC_N_320,2025-11-28T00:00:00,PROD_103,430.04,DEV_N_319,ADDR_N_319,COMPLETED,0,0.0,LOW
ORD_ACC_N_320_8,ACC_N_320,2025-11-11T00:00:00,PROD_127,247.0,DEV_N_319,ADDR_N_319,COMPLETED,0,0.0,LOW
ORD_ACC_N_320_9,ACC_N_320,2025-09-13T00:00:00,PROD_142,393.59,DEV_N_319,ADDR_N_319,COMPLETED,0,0.0,LOW
ORD_ACC_N_321_0,ACC_N_321,2026-05-31T00:00:00,PROD_126,345.54,DEV_N_321,ADDR_N_321,COMPLETED,0,0.0,LOW
ORD_ACC_N_321_1,ACC_N_321,2026-08-22T00:00:00,PROD_117,395.38,DEV_N_321,ADDR_N_321,COMPLETED,0,0.0,LOW
ORD_ACC_N_321_2,ACC_N_321,2026-01-07T00:00:00,PROD_120,307.56,DEV_N_321,ADDR_N_321,COMPLETED,0,0.0,LOW
ORD_ACC_N_321_3,ACC_N_321,2026-05-10T00:00:00,PROD_114,127.92,DEV_N_321,ADDR_N_321,COMPLETED,0,0.0,LOW
ORD_ACC_N_321_4,ACC_N_321,2025-10-22T00:00:00,PROD_129,158.16,DEV_N_321,ADDR_N_321,COMPLETED,0,0.0,LOW
ORD_ACC_N_321_5,ACC_N_321,2026-01-28T00:00:00,PROD_124,324.69,DEV_N_321,ADDR_N_321,COMPLETED,0,0.0,LOW
ORD_ACC_N_321_6,ACC_N_321,2025-11-19T00:00:00,PROD_122,26.03,DEV_N_321,ADDR_N_321,COMPLETED,0,0.0,LOW
ORD_ACC_N_322_0,ACC_N_322,2026-06-29T00:00:00,PROD_143,121.11,DEV_N_322,ADDR_N_322,COMPLETED,0,0.0,LOW
ORD_ACC_N_322_1,ACC_N_322,2026-07-30T00:00:00,PROD_136,213.41,DEV_N_322,ADDR_N_322,COMPLETED,0,0.0,LOW
ORD_ACC_N_322_2,ACC_N_322,2026-06-12T00:00:00,PROD_105,253.54,DEV_N_322,ADDR_N_322,COMPLETED,0,0.0,LOW
ORD_ACC_N_322_3,ACC_N_322,2026-06-25T00:00:00,PROD_120,197.21,DEV_N_322,ADDR_N_322,COMPLETED,0,0.0,LOW
ORD_ACC_N_322_4,ACC_N_322,2026-06-06T00:00:00,PROD_137,244.34,DEV_N_322,ADDR_N_322,COMPLETED,0,0.0,LOW
ORD_ACC_N_322_5,ACC_N_322,2026-06-13T00:00:00,PROD_148,188.78,DEV_N_322,ADDR_N_322,COMPLETED,0,0.0,LOW
ORD_ACC_N_322_6,ACC_N_322,2026-07-26T00:00:00,PROD_115,287.09,DEV_N_322,ADDR_N_322,COMPLETED,0,0.0,LOW
ORD_ACC_N_322_7,ACC_N_322,2026-06-24T00:00:00,PROD_107,83.21,DEV_N_322,ADDR_N_322,COMPLETED,0,0.0,LOW
ORD_ACC_N_323_0,ACC_N_323,2026-07-08T00:00:00,PROD_111,496.22,DEV_N_323,ADDR_N_323,COMPLETED,0,0.0,LOW
ORD_ACC_N_323_1,ACC_N_323,2026-02-16T00:00:00,PROD_125,393.21,DEV_N_323,ADDR_N_323,COMPLETED,0,0.0,LOW
ORD_ACC_N_323_2,ACC_N_323,2026-05-19T00:00:00,PROD_138,188.97,DEV_N_323,ADDR_N_323,COMPLETED,0,0.0,LOW
ORD_ACC_N_323_3,ACC_N_323,2026-06-11T00:00:00,PROD_142,389.84,DEV_N_323,ADDR_N_323,COMPLETED,0,0.0,LOW
ORD_ACC_N_324_0,ACC_N_324,2026-02-12T00:00:00,PROD_148,128.05,DEV_N_324,ADDR_N_324,COMPLETED,0,0.0,LOW
ORD_ACC_N_324_1,ACC_N_324,2026-04-07T00:00:00,PROD_111,416.55,DEV_N_324,ADDR_N_324,COMPLETED,0,0.0,LOW
ORD_ACC_N_324_2,ACC_N_324,2026-04-06T00:00:00,PROD_148,21.6,DEV_N_324,ADDR_N_324,COMPLETED,0,0.0,LOW
ORD_ACC_N_324_3,ACC_N_324,2026-06-04T00:00:00,PROD_137,348.01,DEV_N_324,ADDR_N_324,COMPLETED,0,0.0,LOW
ORD_ACC_N_324_4,ACC_N_324,2026-01-29T00:00:00,PROD_139,216.94,DEV_N_324,ADDR_N_324,COMPLETED,0,0.0,LOW
ORD_ACC_N_324_5,ACC_N_324,2026-06-22T00:00:00,PROD_105,312.66,DEV_N_324,ADDR_N_324,COMPLETED,0,0.0,LOW
ORD_ACC_N_324_6,ACC_N_324,2026-02-03T00:00:00,PROD_115,473.83,DEV_N_324,ADDR_N_324,COMPLETED,0,0.0,LOW
ORD_ACC_N_324_7,ACC_N_324,2026-01-02T00:00:00,PROD_101,348.49,DEV_N_324,ADDR_N_324,COMPLETED,0,0.0,LOW
ORD_ACC_N_324_8,ACC_N_324,2026-02-13T00:00:00,PROD_110,284.99,DEV_N_324,ADDR_N_324,COMPLETED,0,0.0,LOW
ORD_ACC_N_325_0,ACC_N_325,2026-07-01T00:00:00,PROD_112,104.1,DEV_N_325,ADDR_N_325,COMPLETED,0,0.0,LOW
ORD_ACC_N_325_1,ACC_N_325,2026-07-29T00:00:00,PROD_113,160.63,DEV_N_325,ADDR_N_325,COMPLETED,0,0.0,LOW
ORD_ACC_N_325_2,ACC_N_325,2026-05-05T00:00:00,PROD_128,240.41,DEV_N_325,ADDR_N_325,COMPLETED,0,0.0,LOW
ORD_ACC_N_325_3,ACC_N_325,2026-07-17T00:00:00,PROD_107,486.95,DEV_N_325,ADDR_N_325,COMPLETED,0,0.0,LOW
ORD_ACC_N_325_4,ACC_N_325,2026-06-08T00:00:00,PROD_115,438.6,DEV_N_325,ADDR_N_325,COMPLETED,0,0.0,LOW
ORD_ACC_N_325_5,ACC_N_325,2026-02-28T00:00:00,PROD_102,481.99,DEV_N_325,ADDR_N_325,REFUNDED,1,0.0,LOW
ORD_ACC_N_325_6,ACC_N_325,2026-05-03T00:00:00,PROD_126,433.84,DEV_N_325,ADDR_N_325,COMPLETED,0,0.0,LOW
ORD_ACC_N_325_7,ACC_N_325,2026-03-01T00:00:00,PROD_138,277.92,DEV_N_325,ADDR_N_325,COMPLETED,0,0.0,LOW
ORD_ACC_N_325_8,ACC_N_325,2026-03-02T00:00:00,PROD_146,31.39,DEV_N_325,ADDR_N_325,COMPLETED,0,0.0,LOW
ORD_ACC_N_325_9,ACC_N_325,2026-06-18T00:00:00,PROD_146,409.6,DEV_N_325,ADDR_N_325,COMPLETED,0,0.0,LOW
ORD_ACC_N_325_10,ACC_N_325,2026-05-30T00:00:00,PROD_140,211.73,DEV_N_325,ADDR_N_325,COMPLETED,0,0.0,LOW
ORD_ACC_N_325_11,ACC_N_325,2026-05-14T00:00:00,PROD_116,397.96,DEV_N_325,ADDR_N_325,COMPLETED,0,0.0,LOW
ORD_ACC_N_326_0,ACC_N_326,2026-08-10T00:00:00,PROD_109,195.9,DEV_N_326,ADDR_N_326,COMPLETED,0,0.0,LOW
ORD_ACC_N_326_1,ACC_N_326,2026-07-01T00:00:00,PROD_141,120.84,DEV_N_326,ADDR_N_326,COMPLETED,0,0.0,LOW
ORD_ACC_N_326_2,ACC_N_326,2026-07-04T00:00:00,PROD_115,451.61,DEV_N_326,ADDR_N_326,COMPLETED,0,0.0,LOW
ORD_ACC_N_326_3,ACC_N_326,2026-07-19T00:00:00,PROD_128,161.74,DEV_N_326,ADDR_N_326,COMPLETED,0,0.0,LOW
ORD_ACC_N_326_4,ACC_N_326,2026-07-27T00:00:00,PROD_109,305.33,DEV_N_326,ADDR_N_326,COMPLETED,0,0.0,LOW
ORD_ACC_N_326_5,ACC_N_326,2026-07-26T00:00:00,PROD_136,32.45,DEV_N_326,ADDR_N_326,COMPLETED,0,0.0,LOW
ORD_ACC_N_326_6,ACC_N_326,2026-07-25T00:00:00,PROD_136,167.2,DEV_N_326,ADDR_N_326,COMPLETED,0,0.0,LOW
ORD_ACC_N_326_7,ACC_N_326,2026-07-02T00:00:00,PROD_109,362.28,DEV_N_326,ADDR_N_326,COMPLETED,0,0.0,LOW
ORD_ACC_N_326_8,ACC_N_326,2026-08-13T00:00:00,PROD_116,311.58,DEV_N_326,ADDR_N_326,COMPLETED,0,0.0,LOW
ORD_ACC_N_326_9,ACC_N_326,2026-08-28T00:00:00,PROD_109,428.44,DEV_N_326,ADDR_N_326,COMPLETED,0,0.0,LOW
ORD_ACC_N_326_10,ACC_N_326,2026-08-30T00:00:00,PROD_147,144.52,DEV_N_326,ADDR_N_326,COMPLETED,0,0.0,LOW
ORD_ACC_N_326_11,ACC_N_326,2026-07-11T00:00:00,PROD_122,248.95,DEV_N_326,ADDR_N_326,COMPLETED,0,0.0,LOW
ORD_ACC_N_327_0,ACC_N_327,2025-12-18T00:00:00,PROD_131,170.86,DEV_N_327,ADDR_N_327,COMPLETED,0,0.0,LOW
ORD_ACC_N_327_1,ACC_N_327,2025-12-06T00:00:00,PROD_124,251.39,DEV_N_327,ADDR_N_327,COMPLETED,0,0.0,LOW
ORD_ACC_N_327_2,ACC_N_327,2026-07-29T00:00:00,PROD_114,184.34,DEV_N_327,ADDR_N_327,COMPLETED,0,0.0,LOW
ORD_ACC_N_327_3,ACC_N_327,2026-04-11T00:00:00,PROD_107,312.15,DEV_N_327,ADDR_N_327,COMPLETED,0,0.0,LOW
ORD_ACC_N_327_4,ACC_N_327,2026-03-02T00:00:00,PROD_140,259.42,DEV_N_327,ADDR_N_327,COMPLETED,0,0.0,LOW
ORD_ACC_N_327_5,ACC_N_327,2025-12-06T00:00:00,PROD_123,451.1,DEV_N_327,ADDR_N_327,COMPLETED,0,0.0,LOW
ORD_ACC_N_327_6,ACC_N_327,2026-02-08T00:00:00,PROD_132,320.67,DEV_N_327,ADDR_N_327,COMPLETED,0,0.0,LOW
ORD_ACC_N_327_7,ACC_N_327,2026-04-15T00:00:00,PROD_147,285.58,DEV_N_327,ADDR_N_327,COMPLETED,0,0.0,LOW
ORD_ACC_N_327_8,ACC_N_327,2026-07-22T00:00:00,PROD_136,485.81,DEV_N_327,ADDR_N_327,COMPLETED,0,0.0,LOW
ORD_ACC_N_327_9,ACC_N_327,2026-04-27T00:00:00,PROD_111,137.45,DEV_N_327,ADDR_N_327,COMPLETED,0,0.0,LOW
ORD_ACC_N_327_10,ACC_N_327,2026-05-07T00:00:00,PROD_102,351.03,DEV_N_327,ADDR_N_327,COMPLETED,0,0.0,LOW
ORD_ACC_N_327_11,ACC_N_327,2026-04-17T00:00:00,PROD_112,284.95,DEV_N_327,ADDR_N_327,COMPLETED,0,0.0,LOW
ORD_ACC_N_327_12,ACC_N_327,2026-06-25T00:00:00,PROD_114,270.83,DEV_N_327,ADDR_N_327,COMPLETED,0,0.0,LOW
ORD_ACC_N_327_13,ACC_N_327,2025-11-05T00:00:00,PROD_106,385.61,DEV_N_327,ADDR_N_327,COMPLETED,0,0.0,LOW
ORD_ACC_N_328_0,ACC_N_328,2026-08-27T00:00:00,PROD_105,114.28,DEV_N_328,ADDR_N_328,COMPLETED,0,0.0,LOW
ORD_ACC_N_328_1,ACC_N_328,2026-08-19T00:00:00,PROD_138,67.94,DEV_N_328,ADDR_N_328,COMPLETED,0,0.0,LOW
ORD_ACC_N_328_2,ACC_N_328,2026-08-12T00:00:00,PROD_107,293.28,DEV_N_328,ADDR_N_328,COMPLETED,0,0.0,LOW
ORD_ACC_N_328_3,ACC_N_328,2026-08-19T00:00:00,PROD_148,302.69,DEV_N_328,ADDR_N_328,COMPLETED,0,0.0,LOW
ORD_ACC_N_328_4,ACC_N_328,2026-08-31T00:00:00,PROD_117,140.84,DEV_N_328,ADDR_N_328,COMPLETED,0,0.0,LOW
ORD_ACC_N_328_5,ACC_N_328,2026-08-20T00:00:00,PROD_118,177.75,DEV_N_328,ADDR_N_328,COMPLETED,0,0.0,LOW
ORD_ACC_N_329_0,ACC_N_329,2026-04-17T00:00:00,PROD_135,139.53,DEV_N_329,ADDR_N_329,COMPLETED,0,0.0,LOW
ORD_ACC_N_329_1,ACC_N_329,2026-06-13T00:00:00,PROD_148,320.44,DEV_N_329,ADDR_N_329,COMPLETED,0,0.0,LOW
ORD_ACC_N_329_2,ACC_N_329,2026-04-29T00:00:00,PROD_132,23.13,DEV_N_329,ADDR_N_329,COMPLETED,0,0.0,LOW
ORD_ACC_N_329_3,ACC_N_329,2026-04-27T00:00:00,PROD_127,98.3,DEV_N_329,ADDR_N_329,COMPLETED,0,0.0,LOW
ORD_ACC_N_329_4,ACC_N_329,2026-08-07T00:00:00,PROD_140,464.14,DEV_N_329,ADDR_N_329,COMPLETED,0,0.0,LOW
ORD_ACC_N_329_5,ACC_N_329,2026-07-16T00:00:00,PROD_114,112.93,DEV_N_329,ADDR_N_329,COMPLETED,0,0.0,LOW
ORD_ACC_N_329_6,ACC_N_329,2026-06-14T00:00:00,PROD_133,260.85,DEV_N_329,ADDR_N_329,COMPLETED,0,0.0,LOW
ORD_ACC_N_329_7,ACC_N_329,2026-08-05T00:00:00,PROD_113,348.68,DEV_N_329,ADDR_N_329,COMPLETED,0,0.0,LOW
ORD_ACC_N_329_8,ACC_N_329,2026-07-23T00:00:00,PROD_125,175.41,DEV_N_329,ADDR_N_329,COMPLETED,0,0.0,LOW
ORD_ACC_N_329_9,ACC_N_329,2026-07-22T00:00:00,PROD_133,312.86,DEV_N_329,ADDR_N_329,COMPLETED,0,0.0,LOW
ORD_ACC_N_329_10,ACC_N_329,2026-05-17T00:00:00,PROD_116,394.28,DEV_N_329,ADDR_N_329,COMPLETED,0,0.0,LOW
ORD_ACC_N_329_11,ACC_N_329,2026-06-15T00:00:00,PROD_146,197.98,DEV_N_329,ADDR_N_329,COMPLETED,0,0.0,LOW
ORD_ACC_N_329_12,ACC_N_329,2026-06-12T00:00:00,PROD_125,235.86,DEV_N_329,ADDR_N_329,COMPLETED,0,0.0,LOW
ORD_ACC_N_329_13,ACC_N_329,2026-08-30T00:00:00,PROD_126,385.87,DEV_N_329,ADDR_N_329,COMPLETED,0,0.0,LOW
ORD_ACC_N_330_0,ACC_N_330,2026-06-21T00:00:00,PROD_101,487.99,DEV_N_329,ADDR_N_329,COMPLETED,0,0.0,LOW
ORD_ACC_N_330_1,ACC_N_330,2026-05-17T00:00:00,PROD_123,337.79,DEV_N_329,ADDR_N_329,COMPLETED,0,0.0,LOW
ORD_ACC_N_330_2,ACC_N_330,2026-03-20T00:00:00,PROD_135,225.2,DEV_N_329,ADDR_N_329,COMPLETED,0,0.0,LOW
ORD_ACC_N_330_3,ACC_N_330,2026-05-21T00:00:00,PROD_128,402.79,DEV_N_329,ADDR_N_329,COMPLETED,0,0.0,LOW
ORD_ACC_N_330_4,ACC_N_330,2026-07-08T00:00:00,PROD_146,55.72,DEV_N_329,ADDR_N_329,COMPLETED,0,0.0,LOW
ORD_ACC_N_330_5,ACC_N_330,2025-11-01T00:00:00,PROD_102,245.54,DEV_N_329,ADDR_N_329,COMPLETED,0,0.0,LOW
ORD_ACC_N_330_6,ACC_N_330,2025-12-25T00:00:00,PROD_137,139.93,DEV_N_329,ADDR_N_329,COMPLETED,0,0.0,LOW
ORD_ACC_N_330_7,ACC_N_330,2026-08-01T00:00:00,PROD_117,68.69,DEV_N_329,ADDR_N_329,COMPLETED,0,0.0,LOW
ORD_ACC_N_330_8,ACC_N_330,2026-02-23T00:00:00,PROD_130,230.3,DEV_N_329,ADDR_N_329,COMPLETED,0,0.0,LOW
ORD_ACC_N_330_9,ACC_N_330,2026-07-25T00:00:00,PROD_126,175.78,DEV_N_329,ADDR_N_329,COMPLETED,0,0.0,LOW
ORD_ACC_N_330_10,ACC_N_330,2026-06-15T00:00:00,PROD_135,303.11,DEV_N_329,ADDR_N_329,COMPLETED,0,0.0,LOW
ORD_ACC_N_330_11,ACC_N_330,2026-01-19T00:00:00,PROD_148,137.71,DEV_N_329,ADDR_N_329,COMPLETED,0,0.0,LOW
ORD_ACC_N_330_12,ACC_N_330,2025-11-19T00:00:00,PROD_101,274.89,DEV_N_329,ADDR_N_329,COMPLETED,0,0.0,LOW
ORD_ACC_N_331_0,ACC_N_331,2026-08-11T00:00:00,PROD_149,479.46,DEV_N_331,ADDR_N_331,COMPLETED,0,0.0,LOW
ORD_ACC_N_331_1,ACC_N_331,2026-08-18T00:00:00,PROD_129,108.39,DEV_N_331,ADDR_N_331,COMPLETED,0,0.0,LOW
ORD_ACC_N_331_2,ACC_N_331,2026-08-10T00:00:00,PROD_116,115.51,DEV_N_331,ADDR_N_331,COMPLETED,0,0.0,LOW
ORD_ACC_N_331_3,ACC_N_331,2026-07-24T00:00:00,PROD_107,378.87,DEV_N_331,ADDR_N_331,REFUNDED,1,0.0,LOW
ORD_ACC_N_331_4,ACC_N_331,2026-08-06T00:00:00,PROD_133,406.91,DEV_N_331,ADDR_N_331,COMPLETED,0,0.0,LOW
ORD_ACC_N_331_5,ACC_N_331,2026-07-30T00:00:00,PROD_102,199.27,DEV_N_331,ADDR_N_331,COMPLETED,0,0.0,LOW
ORD_ACC_N_331_6,ACC_N_331,2026-08-11T00:00:00,PROD_136,399.27,DEV_N_331,ADDR_N_331,COMPLETED,0,0.0,LOW
ORD_ACC_N_331_7,ACC_N_331,2026-07-22T00:00:00,PROD_105,52.21,DEV_N_331,ADDR_N_331,COMPLETED,0,0.0,LOW
ORD_ACC_N_331_8,ACC_N_331,2026-08-24T00:00:00,PROD_105,275.25,DEV_N_331,ADDR_N_331,COMPLETED,0,0.0,LOW
ORD_ACC_N_331_9,ACC_N_331,2026-08-02T00:00:00,PROD_148,312.82,DEV_N_331,ADDR_N_331,COMPLETED,0,0.0,LOW
ORD_ACC_N_331_10,ACC_N_331,2026-07-19T00:00:00,PROD_128,226.85,DEV_N_331,ADDR_N_331,COMPLETED,0,0.0,LOW
ORD_ACC_N_331_11,ACC_N_331,2026-07-21T00:00:00,PROD_136,178.61,DEV_N_331,ADDR_N_331,COMPLETED,0,0.0,LOW
ORD_ACC_N_331_12,ACC_N_331,2026-08-02T00:00:00,PROD_127,273.3,DEV_N_331,ADDR_N_331,COMPLETED,0,0.0,LOW
ORD_ACC_N_331_13,ACC_N_331,2026-08-06T00:00:00,PROD_124,295.87,DEV_N_331,ADDR_N_331,REFUNDED,1,0.0,LOW
ORD_ACC_N_332_0,ACC_N_332,2026-07-08T00:00:00,PROD_137,92.24,DEV_N_332,ADDR_N_332,COMPLETED,0,0.0,LOW
ORD_ACC_N_332_1,ACC_N_332,2026-06-24T00:00:00,PROD_149,239.72,DEV_N_332,ADDR_N_332,COMPLETED,0,0.0,LOW
ORD_ACC_N_332_2,ACC_N_332,2026-05-05T00:00:00,PROD_136,190.23,DEV_N_332,ADDR_N_332,COMPLETED,0,0.0,LOW
ORD_ACC_N_332_3,ACC_N_332,2026-08-07T00:00:00,PROD_111,391.04,DEV_N_332,ADDR_N_332,COMPLETED,0,0.0,LOW
ORD_ACC_N_332_4,ACC_N_332,2026-08-28T00:00:00,PROD_102,276.04,DEV_N_332,ADDR_N_332,COMPLETED,0,0.0,LOW
ORD_ACC_N_332_5,ACC_N_332,2026-06-23T00:00:00,PROD_120,187.29,DEV_N_332,ADDR_N_332,COMPLETED,0,0.0,LOW
ORD_ACC_N_333_0,ACC_N_333,2026-05-20T00:00:00,PROD_117,165.41,DEV_N_333,ADDR_N_333,COMPLETED,0,0.0,LOW
ORD_ACC_N_333_1,ACC_N_333,2026-05-12T00:00:00,PROD_128,390.73,DEV_N_333,ADDR_N_333,REFUNDED,1,0.0,LOW
ORD_ACC_N_333_2,ACC_N_333,2026-08-18T00:00:00,PROD_147,233.1,DEV_N_333,ADDR_N_333,COMPLETED,0,0.0,LOW
ORD_ACC_N_333_3,ACC_N_333,2026-02-18T00:00:00,PROD_112,43.62,DEV_N_333,ADDR_N_333,COMPLETED,0,0.0,LOW
ORD_ACC_N_334_0,ACC_N_334,2026-07-31T00:00:00,PROD_137,64.57,DEV_N_334,ADDR_N_334,COMPLETED,0,0.0,LOW
ORD_ACC_N_334_1,ACC_N_334,2026-07-31T00:00:00,PROD_131,98.18,DEV_N_334,ADDR_N_334,COMPLETED,0,0.0,LOW
ORD_ACC_N_334_2,ACC_N_334,2026-06-01T00:00:00,PROD_112,379.85,DEV_N_334,ADDR_N_334,COMPLETED,0,0.0,LOW
ORD_ACC_N_334_3,ACC_N_334,2026-08-08T00:00:00,PROD_116,403.9,DEV_N_334,ADDR_N_334,COMPLETED,0,0.0,LOW
ORD_ACC_N_334_4,ACC_N_334,2026-08-03T00:00:00,PROD_124,473.55,DEV_N_334,ADDR_N_334,REFUNDED,1,0.0,LOW
ORD_ACC_N_334_5,ACC_N_334,2026-08-06T00:00:00,PROD_104,190.25,DEV_N_334,ADDR_N_334,COMPLETED,0,0.0,LOW
ORD_ACC_N_334_6,ACC_N_334,2026-03-18T00:00:00,PROD_105,164.33,DEV_N_334,ADDR_N_334,COMPLETED,0,0.0,LOW
ORD_ACC_N_334_7,ACC_N_334,2026-05-03T00:00:00,PROD_146,27.61,DEV_N_334,ADDR_N_334,COMPLETED,0,0.0,LOW
ORD_ACC_N_334_8,ACC_N_334,2026-08-20T00:00:00,PROD_136,87.55,DEV_N_334,ADDR_N_334,COMPLETED,0,0.0,LOW
ORD_ACC_N_334_9,ACC_N_334,2026-07-30T00:00:00,PROD_130,268.94,DEV_N_334,ADDR_N_334,COMPLETED,0,0.0,LOW
ORD_ACC_N_335_0,ACC_N_335,2026-08-18T00:00:00,PROD_123,435.85,DEV_N_335,ADDR_N_335,COMPLETED,0,0.0,LOW
ORD_ACC_N_335_1,ACC_N_335,2026-08-05T00:00:00,PROD_111,415.16,DEV_N_335,ADDR_N_335,COMPLETED,0,0.0,LOW
ORD_ACC_N_335_2,ACC_N_335,2026-08-22T00:00:00,PROD_111,376.14,DEV_N_335,ADDR_N_335,COMPLETED,0,0.0,LOW
ORD_ACC_N_335_3,ACC_N_335,2026-08-24T00:00:00,PROD_113,397.55,DEV_N_335,ADDR_N_335,REFUNDED,1,0.0,LOW
ORD_ACC_N_335_4,ACC_N_335,2026-07-22T00:00:00,PROD_139,199.13,DEV_N_335,ADDR_N_335,COMPLETED,0,0.0,LOW
ORD_ACC_N_335_5,ACC_N_335,2026-08-30T00:00:00,PROD_130,395.97,DEV_N_335,ADDR_N_335,COMPLETED,0,0.0,LOW
ORD_ACC_N_335_6,ACC_N_335,2026-08-22T00:00:00,PROD_124,458.52,DEV_N_335,ADDR_N_335,REFUNDED,1,0.0,LOW
ORD_ACC_N_335_7,ACC_N_335,2026-08-21T00:00:00,PROD_114,95.92,DEV_N_335,ADDR_N_335,REFUNDED,1,0.0,LOW
ORD_ACC_N_335_8,ACC_N_335,2026-08-27T00:00:00,PROD_126,73.96,DEV_N_335,ADDR_N_335,COMPLETED,0,0.0,LOW
ORD_ACC_N_335_9,ACC_N_335,2026-08-03T00:00:00,PROD_140,84.51,DEV_N_335,ADDR_N_335,COMPLETED,0,0.0,LOW
ORD_ACC_N_336_0,ACC_N_336,2026-05-03T00:00:00,PROD_120,451.78,DEV_N_336,ADDR_N_336,COMPLETED,0,0.0,LOW
ORD_ACC_N_336_1,ACC_N_336,2026-05-30T00:00:00,PROD_106,479.31,DEV_N_336,ADDR_N_336,COMPLETED,0,0.0,LOW
ORD_ACC_N_336_2,ACC_N_336,2026-04-27T00:00:00,PROD_112,379.39,DEV_N_336,ADDR_N_336,COMPLETED,0,0.0,LOW
ORD_ACC_N_336_3,ACC_N_336,2026-07-06T00:00:00,PROD_109,267.07,DEV_N_336,ADDR_N_336,COMPLETED,0,0.0,LOW
ORD_ACC_N_336_4,ACC_N_336,2026-03-16T00:00:00,PROD_125,59.45,DEV_N_336,ADDR_N_336,COMPLETED,0,0.0,LOW
ORD_ACC_N_336_5,ACC_N_336,2026-03-27T00:00:00,PROD_111,70.51,DEV_N_336,ADDR_N_336,COMPLETED,0,0.0,LOW
ORD_ACC_N_336_6,ACC_N_336,2026-06-08T00:00:00,PROD_137,361.02,DEV_N_336,ADDR_N_336,COMPLETED,0,0.0,LOW
ORD_ACC_N_336_7,ACC_N_336,2026-04-21T00:00:00,PROD_148,297.04,DEV_N_336,ADDR_N_336,COMPLETED,0,0.0,LOW
ORD_ACC_N_337_0,ACC_N_337,2026-05-28T00:00:00,PROD_102,337.38,DEV_N_337,ADDR_N_337,COMPLETED,0,0.0,LOW
ORD_ACC_N_337_1,ACC_N_337,2026-03-23T00:00:00,PROD_111,43.05,DEV_N_337,ADDR_N_337,COMPLETED,0,0.0,LOW
ORD_ACC_N_337_2,ACC_N_337,2026-07-26T00:00:00,PROD_115,324.62,DEV_N_337,ADDR_N_337,COMPLETED,0,0.0,LOW
ORD_ACC_N_337_3,ACC_N_337,2026-05-22T00:00:00,PROD_130,174.82,DEV_N_337,ADDR_N_337,COMPLETED,0,0.0,LOW
ORD_ACC_N_337_4,ACC_N_337,2026-07-14T00:00:00,PROD_136,321.78,DEV_N_337,ADDR_N_337,COMPLETED,0,0.0,LOW
ORD_ACC_N_337_5,ACC_N_337,2026-05-08T00:00:00,PROD_116,496.5,DEV_N_337,ADDR_N_337,COMPLETED,0,0.0,LOW
ORD_ACC_N_337_6,ACC_N_337,2026-05-11T00:00:00,PROD_149,76.55,DEV_N_337,ADDR_N_337,COMPLETED,0,0.0,LOW
ORD_ACC_N_338_0,ACC_N_338,2026-07-15T00:00:00,PROD_131,142.54,DEV_N_338,ADDR_N_338,COMPLETED,0,0.0,LOW
ORD_ACC_N_338_1,ACC_N_338,2026-05-07T00:00:00,PROD_121,338.36,DEV_N_338,ADDR_N_338,COMPLETED,0,0.0,LOW
ORD_ACC_N_338_2,ACC_N_338,2026-06-25T00:00:00,PROD_141,50.3,DEV_N_338,ADDR_N_338,COMPLETED,0,0.0,LOW
ORD_ACC_N_338_3,ACC_N_338,2026-04-14T00:00:00,PROD_129,80.59,DEV_N_338,ADDR_N_338,COMPLETED,0,0.0,LOW
ORD_ACC_N_338_4,ACC_N_338,2026-08-01T00:00:00,PROD_122,284.22,DEV_N_338,ADDR_N_338,COMPLETED,0,0.0,LOW
ORD_ACC_N_338_5,ACC_N_338,2026-05-08T00:00:00,PROD_105,229.36,DEV_N_338,ADDR_N_338,COMPLETED,0,0.0,LOW
ORD_ACC_N_339_0,ACC_N_339,2026-06-27T00:00:00,PROD_114,113.54,DEV_N_339,ADDR_N_339,COMPLETED,0,0.0,LOW
ORD_ACC_N_339_1,ACC_N_339,2026-08-06T00:00:00,PROD_138,372.04,DEV_N_339,ADDR_N_339,COMPLETED,0,0.0,LOW
ORD_ACC_N_339_2,ACC_N_339,2026-06-20T00:00:00,PROD_134,432.76,DEV_N_339,ADDR_N_339,COMPLETED,0,0.0,LOW
ORD_ACC_N_339_3,ACC_N_339,2026-06-23T00:00:00,PROD_133,130.6,DEV_N_339,ADDR_N_339,COMPLETED,0,0.0,LOW
ORD_ACC_N_339_4,ACC_N_339,2026-07-15T00:00:00,PROD_140,96.2,DEV_N_339,ADDR_N_339,COMPLETED,0,0.0,LOW
ORD_ACC_N_339_5,ACC_N_339,2026-08-03T00:00:00,PROD_109,424.75,DEV_N_339,ADDR_N_339,COMPLETED,0,0.0,LOW
ORD_ACC_N_339_6,ACC_N_339,2026-06-14T00:00:00,PROD_103,223.53,DEV_N_339,ADDR_N_339,COMPLETED,0,0.0,LOW
ORD_ACC_N_340_0,ACC_N_340,2026-04-20T00:00:00,PROD_129,486.56,DEV_N_339,ADDR_N_339,COMPLETED,0,0.0,LOW
ORD_ACC_N_340_1,ACC_N_340,2026-07-28T00:00:00,PROD_104,366.34,DEV_N_339,ADDR_N_339,COMPLETED,0,0.0,LOW
ORD_ACC_N_340_2,ACC_N_340,2026-04-11T00:00:00,PROD_146,340.7,DEV_N_339,ADDR_N_339,COMPLETED,0,0.0,LOW
ORD_ACC_N_340_3,ACC_N_340,2026-04-01T00:00:00,PROD_126,480.45,DEV_N_339,ADDR_N_339,COMPLETED,0,0.0,LOW
ORD_ACC_N_340_4,ACC_N_340,2026-07-26T00:00:00,PROD_115,250.85,DEV_N_339,ADDR_N_339,COMPLETED,0,0.0,LOW
ORD_ACC_N_340_5,ACC_N_340,2026-07-22T00:00:00,PROD_112,330.12,DEV_N_339,ADDR_N_339,COMPLETED,0,0.0,LOW
ORD_ACC_N_340_6,ACC_N_340,2026-06-03T00:00:00,PROD_117,53.86,DEV_N_339,ADDR_N_339,COMPLETED,0,0.0,LOW
ORD_ACC_N_341_0,ACC_N_341,2026-02-27T00:00:00,PROD_109,375.03,DEV_N_341,ADDR_N_341,COMPLETED,0,0.0,LOW
ORD_ACC_N_341_1,ACC_N_341,2026-05-10T00:00:00,PROD_120,88.36,DEV_N_341,ADDR_N_341,COMPLETED,0,0.0,LOW
ORD_ACC_N_342_0,ACC_N_342,2025-12-08T00:00:00,PROD_140,169.36,DEV_N_342,ADDR_N_342,COMPLETED,0,0.0,LOW
ORD_ACC_N_342_1,ACC_N_342,2026-01-02T00:00:00,PROD_107,131.45,DEV_N_342,ADDR_N_342,COMPLETED,0,0.0,LOW
ORD_ACC_N_343_0,ACC_N_343,2026-06-14T00:00:00,PROD_146,53.79,DEV_N_343,ADDR_N_343,COMPLETED,0,0.0,LOW
ORD_ACC_N_343_1,ACC_N_343,2026-04-14T00:00:00,PROD_116,475.75,DEV_N_343,ADDR_N_343,REFUNDED,1,0.0,LOW
ORD_ACC_N_343_2,ACC_N_343,2026-01-25T00:00:00,PROD_144,300.79,DEV_N_343,ADDR_N_343,COMPLETED,0,0.0,LOW
ORD_ACC_N_343_3,ACC_N_343,2026-04-04T00:00:00,PROD_146,127.82,DEV_N_343,ADDR_N_343,COMPLETED,0,0.0,LOW
ORD_ACC_N_343_4,ACC_N_343,2025-10-29T00:00:00,PROD_142,435.24,DEV_N_343,ADDR_N_343,COMPLETED,0,0.0,LOW
ORD_ACC_N_343_5,ACC_N_343,2026-01-22T00:00:00,PROD_149,222.4,DEV_N_343,ADDR_N_343,COMPLETED,0,0.0,LOW
ORD_ACC_N_343_6,ACC_N_343,2026-04-12T00:00:00,PROD_121,454.27,DEV_N_343,ADDR_N_343,COMPLETED,0,0.0,LOW
ORD_ACC_N_343_7,ACC_N_343,2026-04-25T00:00:00,PROD_106,491.88,DEV_N_343,ADDR_N_343,COMPLETED,0,0.0,LOW
ORD_ACC_N_344_0,ACC_N_344,2026-04-27T00:00:00,PROD_117,126.27,DEV_N_344,ADDR_N_344,COMPLETED,0,0.0,LOW
ORD_ACC_N_344_1,ACC_N_344,2026-04-29T00:00:00,PROD_124,289.12,DEV_N_344,ADDR_N_344,COMPLETED,0,0.0,LOW
ORD_ACC_N_344_2,ACC_N_344,2026-04-21T00:00:00,PROD_102,437.79,DEV_N_344,ADDR_N_344,COMPLETED,0,0.0,LOW
ORD_ACC_N_344_3,ACC_N_344,2026-08-04T00:00:00,PROD_106,303.36,DEV_N_344,ADDR_N_344,COMPLETED,0,0.0,LOW
ORD_ACC_N_344_4,ACC_N_344,2026-08-07T00:00:00,PROD_123,76.39,DEV_N_344,ADDR_N_344,COMPLETED,0,0.0,LOW
ORD_ACC_N_344_5,ACC_N_344,2026-05-16T00:00:00,PROD_102,411.34,DEV_N_344,ADDR_N_344,COMPLETED,0,0.0,LOW
ORD_ACC_N_344_6,ACC_N_344,2026-05-11T00:00:00,PROD_133,429.07,DEV_N_344,ADDR_N_344,COMPLETED,0,0.0,LOW
ORD_ACC_N_344_7,ACC_N_344,2026-05-21T00:00:00,PROD_149,410.32,DEV_N_344,ADDR_N_344,COMPLETED,0,0.0,LOW
ORD_ACC_N_344_8,ACC_N_344,2026-08-25T00:00:00,PROD_140,123.7,DEV_N_344,ADDR_N_344,COMPLETED,0,0.0,LOW
ORD_ACC_N_344_9,ACC_N_344,2026-08-06T00:00:00,PROD_101,160.29,DEV_N_344,ADDR_N_344,COMPLETED,0,0.0,LOW
ORD_ACC_N_345_0,ACC_N_345,2026-06-04T00:00:00,PROD_117,189.14,DEV_N_345,ADDR_N_345,COMPLETED,0,0.0,LOW
ORD_ACC_N_345_1,ACC_N_345,2026-08-19T00:00:00,PROD_140,175.77,DEV_N_345,ADDR_N_345,COMPLETED,0,0.0,LOW
ORD_ACC_N_345_2,ACC_N_345,2026-07-21T00:00:00,PROD_135,120.5,DEV_N_345,ADDR_N_345,COMPLETED,0,0.0,LOW
ORD_ACC_N_345_3,ACC_N_345,2026-05-21T00:00:00,PROD_111,381.59,DEV_N_345,ADDR_N_345,COMPLETED,0,0.0,LOW
ORD_ACC_N_345_4,ACC_N_345,2026-08-09T00:00:00,PROD_147,180.21,DEV_N_345,ADDR_N_345,COMPLETED,0,0.0,LOW
ORD_ACC_N_345_5,ACC_N_345,2026-06-11T00:00:00,PROD_146,417.77,DEV_N_345,ADDR_N_345,COMPLETED,0,0.0,LOW
ORD_ACC_N_346_0,ACC_N_346,2026-03-24T00:00:00,PROD_148,318.46,DEV_N_346,ADDR_N_346,COMPLETED,0,0.0,LOW
ORD_ACC_N_346_1,ACC_N_346,2026-05-20T00:00:00,PROD_122,147.05,DEV_N_346,ADDR_N_346,COMPLETED,0,0.0,LOW
ORD_ACC_N_346_2,ACC_N_346,2026-01-19T00:00:00,PROD_110,449.97,DEV_N_346,ADDR_N_346,COMPLETED,0,0.0,LOW
ORD_ACC_N_346_3,ACC_N_346,2026-08-23T00:00:00,PROD_132,73.51,DEV_N_346,ADDR_N_346,COMPLETED,0,0.0,LOW
ORD_ACC_N_346_4,ACC_N_346,2026-04-02T00:00:00,PROD_125,383.25,DEV_N_346,ADDR_N_346,COMPLETED,0,0.0,LOW
ORD_ACC_N_346_5,ACC_N_346,2026-07-24T00:00:00,PROD_138,115.34,DEV_N_346,ADDR_N_346,COMPLETED,0,0.0,LOW
ORD_ACC_N_346_6,ACC_N_346,2026-04-19T00:00:00,PROD_122,89.97,DEV_N_346,ADDR_N_346,COMPLETED,0,0.0,LOW
ORD_ACC_N_347_0,ACC_N_347,2026-07-13T00:00:00,PROD_118,69.74,DEV_N_347,ADDR_N_347,COMPLETED,0,0.0,LOW
ORD_ACC_N_347_1,ACC_N_347,2026-06-20T00:00:00,PROD_114,485.96,DEV_N_347,ADDR_N_347,COMPLETED,0,0.0,LOW
ORD_ACC_N_347_2,ACC_N_347,2026-08-26T00:00:00,PROD_117,138.03,DEV_N_347,ADDR_N_347,COMPLETED,0,0.0,LOW
ORD_ACC_N_347_3,ACC_N_347,2026-06-29T00:00:00,PROD_114,127.74,DEV_N_347,ADDR_N_347,COMPLETED,0,0.0,LOW
ORD_ACC_N_347_4,ACC_N_347,2026-08-03T00:00:00,PROD_109,231.37,DEV_N_347,ADDR_N_347,COMPLETED,0,0.0,LOW
ORD_ACC_N_347_5,ACC_N_347,2026-07-25T00:00:00,PROD_139,136.97,DEV_N_347,ADDR_N_347,REFUNDED,1,0.0,LOW
ORD_ACC_N_347_6,ACC_N_347,2026-07-09T00:00:00,PROD_112,287.03,DEV_N_347,ADDR_N_347,COMPLETED,0,0.0,LOW
ORD_ACC_N_347_7,ACC_N_347,2026-08-08T00:00:00,PROD_140,426.99,DEV_N_347,ADDR_N_347,COMPLETED,0,0.0,LOW
ORD_ACC_N_347_8,ACC_N_347,2026-07-13T00:00:00,PROD_123,378.46,DEV_N_347,ADDR_N_347,COMPLETED,0,0.0,LOW
ORD_ACC_N_347_9,ACC_N_347,2026-07-07T00:00:00,PROD_115,197.71,DEV_N_347,ADDR_N_347,COMPLETED,0,0.0,LOW
ORD_ACC_N_347_10,ACC_N_347,2026-06-23T00:00:00,PROD_108,191.4,DEV_N_347,ADDR_N_347,COMPLETED,0,0.0,LOW
ORD_ACC_N_347_11,ACC_N_347,2026-07-31T00:00:00,PROD_106,401.87,DEV_N_347,ADDR_N_347,COMPLETED,0,0.0,LOW
ORD_ACC_N_347_12,ACC_N_347,2026-07-02T00:00:00,PROD_138,276.97,DEV_N_347,ADDR_N_347,COMPLETED,0,0.0,LOW
ORD_ACC_N_347_13,ACC_N_347,2026-07-18T00:00:00,PROD_135,364.43,DEV_N_347,ADDR_N_347,COMPLETED,0,0.0,LOW
ORD_ACC_N_347_14,ACC_N_347,2026-07-03T00:00:00,PROD_129,149.18,DEV_N_347,ADDR_N_347,COMPLETED,0,0.0,LOW
ORD_ACC_N_348_0,ACC_N_348,2026-04-02T00:00:00,PROD_110,229.37,DEV_N_348,ADDR_N_348,COMPLETED,0,0.0,LOW
ORD_ACC_N_348_1,ACC_N_348,2026-04-10T00:00:00,PROD_122,235.26,DEV_N_348,ADDR_N_348,COMPLETED,0,0.0,LOW
ORD_ACC_N_348_2,ACC_N_348,2026-01-21T00:00:00,PROD_122,359.03,DEV_N_348,ADDR_N_348,COMPLETED,0,0.0,LOW
ORD_ACC_N_348_3,ACC_N_348,2026-02-28T00:00:00,PROD_146,152.52,DEV_N_348,ADDR_N_348,COMPLETED,0,0.0,LOW
ORD_ACC_N_348_4,ACC_N_348,2026-03-02T00:00:00,PROD_148,306.91,DEV_N_348,ADDR_N_348,COMPLETED,0,0.0,LOW
ORD_ACC_N_348_5,ACC_N_348,2026-05-22T00:00:00,PROD_134,123.3,DEV_N_348,ADDR_N_348,COMPLETED,0,0.0,LOW
ORD_ACC_N_348_6,ACC_N_348,2026-06-08T00:00:00,PROD_132,131.63,DEV_N_348,ADDR_N_348,COMPLETED,0,0.0,LOW
ORD_ACC_N_348_7,ACC_N_348,2026-07-26T00:00:00,PROD_137,387.82,DEV_N_348,ADDR_N_348,COMPLETED,0,0.0,LOW
ORD_ACC_N_349_0,ACC_N_349,2026-08-31T00:00:00,PROD_107,361.81,DEV_N_349,ADDR_N_349,COMPLETED,0,0.0,LOW
ORD_ACC_N_349_1,ACC_N_349,2026-08-22T00:00:00,PROD_110,50.54,DEV_N_349,ADDR_N_349,COMPLETED,0,0.0,LOW
ORD_ACC_N_349_2,ACC_N_349,2026-08-28T00:00:00,PROD_111,490.3,DEV_N_349,ADDR_N_349,COMPLETED,0,0.0,LOW
ORD_ACC_N_349_3,ACC_N_349,2026-08-31T00:00:00,PROD_107,331.72,DEV_N_349,ADDR_N_349,COMPLETED,0,0.0,LOW
ORD_ACC_N_349_4,ACC_N_349,2026-08-30T00:00:00,PROD_144,65.2,DEV_N_349,ADDR_N_349,COMPLETED,0,0.0,LOW
ORD_ACC_N_349_5,ACC_N_349,2026-08-19T00:00:00,PROD_108,215.64,DEV_N_349,ADDR_N_349,COMPLETED,0,0.0,LOW
ORD_ACC_N_349_6,ACC_N_349,2026-08-29T00:00:00,PROD_145,66.01,DEV_N_349,ADDR_N_349,COMPLETED,0,0.0,LOW
ORD_ACC_N_349_7,ACC_N_349,2026-08-27T00:00:00,PROD_125,259.85,DEV_N_349,ADDR_N_349,COMPLETED,0,0.0,LOW
ORD_ACC_N_349_8,ACC_N_349,2026-08-28T00:00:00,PROD_105,188.58,DEV_N_349,ADDR_N_349,COMPLETED,0,0.0,LOW
ORD_ACC_N_349_9,ACC_N_349,2026-08-24T00:00:00,PROD_101,380.87,DEV_N_349,ADDR_N_349,COMPLETED,0,0.0,LOW
ORD_ACC_N_350_0,ACC_N_350,2026-08-28T00:00:00,PROD_100,347.7,DEV_N_349,ADDR_N_349,COMPLETED,0,0.0,LOW
ORD_ACC_N_350_1,ACC_N_350,2026-08-31T00:00:00,PROD_101,22.24,DEV_N_349,ADDR_N_349,COMPLETED,0,0.0,LOW
ORD_ACC_N_350_2,ACC_N_350,2026-07-26T00:00:00,PROD_111,199.92,DEV_N_349,ADDR_N_349,COMPLETED,0,0.0,LOW
ORD_ACC_N_350_3,ACC_N_350,2026-07-22T00:00:00,PROD_113,318.02,DEV_N_349,ADDR_N_349,COMPLETED,0,0.0,LOW
ORD_ACC_N_350_4,ACC_N_350,2026-08-25T00:00:00,PROD_138,438.61,DEV_N_349,ADDR_N_349,COMPLETED,0,0.0,LOW
ORD_ACC_N_350_5,ACC_N_350,2026-07-26T00:00:00,PROD_149,104.93,DEV_N_349,ADDR_N_349,COMPLETED,0,0.0,LOW
ORD_ACC_N_350_6,ACC_N_350,2026-07-30T00:00:00,PROD_101,91.45,DEV_N_349,ADDR_N_349,COMPLETED,0,0.0,LOW
ORD_ACC_N_350_7,ACC_N_350,2026-08-29T00:00:00,PROD_107,468.94,DEV_N_349,ADDR_N_349,COMPLETED,0,0.0,LOW
ORD_ACC_N_350_8,ACC_N_350,2026-08-13T00:00:00,PROD_137,71.73,DEV_N_349,ADDR_N_349,COMPLETED,0,0.0,LOW
ORD_ACC_N_351_0,ACC_N_351,2026-08-19T00:00:00,PROD_139,258.87,DEV_N_351,ADDR_N_351,COMPLETED,0,0.0,LOW
ORD_ACC_N_351_1,ACC_N_351,2026-07-04T00:00:00,PROD_124,465.73,DEV_N_351,ADDR_N_351,COMPLETED,0,0.0,LOW
ORD_ACC_N_351_2,ACC_N_351,2026-08-17T00:00:00,PROD_115,340.98,DEV_N_351,ADDR_N_351,COMPLETED,0,0.0,LOW
ORD_ACC_N_351_3,ACC_N_351,2026-08-13T00:00:00,PROD_112,134.94,DEV_N_351,ADDR_N_351,COMPLETED,0,0.0,LOW
ORD_ACC_N_351_4,ACC_N_351,2026-08-26T00:00:00,PROD_130,191.99,DEV_N_351,ADDR_N_351,COMPLETED,0,0.0,LOW
ORD_ACC_N_351_5,ACC_N_351,2026-08-19T00:00:00,PROD_141,426.93,DEV_N_351,ADDR_N_351,COMPLETED,0,0.0,LOW
ORD_ACC_N_351_6,ACC_N_351,2026-06-25T00:00:00,PROD_133,290.24,DEV_N_351,ADDR_N_351,COMPLETED,0,0.0,LOW
ORD_ACC_N_351_7,ACC_N_351,2026-06-23T00:00:00,PROD_108,328.74,DEV_N_351,ADDR_N_351,COMPLETED,0,0.0,LOW
ORD_ACC_N_351_8,ACC_N_351,2026-08-06T00:00:00,PROD_125,160.62,DEV_N_351,ADDR_N_351,COMPLETED,0,0.0,LOW
ORD_ACC_N_351_9,ACC_N_351,2026-07-14T00:00:00,PROD_106,59.55,DEV_N_351,ADDR_N_351,REFUNDED,1,0.0,LOW
ORD_ACC_N_351_10,ACC_N_351,2026-07-01T00:00:00,PROD_149,312.64,DEV_N_351,ADDR_N_351,COMPLETED,0,0.0,LOW
ORD_ACC_N_351_11,ACC_N_351,2026-06-05T00:00:00,PROD_102,355.47,DEV_N_351,ADDR_N_351,COMPLETED,0,0.0,LOW
ORD_ACC_N_351_12,ACC_N_351,2026-08-20T00:00:00,PROD_136,167.42,DEV_N_351,ADDR_N_351,COMPLETED,0,0.0,LOW
ORD_ACC_N_351_13,ACC_N_351,2026-08-09T00:00:00,PROD_134,327.65,DEV_N_351,ADDR_N_351,COMPLETED,0,0.0,LOW
ORD_ACC_N_351_14,ACC_N_351,2026-08-25T00:00:00,PROD_122,484.05,DEV_N_351,ADDR_N_351,COMPLETED,0,0.0,LOW
ORD_ACC_N_352_0,ACC_N_352,2026-08-04T00:00:00,PROD_111,374.5,DEV_N_352,ADDR_N_352,COMPLETED,0,0.0,LOW
ORD_ACC_N_352_1,ACC_N_352,2026-08-08T00:00:00,PROD_113,346.94,DEV_N_352,ADDR_N_352,REFUNDED,1,0.0,LOW
ORD_ACC_N_352_2,ACC_N_352,2026-08-20T00:00:00,PROD_104,448.33,DEV_N_352,ADDR_N_352,COMPLETED,0,0.0,LOW
ORD_ACC_N_352_3,ACC_N_352,2026-07-31T00:00:00,PROD_100,119.23,DEV_N_352,ADDR_N_352,COMPLETED,0,0.0,LOW
ORD_ACC_N_352_4,ACC_N_352,2026-08-07T00:00:00,PROD_118,118.89,DEV_N_352,ADDR_N_352,COMPLETED,0,0.0,LOW
ORD_ACC_N_352_5,ACC_N_352,2026-08-16T00:00:00,PROD_121,336.61,DEV_N_352,ADDR_N_352,COMPLETED,0,0.0,LOW
ORD_ACC_N_352_6,ACC_N_352,2026-08-07T00:00:00,PROD_125,416.75,DEV_N_352,ADDR_N_352,COMPLETED,0,0.0,LOW
ORD_ACC_N_352_7,ACC_N_352,2026-08-22T00:00:00,PROD_142,88.0,DEV_N_352,ADDR_N_352,COMPLETED,0,0.0,LOW
ORD_ACC_N_352_8,ACC_N_352,2026-08-04T00:00:00,PROD_140,346.59,DEV_N_352,ADDR_N_352,COMPLETED,0,0.0,LOW
ORD_ACC_N_352_9,ACC_N_352,2026-08-18T00:00:00,PROD_117,471.33,DEV_N_352,ADDR_N_352,COMPLETED,0,0.0,LOW
ORD_ACC_N_352_10,ACC_N_352,2026-08-31T00:00:00,PROD_117,219.63,DEV_N_352,ADDR_N_352,COMPLETED,0,0.0,LOW
ORD_ACC_N_352_11,ACC_N_352,2026-07-31T00:00:00,PROD_144,141.64,DEV_N_352,ADDR_N_352,REFUNDED,1,0.0,LOW
ORD_ACC_N_352_12,ACC_N_352,2026-08-03T00:00:00,PROD_104,81.87,DEV_N_352,ADDR_N_352,COMPLETED,0,0.0,LOW
ORD_ACC_N_352_13,ACC_N_352,2026-08-24T00:00:00,PROD_104,96.28,DEV_N_352,ADDR_N_352,COMPLETED,0,0.0,LOW
ORD_ACC_N_353_0,ACC_N_353,2026-06-07T00:00:00,PROD_143,472.88,DEV_N_353,ADDR_N_353,COMPLETED,0,0.0,LOW
ORD_ACC_N_353_1,ACC_N_353,2026-04-08T00:00:00,PROD_136,277.4,DEV_N_353,ADDR_N_353,COMPLETED,0,0.0,LOW
ORD_ACC_N_353_2,ACC_N_353,2026-07-07T00:00:00,PROD_112,385.27,DEV_N_353,ADDR_N_353,COMPLETED,0,0.0,LOW
ORD_ACC_N_353_3,ACC_N_353,2025-12-20T00:00:00,PROD_102,116.38,DEV_N_353,ADDR_N_353,COMPLETED,0,0.0,LOW
ORD_ACC_N_353_4,ACC_N_353,2025-12-29T00:00:00,PROD_124,72.49,DEV_N_353,ADDR_N_353,COMPLETED,0,0.0,LOW
ORD_ACC_N_353_5,ACC_N_353,2026-07-20T00:00:00,PROD_115,386.02,DEV_N_353,ADDR_N_353,COMPLETED,0,0.0,LOW
ORD_ACC_N_354_0,ACC_N_354,2026-01-19T00:00:00,PROD_149,374.41,DEV_N_354,ADDR_N_354,COMPLETED,0,0.0,LOW
ORD_ACC_N_354_1,ACC_N_354,2025-12-17T00:00:00,PROD_113,388.06,DEV_N_354,ADDR_N_354,COMPLETED,0,0.0,LOW
ORD_ACC_N_354_2,ACC_N_354,2026-08-09T00:00:00,PROD_121,293.02,DEV_N_354,ADDR_N_354,COMPLETED,0,0.0,LOW
ORD_ACC_N_354_3,ACC_N_354,2026-06-03T00:00:00,PROD_141,188.06,DEV_N_354,ADDR_N_354,COMPLETED,0,0.0,LOW
ORD_ACC_N_354_4,ACC_N_354,2026-02-12T00:00:00,PROD_132,202.42,DEV_N_354,ADDR_N_354,COMPLETED,0,0.0,LOW
ORD_ACC_N_354_5,ACC_N_354,2026-05-08T00:00:00,PROD_142,108.3,DEV_N_354,ADDR_N_354,COMPLETED,0,0.0,LOW
ORD_ACC_N_355_0,ACC_N_355,2026-08-17T00:00:00,PROD_133,53.3,DEV_N_355,ADDR_N_355,COMPLETED,0,0.0,LOW
ORD_ACC_N_355_1,ACC_N_355,2026-08-14T00:00:00,PROD_120,97.33,DEV_N_355,ADDR_N_355,COMPLETED,0,0.0,LOW
ORD_ACC_N_355_2,ACC_N_355,2026-08-28T00:00:00,PROD_134,348.69,DEV_N_355,ADDR_N_355,COMPLETED,0,0.0,LOW
ORD_ACC_N_355_3,ACC_N_355,2026-08-12T00:00:00,PROD_120,365.83,DEV_N_355,ADDR_N_355,COMPLETED,0,0.0,LOW
ORD_ACC_N_355_4,ACC_N_355,2026-08-30T00:00:00,PROD_114,88.87,DEV_N_355,ADDR_N_355,COMPLETED,0,0.0,LOW
ORD_ACC_N_355_5,ACC_N_355,2026-08-19T00:00:00,PROD_124,21.64,DEV_N_355,ADDR_N_355,COMPLETED,0,0.0,LOW
ORD_ACC_N_355_6,ACC_N_355,2026-08-28T00:00:00,PROD_102,431.36,DEV_N_355,ADDR_N_355,COMPLETED,0,0.0,LOW
ORD_ACC_N_355_7,ACC_N_355,2026-08-14T00:00:00,PROD_130,55.48,DEV_N_355,ADDR_N_355,COMPLETED,0,0.0,LOW
ORD_ACC_N_355_8,ACC_N_355,2026-08-11T00:00:00,PROD_124,205.31,DEV_N_355,ADDR_N_355,COMPLETED,0,0.0,LOW
ORD_ACC_N_355_9,ACC_N_355,2026-08-24T00:00:00,PROD_122,347.78,DEV_N_355,ADDR_N_355,COMPLETED,0,0.0,LOW
ORD_ACC_N_355_10,ACC_N_355,2026-08-16T00:00:00,PROD_134,461.32,DEV_N_355,ADDR_N_355,COMPLETED,0,0.0,LOW
ORD_ACC_N_355_11,ACC_N_355,2026-08-24T00:00:00,PROD_111,89.32,DEV_N_355,ADDR_N_355,COMPLETED,0,0.0,LOW
ORD_ACC_N_355_12,ACC_N_355,2026-08-23T00:00:00,PROD_101,443.33,DEV_N_355,ADDR_N_355,COMPLETED,0,0.0,LOW
ORD_ACC_N_355_13,ACC_N_355,2026-08-22T00:00:00,PROD_145,89.11,DEV_N_355,ADDR_N_355,COMPLETED,0,0.0,LOW
ORD_ACC_N_356_0,ACC_N_356,2026-08-15T00:00:00,PROD_125,423.26,DEV_N_356,ADDR_N_356,COMPLETED,0,0.0,LOW
ORD_ACC_N_356_1,ACC_N_356,2026-05-10T00:00:00,PROD_128,220.51,DEV_N_356,ADDR_N_356,COMPLETED,0,0.0,LOW
ORD_ACC_N_356_2,ACC_N_356,2026-07-03T00:00:00,PROD_125,194.51,DEV_N_356,ADDR_N_356,COMPLETED,0,0.0,LOW
ORD_ACC_N_356_3,ACC_N_356,2026-05-31T00:00:00,PROD_145,274.37,DEV_N_356,ADDR_N_356,COMPLETED,0,0.0,LOW
ORD_ACC_N_356_4,ACC_N_356,2026-06-20T00:00:00,PROD_142,113.41,DEV_N_356,ADDR_N_356,COMPLETED,0,0.0,LOW
ORD_ACC_N_356_5,ACC_N_356,2026-07-16T00:00:00,PROD_148,452.17,DEV_N_356,ADDR_N_356,COMPLETED,0,0.0,LOW
ORD_ACC_N_356_6,ACC_N_356,2026-07-15T00:00:00,PROD_109,329.12,DEV_N_356,ADDR_N_356,COMPLETED,0,0.0,LOW
ORD_ACC_N_357_0,ACC_N_357,2026-07-05T00:00:00,PROD_149,164.15,DEV_N_357,ADDR_N_357,COMPLETED,0,0.0,LOW
ORD_ACC_N_357_1,ACC_N_357,2026-07-10T00:00:00,PROD_135,44.43,DEV_N_357,ADDR_N_357,COMPLETED,0,0.0,LOW
ORD_ACC_N_357_2,ACC_N_357,2026-07-13T00:00:00,PROD_128,469.82,DEV_N_357,ADDR_N_357,COMPLETED,0,0.0,LOW
ORD_ACC_N_357_3,ACC_N_357,2026-08-05T00:00:00,PROD_117,205.27,DEV_N_357,ADDR_N_357,COMPLETED,0,0.0,LOW
ORD_ACC_N_357_4,ACC_N_357,2026-08-12T00:00:00,PROD_112,327.79,DEV_N_357,ADDR_N_357,COMPLETED,0,0.0,LOW
ORD_ACC_N_357_5,ACC_N_357,2026-07-10T00:00:00,PROD_147,171.92,DEV_N_357,ADDR_N_357,COMPLETED,0,0.0,LOW
ORD_ACC_N_357_6,ACC_N_357,2026-06-30T00:00:00,PROD_139,171.78,DEV_N_357,ADDR_N_357,COMPLETED,0,0.0,LOW
ORD_ACC_N_357_7,ACC_N_357,2026-08-27T00:00:00,PROD_105,344.57,DEV_N_357,ADDR_N_357,COMPLETED,0,0.0,LOW
ORD_ACC_N_357_8,ACC_N_357,2026-08-30T00:00:00,PROD_121,461.68,DEV_N_357,ADDR_N_357,COMPLETED,0,0.0,LOW
ORD_ACC_N_358_0,ACC_N_358,2026-06-01T00:00:00,PROD_113,117.44,DEV_N_358,ADDR_N_358,COMPLETED,0,0.0,LOW
ORD_ACC_N_358_1,ACC_N_358,2026-08-15T00:00:00,PROD_137,194.21,DEV_N_358,ADDR_N_358,COMPLETED,0,0.0,LOW
ORD_ACC_N_358_2,ACC_N_358,2026-05-02T00:00:00,PROD_119,182.54,DEV_N_358,ADDR_N_358,COMPLETED,0,0.0,LOW
ORD_ACC_N_358_3,ACC_N_358,2026-04-10T00:00:00,PROD_110,96.71,DEV_N_358,ADDR_N_358,COMPLETED,0,0.0,LOW
ORD_ACC_N_358_4,ACC_N_358,2026-08-01T00:00:00,PROD_110,275.51,DEV_N_358,ADDR_N_358,COMPLETED,0,0.0,LOW
ORD_ACC_N_358_5,ACC_N_358,2026-04-12T00:00:00,PROD_117,321.77,DEV_N_358,ADDR_N_358,COMPLETED,0,0.0,LOW
ORD_ACC_N_358_6,ACC_N_358,2026-08-02T00:00:00,PROD_128,338.66,DEV_N_358,ADDR_N_358,COMPLETED,0,0.0,LOW
ORD_ACC_N_358_7,ACC_N_358,2026-08-21T00:00:00,PROD_124,85.09,DEV_N_358,ADDR_N_358,COMPLETED,0,0.0,LOW
ORD_ACC_N_358_8,ACC_N_358,2026-07-19T00:00:00,PROD_123,388.23,DEV_N_358,ADDR_N_358,COMPLETED,0,0.0,LOW
ORD_ACC_N_358_9,ACC_N_358,2026-04-04T00:00:00,PROD_101,294.52,DEV_N_358,ADDR_N_358,COMPLETED,0,0.0,LOW
ORD_ACC_N_358_10,ACC_N_358,2026-04-08T00:00:00,PROD_105,185.04,DEV_N_358,ADDR_N_358,COMPLETED,0,0.0,LOW
ORD_ACC_N_358_11,ACC_N_358,2026-08-14T00:00:00,PROD_143,105.07,DEV_N_358,ADDR_N_358,COMPLETED,0,0.0,LOW
ORD_ACC_N_358_12,ACC_N_358,2026-07-24T00:00:00,PROD_142,73.27,DEV_N_358,ADDR_N_358,COMPLETED,0,0.0,LOW
ORD_ACC_N_358_13,ACC_N_358,2026-03-22T00:00:00,PROD_105,173.94,DEV_N_358,ADDR_N_358,COMPLETED,0,0.0,LOW
ORD_ACC_N_358_14,ACC_N_358,2026-03-30T00:00:00,PROD_139,492.11,DEV_N_358,ADDR_N_358,COMPLETED,0,0.0,LOW
ORD_ACC_N_359_0,ACC_N_359,2026-05-30T00:00:00,PROD_117,428.6,DEV_N_359,ADDR_N_359,COMPLETED,0,0.0,LOW
ORD_ACC_N_359_1,ACC_N_359,2026-08-25T00:00:00,PROD_103,255.01,DEV_N_359,ADDR_N_359,COMPLETED,0,0.0,LOW
ORD_ACC_N_359_2,ACC_N_359,2026-03-05T00:00:00,PROD_127,167.19,DEV_N_359,ADDR_N_359,COMPLETED,0,0.0,LOW
ORD_ACC_N_360_0,ACC_N_360,2026-08-08T00:00:00,PROD_142,497.65,DEV_N_359,ADDR_N_359,COMPLETED,0,0.0,LOW
ORD_ACC_N_360_1,ACC_N_360,2026-08-21T00:00:00,PROD_139,284.61,DEV_N_359,ADDR_N_359,COMPLETED,0,0.0,LOW
ORD_ACC_N_360_2,ACC_N_360,2026-08-08T00:00:00,PROD_112,295.35,DEV_N_359,ADDR_N_359,COMPLETED,0,0.0,LOW
ORD_ACC_N_360_3,ACC_N_360,2026-08-19T00:00:00,PROD_117,206.43,DEV_N_359,ADDR_N_359,COMPLETED,0,0.0,LOW
ORD_ACC_N_360_4,ACC_N_360,2026-08-21T00:00:00,PROD_127,196.06,DEV_N_359,ADDR_N_359,COMPLETED,0,0.0,LOW
ORD_ACC_N_361_0,ACC_N_361,2026-06-04T00:00:00,PROD_131,365.18,DEV_N_361,ADDR_N_361,COMPLETED,0,0.0,LOW
ORD_ACC_N_361_1,ACC_N_361,2026-06-24T00:00:00,PROD_142,59.99,DEV_N_361,ADDR_N_361,COMPLETED,0,0.0,LOW
ORD_ACC_N_361_2,ACC_N_361,2026-03-14T00:00:00,PROD_107,458.4,DEV_N_361,ADDR_N_361,COMPLETED,0,0.0,LOW
ORD_ACC_N_362_0,ACC_N_362,2026-08-18T00:00:00,PROD_104,136.62,DEV_N_362,ADDR_N_362,COMPLETED,0,0.0,LOW
ORD_ACC_N_362_1,ACC_N_362,2026-06-19T00:00:00,PROD_104,404.7,DEV_N_362,ADDR_N_362,COMPLETED,0,0.0,LOW
ORD_ACC_N_362_2,ACC_N_362,2026-08-30T00:00:00,PROD_139,373.52,DEV_N_362,ADDR_N_362,COMPLETED,0,0.0,LOW
ORD_ACC_N_362_3,ACC_N_362,2026-08-12T00:00:00,PROD_129,299.72,DEV_N_362,ADDR_N_362,COMPLETED,0,0.0,LOW
ORD_ACC_N_362_4,ACC_N_362,2026-08-18T00:00:00,PROD_108,314.03,DEV_N_362,ADDR_N_362,COMPLETED,0,0.0,LOW
ORD_ACC_N_362_5,ACC_N_362,2026-08-21T00:00:00,PROD_105,109.08,DEV_N_362,ADDR_N_362,COMPLETED,0,0.0,LOW
ORD_ACC_N_362_6,ACC_N_362,2026-07-07T00:00:00,PROD_103,399.96,DEV_N_362,ADDR_N_362,COMPLETED,0,0.0,LOW
ORD_ACC_N_362_7,ACC_N_362,2026-07-13T00:00:00,PROD_130,173.79,DEV_N_362,ADDR_N_362,COMPLETED,0,0.0,LOW
ORD_ACC_N_362_8,ACC_N_362,2026-06-29T00:00:00,PROD_118,310.62,DEV_N_362,ADDR_N_362,COMPLETED,0,0.0,LOW
ORD_ACC_N_362_9,ACC_N_362,2026-08-24T00:00:00,PROD_105,232.41,DEV_N_362,ADDR_N_362,COMPLETED,0,0.0,LOW
ORD_ACC_N_362_10,ACC_N_362,2026-08-06T00:00:00,PROD_136,146.37,DEV_N_362,ADDR_N_362,COMPLETED,0,0.0,LOW
ORD_ACC_N_362_11,ACC_N_362,2026-08-16T00:00:00,PROD_111,357.38,DEV_N_362,ADDR_N_362,COMPLETED,0,0.0,LOW
ORD_ACC_N_362_12,ACC_N_362,2026-08-02T00:00:00,PROD_137,97.96,DEV_N_362,ADDR_N_362,COMPLETED,0,0.0,LOW
ORD_ACC_N_363_0,ACC_N_363,2025-12-15T00:00:00,PROD_116,327.49,DEV_N_363,ADDR_N_363,COMPLETED,0,0.0,LOW
ORD_ACC_N_363_1,ACC_N_363,2026-04-30T00:00:00,PROD_143,274.66,DEV_N_363,ADDR_N_363,COMPLETED,0,0.0,LOW
ORD_ACC_N_363_2,ACC_N_363,2026-04-09T00:00:00,PROD_104,382.06,DEV_N_363,ADDR_N_363,COMPLETED,0,0.0,LOW
ORD_ACC_N_363_3,ACC_N_363,2026-03-08T00:00:00,PROD_148,453.29,DEV_N_363,ADDR_N_363,COMPLETED,0,0.0,LOW
ORD_ACC_N_363_4,ACC_N_363,2026-07-22T00:00:00,PROD_128,343.54,DEV_N_363,ADDR_N_363,COMPLETED,0,0.0,LOW
ORD_ACC_N_363_5,ACC_N_363,2026-07-17T00:00:00,PROD_123,172.83,DEV_N_363,ADDR_N_363,COMPLETED,0,0.0,LOW
ORD_ACC_N_363_6,ACC_N_363,2026-07-29T00:00:00,PROD_120,293.22,DEV_N_363,ADDR_N_363,COMPLETED,0,0.0,LOW
ORD_ACC_N_364_0,ACC_N_364,2026-05-01T00:00:00,PROD_131,197.81,DEV_N_364,ADDR_N_364,COMPLETED,0,0.0,LOW
ORD_ACC_N_364_1,ACC_N_364,2026-04-14T00:00:00,PROD_137,499.57,DEV_N_364,ADDR_N_364,COMPLETED,0,0.0,LOW
ORD_ACC_N_364_2,ACC_N_364,2026-08-21T00:00:00,PROD_129,351.62,DEV_N_364,ADDR_N_364,COMPLETED,0,0.0,LOW
ORD_ACC_N_364_3,ACC_N_364,2026-05-20T00:00:00,PROD_128,242.54,DEV_N_364,ADDR_N_364,COMPLETED,0,0.0,LOW
ORD_ACC_N_364_4,ACC_N_364,2026-07-26T00:00:00,PROD_101,374.17,DEV_N_364,ADDR_N_364,COMPLETED,0,0.0,LOW
ORD_ACC_N_364_5,ACC_N_364,2026-06-11T00:00:00,PROD_109,203.1,DEV_N_364,ADDR_N_364,COMPLETED,0,0.0,LOW
ORD_ACC_N_364_6,ACC_N_364,2026-05-30T00:00:00,PROD_142,26.7,DEV_N_364,ADDR_N_364,COMPLETED,0,0.0,LOW
ORD_ACC_N_364_7,ACC_N_364,2026-07-24T00:00:00,PROD_106,304.61,DEV_N_364,ADDR_N_364,COMPLETED,0,0.0,LOW
ORD_ACC_N_364_8,ACC_N_364,2026-05-23T00:00:00,PROD_112,246.7,DEV_N_364,ADDR_N_364,COMPLETED,0,0.0,LOW
ORD_ACC_N_364_9,ACC_N_364,2026-04-26T00:00:00,PROD_135,208.27,DEV_N_364,ADDR_N_364,COMPLETED,0,0.0,LOW
ORD_ACC_N_364_10,ACC_N_364,2026-07-04T00:00:00,PROD_131,111.17,DEV_N_364,ADDR_N_364,COMPLETED,0,0.0,LOW
ORD_ACC_N_364_11,ACC_N_364,2026-05-12T00:00:00,PROD_142,474.72,DEV_N_364,ADDR_N_364,COMPLETED,0,0.0,LOW
ORD_ACC_N_365_0,ACC_N_365,2026-08-14T00:00:00,PROD_138,477.42,DEV_N_365,ADDR_N_365,COMPLETED,0,0.0,LOW
ORD_ACC_N_365_1,ACC_N_365,2026-07-26T00:00:00,PROD_113,132.87,DEV_N_365,ADDR_N_365,COMPLETED,0,0.0,LOW
ORD_ACC_N_366_0,ACC_N_366,2026-03-27T00:00:00,PROD_119,323.12,DEV_N_366,ADDR_N_366,COMPLETED,0,0.0,LOW
ORD_ACC_N_367_0,ACC_N_367,2026-07-31T00:00:00,PROD_121,307.58,DEV_N_367,ADDR_N_367,COMPLETED,0,0.0,LOW
ORD_ACC_N_367_1,ACC_N_367,2026-02-06T00:00:00,PROD_136,350.49,DEV_N_367,ADDR_N_367,COMPLETED,0,0.0,LOW
ORD_ACC_N_367_2,ACC_N_367,2026-08-15T00:00:00,PROD_115,28.5,DEV_N_367,ADDR_N_367,COMPLETED,0,0.0,LOW
ORD_ACC_N_367_3,ACC_N_367,2026-06-09T00:00:00,PROD_120,350.38,DEV_N_367,ADDR_N_367,COMPLETED,0,0.0,LOW
ORD_ACC_N_367_4,ACC_N_367,2026-02-11T00:00:00,PROD_121,154.66,DEV_N_367,ADDR_N_367,COMPLETED,0,0.0,LOW
ORD_ACC_N_367_5,ACC_N_367,2026-07-30T00:00:00,PROD_136,483.43,DEV_N_367,ADDR_N_367,COMPLETED,0,0.0,LOW
ORD_ACC_N_367_6,ACC_N_367,2026-03-03T00:00:00,PROD_115,304.56,DEV_N_367,ADDR_N_367,COMPLETED,0,0.0,LOW
ORD_ACC_N_367_7,ACC_N_367,2026-04-09T00:00:00,PROD_132,245.48,DEV_N_367,ADDR_N_367,REFUNDED,1,0.0,LOW
ORD_ACC_N_367_8,ACC_N_367,2026-02-20T00:00:00,PROD_133,91.21,DEV_N_367,ADDR_N_367,COMPLETED,0,0.0,LOW
ORD_ACC_N_367_9,ACC_N_367,2026-05-05T00:00:00,PROD_146,309.25,DEV_N_367,ADDR_N_367,COMPLETED,0,0.0,LOW
ORD_ACC_N_368_0,ACC_N_368,2026-08-07T00:00:00,PROD_117,393.17,DEV_N_368,ADDR_N_368,COMPLETED,0,0.0,LOW
ORD_ACC_N_368_1,ACC_N_368,2026-08-08T00:00:00,PROD_115,426.93,DEV_N_368,ADDR_N_368,COMPLETED,0,0.0,LOW
ORD_ACC_N_368_2,ACC_N_368,2026-07-22T00:00:00,PROD_139,21.47,DEV_N_368,ADDR_N_368,COMPLETED,0,0.0,LOW
ORD_ACC_N_368_3,ACC_N_368,2026-07-27T00:00:00,PROD_120,90.14,DEV_N_368,ADDR_N_368,COMPLETED,0,0.0,LOW
ORD_ACC_N_368_4,ACC_N_368,2026-08-11T00:00:00,PROD_141,310.29,DEV_N_368,ADDR_N_368,COMPLETED,0,0.0,LOW
ORD_ACC_N_368_5,ACC_N_368,2026-07-24T00:00:00,PROD_103,310.44,DEV_N_368,ADDR_N_368,COMPLETED,0,0.0,LOW
ORD_ACC_N_368_6,ACC_N_368,2026-07-29T00:00:00,PROD_124,403.45,DEV_N_368,ADDR_N_368,COMPLETED,0,0.0,LOW
ORD_ACC_N_368_7,ACC_N_368,2026-08-31T00:00:00,PROD_118,163.12,DEV_N_368,ADDR_N_368,COMPLETED,0,0.0,LOW
ORD_ACC_N_369_0,ACC_N_369,2026-08-11T00:00:00,PROD_129,385.94,DEV_N_369,ADDR_N_369,COMPLETED,0,0.0,LOW
ORD_ACC_N_369_1,ACC_N_369,2026-08-17T00:00:00,PROD_138,320.43,DEV_N_369,ADDR_N_369,COMPLETED,0,0.0,LOW
ORD_ACC_N_369_2,ACC_N_369,2026-08-21T00:00:00,PROD_117,71.72,DEV_N_369,ADDR_N_369,COMPLETED,0,0.0,LOW
ORD_ACC_N_369_3,ACC_N_369,2026-08-09T00:00:00,PROD_137,311.14,DEV_N_369,ADDR_N_369,COMPLETED,0,0.0,LOW
ORD_ACC_N_369_4,ACC_N_369,2026-08-21T00:00:00,PROD_120,478.93,DEV_N_369,ADDR_N_369,COMPLETED,0,0.0,LOW
ORD_ACC_N_369_5,ACC_N_369,2026-08-16T00:00:00,PROD_146,197.03,DEV_N_369,ADDR_N_369,COMPLETED,0,0.0,LOW
ORD_ACC_N_369_6,ACC_N_369,2026-08-14T00:00:00,PROD_120,32.22,DEV_N_369,ADDR_N_369,COMPLETED,0,0.0,LOW
ORD_ACC_N_369_7,ACC_N_369,2026-08-26T00:00:00,PROD_102,176.77,DEV_N_369,ADDR_N_369,COMPLETED,0,0.0,LOW
ORD_ACC_N_369_8,ACC_N_369,2026-08-21T00:00:00,PROD_132,291.5,DEV_N_369,ADDR_N_369,COMPLETED,0,0.0,LOW
ORD_ACC_N_369_9,ACC_N_369,2026-08-08T00:00:00,PROD_104,364.29,DEV_N_369,ADDR_N_369,COMPLETED,0,0.0,LOW
ORD_ACC_N_369_10,ACC_N_369,2026-08-27T00:00:00,PROD_145,92.75,DEV_N_369,ADDR_N_369,COMPLETED,0,0.0,LOW
ORD_ACC_N_370_0,ACC_N_370,2026-08-08T00:00:00,PROD_126,486.71,DEV_N_369,ADDR_N_369,COMPLETED,0,0.0,LOW
ORD_ACC_N_370_1,ACC_N_370,2026-07-14T00:00:00,PROD_103,53.4,DEV_N_369,ADDR_N_369,COMPLETED,0,0.0,LOW
ORD_ACC_N_370_2,ACC_N_370,2026-08-05T00:00:00,PROD_109,328.07,DEV_N_369,ADDR_N_369,COMPLETED,0,0.0,LOW
ORD_ACC_N_370_3,ACC_N_370,2026-07-10T00:00:00,PROD_110,62.95,DEV_N_369,ADDR_N_369,COMPLETED,0,0.0,LOW
ORD_ACC_N_370_4,ACC_N_370,2026-07-14T00:00:00,PROD_115,457.48,DEV_N_369,ADDR_N_369,COMPLETED,0,0.0,LOW
ORD_ACC_N_370_5,ACC_N_370,2026-07-21T00:00:00,PROD_141,348.09,DEV_N_369,ADDR_N_369,REFUNDED,1,0.0,LOW
ORD_ACC_N_370_6,ACC_N_370,2026-08-29T00:00:00,PROD_109,40.24,DEV_N_369,ADDR_N_369,COMPLETED,0,0.0,LOW
ORD_ACC_N_370_7,ACC_N_370,2026-07-30T00:00:00,PROD_140,173.34,DEV_N_369,ADDR_N_369,COMPLETED,0,0.0,LOW
ORD_ACC_N_370_8,ACC_N_370,2026-08-30T00:00:00,PROD_101,264.92,DEV_N_369,ADDR_N_369,COMPLETED,0,0.0,LOW
ORD_ACC_N_370_9,ACC_N_370,2026-07-27T00:00:00,PROD_102,52.62,DEV_N_369,ADDR_N_369,COMPLETED,0,0.0,LOW
ORD_ACC_N_370_10,ACC_N_370,2026-08-17T00:00:00,PROD_144,299.71,DEV_N_369,ADDR_N_369,REFUNDED,1,0.0,LOW
ORD_ACC_N_370_11,ACC_N_370,2026-07-06T00:00:00,PROD_110,196.7,DEV_N_369,ADDR_N_369,COMPLETED,0,0.0,LOW
ORD_ACC_N_370_12,ACC_N_370,2026-08-18T00:00:00,PROD_140,93.08,DEV_N_369,ADDR_N_369,REFUNDED,1,0.0,LOW
ORD_ACC_N_371_0,ACC_N_371,2026-05-28T00:00:00,PROD_112,265.22,DEV_N_371,ADDR_N_371,COMPLETED,0,0.0,LOW
ORD_ACC_N_371_1,ACC_N_371,2026-06-27T00:00:00,PROD_116,180.55,DEV_N_371,ADDR_N_371,COMPLETED,0,0.0,LOW
ORD_ACC_N_371_2,ACC_N_371,2026-08-01T00:00:00,PROD_128,332.22,DEV_N_371,ADDR_N_371,COMPLETED,0,0.0,LOW
ORD_ACC_N_371_3,ACC_N_371,2026-04-22T00:00:00,PROD_107,389.61,DEV_N_371,ADDR_N_371,COMPLETED,0,0.0,LOW
ORD_ACC_N_371_4,ACC_N_371,2026-05-24T00:00:00,PROD_113,406.23,DEV_N_371,ADDR_N_371,COMPLETED,0,0.0,LOW
ORD_ACC_N_371_5,ACC_N_371,2026-04-08T00:00:00,PROD_144,373.14,DEV_N_371,ADDR_N_371,COMPLETED,0,0.0,LOW
ORD_ACC_N_371_6,ACC_N_371,2026-06-15T00:00:00,PROD_140,193.25,DEV_N_371,ADDR_N_371,COMPLETED,0,0.0,LOW
ORD_ACC_N_371_7,ACC_N_371,2026-04-08T00:00:00,PROD_113,447.3,DEV_N_371,ADDR_N_371,COMPLETED,0,0.0,LOW
ORD_ACC_N_371_8,ACC_N_371,2026-08-25T00:00:00,PROD_111,168.75,DEV_N_371,ADDR_N_371,COMPLETED,0,0.0,LOW
ORD_ACC_N_372_0,ACC_N_372,2026-05-31T00:00:00,PROD_125,206.51,DEV_N_372,ADDR_N_372,COMPLETED,0,0.0,LOW
ORD_ACC_N_372_1,ACC_N_372,2026-05-27T00:00:00,PROD_135,99.32,DEV_N_372,ADDR_N_372,COMPLETED,0,0.0,LOW
ORD_ACC_N_372_2,ACC_N_372,2026-07-26T00:00:00,PROD_115,401.6,DEV_N_372,ADDR_N_372,COMPLETED,0,0.0,LOW
ORD_ACC_N_372_3,ACC_N_372,2026-06-14T00:00:00,PROD_101,71.49,DEV_N_372,ADDR_N_372,REFUNDED,1,0.0,LOW
ORD_ACC_N_372_4,ACC_N_372,2026-05-14T00:00:00,PROD_100,25.38,DEV_N_372,ADDR_N_372,COMPLETED,0,0.0,LOW
ORD_ACC_N_372_5,ACC_N_372,2026-07-06T00:00:00,PROD_110,203.08,DEV_N_372,ADDR_N_372,COMPLETED,0,0.0,LOW
ORD_ACC_N_372_6,ACC_N_372,2026-08-25T00:00:00,PROD_127,196.66,DEV_N_372,ADDR_N_372,COMPLETED,0,0.0,LOW
ORD_ACC_N_372_7,ACC_N_372,2026-08-22T00:00:00,PROD_119,154.39,DEV_N_372,ADDR_N_372,COMPLETED,0,0.0,LOW
ORD_ACC_N_373_0,ACC_N_373,2026-08-13T00:00:00,PROD_113,146.11,DEV_N_373,ADDR_N_373,COMPLETED,0,0.0,LOW
ORD_ACC_N_373_1,ACC_N_373,2026-08-28T00:00:00,PROD_111,442.54,DEV_N_373,ADDR_N_373,COMPLETED,0,0.0,LOW
ORD_ACC_N_373_2,ACC_N_373,2026-08-17T00:00:00,PROD_137,61.33,DEV_N_373,ADDR_N_373,COMPLETED,0,0.0,LOW
ORD_ACC_N_373_3,ACC_N_373,2026-07-28T00:00:00,PROD_130,149.63,DEV_N_373,ADDR_N_373,COMPLETED,0,0.0,LOW
ORD_ACC_N_373_4,ACC_N_373,2026-08-12T00:00:00,PROD_124,123.43,DEV_N_373,ADDR_N_373,COMPLETED,0,0.0,LOW
ORD_ACC_N_374_0,ACC_N_374,2026-08-18T00:00:00,PROD_100,418.62,DEV_N_374,ADDR_N_374,COMPLETED,0,0.0,LOW
ORD_ACC_N_374_1,ACC_N_374,2026-08-03T00:00:00,PROD_149,41.14,DEV_N_374,ADDR_N_374,COMPLETED,0,0.0,LOW
ORD_ACC_N_374_2,ACC_N_374,2026-08-09T00:00:00,PROD_117,155.15,DEV_N_374,ADDR_N_374,COMPLETED,0,0.0,LOW
ORD_ACC_N_374_3,ACC_N_374,2026-08-10T00:00:00,PROD_115,150.54,DEV_N_374,ADDR_N_374,COMPLETED,0,0.0,LOW
ORD_ACC_N_374_4,ACC_N_374,2026-08-06T00:00:00,PROD_136,20.94,DEV_N_374,ADDR_N_374,COMPLETED,0,0.0,LOW
ORD_ACC_N_374_5,ACC_N_374,2026-08-14T00:00:00,PROD_114,477.03,DEV_N_374,ADDR_N_374,COMPLETED,0,0.0,LOW
ORD_ACC_N_374_6,ACC_N_374,2026-08-22T00:00:00,PROD_129,194.74,DEV_N_374,ADDR_N_374,COMPLETED,0,0.0,LOW
ORD_ACC_N_374_7,ACC_N_374,2026-08-14T00:00:00,PROD_123,98.67,DEV_N_374,ADDR_N_374,COMPLETED,0,0.0,LOW
ORD_ACC_N_375_0,ACC_N_375,2026-03-20T00:00:00,PROD_111,372.89,DEV_N_375,ADDR_N_375,COMPLETED,0,0.0,LOW
ORD_ACC_N_375_1,ACC_N_375,2026-02-07T00:00:00,PROD_149,198.61,DEV_N_375,ADDR_N_375,COMPLETED,0,0.0,LOW
ORD_ACC_N_375_2,ACC_N_375,2026-06-17T00:00:00,PROD_131,410.83,DEV_N_375,ADDR_N_375,COMPLETED,0,0.0,LOW
ORD_ACC_N_376_0,ACC_N_376,2026-05-13T00:00:00,PROD_108,61.49,DEV_N_376,ADDR_N_376,COMPLETED,0,0.0,LOW
ORD_ACC_N_376_1,ACC_N_376,2026-06-01T00:00:00,PROD_134,329.82,DEV_N_376,ADDR_N_376,COMPLETED,0,0.0,LOW
ORD_ACC_N_376_2,ACC_N_376,2026-08-21T00:00:00,PROD_140,184.86,DEV_N_376,ADDR_N_376,COMPLETED,0,0.0,LOW
ORD_ACC_N_376_3,ACC_N_376,2026-03-31T00:00:00,PROD_147,183.99,DEV_N_376,ADDR_N_376,COMPLETED,0,0.0,LOW
ORD_ACC_N_376_4,ACC_N_376,2026-01-26T00:00:00,PROD_113,403.39,DEV_N_376,ADDR_N_376,COMPLETED,0,0.0,LOW
ORD_ACC_N_376_5,ACC_N_376,2026-08-11T00:00:00,PROD_132,415.25,DEV_N_376,ADDR_N_376,COMPLETED,0,0.0,LOW
ORD_ACC_N_377_0,ACC_N_377,2026-08-28T00:00:00,PROD_135,296.22,DEV_N_377,ADDR_N_377,COMPLETED,0,0.0,LOW
ORD_ACC_N_377_1,ACC_N_377,2026-08-08T00:00:00,PROD_121,128.86,DEV_N_377,ADDR_N_377,COMPLETED,0,0.0,LOW
ORD_ACC_N_377_2,ACC_N_377,2026-08-28T00:00:00,PROD_123,176.23,DEV_N_377,ADDR_N_377,COMPLETED,0,0.0,LOW
ORD_ACC_N_377_3,ACC_N_377,2026-08-02T00:00:00,PROD_125,209.58,DEV_N_377,ADDR_N_377,COMPLETED,0,0.0,LOW
ORD_ACC_N_377_4,ACC_N_377,2026-08-13T00:00:00,PROD_148,188.54,DEV_N_377,ADDR_N_377,COMPLETED,0,0.0,LOW
ORD_ACC_N_377_5,ACC_N_377,2026-08-24T00:00:00,PROD_144,327.43,DEV_N_377,ADDR_N_377,COMPLETED,0,0.0,LOW
ORD_ACC_N_377_6,ACC_N_377,2026-08-09T00:00:00,PROD_132,20.29,DEV_N_377,ADDR_N_377,COMPLETED,0,0.0,LOW
ORD_ACC_N_377_7,ACC_N_377,2026-08-16T00:00:00,PROD_119,89.29,DEV_N_377,ADDR_N_377,COMPLETED,0,0.0,LOW
ORD_ACC_N_377_8,ACC_N_377,2026-08-07T00:00:00,PROD_134,214.94,DEV_N_377,ADDR_N_377,COMPLETED,0,0.0,LOW
ORD_ACC_N_378_0,ACC_N_378,2026-08-29T00:00:00,PROD_111,34.93,DEV_N_378,ADDR_N_378,COMPLETED,0,0.0,LOW
ORD_ACC_N_379_0,ACC_N_379,2026-08-03T00:00:00,PROD_122,476.49,DEV_N_379,ADDR_N_379,COMPLETED,0,0.0,LOW
ORD_ACC_N_379_1,ACC_N_379,2026-08-31T00:00:00,PROD_124,354.95,DEV_N_379,ADDR_N_379,COMPLETED,0,0.0,LOW
ORD_ACC_N_379_2,ACC_N_379,2026-08-18T00:00:00,PROD_130,165.82,DEV_N_379,ADDR_N_379,COMPLETED,0,0.0,LOW
ORD_ACC_N_379_3,ACC_N_379,2026-07-25T00:00:00,PROD_102,40.1,DEV_N_379,ADDR_N_379,COMPLETED,0,0.0,LOW
ORD_ACC_N_379_4,ACC_N_379,2026-08-11T00:00:00,PROD_130,188.72,DEV_N_379,ADDR_N_379,COMPLETED,0,0.0,LOW
ORD_ACC_N_380_0,ACC_N_380,2026-07-12T00:00:00,PROD_122,222.9,DEV_N_379,ADDR_N_379,COMPLETED,0,0.0,LOW
ORD_ACC_N_380_1,ACC_N_380,2026-08-18T00:00:00,PROD_148,202.38,DEV_N_379,ADDR_N_379,COMPLETED,0,0.0,LOW
ORD_ACC_N_380_2,ACC_N_380,2025-12-31T00:00:00,PROD_115,141.04,DEV_N_379,ADDR_N_379,COMPLETED,0,0.0,LOW
ORD_ACC_N_380_3,ACC_N_380,2026-01-11T00:00:00,PROD_138,202.33,DEV_N_379,ADDR_N_379,COMPLETED,0,0.0,LOW
ORD_ACC_N_380_4,ACC_N_380,2026-08-14T00:00:00,PROD_145,174.98,DEV_N_379,ADDR_N_379,COMPLETED,0,0.0,LOW
ORD_ACC_N_380_5,ACC_N_380,2026-05-13T00:00:00,PROD_143,314.58,DEV_N_379,ADDR_N_379,COMPLETED,0,0.0,LOW
ORD_ACC_N_380_6,ACC_N_380,2026-08-17T00:00:00,PROD_132,469.06,DEV_N_379,ADDR_N_379,COMPLETED,0,0.0,LOW
ORD_ACC_N_380_7,ACC_N_380,2026-01-06T00:00:00,PROD_134,151.88,DEV_N_379,ADDR_N_379,COMPLETED,0,0.0,LOW
ORD_ACC_N_380_8,ACC_N_380,2026-04-24T00:00:00,PROD_131,301.12,DEV_N_379,ADDR_N_379,COMPLETED,0,0.0,LOW
ORD_ACC_N_380_9,ACC_N_380,2026-01-12T00:00:00,PROD_118,160.83,DEV_N_379,ADDR_N_379,COMPLETED,0,0.0,LOW
ORD_ACC_N_380_10,ACC_N_380,2026-03-15T00:00:00,PROD_104,224.83,DEV_N_379,ADDR_N_379,COMPLETED,0,0.0,LOW
ORD_ACC_N_380_11,ACC_N_380,2025-12-28T00:00:00,PROD_149,253.4,DEV_N_379,ADDR_N_379,REFUNDED,1,0.0,LOW
ORD_ACC_N_380_12,ACC_N_380,2026-08-09T00:00:00,PROD_143,165.09,DEV_N_379,ADDR_N_379,COMPLETED,0,0.0,LOW
ORD_ACC_N_381_0,ACC_N_381,2026-01-16T00:00:00,PROD_107,408.04,DEV_N_381,ADDR_N_381,COMPLETED,0,0.0,LOW
ORD_ACC_N_381_1,ACC_N_381,2026-06-08T00:00:00,PROD_138,86.82,DEV_N_381,ADDR_N_381,COMPLETED,0,0.0,LOW
ORD_ACC_N_381_2,ACC_N_381,2026-08-19T00:00:00,PROD_144,230.29,DEV_N_381,ADDR_N_381,COMPLETED,0,0.0,LOW
ORD_ACC_N_381_3,ACC_N_381,2026-08-21T00:00:00,PROD_123,360.04,DEV_N_381,ADDR_N_381,COMPLETED,0,0.0,LOW
ORD_ACC_N_382_0,ACC_N_382,2026-07-02T00:00:00,PROD_144,36.1,DEV_N_382,ADDR_N_382,COMPLETED,0,0.0,LOW
ORD_ACC_N_382_1,ACC_N_382,2026-08-23T00:00:00,PROD_142,51.28,DEV_N_382,ADDR_N_382,COMPLETED,0,0.0,LOW
ORD_ACC_N_382_2,ACC_N_382,2026-07-02T00:00:00,PROD_108,212.64,DEV_N_382,ADDR_N_382,COMPLETED,0,0.0,LOW
ORD_ACC_N_382_3,ACC_N_382,2026-08-28T00:00:00,PROD_142,97.76,DEV_N_382,ADDR_N_382,COMPLETED,0,0.0,LOW
ORD_ACC_N_382_4,ACC_N_382,2026-07-05T00:00:00,PROD_135,336.73,DEV_N_382,ADDR_N_382,COMPLETED,0,0.0,LOW
ORD_ACC_N_382_5,ACC_N_382,2026-07-01T00:00:00,PROD_111,52.07,DEV_N_382,ADDR_N_382,COMPLETED,0,0.0,LOW
ORD_ACC_N_382_6,ACC_N_382,2026-07-10T00:00:00,PROD_112,75.61,DEV_N_382,ADDR_N_382,REFUNDED,1,0.0,LOW
ORD_ACC_N_383_0,ACC_N_383,2026-07-12T00:00:00,PROD_100,25.37,DEV_N_383,ADDR_N_383,COMPLETED,0,0.0,LOW
ORD_ACC_N_383_1,ACC_N_383,2026-06-25T00:00:00,PROD_100,339.64,DEV_N_383,ADDR_N_383,COMPLETED,0,0.0,LOW
ORD_ACC_N_383_2,ACC_N_383,2026-08-14T00:00:00,PROD_130,173.37,DEV_N_383,ADDR_N_383,COMPLETED,0,0.0,LOW
ORD_ACC_N_383_3,ACC_N_383,2026-08-07T00:00:00,PROD_113,338.74,DEV_N_383,ADDR_N_383,COMPLETED,0,0.0,LOW
ORD_ACC_N_383_4,ACC_N_383,2026-08-09T00:00:00,PROD_134,206.17,DEV_N_383,ADDR_N_383,COMPLETED,0,0.0,LOW
ORD_ACC_N_383_5,ACC_N_383,2026-08-13T00:00:00,PROD_109,340.2,DEV_N_383,ADDR_N_383,COMPLETED,0,0.0,LOW
ORD_ACC_N_383_6,ACC_N_383,2026-07-01T00:00:00,PROD_136,266.42,DEV_N_383,ADDR_N_383,COMPLETED,0,0.0,LOW
ORD_ACC_N_383_7,ACC_N_383,2026-07-31T00:00:00,PROD_140,320.93,DEV_N_383,ADDR_N_383,COMPLETED,0,0.0,LOW
ORD_ACC_N_383_8,ACC_N_383,2026-08-03T00:00:00,PROD_148,417.43,DEV_N_383,ADDR_N_383,COMPLETED,0,0.0,LOW
ORD_ACC_N_383_9,ACC_N_383,2026-08-26T00:00:00,PROD_101,437.92,DEV_N_383,ADDR_N_383,COMPLETED,0,0.0,LOW
ORD_ACC_N_383_10,ACC_N_383,2026-07-15T00:00:00,PROD_114,207.57,DEV_N_383,ADDR_N_383,COMPLETED,0,0.0,LOW
ORD_ACC_N_383_11,ACC_N_383,2026-07-01T00:00:00,PROD_126,315.15,DEV_N_383,ADDR_N_383,COMPLETED,0,0.0,LOW
ORD_ACC_N_384_0,ACC_N_384,2026-06-19T00:00:00,PROD_138,258.62,DEV_N_384,ADDR_N_384,COMPLETED,0,0.0,LOW
ORD_ACC_N_384_1,ACC_N_384,2026-05-17T00:00:00,PROD_149,51.84,DEV_N_384,ADDR_N_384,COMPLETED,0,0.0,LOW
ORD_ACC_N_384_2,ACC_N_384,2026-08-21T00:00:00,PROD_129,197.37,DEV_N_384,ADDR_N_384,COMPLETED,0,0.0,LOW
ORD_ACC_N_384_3,ACC_N_384,2026-06-15T00:00:00,PROD_119,421.44,DEV_N_384,ADDR_N_384,COMPLETED,0,0.0,LOW
ORD_ACC_N_384_4,ACC_N_384,2026-04-23T00:00:00,PROD_144,254.14,DEV_N_384,ADDR_N_384,COMPLETED,0,0.0,LOW
ORD_ACC_N_384_5,ACC_N_384,2026-07-27T00:00:00,PROD_131,245.28,DEV_N_384,ADDR_N_384,COMPLETED,0,0.0,LOW
ORD_ACC_N_384_6,ACC_N_384,2026-04-21T00:00:00,PROD_140,315.86,DEV_N_384,ADDR_N_384,COMPLETED,0,0.0,LOW
ORD_ACC_N_384_7,ACC_N_384,2026-06-23T00:00:00,PROD_114,439.88,DEV_N_384,ADDR_N_384,COMPLETED,0,0.0,LOW
ORD_ACC_N_384_8,ACC_N_384,2026-06-10T00:00:00,PROD_122,455.46,DEV_N_384,ADDR_N_384,COMPLETED,0,0.0,LOW
ORD_ACC_N_384_9,ACC_N_384,2026-07-13T00:00:00,PROD_126,416.35,DEV_N_384,ADDR_N_384,COMPLETED,0,0.0,LOW
ORD_ACC_N_385_0,ACC_N_385,2026-05-15T00:00:00,PROD_139,341.45,DEV_N_385,ADDR_N_385,COMPLETED,0,0.0,LOW
ORD_ACC_N_385_1,ACC_N_385,2026-06-17T00:00:00,PROD_145,111.18,DEV_N_385,ADDR_N_385,COMPLETED,0,0.0,LOW
ORD_ACC_N_385_2,ACC_N_385,2026-04-12T00:00:00,PROD_137,174.15,DEV_N_385,ADDR_N_385,COMPLETED,0,0.0,LOW
ORD_ACC_N_385_3,ACC_N_385,2026-07-18T00:00:00,PROD_118,76.26,DEV_N_385,ADDR_N_385,COMPLETED,0,0.0,LOW
ORD_ACC_N_385_4,ACC_N_385,2026-07-10T00:00:00,PROD_121,307.1,DEV_N_385,ADDR_N_385,COMPLETED,0,0.0,LOW
ORD_ACC_N_385_5,ACC_N_385,2026-04-26T00:00:00,PROD_145,200.0,DEV_N_385,ADDR_N_385,COMPLETED,0,0.0,LOW
ORD_ACC_N_385_6,ACC_N_385,2026-05-06T00:00:00,PROD_138,277.96,DEV_N_385,ADDR_N_385,COMPLETED,0,0.0,LOW
ORD_ACC_N_385_7,ACC_N_385,2026-06-28T00:00:00,PROD_135,79.73,DEV_N_385,ADDR_N_385,COMPLETED,0,0.0,LOW
ORD_ACC_N_385_8,ACC_N_385,2026-08-31T00:00:00,PROD_116,51.94,DEV_N_385,ADDR_N_385,COMPLETED,0,0.0,LOW
ORD_ACC_N_385_9,ACC_N_385,2026-05-07T00:00:00,PROD_117,468.68,DEV_N_385,ADDR_N_385,COMPLETED,0,0.0,LOW
ORD_ACC_N_386_0,ACC_N_386,2026-05-22T00:00:00,PROD_140,147.54,DEV_N_386,ADDR_N_386,COMPLETED,0,0.0,LOW
ORD_ACC_N_386_1,ACC_N_386,2026-07-07T00:00:00,PROD_107,248.66,DEV_N_386,ADDR_N_386,COMPLETED,0,0.0,LOW
ORD_ACC_N_386_2,ACC_N_386,2026-05-31T00:00:00,PROD_103,79.0,DEV_N_386,ADDR_N_386,COMPLETED,0,0.0,LOW
ORD_ACC_N_386_3,ACC_N_386,2026-07-27T00:00:00,PROD_117,153.13,DEV_N_386,ADDR_N_386,COMPLETED,0,0.0,LOW
ORD_ACC_N_386_4,ACC_N_386,2026-07-13T00:00:00,PROD_113,464.36,DEV_N_386,ADDR_N_386,COMPLETED,0,0.0,LOW
ORD_ACC_N_386_5,ACC_N_386,2025-11-14T00:00:00,PROD_139,48.74,DEV_N_386,ADDR_N_386,COMPLETED,0,0.0,LOW
ORD_ACC_N_386_6,ACC_N_386,2026-04-08T00:00:00,PROD_139,226.31,DEV_N_386,ADDR_N_386,COMPLETED,0,0.0,LOW
ORD_ACC_N_387_0,ACC_N_387,2026-04-17T00:00:00,PROD_115,465.37,DEV_N_387,ADDR_N_387,COMPLETED,0,0.0,LOW
ORD_ACC_N_387_1,ACC_N_387,2026-08-20T00:00:00,PROD_114,285.78,DEV_N_387,ADDR_N_387,COMPLETED,0,0.0,LOW
ORD_ACC_N_387_2,ACC_N_387,2026-02-16T00:00:00,PROD_110,117.51,DEV_N_387,ADDR_N_387,COMPLETED,0,0.0,LOW
ORD_ACC_N_387_3,ACC_N_387,2025-11-12T00:00:00,PROD_117,375.42,DEV_N_387,ADDR_N_387,COMPLETED,0,0.0,LOW
ORD_ACC_N_387_4,ACC_N_387,2026-06-29T00:00:00,PROD_114,65.93,DEV_N_387,ADDR_N_387,COMPLETED,0,0.0,LOW
ORD_ACC_N_387_5,ACC_N_387,2026-01-08T00:00:00,PROD_114,312.61,DEV_N_387,ADDR_N_387,COMPLETED,0,0.0,LOW
ORD_ACC_N_387_6,ACC_N_387,2026-07-08T00:00:00,PROD_127,21.52,DEV_N_387,ADDR_N_387,COMPLETED,0,0.0,LOW
ORD_ACC_N_387_7,ACC_N_387,2026-02-15T00:00:00,PROD_105,234.16,DEV_N_387,ADDR_N_387,COMPLETED,0,0.0,LOW
ORD_ACC_N_387_8,ACC_N_387,2026-01-16T00:00:00,PROD_124,232.41,DEV_N_387,ADDR_N_387,COMPLETED,0,0.0,LOW
ORD_ACC_N_387_9,ACC_N_387,2026-02-18T00:00:00,PROD_113,31.05,DEV_N_387,ADDR_N_387,COMPLETED,0,0.0,LOW
ORD_ACC_N_387_10,ACC_N_387,2026-01-20T00:00:00,PROD_120,399.0,DEV_N_387,ADDR_N_387,COMPLETED,0,0.0,LOW
ORD_ACC_N_387_11,ACC_N_387,2025-12-19T00:00:00,PROD_128,263.63,DEV_N_387,ADDR_N_387,COMPLETED,0,0.0,LOW
ORD_ACC_N_387_12,ACC_N_387,2026-05-18T00:00:00,PROD_138,199.02,DEV_N_387,ADDR_N_387,COMPLETED,0,0.0,LOW
ORD_ACC_N_388_0,ACC_N_388,2026-07-11T00:00:00,PROD_125,119.42,DEV_N_388,ADDR_N_388,COMPLETED,0,0.0,LOW
ORD_ACC_N_388_1,ACC_N_388,2026-07-31T00:00:00,PROD_124,363.17,DEV_N_388,ADDR_N_388,COMPLETED,0,0.0,LOW
ORD_ACC_N_388_2,ACC_N_388,2026-07-02T00:00:00,PROD_136,481.11,DEV_N_388,ADDR_N_388,COMPLETED,0,0.0,LOW
ORD_ACC_N_388_3,ACC_N_388,2026-06-10T00:00:00,PROD_101,354.84,DEV_N_388,ADDR_N_388,COMPLETED,0,0.0,LOW
ORD_ACC_N_388_4,ACC_N_388,2026-06-19T00:00:00,PROD_131,185.69,DEV_N_388,ADDR_N_388,COMPLETED,0,0.0,LOW
ORD_ACC_N_388_5,ACC_N_388,2026-05-31T00:00:00,PROD_127,233.76,DEV_N_388,ADDR_N_388,COMPLETED,0,0.0,LOW
ORD_ACC_N_388_6,ACC_N_388,2026-07-18T00:00:00,PROD_116,129.71,DEV_N_388,ADDR_N_388,COMPLETED,0,0.0,LOW
ORD_ACC_N_388_7,ACC_N_388,2026-08-11T00:00:00,PROD_141,100.9,DEV_N_388,ADDR_N_388,COMPLETED,0,0.0,LOW
ORD_ACC_N_388_8,ACC_N_388,2026-06-16T00:00:00,PROD_102,274.85,DEV_N_388,ADDR_N_388,COMPLETED,0,0.0,LOW
ORD_ACC_N_388_9,ACC_N_388,2026-07-16T00:00:00,PROD_145,43.03,DEV_N_388,ADDR_N_388,COMPLETED,0,0.0,LOW
ORD_ACC_N_388_10,ACC_N_388,2026-08-20T00:00:00,PROD_116,315.42,DEV_N_388,ADDR_N_388,COMPLETED,0,0.0,LOW
ORD_ACC_N_388_11,ACC_N_388,2026-06-25T00:00:00,PROD_118,467.36,DEV_N_388,ADDR_N_388,COMPLETED,0,0.0,LOW
ORD_ACC_N_388_12,ACC_N_388,2026-07-07T00:00:00,PROD_114,153.69,DEV_N_388,ADDR_N_388,COMPLETED,0,0.0,LOW
ORD_ACC_N_389_0,ACC_N_389,2026-04-20T00:00:00,PROD_139,52.05,DEV_N_389,ADDR_N_389,COMPLETED,0,0.0,LOW
ORD_ACC_N_389_1,ACC_N_389,2026-04-07T00:00:00,PROD_147,334.22,DEV_N_389,ADDR_N_389,COMPLETED,0,0.0,LOW
ORD_ACC_N_389_2,ACC_N_389,2026-06-19T00:00:00,PROD_110,283.01,DEV_N_389,ADDR_N_389,COMPLETED,0,0.0,LOW
ORD_ACC_N_390_0,ACC_N_390,2026-08-25T00:00:00,PROD_149,309.26,DEV_N_389,ADDR_N_389,COMPLETED,0,0.0,LOW
ORD_ACC_N_390_1,ACC_N_390,2026-08-23T00:00:00,PROD_107,412.3,DEV_N_389,ADDR_N_389,COMPLETED,0,0.0,LOW
ORD_ACC_N_390_2,ACC_N_390,2026-08-14T00:00:00,PROD_109,385.21,DEV_N_389,ADDR_N_389,COMPLETED,0,0.0,LOW
ORD_ACC_N_390_3,ACC_N_390,2026-08-26T00:00:00,PROD_110,137.91,DEV_N_389,ADDR_N_389,REFUNDED,1,0.0,LOW
ORD_ACC_N_390_4,ACC_N_390,2026-08-31T00:00:00,PROD_125,260.44,DEV_N_389,ADDR_N_389,COMPLETED,0,0.0,LOW
ORD_ACC_N_390_5,ACC_N_390,2026-08-26T00:00:00,PROD_108,43.21,DEV_N_389,ADDR_N_389,COMPLETED,0,0.0,LOW
ORD_ACC_N_390_6,ACC_N_390,2026-08-20T00:00:00,PROD_115,295.45,DEV_N_389,ADDR_N_389,COMPLETED,0,0.0,LOW
ORD_ACC_N_390_7,ACC_N_390,2026-08-26T00:00:00,PROD_110,360.9,DEV_N_389,ADDR_N_389,COMPLETED,0,0.0,LOW
ORD_ACC_N_390_8,ACC_N_390,2026-08-30T00:00:00,PROD_100,52.2,DEV_N_389,ADDR_N_389,COMPLETED,0,0.0,LOW
ORD_ACC_N_390_9,ACC_N_390,2026-08-17T00:00:00,PROD_148,273.87,DEV_N_389,ADDR_N_389,COMPLETED,0,0.0,LOW
ORD_ACC_N_390_10,ACC_N_390,2026-08-14T00:00:00,PROD_133,279.91,DEV_N_389,ADDR_N_389,COMPLETED,0,0.0,LOW
ORD_ACC_N_390_11,ACC_N_390,2026-08-15T00:00:00,PROD_145,189.89,DEV_N_389,ADDR_N_389,COMPLETED,0,0.0,LOW
ORD_ACC_N_390_12,ACC_N_390,2026-08-23T00:00:00,PROD_132,271.27,DEV_N_389,ADDR_N_389,COMPLETED,0,0.0,LOW
ORD_ACC_N_391_0,ACC_N_391,2026-08-27T00:00:00,PROD_123,119.31,DEV_N_391,ADDR_N_391,COMPLETED,0,0.0,LOW
ORD_ACC_N_391_1,ACC_N_391,2026-08-17T00:00:00,PROD_124,310.11,DEV_N_391,ADDR_N_391,COMPLETED,0,0.0,LOW
ORD_ACC_N_391_2,ACC_N_391,2026-07-15T00:00:00,PROD_148,31.46,DEV_N_391,ADDR_N_391,COMPLETED,0,0.0,LOW
ORD_ACC_N_391_3,ACC_N_391,2026-08-04T00:00:00,PROD_109,229.06,DEV_N_391,ADDR_N_391,COMPLETED,0,0.0,LOW
ORD_ACC_N_391_4,ACC_N_391,2026-08-14T00:00:00,PROD_115,331.55,DEV_N_391,ADDR_N_391,COMPLETED,0,0.0,LOW
ORD_ACC_N_391_5,ACC_N_391,2026-08-29T00:00:00,PROD_116,452.24,DEV_N_391,ADDR_N_391,COMPLETED,0,0.0,LOW
ORD_ACC_N_391_6,ACC_N_391,2026-07-11T00:00:00,PROD_113,243.85,DEV_N_391,ADDR_N_391,COMPLETED,0,0.0,LOW
ORD_ACC_N_391_7,ACC_N_391,2026-08-15T00:00:00,PROD_109,219.58,DEV_N_391,ADDR_N_391,COMPLETED,0,0.0,LOW
ORD_ACC_N_391_8,ACC_N_391,2026-07-25T00:00:00,PROD_124,199.54,DEV_N_391,ADDR_N_391,COMPLETED,0,0.0,LOW
ORD_ACC_N_391_9,ACC_N_391,2026-08-22T00:00:00,PROD_132,307.15,DEV_N_391,ADDR_N_391,COMPLETED,0,0.0,LOW
ORD_ACC_N_391_10,ACC_N_391,2026-07-01T00:00:00,PROD_130,39.45,DEV_N_391,ADDR_N_391,COMPLETED,0,0.0,LOW
ORD_ACC_N_391_11,ACC_N_391,2026-07-17T00:00:00,PROD_132,179.1,DEV_N_391,ADDR_N_391,COMPLETED,0,0.0,LOW
ORD_ACC_N_391_12,ACC_N_391,2026-08-30T00:00:00,PROD_145,496.21,DEV_N_391,ADDR_N_391,COMPLETED,0,0.0,LOW
ORD_ACC_N_392_0,ACC_N_392,2026-08-25T00:00:00,PROD_123,264.56,DEV_N_392,ADDR_N_392,COMPLETED,0,0.0,LOW
ORD_ACC_N_393_0,ACC_N_393,2026-06-07T00:00:00,PROD_139,403.29,DEV_N_393,ADDR_N_393,COMPLETED,0,0.0,LOW
ORD_ACC_N_393_1,ACC_N_393,2026-06-20T00:00:00,PROD_137,196.62,DEV_N_393,ADDR_N_393,COMPLETED,0,0.0,LOW
ORD_ACC_N_393_2,ACC_N_393,2026-01-17T00:00:00,PROD_148,230.43,DEV_N_393,ADDR_N_393,COMPLETED,0,0.0,LOW
ORD_ACC_N_393_3,ACC_N_393,2026-08-22T00:00:00,PROD_147,339.83,DEV_N_393,ADDR_N_393,COMPLETED,0,0.0,LOW
ORD_ACC_N_393_4,ACC_N_393,2026-04-24T00:00:00,PROD_124,52.3,DEV_N_393,ADDR_N_393,COMPLETED,0,0.0,LOW
ORD_ACC_N_393_5,ACC_N_393,2026-03-15T00:00:00,PROD_140,362.85,DEV_N_393,ADDR_N_393,COMPLETED,0,0.0,LOW
ORD_ACC_N_393_6,ACC_N_393,2026-07-26T00:00:00,PROD_105,88.26,DEV_N_393,ADDR_N_393,COMPLETED,0,0.0,LOW
ORD_ACC_N_394_0,ACC_N_394,2026-05-23T00:00:00,PROD_100,125.71,DEV_N_394,ADDR_N_394,REFUNDED,1,0.0,LOW
ORD_ACC_N_394_1,ACC_N_394,2026-05-16T00:00:00,PROD_109,293.26,DEV_N_394,ADDR_N_394,COMPLETED,0,0.0,LOW
ORD_ACC_N_394_2,ACC_N_394,2026-04-13T00:00:00,PROD_113,292.73,DEV_N_394,ADDR_N_394,COMPLETED,0,0.0,LOW
ORD_ACC_N_394_3,ACC_N_394,2026-08-15T00:00:00,PROD_146,98.43,DEV_N_394,ADDR_N_394,REFUNDED,1,0.0,LOW
ORD_ACC_N_394_4,ACC_N_394,2026-07-06T00:00:00,PROD_143,244.79,DEV_N_394,ADDR_N_394,COMPLETED,0,0.0,LOW
ORD_ACC_N_395_0,ACC_N_395,2026-07-04T00:00:00,PROD_146,409.61,DEV_N_395,ADDR_N_395,COMPLETED,0,0.0,LOW
ORD_ACC_N_395_1,ACC_N_395,2026-07-02T00:00:00,PROD_135,478.72,DEV_N_395,ADDR_N_395,COMPLETED,0,0.0,LOW
ORD_ACC_N_396_0,ACC_N_396,2026-03-14T00:00:00,PROD_143,176.74,DEV_N_396,ADDR_N_396,COMPLETED,0,0.0,LOW
ORD_ACC_N_396_1,ACC_N_396,2026-04-20T00:00:00,PROD_149,347.65,DEV_N_396,ADDR_N_396,COMPLETED,0,0.0,LOW
ORD_ACC_N_396_2,ACC_N_396,2026-07-05T00:00:00,PROD_117,411.17,DEV_N_396,ADDR_N_396,COMPLETED,0,0.0,LOW
ORD_ACC_N_396_3,ACC_N_396,2026-04-23T00:00:00,PROD_125,164.27,DEV_N_396,ADDR_N_396,COMPLETED,0,0.0,LOW
ORD_ACC_N_396_4,ACC_N_396,2026-04-02T00:00:00,PROD_106,164.16,DEV_N_396,ADDR_N_396,COMPLETED,0,0.0,LOW
ORD_ACC_N_396_5,ACC_N_396,2026-04-11T00:00:00,PROD_115,127.34,DEV_N_396,ADDR_N_396,COMPLETED,0,0.0,LOW
ORD_ACC_N_396_6,ACC_N_396,2026-07-23T00:00:00,PROD_132,464.5,DEV_N_396,ADDR_N_396,COMPLETED,0,0.0,LOW
ORD_ACC_N_396_7,ACC_N_396,2026-05-18T00:00:00,PROD_121,376.41,DEV_N_396,ADDR_N_396,COMPLETED,0,0.0,LOW
ORD_ACC_N_396_8,ACC_N_396,2026-08-11T00:00:00,PROD_142,136.4,DEV_N_396,ADDR_N_396,COMPLETED,0,0.0,LOW
ORD_ACC_N_396_9,ACC_N_396,2026-06-12T00:00:00,PROD_125,464.54,DEV_N_396,ADDR_N_396,COMPLETED,0,0.0,LOW
ORD_ACC_N_396_10,ACC_N_396,2026-07-23T00:00:00,PROD_121,218.83,DEV_N_396,ADDR_N_396,COMPLETED,0,0.0,LOW
ORD_ACC_N_397_0,ACC_N_397,2026-08-01T00:00:00,PROD_125,253.53,DEV_N_397,ADDR_N_397,COMPLETED,0,0.0,LOW
ORD_ACC_N_397_1,ACC_N_397,2026-08-04T00:00:00,PROD_118,214.55,DEV_N_397,ADDR_N_397,COMPLETED,0,0.0,LOW
ORD_ACC_N_397_2,ACC_N_397,2026-08-10T00:00:00,PROD_137,181.33,DEV_N_397,ADDR_N_397,COMPLETED,0,0.0,LOW
ORD_ACC_N_397_3,ACC_N_397,2026-08-21T00:00:00,PROD_147,68.32,DEV_N_397,ADDR_N_397,COMPLETED,0,0.0,LOW
ORD_ACC_N_397_4,ACC_N_397,2026-08-12T00:00:00,PROD_105,279.38,DEV_N_397,ADDR_N_397,COMPLETED,0,0.0,LOW
ORD_ACC_N_398_0,ACC_N_398,2026-08-01T00:00:00,PROD_123,105.24,DEV_N_398,ADDR_N_398,COMPLETED,0,0.0,LOW
ORD_ACC_N_399_0,ACC_N_399,2026-07-18T00:00:00,PROD_121,39.41,DEV_N_399,ADDR_N_399,COMPLETED,0,0.0,LOW
ORD_ACC_N_399_1,ACC_N_399,2026-08-12T00:00:00,PROD_102,498.23,DEV_N_399,ADDR_N_399,COMPLETED,0,0.0,LOW
ORD_ACC_N_399_2,ACC_N_399,2026-08-31T00:00:00,PROD_110,414.29,DEV_N_399,ADDR_N_399,COMPLETED,0,0.0,LOW
ORD_ACC_N_399_3,ACC_N_399,2025-12-23T00:00:00,PROD_139,71.62,DEV_N_399,ADDR_N_399,COMPLETED,0,0.0,LOW
ORD_ACC_N_399_4,ACC_N_399,2026-07-26T00:00:00,PROD_104,419.27,DEV_N_399,ADDR_N_399,COMPLETED,0,0.0,LOW
ORD_ACC_N_399_5,ACC_N_399,2025-10-25T00:00:00,PROD_149,429.15,DEV_N_399,ADDR_N_399,COMPLETED,0,0.0,LOW
ORD_ACC_N_399_6,ACC_N_399,2026-07-13T00:00:00,PROD_118,258.28,DEV_N_399,ADDR_N_399,COMPLETED,0,0.0,LOW
ORD_ACC_N_399_7,ACC_N_399,2026-02-11T00:00:00,PROD_144,429.04,DEV_N_399,ADDR_N_399,COMPLETED,0,0.0,LOW
ORD_ACC_N_399_8,ACC_N_399,2026-01-12T00:00:00,PROD_118,192.2,DEV_N_399,ADDR_N_399,COMPLETED,0,0.0,LOW
ORD_ACC_N_399_9,ACC_N_399,2026-01-29T00:00:00,PROD_119,407.34,DEV_N_399,ADDR_N_399,COMPLETED,0,0.0,LOW
ORD_ACC_N_400_0,ACC_N_400,2026-07-03T00:00:00,PROD_105,91.39,DEV_N_399,ADDR_N_399,COMPLETED,0,0.0,LOW
ORD_ACC_N_400_1,ACC_N_400,2026-06-17T00:00:00,PROD_128,440.07,DEV_N_399,ADDR_N_399,COMPLETED,0,0.0,LOW
ORD_ACC_N_400_2,ACC_N_400,2026-08-12T00:00:00,PROD_121,366.93,DEV_N_399,ADDR_N_399,COMPLETED,0,0.0,LOW
ORD_ACC_N_400_3,ACC_N_400,2026-06-18T00:00:00,PROD_126,134.84,DEV_N_399,ADDR_N_399,COMPLETED,0,0.0,LOW
ORD_ACC_N_401_0,ACC_N_401,2025-11-22T00:00:00,PROD_145,370.1,DEV_N_401,ADDR_N_401,COMPLETED,0,0.0,LOW
ORD_ACC_N_401_1,ACC_N_401,2026-01-01T00:00:00,PROD_125,334.97,DEV_N_401,ADDR_N_401,COMPLETED,0,0.0,LOW
ORD_ACC_N_401_2,ACC_N_401,2026-03-08T00:00:00,PROD_116,51.71,DEV_N_401,ADDR_N_401,REFUNDED,1,0.0,LOW
ORD_ACC_N_401_3,ACC_N_401,2025-12-20T00:00:00,PROD_145,242.48,DEV_N_401,ADDR_N_401,COMPLETED,0,0.0,LOW
ORD_ACC_N_401_4,ACC_N_401,2026-01-13T00:00:00,PROD_145,83.79,DEV_N_401,ADDR_N_401,COMPLETED,0,0.0,LOW
ORD_ACC_N_401_5,ACC_N_401,2025-09-28T00:00:00,PROD_136,171.1,DEV_N_401,ADDR_N_401,COMPLETED,0,0.0,LOW
ORD_ACC_N_401_6,ACC_N_401,2026-08-28T00:00:00,PROD_116,437.2,DEV_N_401,ADDR_N_401,COMPLETED,0,0.0,LOW
ORD_ACC_N_401_7,ACC_N_401,2026-07-15T00:00:00,PROD_109,253.71,DEV_N_401,ADDR_N_401,COMPLETED,0,0.0,LOW
ORD_ACC_N_401_8,ACC_N_401,2026-06-21T00:00:00,PROD_117,135.21,DEV_N_401,ADDR_N_401,COMPLETED,0,0.0,LOW
ORD_ACC_N_401_9,ACC_N_401,2026-05-31T00:00:00,PROD_140,220.58,DEV_N_401,ADDR_N_401,COMPLETED,0,0.0,LOW
ORD_ACC_N_401_10,ACC_N_401,2026-03-09T00:00:00,PROD_100,404.1,DEV_N_401,ADDR_N_401,COMPLETED,0,0.0,LOW
ORD_ACC_N_402_0,ACC_N_402,2025-12-18T00:00:00,PROD_143,116.82,DEV_N_402,ADDR_N_402,COMPLETED,0,0.0,LOW
ORD_ACC_N_402_1,ACC_N_402,2026-04-13T00:00:00,PROD_137,274.82,DEV_N_402,ADDR_N_402,COMPLETED,0,0.0,LOW
ORD_ACC_N_402_2,ACC_N_402,2026-05-23T00:00:00,PROD_102,228.77,DEV_N_402,ADDR_N_402,COMPLETED,0,0.0,LOW
ORD_ACC_N_402_3,ACC_N_402,2026-04-05T00:00:00,PROD_102,278.62,DEV_N_402,ADDR_N_402,COMPLETED,0,0.0,LOW
ORD_ACC_N_402_4,ACC_N_402,2026-03-14T00:00:00,PROD_104,28.6,DEV_N_402,ADDR_N_402,COMPLETED,0,0.0,LOW
ORD_ACC_N_402_5,ACC_N_402,2026-01-30T00:00:00,PROD_138,465.94,DEV_N_402,ADDR_N_402,COMPLETED,0,0.0,LOW
ORD_ACC_N_402_6,ACC_N_402,2026-05-05T00:00:00,PROD_114,463.08,DEV_N_402,ADDR_N_402,COMPLETED,0,0.0,LOW
ORD_ACC_N_402_7,ACC_N_402,2026-04-18T00:00:00,PROD_102,164.14,DEV_N_402,ADDR_N_402,COMPLETED,0,0.0,LOW
ORD_ACC_N_402_8,ACC_N_402,2026-04-23T00:00:00,PROD_114,209.51,DEV_N_402,ADDR_N_402,REFUNDED,1,0.0,LOW
ORD_ACC_N_402_9,ACC_N_402,2026-01-13T00:00:00,PROD_103,134.71,DEV_N_402,ADDR_N_402,REFUNDED,1,0.0,LOW
ORD_ACC_N_402_10,ACC_N_402,2026-01-30T00:00:00,PROD_146,27.84,DEV_N_402,ADDR_N_402,COMPLETED,0,0.0,LOW
ORD_ACC_N_402_11,ACC_N_402,2026-08-05T00:00:00,PROD_134,258.39,DEV_N_402,ADDR_N_402,COMPLETED,0,0.0,LOW
ORD_ACC_N_402_12,ACC_N_402,2026-04-06T00:00:00,PROD_124,394.24,DEV_N_402,ADDR_N_402,COMPLETED,0,0.0,LOW
ORD_ACC_N_403_0,ACC_N_403,2026-04-14T00:00:00,PROD_127,334.93,DEV_N_403,ADDR_N_403,REFUNDED,1,0.0,LOW
ORD_ACC_N_403_1,ACC_N_403,2026-03-19T00:00:00,PROD_106,137.89,DEV_N_403,ADDR_N_403,COMPLETED,0,0.0,LOW
ORD_ACC_N_403_2,ACC_N_403,2026-06-26T00:00:00,PROD_116,101.13,DEV_N_403,ADDR_N_403,COMPLETED,0,0.0,LOW
ORD_ACC_N_404_0,ACC_N_404,2026-07-08T00:00:00,PROD_106,117.96,DEV_N_404,ADDR_N_404,COMPLETED,0,0.0,LOW
ORD_ACC_N_404_1,ACC_N_404,2026-07-23T00:00:00,PROD_140,498.98,DEV_N_404,ADDR_N_404,COMPLETED,0,0.0,LOW
ORD_ACC_N_404_2,ACC_N_404,2026-08-22T00:00:00,PROD_100,491.75,DEV_N_404,ADDR_N_404,COMPLETED,0,0.0,LOW
ORD_ACC_N_404_3,ACC_N_404,2026-08-23T00:00:00,PROD_117,393.76,DEV_N_404,ADDR_N_404,COMPLETED,0,0.0,LOW
ORD_ACC_N_404_4,ACC_N_404,2026-08-17T00:00:00,PROD_132,387.15,DEV_N_404,ADDR_N_404,COMPLETED,0,0.0,LOW
ORD_ACC_N_404_5,ACC_N_404,2026-07-03T00:00:00,PROD_139,265.17,DEV_N_404,ADDR_N_404,COMPLETED,0,0.0,LOW
ORD_ACC_N_404_6,ACC_N_404,2026-08-21T00:00:00,PROD_111,191.0,DEV_N_404,ADDR_N_404,COMPLETED,0,0.0,LOW
ORD_ACC_N_404_7,ACC_N_404,2026-08-07T00:00:00,PROD_101,281.75,DEV_N_404,ADDR_N_404,COMPLETED,0,0.0,LOW
ORD_ACC_N_404_8,ACC_N_404,2026-08-20T00:00:00,PROD_121,496.22,DEV_N_404,ADDR_N_404,COMPLETED,0,0.0,LOW
ORD_ACC_N_404_9,ACC_N_404,2026-06-26T00:00:00,PROD_130,411.3,DEV_N_404,ADDR_N_404,COMPLETED,0,0.0,LOW
ORD_ACC_N_404_10,ACC_N_404,2026-08-28T00:00:00,PROD_148,183.29,DEV_N_404,ADDR_N_404,COMPLETED,0,0.0,LOW
ORD_ACC_N_404_11,ACC_N_404,2026-08-18T00:00:00,PROD_125,407.49,DEV_N_404,ADDR_N_404,COMPLETED,0,0.0,LOW
ORD_ACC_N_404_12,ACC_N_404,2026-08-10T00:00:00,PROD_149,111.27,DEV_N_404,ADDR_N_404,COMPLETED,0,0.0,LOW
ORD_ACC_N_404_13,ACC_N_404,2026-06-03T00:00:00,PROD_114,52.11,DEV_N_404,ADDR_N_404,COMPLETED,0,0.0,LOW
ORD_ACC_N_404_14,ACC_N_404,2026-06-21T00:00:00,PROD_141,390.0,DEV_N_404,ADDR_N_404,COMPLETED,0,0.0,LOW
ORD_ACC_N_405_0,ACC_N_405,2026-08-26T00:00:00,PROD_136,37.46,DEV_N_405,ADDR_N_405,COMPLETED,0,0.0,LOW
ORD_ACC_N_405_1,ACC_N_405,2026-08-29T00:00:00,PROD_141,494.08,DEV_N_405,ADDR_N_405,COMPLETED,0,0.0,LOW
ORD_ACC_N_405_2,ACC_N_405,2026-07-09T00:00:00,PROD_120,379.87,DEV_N_405,ADDR_N_405,REFUNDED,1,0.0,LOW
ORD_ACC_N_405_3,ACC_N_405,2026-08-14T00:00:00,PROD_135,424.65,DEV_N_405,ADDR_N_405,COMPLETED,0,0.0,LOW
ORD_ACC_N_405_4,ACC_N_405,2026-06-17T00:00:00,PROD_135,85.17,DEV_N_405,ADDR_N_405,COMPLETED,0,0.0,LOW
ORD_ACC_N_405_5,ACC_N_405,2026-08-16T00:00:00,PROD_140,319.97,DEV_N_405,ADDR_N_405,REFUNDED,1,0.0,LOW
ORD_ACC_N_405_6,ACC_N_405,2026-07-23T00:00:00,PROD_102,277.8,DEV_N_405,ADDR_N_405,COMPLETED,0,0.0,LOW
ORD_ACC_N_405_7,ACC_N_405,2026-08-24T00:00:00,PROD_108,470.74,DEV_N_405,ADDR_N_405,COMPLETED,0,0.0,LOW
ORD_ACC_N_405_8,ACC_N_405,2026-05-19T00:00:00,PROD_121,202.2,DEV_N_405,ADDR_N_405,COMPLETED,0,0.0,LOW
ORD_ACC_N_405_9,ACC_N_405,2026-08-22T00:00:00,PROD_131,488.06,DEV_N_405,ADDR_N_405,COMPLETED,0,0.0,LOW
ORD_ACC_N_405_10,ACC_N_405,2026-05-29T00:00:00,PROD_118,163.91,DEV_N_405,ADDR_N_405,REFUNDED,1,0.0,LOW
ORD_ACC_N_405_11,ACC_N_405,2026-06-01T00:00:00,PROD_133,64.68,DEV_N_405,ADDR_N_405,COMPLETED,0,0.0,LOW
ORD_ACC_N_405_12,ACC_N_405,2026-06-16T00:00:00,PROD_106,428.75,DEV_N_405,ADDR_N_405,COMPLETED,0,0.0,LOW
ORD_ACC_N_405_13,ACC_N_405,2026-05-25T00:00:00,PROD_111,180.22,DEV_N_405,ADDR_N_405,COMPLETED,0,0.0,LOW
ORD_ACC_N_405_14,ACC_N_405,2026-08-04T00:00:00,PROD_103,299.47,DEV_N_405,ADDR_N_405,COMPLETED,0,0.0,LOW
ORD_ACC_N_406_0,ACC_N_406,2026-04-13T00:00:00,PROD_105,382.32,DEV_N_406,ADDR_N_406,COMPLETED,0,0.0,LOW
ORD_ACC_N_406_1,ACC_N_406,2026-04-06T00:00:00,PROD_135,437.74,DEV_N_406,ADDR_N_406,COMPLETED,0,0.0,LOW
ORD_ACC_N_406_2,ACC_N_406,2026-08-06T00:00:00,PROD_102,449.76,DEV_N_406,ADDR_N_406,COMPLETED,0,0.0,LOW
ORD_ACC_N_406_3,ACC_N_406,2026-05-16T00:00:00,PROD_147,64.62,DEV_N_406,ADDR_N_406,COMPLETED,0,0.0,LOW
ORD_ACC_N_406_4,ACC_N_406,2026-07-27T00:00:00,PROD_137,53.0,DEV_N_406,ADDR_N_406,COMPLETED,0,0.0,LOW
ORD_ACC_N_406_5,ACC_N_406,2026-08-04T00:00:00,PROD_123,447.87,DEV_N_406,ADDR_N_406,REFUNDED,1,0.0,LOW
ORD_ACC_N_406_6,ACC_N_406,2026-08-04T00:00:00,PROD_135,146.86,DEV_N_406,ADDR_N_406,COMPLETED,0,0.0,LOW
ORD_ACC_N_406_7,ACC_N_406,2026-08-11T00:00:00,PROD_136,180.35,DEV_N_406,ADDR_N_406,COMPLETED,0,0.0,LOW
ORD_ACC_N_406_8,ACC_N_406,2026-03-23T00:00:00,PROD_146,409.88,DEV_N_406,ADDR_N_406,COMPLETED,0,0.0,LOW
ORD_ACC_N_406_9,ACC_N_406,2026-07-19T00:00:00,PROD_143,374.17,DEV_N_406,ADDR_N_406,COMPLETED,0,0.0,LOW
ORD_ACC_N_406_10,ACC_N_406,2026-07-01T00:00:00,PROD_133,495.03,DEV_N_406,ADDR_N_406,REFUNDED,1,0.0,LOW
ORD_ACC_N_406_11,ACC_N_406,2026-07-14T00:00:00,PROD_127,256.47,DEV_N_406,ADDR_N_406,COMPLETED,0,0.0,LOW
ORD_ACC_N_406_12,ACC_N_406,2026-03-28T00:00:00,PROD_133,340.1,DEV_N_406,ADDR_N_406,COMPLETED,0,0.0,LOW
ORD_ACC_N_406_13,ACC_N_406,2026-06-04T00:00:00,PROD_126,85.38,DEV_N_406,ADDR_N_406,COMPLETED,0,0.0,LOW
ORD_ACC_N_407_0,ACC_N_407,2026-06-29T00:00:00,PROD_145,315.86,DEV_N_407,ADDR_N_407,COMPLETED,0,0.0,LOW
ORD_ACC_N_407_1,ACC_N_407,2026-06-27T00:00:00,PROD_107,331.2,DEV_N_407,ADDR_N_407,COMPLETED,0,0.0,LOW
ORD_ACC_N_407_2,ACC_N_407,2026-04-02T00:00:00,PROD_108,111.76,DEV_N_407,ADDR_N_407,COMPLETED,0,0.0,LOW
ORD_ACC_N_407_3,ACC_N_407,2026-07-15T00:00:00,PROD_142,410.93,DEV_N_407,ADDR_N_407,COMPLETED,0,0.0,LOW
ORD_ACC_N_407_4,ACC_N_407,2026-07-29T00:00:00,PROD_115,361.31,DEV_N_407,ADDR_N_407,COMPLETED,0,0.0,LOW
ORD_ACC_N_408_0,ACC_N_408,2026-08-06T00:00:00,PROD_107,83.82,DEV_N_408,ADDR_N_408,COMPLETED,0,0.0,LOW
ORD_ACC_N_408_1,ACC_N_408,2026-08-31T00:00:00,PROD_144,332.89,DEV_N_408,ADDR_N_408,COMPLETED,0,0.0,LOW
ORD_ACC_N_408_2,ACC_N_408,2026-08-05T00:00:00,PROD_109,71.34,DEV_N_408,ADDR_N_408,COMPLETED,0,0.0,LOW
ORD_ACC_N_408_3,ACC_N_408,2026-07-21T00:00:00,PROD_120,397.09,DEV_N_408,ADDR_N_408,COMPLETED,0,0.0,LOW
ORD_ACC_N_408_4,ACC_N_408,2026-08-07T00:00:00,PROD_128,336.57,DEV_N_408,ADDR_N_408,COMPLETED,0,0.0,LOW
ORD_ACC_N_408_5,ACC_N_408,2026-07-22T00:00:00,PROD_112,90.04,DEV_N_408,ADDR_N_408,COMPLETED,0,0.0,LOW
ORD_ACC_N_408_6,ACC_N_408,2026-07-31T00:00:00,PROD_103,254.68,DEV_N_408,ADDR_N_408,COMPLETED,0,0.0,LOW
ORD_ACC_N_408_7,ACC_N_408,2026-08-31T00:00:00,PROD_103,227.98,DEV_N_408,ADDR_N_408,COMPLETED,0,0.0,LOW
ORD_ACC_N_408_8,ACC_N_408,2026-07-29T00:00:00,PROD_118,158.75,DEV_N_408,ADDR_N_408,COMPLETED,0,0.0,LOW
ORD_ACC_N_408_9,ACC_N_408,2026-08-13T00:00:00,PROD_100,154.08,DEV_N_408,ADDR_N_408,COMPLETED,0,0.0,LOW
ORD_ACC_N_408_10,ACC_N_408,2026-07-29T00:00:00,PROD_119,51.34,DEV_N_408,ADDR_N_408,COMPLETED,0,0.0,LOW
ORD_ACC_N_409_0,ACC_N_409,2026-03-08T00:00:00,PROD_124,434.65,DEV_N_409,ADDR_N_409,COMPLETED,0,0.0,LOW
ORD_ACC_N_409_1,ACC_N_409,2026-07-21T00:00:00,PROD_108,250.57,DEV_N_409,ADDR_N_409,COMPLETED,0,0.0,LOW
ORD_ACC_N_409_2,ACC_N_409,2026-02-13T00:00:00,PROD_114,132.52,DEV_N_409,ADDR_N_409,COMPLETED,0,0.0,LOW
ORD_ACC_N_409_3,ACC_N_409,2026-04-23T00:00:00,PROD_117,328.11,DEV_N_409,ADDR_N_409,COMPLETED,0,0.0,LOW
ORD_ACC_N_410_0,ACC_N_410,2026-07-12T00:00:00,PROD_119,150.47,DEV_N_409,ADDR_N_409,COMPLETED,0,0.0,LOW
ORD_ACC_N_410_1,ACC_N_410,2026-08-21T00:00:00,PROD_106,50.22,DEV_N_409,ADDR_N_409,COMPLETED,0,0.0,LOW
ORD_ACC_N_410_2,ACC_N_410,2026-04-09T00:00:00,PROD_142,141.01,DEV_N_409,ADDR_N_409,COMPLETED,0,0.0,LOW
ORD_ACC_N_410_3,ACC_N_410,2025-12-03T00:00:00,PROD_133,462.48,DEV_N_409,ADDR_N_409,COMPLETED,0,0.0,LOW
ORD_ACC_N_410_4,ACC_N_410,2026-06-16T00:00:00,PROD_144,480.14,DEV_N_409,ADDR_N_409,COMPLETED,0,0.0,LOW
ORD_ACC_N_411_0,ACC_N_411,2026-06-05T00:00:00,PROD_106,20.7,DEV_N_411,ADDR_N_411,COMPLETED,0,0.0,LOW
ORD_ACC_N_411_1,ACC_N_411,2026-02-28T00:00:00,PROD_117,386.8,DEV_N_411,ADDR_N_411,COMPLETED,0,0.0,LOW
ORD_ACC_N_411_2,ACC_N_411,2026-07-11T00:00:00,PROD_138,321.85,DEV_N_411,ADDR_N_411,COMPLETED,0,0.0,LOW
ORD_ACC_N_411_3,ACC_N_411,2026-04-09T00:00:00,PROD_139,191.31,DEV_N_411,ADDR_N_411,COMPLETED,0,0.0,LOW
ORD_ACC_N_411_4,ACC_N_411,2026-06-30T00:00:00,PROD_122,175.86,DEV_N_411,ADDR_N_411,COMPLETED,0,0.0,LOW
ORD_ACC_N_411_5,ACC_N_411,2026-02-18T00:00:00,PROD_114,135.76,DEV_N_411,ADDR_N_411,COMPLETED,0,0.0,LOW
ORD_ACC_N_411_6,ACC_N_411,2026-04-10T00:00:00,PROD_136,27.89,DEV_N_411,ADDR_N_411,COMPLETED,0,0.0,LOW
ORD_ACC_N_411_7,ACC_N_411,2026-07-03T00:00:00,PROD_129,217.15,DEV_N_411,ADDR_N_411,REFUNDED,1,0.0,LOW
ORD_ACC_N_411_8,ACC_N_411,2026-02-23T00:00:00,PROD_135,54.85,DEV_N_411,ADDR_N_411,COMPLETED,0,0.0,LOW
ORD_ACC_N_411_9,ACC_N_411,2026-03-01T00:00:00,PROD_113,85.15,DEV_N_411,ADDR_N_411,COMPLETED,0,0.0,LOW
ORD_ACC_N_412_0,ACC_N_412,2026-08-15T00:00:00,PROD_107,25.61,DEV_N_412,ADDR_N_412,COMPLETED,0,0.0,LOW
ORD_ACC_N_413_0,ACC_N_413,2026-01-13T00:00:00,PROD_115,448.69,DEV_N_413,ADDR_N_413,COMPLETED,0,0.0,LOW
ORD_ACC_N_413_1,ACC_N_413,2026-07-02T00:00:00,PROD_138,64.88,DEV_N_413,ADDR_N_413,COMPLETED,0,0.0,LOW
ORD_ACC_N_413_2,ACC_N_413,2025-10-13T00:00:00,PROD_130,470.37,DEV_N_413,ADDR_N_413,COMPLETED,0,0.0,LOW
ORD_ACC_N_413_3,ACC_N_413,2025-11-27T00:00:00,PROD_146,100.18,DEV_N_413,ADDR_N_413,COMPLETED,0,0.0,LOW
ORD_ACC_N_413_4,ACC_N_413,2025-12-24T00:00:00,PROD_126,412.19,DEV_N_413,ADDR_N_413,COMPLETED,0,0.0,LOW
ORD_ACC_N_413_5,ACC_N_413,2026-07-11T00:00:00,PROD_136,62.58,DEV_N_413,ADDR_N_413,COMPLETED,0,0.0,LOW
ORD_ACC_N_413_6,ACC_N_413,2026-08-31T00:00:00,PROD_122,225.01,DEV_N_413,ADDR_N_413,COMPLETED,0,0.0,LOW
ORD_ACC_N_413_7,ACC_N_413,2025-11-20T00:00:00,PROD_106,354.05,DEV_N_413,ADDR_N_413,REFUNDED,1,0.0,LOW
ORD_ACC_N_413_8,ACC_N_413,2026-04-13T00:00:00,PROD_114,112.42,DEV_N_413,ADDR_N_413,COMPLETED,0,0.0,LOW
ORD_ACC_N_413_9,ACC_N_413,2026-06-01T00:00:00,PROD_108,114.01,DEV_N_413,ADDR_N_413,COMPLETED,0,0.0,LOW
ORD_ACC_N_414_0,ACC_N_414,2026-03-15T00:00:00,PROD_102,235.74,DEV_N_414,ADDR_N_414,COMPLETED,0,0.0,LOW
ORD_ACC_N_415_0,ACC_N_415,2026-06-12T00:00:00,PROD_143,383.16,DEV_N_415,ADDR_N_415,COMPLETED,0,0.0,LOW
ORD_ACC_N_415_1,ACC_N_415,2026-08-12T00:00:00,PROD_110,350.2,DEV_N_415,ADDR_N_415,COMPLETED,0,0.0,LOW
ORD_ACC_N_415_2,ACC_N_415,2026-07-14T00:00:00,PROD_134,23.66,DEV_N_415,ADDR_N_415,COMPLETED,0,0.0,LOW
ORD_ACC_N_415_3,ACC_N_415,2026-06-05T00:00:00,PROD_105,424.6,DEV_N_415,ADDR_N_415,COMPLETED,0,0.0,LOW
ORD_ACC_N_415_4,ACC_N_415,2026-08-04T00:00:00,PROD_127,55.14,DEV_N_415,ADDR_N_415,COMPLETED,0,0.0,LOW
ORD_ACC_N_415_5,ACC_N_415,2026-06-03T00:00:00,PROD_133,410.05,DEV_N_415,ADDR_N_415,COMPLETED,0,0.0,LOW
ORD_ACC_N_416_0,ACC_N_416,2025-11-02T00:00:00,PROD_121,451.51,DEV_N_416,ADDR_N_416,COMPLETED,0,0.0,LOW
ORD_ACC_N_416_1,ACC_N_416,2026-06-12T00:00:00,PROD_142,417.81,DEV_N_416,ADDR_N_416,COMPLETED,0,0.0,LOW
ORD_ACC_N_416_2,ACC_N_416,2026-05-13T00:00:00,PROD_139,477.74,DEV_N_416,ADDR_N_416,COMPLETED,0,0.0,LOW
ORD_ACC_N_416_3,ACC_N_416,2026-04-11T00:00:00,PROD_146,171.55,DEV_N_416,ADDR_N_416,COMPLETED,0,0.0,LOW
ORD_ACC_N_416_4,ACC_N_416,2026-05-23T00:00:00,PROD_134,214.79,DEV_N_416,ADDR_N_416,COMPLETED,0,0.0,LOW
ORD_ACC_N_416_5,ACC_N_416,2026-07-16T00:00:00,PROD_144,439.87,DEV_N_416,ADDR_N_416,COMPLETED,0,0.0,LOW
ORD_ACC_N_416_6,ACC_N_416,2026-08-04T00:00:00,PROD_107,130.27,DEV_N_416,ADDR_N_416,COMPLETED,0,0.0,LOW
ORD_ACC_N_416_7,ACC_N_416,2025-12-29T00:00:00,PROD_145,209.41,DEV_N_416,ADDR_N_416,COMPLETED,0,0.0,LOW
ORD_ACC_N_416_8,ACC_N_416,2026-08-04T00:00:00,PROD_114,268.62,DEV_N_416,ADDR_N_416,COMPLETED,0,0.0,LOW
ORD_ACC_N_417_0,ACC_N_417,2026-08-19T00:00:00,PROD_104,264.04,DEV_N_417,ADDR_N_417,COMPLETED,0,0.0,LOW
ORD_ACC_N_417_1,ACC_N_417,2026-08-10T00:00:00,PROD_116,182.77,DEV_N_417,ADDR_N_417,COMPLETED,0,0.0,LOW
ORD_ACC_N_417_2,ACC_N_417,2026-06-07T00:00:00,PROD_102,283.48,DEV_N_417,ADDR_N_417,COMPLETED,0,0.0,LOW
ORD_ACC_N_417_3,ACC_N_417,2026-04-28T00:00:00,PROD_114,428.12,DEV_N_417,ADDR_N_417,COMPLETED,0,0.0,LOW
ORD_ACC_N_417_4,ACC_N_417,2026-04-21T00:00:00,PROD_127,90.95,DEV_N_417,ADDR_N_417,COMPLETED,0,0.0,LOW
ORD_ACC_N_417_5,ACC_N_417,2026-08-11T00:00:00,PROD_110,374.12,DEV_N_417,ADDR_N_417,COMPLETED,0,0.0,LOW
ORD_ACC_N_417_6,ACC_N_417,2026-06-06T00:00:00,PROD_149,34.38,DEV_N_417,ADDR_N_417,COMPLETED,0,0.0,LOW
ORD_ACC_N_417_7,ACC_N_417,2026-08-25T00:00:00,PROD_105,434.19,DEV_N_417,ADDR_N_417,COMPLETED,0,0.0,LOW
ORD_ACC_N_417_8,ACC_N_417,2026-07-20T00:00:00,PROD_137,383.63,DEV_N_417,ADDR_N_417,COMPLETED,0,0.0,LOW
ORD_ACC_N_417_9,ACC_N_417,2026-08-10T00:00:00,PROD_106,350.22,DEV_N_417,ADDR_N_417,COMPLETED,0,0.0,LOW
ORD_ACC_N_417_10,ACC_N_417,2026-05-28T00:00:00,PROD_138,47.48,DEV_N_417,ADDR_N_417,COMPLETED,0,0.0,LOW
ORD_ACC_N_417_11,ACC_N_417,2026-07-24T00:00:00,PROD_143,494.43,DEV_N_417,ADDR_N_417,COMPLETED,0,0.0,LOW
ORD_ACC_N_417_12,ACC_N_417,2026-04-24T00:00:00,PROD_116,329.89,DEV_N_417,ADDR_N_417,COMPLETED,0,0.0,LOW
ORD_ACC_N_417_13,ACC_N_417,2026-08-10T00:00:00,PROD_142,281.97,DEV_N_417,ADDR_N_417,COMPLETED,0,0.0,LOW
ORD_ACC_N_417_14,ACC_N_417,2026-05-01T00:00:00,PROD_149,157.85,DEV_N_417,ADDR_N_417,COMPLETED,0,0.0,LOW
ORD_ACC_N_418_0,ACC_N_418,2026-07-26T00:00:00,PROD_120,260.68,DEV_N_418,ADDR_N_418,COMPLETED,0,0.0,LOW
ORD_ACC_N_418_1,ACC_N_418,2026-07-02T00:00:00,PROD_101,39.38,DEV_N_418,ADDR_N_418,COMPLETED,0,0.0,LOW
ORD_ACC_N_418_2,ACC_N_418,2026-06-16T00:00:00,PROD_115,43.45,DEV_N_418,ADDR_N_418,COMPLETED,0,0.0,LOW
ORD_ACC_N_419_0,ACC_N_419,2026-06-05T00:00:00,PROD_117,62.57,DEV_N_419,ADDR_N_419,COMPLETED,0,0.0,LOW
ORD_ACC_N_419_1,ACC_N_419,2026-07-24T00:00:00,PROD_115,214.49,DEV_N_419,ADDR_N_419,COMPLETED,0,0.0,LOW
ORD_ACC_N_419_2,ACC_N_419,2026-07-24T00:00:00,PROD_120,402.9,DEV_N_419,ADDR_N_419,COMPLETED,0,0.0,LOW
ORD_ACC_N_419_3,ACC_N_419,2026-03-15T00:00:00,PROD_110,43.52,DEV_N_419,ADDR_N_419,COMPLETED,0,0.0,LOW
ORD_ACC_N_419_4,ACC_N_419,2026-05-27T00:00:00,PROD_102,370.21,DEV_N_419,ADDR_N_419,COMPLETED,0,0.0,LOW
ORD_ACC_N_419_5,ACC_N_419,2026-08-18T00:00:00,PROD_138,215.23,DEV_N_419,ADDR_N_419,COMPLETED,0,0.0,LOW
ORD_ACC_N_419_6,ACC_N_419,2026-04-11T00:00:00,PROD_101,240.81,DEV_N_419,ADDR_N_419,COMPLETED,0,0.0,LOW
ORD_ACC_N_419_7,ACC_N_419,2026-03-22T00:00:00,PROD_133,477.49,DEV_N_419,ADDR_N_419,COMPLETED,0,0.0,LOW
ORD_ACC_N_419_8,ACC_N_419,2026-07-30T00:00:00,PROD_103,50.97,DEV_N_419,ADDR_N_419,COMPLETED,0,0.0,LOW
ORD_ACC_N_419_9,ACC_N_419,2026-05-23T00:00:00,PROD_135,141.35,DEV_N_419,ADDR_N_419,COMPLETED,0,0.0,LOW
ORD_ACC_N_419_10,ACC_N_419,2026-08-30T00:00:00,PROD_141,145.57,DEV_N_419,ADDR_N_419,COMPLETED,0,0.0,LOW
ORD_ACC_N_420_0,ACC_N_420,2025-12-19T00:00:00,PROD_112,442.62,DEV_N_419,ADDR_N_419,COMPLETED,0,0.0,LOW
ORD_ACC_N_420_1,ACC_N_420,2026-05-27T00:00:00,PROD_117,273.59,DEV_N_419,ADDR_N_419,COMPLETED,0,0.0,LOW
ORD_ACC_N_420_2,ACC_N_420,2026-06-13T00:00:00,PROD_125,343.04,DEV_N_419,ADDR_N_419,COMPLETED,0,0.0,LOW
ORD_ACC_N_420_3,ACC_N_420,2026-04-02T00:00:00,PROD_141,368.48,DEV_N_419,ADDR_N_419,COMPLETED,0,0.0,LOW
ORD_ACC_N_420_4,ACC_N_420,2026-02-04T00:00:00,PROD_126,162.84,DEV_N_419,ADDR_N_419,REFUNDED,1,0.0,LOW
ORD_ACC_N_420_5,ACC_N_420,2025-12-04T00:00:00,PROD_149,226.83,DEV_N_419,ADDR_N_419,COMPLETED,0,0.0,LOW
ORD_ACC_N_420_6,ACC_N_420,2026-07-20T00:00:00,PROD_124,241.74,DEV_N_419,ADDR_N_419,REFUNDED,1,0.0,LOW
ORD_ACC_N_420_7,ACC_N_420,2026-06-12T00:00:00,PROD_148,190.24,DEV_N_419,ADDR_N_419,COMPLETED,0,0.0,LOW
ORD_ACC_N_421_0,ACC_N_421,2026-08-19T00:00:00,PROD_123,398.56,DEV_N_421,ADDR_N_421,COMPLETED,0,0.0,LOW
ORD_ACC_N_421_1,ACC_N_421,2026-08-14T00:00:00,PROD_146,347.93,DEV_N_421,ADDR_N_421,COMPLETED,0,0.0,LOW
ORD_ACC_N_421_2,ACC_N_421,2026-08-10T00:00:00,PROD_126,60.61,DEV_N_421,ADDR_N_421,COMPLETED,0,0.0,LOW
ORD_ACC_N_422_0,ACC_N_422,2026-04-06T00:00:00,PROD_101,480.79,DEV_N_422,ADDR_N_422,COMPLETED,0,0.0,LOW
ORD_ACC_N_422_1,ACC_N_422,2026-08-04T00:00:00,PROD_132,196.82,DEV_N_422,ADDR_N_422,COMPLETED,0,0.0,LOW
ORD_ACC_N_422_2,ACC_N_422,2026-07-17T00:00:00,PROD_146,418.6,DEV_N_422,ADDR_N_422,COMPLETED,0,0.0,LOW
ORD_ACC_N_422_3,ACC_N_422,2026-05-04T00:00:00,PROD_143,312.85,DEV_N_422,ADDR_N_422,COMPLETED,0,0.0,LOW
ORD_ACC_N_422_4,ACC_N_422,2026-08-22T00:00:00,PROD_118,159.05,DEV_N_422,ADDR_N_422,COMPLETED,0,0.0,LOW
ORD_ACC_N_422_5,ACC_N_422,2026-07-10T00:00:00,PROD_148,459.91,DEV_N_422,ADDR_N_422,COMPLETED,0,0.0,LOW
ORD_ACC_N_422_6,ACC_N_422,2026-07-13T00:00:00,PROD_120,417.69,DEV_N_422,ADDR_N_422,COMPLETED,0,0.0,LOW
ORD_ACC_N_422_7,ACC_N_422,2026-05-22T00:00:00,PROD_106,369.66,DEV_N_422,ADDR_N_422,COMPLETED,0,0.0,LOW
ORD_ACC_N_422_8,ACC_N_422,2026-08-07T00:00:00,PROD_129,361.43,DEV_N_422,ADDR_N_422,COMPLETED,0,0.0,LOW
ORD_ACC_N_423_0,ACC_N_423,2026-05-22T00:00:00,PROD_143,135.73,DEV_N_423,ADDR_N_423,COMPLETED,0,0.0,LOW
ORD_ACC_N_424_0,ACC_N_424,2026-06-24T00:00:00,PROD_114,214.4,DEV_N_424,ADDR_N_424,COMPLETED,0,0.0,LOW
ORD_ACC_N_424_1,ACC_N_424,2026-02-04T00:00:00,PROD_105,430.31,DEV_N_424,ADDR_N_424,COMPLETED,0,0.0,LOW
ORD_ACC_N_424_2,ACC_N_424,2025-12-16T00:00:00,PROD_124,258.4,DEV_N_424,ADDR_N_424,COMPLETED,0,0.0,LOW
ORD_ACC_N_424_3,ACC_N_424,2026-01-07T00:00:00,PROD_149,481.16,DEV_N_424,ADDR_N_424,COMPLETED,0,0.0,LOW
ORD_ACC_N_425_0,ACC_N_425,2026-08-27T00:00:00,PROD_101,25.12,DEV_N_425,ADDR_N_425,COMPLETED,0,0.0,LOW
ORD_ACC_N_425_1,ACC_N_425,2026-07-08T00:00:00,PROD_135,180.6,DEV_N_425,ADDR_N_425,COMPLETED,0,0.0,LOW
ORD_ACC_N_425_2,ACC_N_425,2025-12-06T00:00:00,PROD_124,463.68,DEV_N_425,ADDR_N_425,COMPLETED,0,0.0,LOW
ORD_ACC_N_425_3,ACC_N_425,2026-01-02T00:00:00,PROD_146,325.68,DEV_N_425,ADDR_N_425,COMPLETED,0,0.0,LOW
ORD_ACC_N_425_4,ACC_N_425,2026-07-01T00:00:00,PROD_100,480.98,DEV_N_425,ADDR_N_425,COMPLETED,0,0.0,LOW
ORD_ACC_N_425_5,ACC_N_425,2026-05-14T00:00:00,PROD_122,208.05,DEV_N_425,ADDR_N_425,COMPLETED,0,0.0,LOW
ORD_ACC_N_425_6,ACC_N_425,2026-08-02T00:00:00,PROD_107,56.6,DEV_N_425,ADDR_N_425,COMPLETED,0,0.0,LOW
ORD_ACC_N_425_7,ACC_N_425,2026-04-07T00:00:00,PROD_114,72.25,DEV_N_425,ADDR_N_425,COMPLETED,0,0.0,LOW
ORD_ACC_N_425_8,ACC_N_425,2025-12-03T00:00:00,PROD_137,249.13,DEV_N_425,ADDR_N_425,COMPLETED,0,0.0,LOW
ORD_ACC_N_425_9,ACC_N_425,2026-02-04T00:00:00,PROD_110,113.46,DEV_N_425,ADDR_N_425,COMPLETED,0,0.0,LOW
ORD_ACC_N_425_10,ACC_N_425,2025-12-16T00:00:00,PROD_117,90.98,DEV_N_425,ADDR_N_425,COMPLETED,0,0.0,LOW
ORD_ACC_N_425_11,ACC_N_425,2026-03-12T00:00:00,PROD_102,220.77,DEV_N_425,ADDR_N_425,COMPLETED,0,0.0,LOW
ORD_ACC_N_425_12,ACC_N_425,2026-06-26T00:00:00,PROD_147,269.45,DEV_N_425,ADDR_N_425,COMPLETED,0,0.0,LOW
ORD_ACC_N_425_13,ACC_N_425,2026-02-25T00:00:00,PROD_121,322.63,DEV_N_425,ADDR_N_425,COMPLETED,0,0.0,LOW
ORD_ACC_N_425_14,ACC_N_425,2025-12-22T00:00:00,PROD_147,469.08,DEV_N_425,ADDR_N_425,COMPLETED,0,0.0,LOW
ORD_ACC_N_426_0,ACC_N_426,2026-07-13T00:00:00,PROD_149,75.93,DEV_N_426,ADDR_N_426,COMPLETED,0,0.0,LOW
ORD_ACC_N_426_1,ACC_N_426,2026-08-10T00:00:00,PROD_103,473.05,DEV_N_426,ADDR_N_426,COMPLETED,0,0.0,LOW
ORD_ACC_N_426_2,ACC_N_426,2026-05-19T00:00:00,PROD_138,193.43,DEV_N_426,ADDR_N_426,COMPLETED,0,0.0,LOW
ORD_ACC_N_426_3,ACC_N_426,2026-08-18T00:00:00,PROD_104,205.42,DEV_N_426,ADDR_N_426,COMPLETED,0,0.0,LOW
ORD_ACC_N_426_4,ACC_N_426,2026-05-15T00:00:00,PROD_113,67.97,DEV_N_426,ADDR_N_426,COMPLETED,0,0.0,LOW
ORD_ACC_N_426_5,ACC_N_426,2026-03-10T00:00:00,PROD_132,190.78,DEV_N_426,ADDR_N_426,COMPLETED,0,0.0,LOW
ORD_ACC_N_426_6,ACC_N_426,2026-05-30T00:00:00,PROD_140,229.4,DEV_N_426,ADDR_N_426,COMPLETED,0,0.0,LOW
ORD_ACC_N_426_7,ACC_N_426,2026-01-26T00:00:00,PROD_109,386.26,DEV_N_426,ADDR_N_426,COMPLETED,0,0.0,LOW
ORD_ACC_N_426_8,ACC_N_426,2026-05-16T00:00:00,PROD_118,492.28,DEV_N_426,ADDR_N_426,COMPLETED,0,0.0,LOW
ORD_ACC_N_426_9,ACC_N_426,2026-07-03T00:00:00,PROD_100,136.21,DEV_N_426,ADDR_N_426,COMPLETED,0,0.0,LOW
ORD_ACC_N_426_10,ACC_N_426,2026-01-14T00:00:00,PROD_115,394.52,DEV_N_426,ADDR_N_426,COMPLETED,0,0.0,LOW
ORD_ACC_N_426_11,ACC_N_426,2025-12-04T00:00:00,PROD_114,85.52,DEV_N_426,ADDR_N_426,REFUNDED,1,0.0,LOW
ORD_ACC_N_427_0,ACC_N_427,2026-08-18T00:00:00,PROD_144,340.17,DEV_N_427,ADDR_N_427,COMPLETED,0,0.0,LOW
ORD_ACC_N_428_0,ACC_N_428,2026-08-07T00:00:00,PROD_137,263.55,DEV_N_428,ADDR_N_428,COMPLETED,0,0.0,LOW
ORD_ACC_N_428_1,ACC_N_428,2026-04-05T00:00:00,PROD_101,157.17,DEV_N_428,ADDR_N_428,COMPLETED,0,0.0,LOW
ORD_ACC_N_428_2,ACC_N_428,2026-04-23T00:00:00,PROD_148,299.79,DEV_N_428,ADDR_N_428,COMPLETED,0,0.0,LOW
ORD_ACC_N_428_3,ACC_N_428,2025-11-11T00:00:00,PROD_149,319.41,DEV_N_428,ADDR_N_428,COMPLETED,0,0.0,LOW
ORD_ACC_N_428_4,ACC_N_428,2025-11-11T00:00:00,PROD_142,407.87,DEV_N_428,ADDR_N_428,COMPLETED,0,0.0,LOW
ORD_ACC_N_428_5,ACC_N_428,2025-11-22T00:00:00,PROD_147,328.04,DEV_N_428,ADDR_N_428,COMPLETED,0,0.0,LOW
ORD_ACC_N_428_6,ACC_N_428,2026-07-17T00:00:00,PROD_134,446.79,DEV_N_428,ADDR_N_428,COMPLETED,0,0.0,LOW
ORD_ACC_N_428_7,ACC_N_428,2025-11-08T00:00:00,PROD_115,204.37,DEV_N_428,ADDR_N_428,COMPLETED,0,0.0,LOW
ORD_ACC_N_428_8,ACC_N_428,2026-03-15T00:00:00,PROD_149,291.36,DEV_N_428,ADDR_N_428,COMPLETED,0,0.0,LOW
ORD_ACC_N_428_9,ACC_N_428,2026-03-26T00:00:00,PROD_112,293.35,DEV_N_428,ADDR_N_428,COMPLETED,0,0.0,LOW
ORD_ACC_N_428_10,ACC_N_428,2026-05-26T00:00:00,PROD_114,72.01,DEV_N_428,ADDR_N_428,COMPLETED,0,0.0,LOW
ORD_ACC_N_428_11,ACC_N_428,2026-06-20T00:00:00,PROD_136,392.61,DEV_N_428,ADDR_N_428,COMPLETED,0,0.0,LOW
ORD_ACC_N_428_12,ACC_N_428,2026-08-03T00:00:00,PROD_135,215.75,DEV_N_428,ADDR_N_428,COMPLETED,0,0.0,LOW
ORD_ACC_N_428_13,ACC_N_428,2026-06-13T00:00:00,PROD_148,211.04,DEV_N_428,ADDR_N_428,COMPLETED,0,0.0,LOW
ORD_ACC_N_429_0,ACC_N_429,2026-08-17T00:00:00,PROD_135,103.48,DEV_N_429,ADDR_N_429,COMPLETED,0,0.0,LOW
ORD_ACC_N_429_1,ACC_N_429,2026-08-15T00:00:00,PROD_142,311.23,DEV_N_429,ADDR_N_429,COMPLETED,0,0.0,LOW
ORD_ACC_N_429_2,ACC_N_429,2026-08-20T00:00:00,PROD_133,332.09,DEV_N_429,ADDR_N_429,COMPLETED,0,0.0,LOW
ORD_ACC_N_429_3,ACC_N_429,2026-08-10T00:00:00,PROD_118,450.59,DEV_N_429,ADDR_N_429,COMPLETED,0,0.0,LOW
ORD_ACC_N_429_4,ACC_N_429,2026-08-20T00:00:00,PROD_107,480.81,DEV_N_429,ADDR_N_429,COMPLETED,0,0.0,LOW
ORD_ACC_N_429_5,ACC_N_429,2026-08-09T00:00:00,PROD_101,291.81,DEV_N_429,ADDR_N_429,COMPLETED,0,0.0,LOW
ORD_ACC_N_429_6,ACC_N_429,2026-08-27T00:00:00,PROD_134,214.99,DEV_N_429,ADDR_N_429,COMPLETED,0,0.0,LOW
ORD_ACC_N_429_7,ACC_N_429,2026-08-18T00:00:00,PROD_135,337.24,DEV_N_429,ADDR_N_429,COMPLETED,0,0.0,LOW
ORD_ACC_N_429_8,ACC_N_429,2026-08-13T00:00:00,PROD_104,201.58,DEV_N_429,ADDR_N_429,COMPLETED,0,0.0,LOW
ORD_ACC_N_429_9,ACC_N_429,2026-08-31T00:00:00,PROD_106,289.66,DEV_N_429,ADDR_N_429,COMPLETED,0,0.0,LOW
ORD_ACC_N_429_10,ACC_N_429,2026-08-07T00:00:00,PROD_136,111.34,DEV_N_429,ADDR_N_429,COMPLETED,0,0.0,LOW
ORD_ACC_N_430_0,ACC_N_430,2026-08-07T00:00:00,PROD_109,393.06,DEV_N_429,ADDR_N_429,COMPLETED,0,0.0,LOW
ORD_ACC_N_430_1,ACC_N_430,2026-07-23T00:00:00,PROD_102,427.89,DEV_N_429,ADDR_N_429,COMPLETED,0,0.0,LOW
ORD_ACC_N_430_2,ACC_N_430,2026-08-10T00:00:00,PROD_100,249.64,DEV_N_429,ADDR_N_429,COMPLETED,0,0.0,LOW
ORD_ACC_N_430_3,ACC_N_430,2026-07-07T00:00:00,PROD_124,308.19,DEV_N_429,ADDR_N_429,COMPLETED,0,0.0,LOW
ORD_ACC_N_430_4,ACC_N_430,2026-08-24T00:00:00,PROD_124,76.06,DEV_N_429,ADDR_N_429,COMPLETED,0,0.0,LOW
ORD_ACC_N_431_0,ACC_N_431,2026-08-21T00:00:00,PROD_121,340.79,DEV_N_431,ADDR_N_431,COMPLETED,0,0.0,LOW
ORD_ACC_N_431_1,ACC_N_431,2026-08-25T00:00:00,PROD_103,473.76,DEV_N_431,ADDR_N_431,COMPLETED,0,0.0,LOW
ORD_ACC_N_432_0,ACC_N_432,2026-07-21T00:00:00,PROD_147,160.66,DEV_N_432,ADDR_N_432,COMPLETED,0,0.0,LOW
ORD_ACC_N_432_1,ACC_N_432,2026-08-04T00:00:00,PROD_140,237.51,DEV_N_432,ADDR_N_432,COMPLETED,0,0.0,LOW
ORD_ACC_N_432_2,ACC_N_432,2026-05-23T00:00:00,PROD_141,438.48,DEV_N_432,ADDR_N_432,COMPLETED,0,0.0,LOW
ORD_ACC_N_432_3,ACC_N_432,2025-10-14T00:00:00,PROD_114,88.95,DEV_N_432,ADDR_N_432,COMPLETED,0,0.0,LOW
ORD_ACC_N_432_4,ACC_N_432,2026-04-15T00:00:00,PROD_128,28.07,DEV_N_432,ADDR_N_432,COMPLETED,0,0.0,LOW
ORD_ACC_N_433_0,ACC_N_433,2026-07-21T00:00:00,PROD_108,47.93,DEV_N_433,ADDR_N_433,COMPLETED,0,0.0,LOW
ORD_ACC_N_433_1,ACC_N_433,2026-05-18T00:00:00,PROD_122,342.27,DEV_N_433,ADDR_N_433,COMPLETED,0,0.0,LOW
ORD_ACC_N_433_2,ACC_N_433,2026-04-11T00:00:00,PROD_131,403.36,DEV_N_433,ADDR_N_433,COMPLETED,0,0.0,LOW
ORD_ACC_N_433_3,ACC_N_433,2026-05-25T00:00:00,PROD_136,463.08,DEV_N_433,ADDR_N_433,COMPLETED,0,0.0,LOW
ORD_ACC_N_433_4,ACC_N_433,2026-08-14T00:00:00,PROD_125,389.17,DEV_N_433,ADDR_N_433,COMPLETED,0,0.0,LOW
ORD_ACC_N_433_5,ACC_N_433,2026-04-17T00:00:00,PROD_112,146.14,DEV_N_433,ADDR_N_433,COMPLETED,0,0.0,LOW
ORD_ACC_N_433_6,ACC_N_433,2026-05-07T00:00:00,PROD_120,131.41,DEV_N_433,ADDR_N_433,COMPLETED,0,0.0,LOW
ORD_ACC_N_434_0,ACC_N_434,2026-07-18T00:00:00,PROD_129,459.59,DEV_N_434,ADDR_N_434,COMPLETED,0,0.0,LOW
ORD_ACC_N_434_1,ACC_N_434,2026-08-21T00:00:00,PROD_110,242.84,DEV_N_434,ADDR_N_434,COMPLETED,0,0.0,LOW
ORD_ACC_N_434_2,ACC_N_434,2026-08-21T00:00:00,PROD_107,309.41,DEV_N_434,ADDR_N_434,REFUNDED,1,0.0,LOW
ORD_ACC_N_434_3,ACC_N_434,2026-08-01T00:00:00,PROD_120,416.08,DEV_N_434,ADDR_N_434,COMPLETED,0,0.0,LOW
ORD_ACC_N_435_0,ACC_N_435,2026-04-14T00:00:00,PROD_107,295.25,DEV_N_435,ADDR_N_435,COMPLETED,0,0.0,LOW
ORD_ACC_N_435_1,ACC_N_435,2026-07-07T00:00:00,PROD_134,234.79,DEV_N_435,ADDR_N_435,COMPLETED,0,0.0,LOW
ORD_ACC_N_435_2,ACC_N_435,2026-06-14T00:00:00,PROD_110,147.01,DEV_N_435,ADDR_N_435,REFUNDED,1,0.0,LOW
ORD_ACC_N_435_3,ACC_N_435,2026-08-19T00:00:00,PROD_132,87.61,DEV_N_435,ADDR_N_435,COMPLETED,0,0.0,LOW
ORD_ACC_N_435_4,ACC_N_435,2026-02-03T00:00:00,PROD_103,65.37,DEV_N_435,ADDR_N_435,COMPLETED,0,0.0,LOW
ORD_ACC_N_435_5,ACC_N_435,2026-05-08T00:00:00,PROD_106,118.35,DEV_N_435,ADDR_N_435,COMPLETED,0,0.0,LOW
ORD_ACC_N_435_6,ACC_N_435,2026-05-03T00:00:00,PROD_129,276.41,DEV_N_435,ADDR_N_435,COMPLETED,0,0.0,LOW
ORD_ACC_N_435_7,ACC_N_435,2026-03-14T00:00:00,PROD_104,266.43,DEV_N_435,ADDR_N_435,COMPLETED,0,0.0,LOW
ORD_ACC_N_436_0,ACC_N_436,2026-08-20T00:00:00,PROD_137,441.53,DEV_N_436,ADDR_N_436,COMPLETED,0,0.0,LOW
ORD_ACC_N_436_1,ACC_N_436,2026-08-08T00:00:00,PROD_133,69.12,DEV_N_436,ADDR_N_436,COMPLETED,0,0.0,LOW
ORD_ACC_N_436_2,ACC_N_436,2026-08-10T00:00:00,PROD_131,294.81,DEV_N_436,ADDR_N_436,COMPLETED,0,0.0,LOW
ORD_ACC_N_436_3,ACC_N_436,2026-07-06T00:00:00,PROD_114,132.25,DEV_N_436,ADDR_N_436,COMPLETED,0,0.0,LOW
ORD_ACC_N_436_4,ACC_N_436,2026-07-31T00:00:00,PROD_111,440.79,DEV_N_436,ADDR_N_436,COMPLETED,0,0.0,LOW
ORD_ACC_N_436_5,ACC_N_436,2026-06-05T00:00:00,PROD_121,498.04,DEV_N_436,ADDR_N_436,COMPLETED,0,0.0,LOW
ORD_ACC_N_436_6,ACC_N_436,2026-06-19T00:00:00,PROD_101,380.13,DEV_N_436,ADDR_N_436,COMPLETED,0,0.0,LOW
ORD_ACC_N_436_7,ACC_N_436,2026-06-03T00:00:00,PROD_127,302.53,DEV_N_436,ADDR_N_436,COMPLETED,0,0.0,LOW
ORD_ACC_N_436_8,ACC_N_436,2026-06-05T00:00:00,PROD_130,465.01,DEV_N_436,ADDR_N_436,COMPLETED,0,0.0,LOW
ORD_ACC_N_436_9,ACC_N_436,2026-07-11T00:00:00,PROD_125,433.23,DEV_N_436,ADDR_N_436,COMPLETED,0,0.0,LOW
ORD_ACC_N_436_10,ACC_N_436,2026-08-13T00:00:00,PROD_148,432.85,DEV_N_436,ADDR_N_436,REFUNDED,1,0.0,LOW
ORD_ACC_N_437_0,ACC_N_437,2026-07-19T00:00:00,PROD_114,336.28,DEV_N_437,ADDR_N_437,COMPLETED,0,0.0,LOW
ORD_ACC_N_437_1,ACC_N_437,2026-03-17T00:00:00,PROD_125,343.46,DEV_N_437,ADDR_N_437,COMPLETED,0,0.0,LOW
ORD_ACC_N_437_2,ACC_N_437,2026-08-24T00:00:00,PROD_128,393.1,DEV_N_437,ADDR_N_437,COMPLETED,0,0.0,LOW
ORD_ACC_N_438_0,ACC_N_438,2026-02-05T00:00:00,PROD_133,293.33,DEV_N_438,ADDR_N_438,COMPLETED,0,0.0,LOW
ORD_ACC_N_438_1,ACC_N_438,2026-07-25T00:00:00,PROD_136,491.22,DEV_N_438,ADDR_N_438,COMPLETED,0,0.0,LOW
ORD_ACC_N_438_2,ACC_N_438,2026-01-10T00:00:00,PROD_135,382.38,DEV_N_438,ADDR_N_438,COMPLETED,0,0.0,LOW
ORD_ACC_N_438_3,ACC_N_438,2025-12-01T00:00:00,PROD_127,390.83,DEV_N_438,ADDR_N_438,COMPLETED,0,0.0,LOW
ORD_ACC_N_438_4,ACC_N_438,2025-10-24T00:00:00,PROD_101,280.09,DEV_N_438,ADDR_N_438,COMPLETED,0,0.0,LOW
ORD_ACC_N_439_0,ACC_N_439,2026-08-27T00:00:00,PROD_138,428.42,DEV_N_439,ADDR_N_439,COMPLETED,0,0.0,LOW
ORD_ACC_N_439_1,ACC_N_439,2026-06-23T00:00:00,PROD_145,227.91,DEV_N_439,ADDR_N_439,COMPLETED,0,0.0,LOW
ORD_ACC_N_439_2,ACC_N_439,2026-06-28T00:00:00,PROD_119,485.15,DEV_N_439,ADDR_N_439,COMPLETED,0,0.0,LOW
ORD_ACC_N_439_3,ACC_N_439,2026-07-19T00:00:00,PROD_135,426.15,DEV_N_439,ADDR_N_439,COMPLETED,0,0.0,LOW
ORD_ACC_N_439_4,ACC_N_439,2026-08-21T00:00:00,PROD_134,156.11,DEV_N_439,ADDR_N_439,COMPLETED,0,0.0,LOW
ORD_ACC_N_439_5,ACC_N_439,2026-07-04T00:00:00,PROD_102,481.97,DEV_N_439,ADDR_N_439,COMPLETED,0,0.0,LOW
ORD_ACC_N_439_6,ACC_N_439,2026-08-20T00:00:00,PROD_134,191.33,DEV_N_439,ADDR_N_439,COMPLETED,0,0.0,LOW
ORD_ACC_N_439_7,ACC_N_439,2026-07-05T00:00:00,PROD_149,207.44,DEV_N_439,ADDR_N_439,COMPLETED,0,0.0,LOW
ORD_ACC_N_439_8,ACC_N_439,2026-08-28T00:00:00,PROD_124,468.27,DEV_N_439,ADDR_N_439,COMPLETED,0,0.0,LOW
ORD_ACC_N_439_9,ACC_N_439,2026-08-23T00:00:00,PROD_129,365.32,DEV_N_439,ADDR_N_439,COMPLETED,0,0.0,LOW
ORD_ACC_N_439_10,ACC_N_439,2026-06-24T00:00:00,PROD_139,256.39,DEV_N_439,ADDR_N_439,COMPLETED,0,0.0,LOW
ORD_ACC_N_439_11,ACC_N_439,2026-07-07T00:00:00,PROD_109,262.79,DEV_N_439,ADDR_N_439,COMPLETED,0,0.0,LOW
ORD_ACC_N_439_12,ACC_N_439,2026-07-22T00:00:00,PROD_147,267.74,DEV_N_439,ADDR_N_439,COMPLETED,0,0.0,LOW
ORD_ACC_N_439_13,ACC_N_439,2026-06-24T00:00:00,PROD_125,172.76,DEV_N_439,ADDR_N_439,COMPLETED,0,0.0,LOW
ORD_ACC_N_439_14,ACC_N_439,2026-08-01T00:00:00,PROD_101,196.97,DEV_N_439,ADDR_N_439,COMPLETED,0,0.0,LOW
ORD_ACC_N_440_0,ACC_N_440,2026-02-26T00:00:00,PROD_136,317.38,DEV_N_439,ADDR_N_439,COMPLETED,0,0.0,LOW
ORD_ACC_N_440_1,ACC_N_440,2026-08-24T00:00:00,PROD_134,343.05,DEV_N_439,ADDR_N_439,COMPLETED,0,0.0,LOW
ORD_ACC_N_440_2,ACC_N_440,2026-02-13T00:00:00,PROD_117,378.31,DEV_N_439,ADDR_N_439,COMPLETED,0,0.0,LOW
ORD_ACC_N_440_3,ACC_N_440,2026-07-16T00:00:00,PROD_137,468.43,DEV_N_439,ADDR_N_439,COMPLETED,0,0.0,LOW
ORD_ACC_N_440_4,ACC_N_440,2026-07-12T00:00:00,PROD_139,87.37,DEV_N_439,ADDR_N_439,COMPLETED,0,0.0,LOW
ORD_ACC_N_440_5,ACC_N_440,2026-07-15T00:00:00,PROD_108,326.38,DEV_N_439,ADDR_N_439,COMPLETED,0,0.0,LOW
ORD_ACC_N_440_6,ACC_N_440,2026-02-23T00:00:00,PROD_125,296.51,DEV_N_439,ADDR_N_439,COMPLETED,0,0.0,LOW
ORD_ACC_N_441_0,ACC_N_441,2026-06-19T00:00:00,PROD_110,468.58,DEV_N_441,ADDR_N_441,COMPLETED,0,0.0,LOW
ORD_ACC_N_441_1,ACC_N_441,2026-08-21T00:00:00,PROD_111,348.55,DEV_N_441,ADDR_N_441,COMPLETED,0,0.0,LOW
ORD_ACC_N_441_2,ACC_N_441,2026-05-26T00:00:00,PROD_130,182.19,DEV_N_441,ADDR_N_441,COMPLETED,0,0.0,LOW
ORD_ACC_N_441_3,ACC_N_441,2026-07-19T00:00:00,PROD_110,206.76,DEV_N_441,ADDR_N_441,COMPLETED,0,0.0,LOW
ORD_ACC_N_441_4,ACC_N_441,2026-06-17T00:00:00,PROD_121,126.39,DEV_N_441,ADDR_N_441,COMPLETED,0,0.0,LOW
ORD_ACC_N_441_5,ACC_N_441,2026-06-15T00:00:00,PROD_114,395.21,DEV_N_441,ADDR_N_441,COMPLETED,0,0.0,LOW
ORD_ACC_N_441_6,ACC_N_441,2026-08-18T00:00:00,PROD_123,288.77,DEV_N_441,ADDR_N_441,COMPLETED,0,0.0,LOW
ORD_ACC_N_441_7,ACC_N_441,2026-06-10T00:00:00,PROD_124,255.02,DEV_N_441,ADDR_N_441,COMPLETED,0,0.0,LOW
ORD_ACC_N_441_8,ACC_N_441,2026-07-21T00:00:00,PROD_131,27.5,DEV_N_441,ADDR_N_441,COMPLETED,0,0.0,LOW
ORD_ACC_N_442_0,ACC_N_442,2026-08-30T00:00:00,PROD_107,113.2,DEV_N_442,ADDR_N_442,COMPLETED,0,0.0,LOW
ORD_ACC_N_442_1,ACC_N_442,2026-08-12T00:00:00,PROD_130,464.63,DEV_N_442,ADDR_N_442,COMPLETED,0,0.0,LOW
ORD_ACC_N_442_2,ACC_N_442,2026-04-30T00:00:00,PROD_145,99.11,DEV_N_442,ADDR_N_442,COMPLETED,0,0.0,LOW
ORD_ACC_N_442_3,ACC_N_442,2026-07-02T00:00:00,PROD_123,149.18,DEV_N_442,ADDR_N_442,REFUNDED,1,0.0,LOW
ORD_ACC_N_443_0,ACC_N_443,2026-06-09T00:00:00,PROD_120,160.95,DEV_N_443,ADDR_N_443,COMPLETED,0,0.0,LOW
ORD_ACC_N_443_1,ACC_N_443,2026-08-04T00:00:00,PROD_139,123.97,DEV_N_443,ADDR_N_443,COMPLETED,0,0.0,LOW
ORD_ACC_N_444_0,ACC_N_444,2026-02-26T00:00:00,PROD_115,426.02,DEV_N_444,ADDR_N_444,COMPLETED,0,0.0,LOW
ORD_ACC_N_444_1,ACC_N_444,2026-05-09T00:00:00,PROD_139,428.75,DEV_N_444,ADDR_N_444,REFUNDED,1,0.0,LOW
ORD_ACC_N_444_2,ACC_N_444,2026-03-06T00:00:00,PROD_118,434.84,DEV_N_444,ADDR_N_444,COMPLETED,0,0.0,LOW
ORD_ACC_N_444_3,ACC_N_444,2026-08-22T00:00:00,PROD_124,392.64,DEV_N_444,ADDR_N_444,COMPLETED,0,0.0,LOW
ORD_ACC_N_444_4,ACC_N_444,2026-04-18T00:00:00,PROD_137,475.03,DEV_N_444,ADDR_N_444,COMPLETED,0,0.0,LOW
ORD_ACC_N_444_5,ACC_N_444,2026-05-02T00:00:00,PROD_108,289.51,DEV_N_444,ADDR_N_444,COMPLETED,0,0.0,LOW
ORD_ACC_N_444_6,ACC_N_444,2026-08-30T00:00:00,PROD_132,150.41,DEV_N_444,ADDR_N_444,COMPLETED,0,0.0,LOW
ORD_ACC_N_444_7,ACC_N_444,2026-04-11T00:00:00,PROD_110,431.1,DEV_N_444,ADDR_N_444,COMPLETED,0,0.0,LOW
ORD_ACC_N_445_0,ACC_N_445,2026-05-14T00:00:00,PROD_149,219.72,DEV_N_445,ADDR_N_445,COMPLETED,0,0.0,LOW
ORD_ACC_N_445_1,ACC_N_445,2026-04-24T00:00:00,PROD_134,219.45,DEV_N_445,ADDR_N_445,COMPLETED,0,0.0,LOW
ORD_ACC_N_445_2,ACC_N_445,2026-06-21T00:00:00,PROD_131,163.35,DEV_N_445,ADDR_N_445,COMPLETED,0,0.0,LOW
ORD_ACC_N_445_3,ACC_N_445,2026-04-23T00:00:00,PROD_142,181.9,DEV_N_445,ADDR_N_445,COMPLETED,0,0.0,LOW
ORD_ACC_N_445_4,ACC_N_445,2026-04-15T00:00:00,PROD_127,323.44,DEV_N_445,ADDR_N_445,COMPLETED,0,0.0,LOW
ORD_ACC_N_445_5,ACC_N_445,2026-06-11T00:00:00,PROD_118,398.05,DEV_N_445,ADDR_N_445,COMPLETED,0,0.0,LOW
ORD_ACC_N_445_6,ACC_N_445,2026-04-25T00:00:00,PROD_107,81.87,DEV_N_445,ADDR_N_445,COMPLETED,0,0.0,LOW
ORD_ACC_N_445_7,ACC_N_445,2026-03-07T00:00:00,PROD_108,225.49,DEV_N_445,ADDR_N_445,COMPLETED,0,0.0,LOW
ORD_ACC_N_445_8,ACC_N_445,2026-08-21T00:00:00,PROD_123,40.58,DEV_N_445,ADDR_N_445,COMPLETED,0,0.0,LOW
ORD_ACC_N_446_0,ACC_N_446,2026-05-05T00:00:00,PROD_141,54.92,DEV_N_446,ADDR_N_446,COMPLETED,0,0.0,LOW
ORD_ACC_N_446_1,ACC_N_446,2026-03-18T00:00:00,PROD_100,436.87,DEV_N_446,ADDR_N_446,COMPLETED,0,0.0,LOW
ORD_ACC_N_446_2,ACC_N_446,2026-03-10T00:00:00,PROD_140,250.65,DEV_N_446,ADDR_N_446,COMPLETED,0,0.0,LOW
ORD_ACC_N_446_3,ACC_N_446,2025-11-20T00:00:00,PROD_118,374.31,DEV_N_446,ADDR_N_446,COMPLETED,0,0.0,LOW
ORD_ACC_N_446_4,ACC_N_446,2026-04-08T00:00:00,PROD_124,428.54,DEV_N_446,ADDR_N_446,COMPLETED,0,0.0,LOW
ORD_ACC_N_446_5,ACC_N_446,2025-11-04T00:00:00,PROD_109,317.58,DEV_N_446,ADDR_N_446,COMPLETED,0,0.0,LOW
ORD_ACC_N_446_6,ACC_N_446,2026-05-10T00:00:00,PROD_128,223.07,DEV_N_446,ADDR_N_446,COMPLETED,0,0.0,LOW
ORD_ACC_N_446_7,ACC_N_446,2026-02-01T00:00:00,PROD_123,91.86,DEV_N_446,ADDR_N_446,REFUNDED,1,0.0,LOW
ORD_ACC_N_446_8,ACC_N_446,2026-02-24T00:00:00,PROD_104,158.2,DEV_N_446,ADDR_N_446,COMPLETED,0,0.0,LOW
ORD_ACC_N_446_9,ACC_N_446,2026-05-12T00:00:00,PROD_134,406.58,DEV_N_446,ADDR_N_446,COMPLETED,0,0.0,LOW
ORD_ACC_N_446_10,ACC_N_446,2026-06-24T00:00:00,PROD_112,111.4,DEV_N_446,ADDR_N_446,COMPLETED,0,0.0,LOW
ORD_ACC_N_447_0,ACC_N_447,2026-06-10T00:00:00,PROD_105,23.4,DEV_N_447,ADDR_N_447,COMPLETED,0,0.0,LOW
ORD_ACC_N_447_1,ACC_N_447,2026-07-14T00:00:00,PROD_133,374.38,DEV_N_447,ADDR_N_447,COMPLETED,0,0.0,LOW
ORD_ACC_N_447_2,ACC_N_447,2026-07-09T00:00:00,PROD_145,145.95,DEV_N_447,ADDR_N_447,COMPLETED,0,0.0,LOW
ORD_ACC_N_447_3,ACC_N_447,2026-07-03T00:00:00,PROD_149,185.6,DEV_N_447,ADDR_N_447,COMPLETED,0,0.0,LOW
ORD_ACC_N_447_4,ACC_N_447,2026-07-11T00:00:00,PROD_129,268.97,DEV_N_447,ADDR_N_447,COMPLETED,0,0.0,LOW
ORD_ACC_N_447_5,ACC_N_447,2026-08-08T00:00:00,PROD_120,451.93,DEV_N_447,ADDR_N_447,COMPLETED,0,0.0,LOW
ORD_ACC_N_447_6,ACC_N_447,2026-07-16T00:00:00,PROD_108,289.78,DEV_N_447,ADDR_N_447,COMPLETED,0,0.0,LOW
ORD_ACC_N_447_7,ACC_N_447,2026-08-12T00:00:00,PROD_120,434.11,DEV_N_447,ADDR_N_447,COMPLETED,0,0.0,LOW
ORD_ACC_N_447_8,ACC_N_447,2026-06-13T00:00:00,PROD_142,63.31,DEV_N_447,ADDR_N_447,COMPLETED,0,0.0,LOW
ORD_ACC_N_447_9,ACC_N_447,2026-07-14T00:00:00,PROD_146,451.83,DEV_N_447,ADDR_N_447,COMPLETED,0,0.0,LOW
ORD_ACC_N_447_10,ACC_N_447,2026-07-12T00:00:00,PROD_145,45.49,DEV_N_447,ADDR_N_447,COMPLETED,0,0.0,LOW
ORD_ACC_N_447_11,ACC_N_447,2026-08-16T00:00:00,PROD_129,329.8,DEV_N_447,ADDR_N_447,COMPLETED,0,0.0,LOW
ORD_ACC_N_447_12,ACC_N_447,2026-08-06T00:00:00,PROD_113,232.59,DEV_N_447,ADDR_N_447,COMPLETED,0,0.0,LOW
ORD_ACC_N_447_13,ACC_N_447,2026-06-18T00:00:00,PROD_101,483.98,DEV_N_447,ADDR_N_447,COMPLETED,0,0.0,LOW
ORD_ACC_N_447_14,ACC_N_447,2026-08-08T00:00:00,PROD_136,102.82,DEV_N_447,ADDR_N_447,COMPLETED,0,0.0,LOW
ORD_ACC_N_448_0,ACC_N_448,2026-07-10T00:00:00,PROD_146,443.15,DEV_N_448,ADDR_N_448,COMPLETED,0,0.0,LOW
ORD_ACC_N_448_1,ACC_N_448,2026-05-21T00:00:00,PROD_104,176.94,DEV_N_448,ADDR_N_448,COMPLETED,0,0.0,LOW
ORD_ACC_N_448_2,ACC_N_448,2026-08-01T00:00:00,PROD_110,285.51,DEV_N_448,ADDR_N_448,COMPLETED,0,0.0,LOW
ORD_ACC_N_448_3,ACC_N_448,2026-06-09T00:00:00,PROD_136,194.57,DEV_N_448,ADDR_N_448,COMPLETED,0,0.0,LOW
ORD_ACC_N_448_4,ACC_N_448,2026-08-05T00:00:00,PROD_117,173.7,DEV_N_448,ADDR_N_448,COMPLETED,0,0.0,LOW
ORD_ACC_N_448_5,ACC_N_448,2026-08-16T00:00:00,PROD_147,254.77,DEV_N_448,ADDR_N_448,COMPLETED,0,0.0,LOW
ORD_ACC_N_448_6,ACC_N_448,2026-08-03T00:00:00,PROD_115,97.55,DEV_N_448,ADDR_N_448,COMPLETED,0,0.0,LOW
ORD_ACC_N_448_7,ACC_N_448,2026-06-19T00:00:00,PROD_136,179.66,DEV_N_448,ADDR_N_448,COMPLETED,0,0.0,LOW
ORD_ACC_N_448_8,ACC_N_448,2026-06-14T00:00:00,PROD_128,363.44,DEV_N_448,ADDR_N_448,COMPLETED,0,0.0,LOW
ORD_ACC_N_448_9,ACC_N_448,2026-05-18T00:00:00,PROD_100,427.01,DEV_N_448,ADDR_N_448,COMPLETED,0,0.0,LOW
ORD_ACC_N_448_10,ACC_N_448,2026-06-19T00:00:00,PROD_103,103.68,DEV_N_448,ADDR_N_448,COMPLETED,0,0.0,LOW
ORD_ACC_N_448_11,ACC_N_448,2026-07-31T00:00:00,PROD_148,340.03,DEV_N_448,ADDR_N_448,COMPLETED,0,0.0,LOW
ORD_ACC_N_449_0,ACC_N_449,2026-07-05T00:00:00,PROD_120,122.83,DEV_N_449,ADDR_N_449,COMPLETED,0,0.0,LOW
ORD_ACC_N_449_1,ACC_N_449,2026-04-29T00:00:00,PROD_143,82.72,DEV_N_449,ADDR_N_449,REFUNDED,1,0.0,LOW
ORD_ACC_N_449_2,ACC_N_449,2026-02-26T00:00:00,PROD_103,210.62,DEV_N_449,ADDR_N_449,COMPLETED,0,0.0,LOW
ORD_ACC_N_449_3,ACC_N_449,2026-05-27T00:00:00,PROD_116,103.17,DEV_N_449,ADDR_N_449,COMPLETED,0,0.0,LOW
ORD_ACC_N_449_4,ACC_N_449,2025-12-24T00:00:00,PROD_129,311.16,DEV_N_449,ADDR_N_449,COMPLETED,0,0.0,LOW
ORD_ACC_N_449_5,ACC_N_449,2025-12-17T00:00:00,PROD_122,262.84,DEV_N_449,ADDR_N_449,COMPLETED,0,0.0,LOW
ORD_ACC_N_449_6,ACC_N_449,2026-02-22T00:00:00,PROD_115,340.33,DEV_N_449,ADDR_N_449,COMPLETED,0,0.0,LOW
ORD_ACC_N_449_7,ACC_N_449,2026-02-11T00:00:00,PROD_148,463.67,DEV_N_449,ADDR_N_449,COMPLETED,0,0.0,LOW
ORD_ACC_N_449_8,ACC_N_449,2026-05-20T00:00:00,PROD_115,28.32,DEV_N_449,ADDR_N_449,COMPLETED,0,0.0,LOW
ORD_ACC_N_449_9,ACC_N_449,2026-07-21T00:00:00,PROD_136,411.04,DEV_N_449,ADDR_N_449,COMPLETED,0,0.0,LOW
ORD_ACC_N_449_10,ACC_N_449,2026-07-06T00:00:00,PROD_110,240.9,DEV_N_449,ADDR_N_449,COMPLETED,0,0.0,LOW
ORD_ACC_N_449_11,ACC_N_449,2026-07-15T00:00:00,PROD_136,30.96,DEV_N_449,ADDR_N_449,COMPLETED,0,0.0,LOW
ORD_ACC_N_450_0,ACC_N_450,2026-03-06T00:00:00,PROD_112,338.72,DEV_N_449,ADDR_N_449,COMPLETED,0,0.0,LOW
ORD_ACC_N_450_1,ACC_N_450,2026-04-12T00:00:00,PROD_112,333.8,DEV_N_449,ADDR_N_449,COMPLETED,0,0.0,LOW
ORD_ACC_N_450_2,ACC_N_450,2026-05-23T00:00:00,PROD_130,457.59,DEV_N_449,ADDR_N_449,COMPLETED,0,0.0,LOW
ORD_ACC_N_450_3,ACC_N_450,2026-05-16T00:00:00,PROD_138,349.65,DEV_N_449,ADDR_N_449,COMPLETED,0,0.0,LOW
ORD_ACC_N_450_4,ACC_N_450,2026-06-18T00:00:00,PROD_146,210.95,DEV_N_449,ADDR_N_449,COMPLETED,0,0.0,LOW
ORD_ACC_N_450_5,ACC_N_450,2026-07-03T00:00:00,PROD_143,119.48,DEV_N_449,ADDR_N_449,COMPLETED,0,0.0,LOW
ORD_ACC_N_450_6,ACC_N_450,2026-02-03T00:00:00,PROD_103,243.95,DEV_N_449,ADDR_N_449,COMPLETED,0,0.0,LOW
ORD_ACC_N_450_7,ACC_N_450,2026-07-17T00:00:00,PROD_106,75.65,DEV_N_449,ADDR_N_449,COMPLETED,0,0.0,LOW
ORD_ACC_N_450_8,ACC_N_450,2026-05-31T00:00:00,PROD_102,40.09,DEV_N_449,ADDR_N_449,COMPLETED,0,0.0,LOW
ORD_ACC_N_450_9,ACC_N_450,2026-06-23T00:00:00,PROD_133,367.04,DEV_N_449,ADDR_N_449,COMPLETED,0,0.0,LOW
ORD_ACC_N_450_10,ACC_N_450,2026-04-26T00:00:00,PROD_146,115.02,DEV_N_449,ADDR_N_449,COMPLETED,0,0.0,LOW
ORD_ACC_N_450_11,ACC_N_450,2026-08-13T00:00:00,PROD_124,160.93,DEV_N_449,ADDR_N_449,COMPLETED,0,0.0,LOW
ORD_ACC_N_451_0,ACC_N_451,2026-08-30T00:00:00,PROD_142,336.96,DEV_N_451,ADDR_N_451,COMPLETED,0,0.0,LOW
ORD_ACC_N_451_1,ACC_N_451,2026-05-24T00:00:00,PROD_118,270.08,DEV_N_451,ADDR_N_451,COMPLETED,0,0.0,LOW
ORD_ACC_N_451_2,ACC_N_451,2026-08-19T00:00:00,PROD_135,63.25,DEV_N_451,ADDR_N_451,REFUNDED,1,0.0,LOW
ORD_ACC_N_451_3,ACC_N_451,2026-08-14T00:00:00,PROD_136,462.53,DEV_N_451,ADDR_N_451,COMPLETED,0,0.0,LOW
ORD_ACC_N_451_4,ACC_N_451,2026-08-14T00:00:00,PROD_108,92.06,DEV_N_451,ADDR_N_451,COMPLETED,0,0.0,LOW
ORD_ACC_N_451_5,ACC_N_451,2026-05-16T00:00:00,PROD_123,415.15,DEV_N_451,ADDR_N_451,COMPLETED,0,0.0,LOW
ORD_ACC_N_451_6,ACC_N_451,2026-05-31T00:00:00,PROD_147,202.64,DEV_N_451,ADDR_N_451,COMPLETED,0,0.0,LOW
ORD_ACC_N_451_7,ACC_N_451,2026-05-20T00:00:00,PROD_136,466.74,DEV_N_451,ADDR_N_451,COMPLETED,0,0.0,LOW
ORD_ACC_N_451_8,ACC_N_451,2026-07-18T00:00:00,PROD_131,81.54,DEV_N_451,ADDR_N_451,COMPLETED,0,0.0,LOW
ORD_ACC_N_452_0,ACC_N_452,2026-08-02T00:00:00,PROD_127,76.95,DEV_N_452,ADDR_N_452,COMPLETED,0,0.0,LOW
ORD_ACC_N_452_1,ACC_N_452,2026-07-27T00:00:00,PROD_119,176.79,DEV_N_452,ADDR_N_452,COMPLETED,0,0.0,LOW
ORD_ACC_N_452_2,ACC_N_452,2026-08-18T00:00:00,PROD_104,426.24,DEV_N_452,ADDR_N_452,COMPLETED,0,0.0,LOW
ORD_ACC_N_452_3,ACC_N_452,2026-08-30T00:00:00,PROD_103,87.61,DEV_N_452,ADDR_N_452,COMPLETED,0,0.0,LOW
ORD_ACC_N_453_0,ACC_N_453,2026-08-11T00:00:00,PROD_117,250.07,DEV_N_453,ADDR_N_453,COMPLETED,0,0.0,LOW
ORD_ACC_N_453_1,ACC_N_453,2026-08-10T00:00:00,PROD_146,307.55,DEV_N_453,ADDR_N_453,COMPLETED,0,0.0,LOW
ORD_ACC_N_453_2,ACC_N_453,2026-07-07T00:00:00,PROD_126,224.58,DEV_N_453,ADDR_N_453,COMPLETED,0,0.0,LOW
ORD_ACC_N_453_3,ACC_N_453,2026-08-15T00:00:00,PROD_141,80.71,DEV_N_453,ADDR_N_453,COMPLETED,0,0.0,LOW
ORD_ACC_N_453_4,ACC_N_453,2026-07-19T00:00:00,PROD_110,173.33,DEV_N_453,ADDR_N_453,COMPLETED,0,0.0,LOW
ORD_ACC_N_453_5,ACC_N_453,2026-08-03T00:00:00,PROD_102,356.58,DEV_N_453,ADDR_N_453,COMPLETED,0,0.0,LOW
ORD_ACC_N_454_0,ACC_N_454,2026-08-30T00:00:00,PROD_125,315.75,DEV_N_454,ADDR_N_454,COMPLETED,0,0.0,LOW
ORD_ACC_N_454_1,ACC_N_454,2026-07-26T00:00:00,PROD_123,458.82,DEV_N_454,ADDR_N_454,COMPLETED,0,0.0,LOW
ORD_ACC_N_455_0,ACC_N_455,2026-08-15T00:00:00,PROD_149,198.03,DEV_N_455,ADDR_N_455,COMPLETED,0,0.0,LOW
ORD_ACC_N_455_1,ACC_N_455,2026-05-28T00:00:00,PROD_115,156.82,DEV_N_455,ADDR_N_455,COMPLETED,0,0.0,LOW
ORD_ACC_N_455_2,ACC_N_455,2026-05-01T00:00:00,PROD_116,423.96,DEV_N_455,ADDR_N_455,COMPLETED,0,0.0,LOW
ORD_ACC_N_455_3,ACC_N_455,2026-05-12T00:00:00,PROD_103,21.31,DEV_N_455,ADDR_N_455,REFUNDED,1,0.0,LOW
ORD_ACC_N_455_4,ACC_N_455,2026-07-31T00:00:00,PROD_147,38.59,DEV_N_455,ADDR_N_455,REFUNDED,1,0.0,LOW
ORD_ACC_N_455_5,ACC_N_455,2026-07-04T00:00:00,PROD_148,68.18,DEV_N_455,ADDR_N_455,COMPLETED,0,0.0,LOW
ORD_ACC_N_455_6,ACC_N_455,2026-04-28T00:00:00,PROD_134,97.7,DEV_N_455,ADDR_N_455,COMPLETED,0,0.0,LOW
ORD_ACC_N_455_7,ACC_N_455,2026-04-21T00:00:00,PROD_123,66.77,DEV_N_455,ADDR_N_455,COMPLETED,0,0.0,LOW
ORD_ACC_N_455_8,ACC_N_455,2026-08-04T00:00:00,PROD_146,91.1,DEV_N_455,ADDR_N_455,REFUNDED,1,0.0,LOW
ORD_ACC_N_455_9,ACC_N_455,2026-08-16T00:00:00,PROD_102,242.46,DEV_N_455,ADDR_N_455,COMPLETED,0,0.0,LOW
ORD_ACC_N_456_0,ACC_N_456,2026-06-29T00:00:00,PROD_121,45.86,DEV_N_456,ADDR_N_456,COMPLETED,0,0.0,LOW
ORD_ACC_N_456_1,ACC_N_456,2026-08-19T00:00:00,PROD_133,410.24,DEV_N_456,ADDR_N_456,COMPLETED,0,0.0,LOW
ORD_ACC_N_457_0,ACC_N_457,2026-05-21T00:00:00,PROD_145,404.49,DEV_N_457,ADDR_N_457,COMPLETED,0,0.0,LOW
ORD_ACC_N_457_1,ACC_N_457,2026-08-19T00:00:00,PROD_122,28.37,DEV_N_457,ADDR_N_457,COMPLETED,0,0.0,LOW
ORD_ACC_N_457_2,ACC_N_457,2026-03-03T00:00:00,PROD_138,234.47,DEV_N_457,ADDR_N_457,COMPLETED,0,0.0,LOW
ORD_ACC_N_457_3,ACC_N_457,2025-12-20T00:00:00,PROD_100,34.25,DEV_N_457,ADDR_N_457,COMPLETED,0,0.0,LOW
ORD_ACC_N_457_4,ACC_N_457,2026-05-22T00:00:00,PROD_149,499.88,DEV_N_457,ADDR_N_457,COMPLETED,0,0.0,LOW
ORD_ACC_N_458_0,ACC_N_458,2026-06-12T00:00:00,PROD_128,414.84,DEV_N_458,ADDR_N_458,COMPLETED,0,0.0,LOW
ORD_ACC_N_458_1,ACC_N_458,2026-01-20T00:00:00,PROD_109,447.03,DEV_N_458,ADDR_N_458,COMPLETED,0,0.0,LOW
ORD_ACC_N_458_2,ACC_N_458,2026-03-04T00:00:00,PROD_108,300.87,DEV_N_458,ADDR_N_458,COMPLETED,0,0.0,LOW
ORD_ACC_N_458_3,ACC_N_458,2026-08-22T00:00:00,PROD_125,35.4,DEV_N_458,ADDR_N_458,COMPLETED,0,0.0,LOW
ORD_ACC_N_458_4,ACC_N_458,2026-01-26T00:00:00,PROD_140,68.08,DEV_N_458,ADDR_N_458,COMPLETED,0,0.0,LOW
ORD_ACC_N_458_5,ACC_N_458,2026-08-19T00:00:00,PROD_103,382.45,DEV_N_458,ADDR_N_458,COMPLETED,0,0.0,LOW
ORD_ACC_N_458_6,ACC_N_458,2025-11-03T00:00:00,PROD_116,253.11,DEV_N_458,ADDR_N_458,COMPLETED,0,0.0,LOW
ORD_ACC_N_459_0,ACC_N_459,2026-08-23T00:00:00,PROD_135,301.07,DEV_N_459,ADDR_N_459,COMPLETED,0,0.0,LOW
ORD_ACC_N_459_1,ACC_N_459,2026-08-13T00:00:00,PROD_140,383.5,DEV_N_459,ADDR_N_459,COMPLETED,0,0.0,LOW
ORD_ACC_N_459_2,ACC_N_459,2026-08-13T00:00:00,PROD_145,21.45,DEV_N_459,ADDR_N_459,COMPLETED,0,0.0,LOW
ORD_ACC_N_459_3,ACC_N_459,2026-08-21T00:00:00,PROD_139,396.54,DEV_N_459,ADDR_N_459,REFUNDED,1,0.0,LOW
ORD_ACC_N_459_4,ACC_N_459,2026-08-30T00:00:00,PROD_138,407.76,DEV_N_459,ADDR_N_459,COMPLETED,0,0.0,LOW
ORD_ACC_N_459_5,ACC_N_459,2026-08-19T00:00:00,PROD_131,396.0,DEV_N_459,ADDR_N_459,COMPLETED,0,0.0,LOW
ORD_ACC_N_459_6,ACC_N_459,2026-08-29T00:00:00,PROD_143,115.36,DEV_N_459,ADDR_N_459,COMPLETED,0,0.0,LOW
ORD_ACC_N_459_7,ACC_N_459,2026-08-18T00:00:00,PROD_118,203.47,DEV_N_459,ADDR_N_459,COMPLETED,0,0.0,LOW
ORD_ACC_N_459_8,ACC_N_459,2026-08-18T00:00:00,PROD_109,455.88,DEV_N_459,ADDR_N_459,COMPLETED,0,0.0,LOW
ORD_ACC_N_459_9,ACC_N_459,2026-08-16T00:00:00,PROD_130,157.59,DEV_N_459,ADDR_N_459,REFUNDED,1,0.0,LOW
ORD_ACC_N_459_10,ACC_N_459,2026-08-24T00:00:00,PROD_120,131.98,DEV_N_459,ADDR_N_459,COMPLETED,0,0.0,LOW
ORD_ACC_N_459_11,ACC_N_459,2026-08-26T00:00:00,PROD_132,121.25,DEV_N_459,ADDR_N_459,COMPLETED,0,0.0,LOW
ORD_ACC_N_460_0,ACC_N_460,2025-11-06T00:00:00,PROD_139,292.86,DEV_N_459,ADDR_N_459,COMPLETED,0,0.0,LOW
ORD_ACC_N_460_1,ACC_N_460,2026-08-24T00:00:00,PROD_116,52.16,DEV_N_459,ADDR_N_459,COMPLETED,0,0.0,LOW
ORD_ACC_N_460_2,ACC_N_460,2026-01-23T00:00:00,PROD_108,427.1,DEV_N_459,ADDR_N_459,COMPLETED,0,0.0,LOW
ORD_ACC_N_460_3,ACC_N_460,2026-05-14T00:00:00,PROD_134,244.29,DEV_N_459,ADDR_N_459,COMPLETED,0,0.0,LOW
ORD_ACC_N_460_4,ACC_N_460,2026-07-08T00:00:00,PROD_110,62.73,DEV_N_459,ADDR_N_459,COMPLETED,0,0.0,LOW
ORD_ACC_N_461_0,ACC_N_461,2025-10-14T00:00:00,PROD_134,144.56,DEV_N_461,ADDR_N_461,COMPLETED,0,0.0,LOW
ORD_ACC_N_461_1,ACC_N_461,2026-05-03T00:00:00,PROD_139,197.3,DEV_N_461,ADDR_N_461,COMPLETED,0,0.0,LOW
ORD_ACC_N_461_2,ACC_N_461,2025-12-12T00:00:00,PROD_149,305.83,DEV_N_461,ADDR_N_461,COMPLETED,0,0.0,LOW
ORD_ACC_N_461_3,ACC_N_461,2026-01-14T00:00:00,PROD_105,452.4,DEV_N_461,ADDR_N_461,COMPLETED,0,0.0,LOW
ORD_ACC_N_461_4,ACC_N_461,2026-08-20T00:00:00,PROD_140,370.86,DEV_N_461,ADDR_N_461,COMPLETED,0,0.0,LOW
ORD_ACC_N_461_5,ACC_N_461,2026-04-05T00:00:00,PROD_104,465.35,DEV_N_461,ADDR_N_461,COMPLETED,0,0.0,LOW
ORD_ACC_N_461_6,ACC_N_461,2026-02-08T00:00:00,PROD_108,449.2,DEV_N_461,ADDR_N_461,COMPLETED,0,0.0,LOW
ORD_ACC_N_461_7,ACC_N_461,2026-07-01T00:00:00,PROD_122,236.62,DEV_N_461,ADDR_N_461,COMPLETED,0,0.0,LOW
ORD_ACC_N_461_8,ACC_N_461,2025-12-12T00:00:00,PROD_128,373.97,DEV_N_461,ADDR_N_461,COMPLETED,0,0.0,LOW
ORD_ACC_N_461_9,ACC_N_461,2026-02-21T00:00:00,PROD_111,230.08,DEV_N_461,ADDR_N_461,REFUNDED,1,0.0,LOW
ORD_ACC_N_461_10,ACC_N_461,2026-04-21T00:00:00,PROD_120,279.25,DEV_N_461,ADDR_N_461,COMPLETED,0,0.0,LOW
ORD_ACC_N_461_11,ACC_N_461,2026-07-15T00:00:00,PROD_112,417.83,DEV_N_461,ADDR_N_461,COMPLETED,0,0.0,LOW
ORD_ACC_N_461_12,ACC_N_461,2025-11-16T00:00:00,PROD_105,60.86,DEV_N_461,ADDR_N_461,COMPLETED,0,0.0,LOW
ORD_ACC_N_462_0,ACC_N_462,2026-06-29T00:00:00,PROD_110,343.68,DEV_N_462,ADDR_N_462,COMPLETED,0,0.0,LOW
ORD_ACC_N_462_1,ACC_N_462,2026-06-07T00:00:00,PROD_109,223.27,DEV_N_462,ADDR_N_462,COMPLETED,0,0.0,LOW
ORD_ACC_N_462_2,ACC_N_462,2026-07-12T00:00:00,PROD_130,297.73,DEV_N_462,ADDR_N_462,COMPLETED,0,0.0,LOW
ORD_ACC_N_462_3,ACC_N_462,2026-07-28T00:00:00,PROD_145,40.7,DEV_N_462,ADDR_N_462,COMPLETED,0,0.0,LOW
ORD_ACC_N_462_4,ACC_N_462,2026-07-29T00:00:00,PROD_137,454.27,DEV_N_462,ADDR_N_462,COMPLETED,0,0.0,LOW
ORD_ACC_N_462_5,ACC_N_462,2026-08-17T00:00:00,PROD_135,190.21,DEV_N_462,ADDR_N_462,REFUNDED,1,0.0,LOW
ORD_ACC_N_462_6,ACC_N_462,2026-06-30T00:00:00,PROD_144,156.38,DEV_N_462,ADDR_N_462,COMPLETED,0,0.0,LOW
ORD_ACC_N_462_7,ACC_N_462,2026-06-21T00:00:00,PROD_122,127.58,DEV_N_462,ADDR_N_462,COMPLETED,0,0.0,LOW
ORD_ACC_N_462_8,ACC_N_462,2026-07-04T00:00:00,PROD_142,298.9,DEV_N_462,ADDR_N_462,COMPLETED,0,0.0,LOW
ORD_ACC_N_463_0,ACC_N_463,2026-06-11T00:00:00,PROD_126,41.68,DEV_N_463,ADDR_N_463,COMPLETED,0,0.0,LOW
ORD_ACC_N_463_1,ACC_N_463,2026-06-14T00:00:00,PROD_146,200.63,DEV_N_463,ADDR_N_463,COMPLETED,0,0.0,LOW
ORD_ACC_N_463_2,ACC_N_463,2026-06-14T00:00:00,PROD_132,226.07,DEV_N_463,ADDR_N_463,COMPLETED,0,0.0,LOW
ORD_ACC_N_463_3,ACC_N_463,2026-08-12T00:00:00,PROD_135,51.08,DEV_N_463,ADDR_N_463,REFUNDED,1,0.0,LOW
ORD_ACC_N_463_4,ACC_N_463,2026-07-13T00:00:00,PROD_122,88.32,DEV_N_463,ADDR_N_463,COMPLETED,0,0.0,LOW
ORD_ACC_N_464_0,ACC_N_464,2026-05-19T00:00:00,PROD_100,152.1,DEV_N_464,ADDR_N_464,COMPLETED,0,0.0,LOW
ORD_ACC_N_464_1,ACC_N_464,2026-07-06T00:00:00,PROD_144,147.64,DEV_N_464,ADDR_N_464,COMPLETED,0,0.0,LOW
ORD_ACC_N_464_2,ACC_N_464,2026-07-04T00:00:00,PROD_108,314.76,DEV_N_464,ADDR_N_464,COMPLETED,0,0.0,LOW
ORD_ACC_N_464_3,ACC_N_464,2026-05-22T00:00:00,PROD_148,250.17,DEV_N_464,ADDR_N_464,COMPLETED,0,0.0,LOW
ORD_ACC_N_464_4,ACC_N_464,2026-05-10T00:00:00,PROD_101,308.93,DEV_N_464,ADDR_N_464,COMPLETED,0,0.0,LOW
ORD_ACC_N_464_5,ACC_N_464,2026-08-15T00:00:00,PROD_107,62.81,DEV_N_464,ADDR_N_464,COMPLETED,0,0.0,LOW
ORD_ACC_N_464_6,ACC_N_464,2026-06-29T00:00:00,PROD_138,191.72,DEV_N_464,ADDR_N_464,COMPLETED,0,0.0,LOW
ORD_ACC_N_464_7,ACC_N_464,2026-07-10T00:00:00,PROD_113,363.07,DEV_N_464,ADDR_N_464,COMPLETED,0,0.0,LOW
ORD_ACC_N_464_8,ACC_N_464,2026-05-19T00:00:00,PROD_115,449.33,DEV_N_464,ADDR_N_464,COMPLETED,0,0.0,LOW
ORD_ACC_N_464_9,ACC_N_464,2026-06-27T00:00:00,PROD_125,174.18,DEV_N_464,ADDR_N_464,COMPLETED,0,0.0,LOW
ORD_ACC_N_464_10,ACC_N_464,2026-08-26T00:00:00,PROD_117,456.8,DEV_N_464,ADDR_N_464,COMPLETED,0,0.0,LOW
ORD_ACC_N_464_11,ACC_N_464,2026-04-27T00:00:00,PROD_106,89.43,DEV_N_464,ADDR_N_464,COMPLETED,0,0.0,LOW
ORD_ACC_N_464_12,ACC_N_464,2026-06-11T00:00:00,PROD_144,332.14,DEV_N_464,ADDR_N_464,COMPLETED,0,0.0,LOW
ORD_ACC_N_464_13,ACC_N_464,2026-06-22T00:00:00,PROD_125,33.56,DEV_N_464,ADDR_N_464,COMPLETED,0,0.0,LOW
ORD_ACC_N_465_0,ACC_N_465,2026-02-23T00:00:00,PROD_147,252.44,DEV_N_465,ADDR_N_465,COMPLETED,0,0.0,LOW
ORD_ACC_N_465_1,ACC_N_465,2026-02-15T00:00:00,PROD_138,267.58,DEV_N_465,ADDR_N_465,COMPLETED,0,0.0,LOW
ORD_ACC_N_465_2,ACC_N_465,2026-04-07T00:00:00,PROD_134,381.44,DEV_N_465,ADDR_N_465,COMPLETED,0,0.0,LOW
ORD_ACC_N_465_3,ACC_N_465,2025-12-30T00:00:00,PROD_125,455.63,DEV_N_465,ADDR_N_465,REFUNDED,1,0.0,LOW
ORD_ACC_N_465_4,ACC_N_465,2026-07-25T00:00:00,PROD_117,66.51,DEV_N_465,ADDR_N_465,COMPLETED,0,0.0,LOW
ORD_ACC_N_465_5,ACC_N_465,2026-04-21T00:00:00,PROD_114,426.94,DEV_N_465,ADDR_N_465,COMPLETED,0,0.0,LOW
ORD_ACC_N_465_6,ACC_N_465,2026-03-25T00:00:00,PROD_124,108.66,DEV_N_465,ADDR_N_465,COMPLETED,0,0.0,LOW
ORD_ACC_N_465_7,ACC_N_465,2026-04-14T00:00:00,PROD_139,222.65,DEV_N_465,ADDR_N_465,COMPLETED,0,0.0,LOW
ORD_ACC_N_465_8,ACC_N_465,2026-03-06T00:00:00,PROD_139,488.12,DEV_N_465,ADDR_N_465,COMPLETED,0,0.0,LOW
ORD_ACC_N_465_9,ACC_N_465,2026-05-11T00:00:00,PROD_136,169.58,DEV_N_465,ADDR_N_465,COMPLETED,0,0.0,LOW
ORD_ACC_N_465_10,ACC_N_465,2026-03-08T00:00:00,PROD_121,448.41,DEV_N_465,ADDR_N_465,COMPLETED,0,0.0,LOW
ORD_ACC_N_465_11,ACC_N_465,2026-06-26T00:00:00,PROD_103,489.87,DEV_N_465,ADDR_N_465,COMPLETED,0,0.0,LOW
ORD_ACC_N_465_12,ACC_N_465,2026-07-31T00:00:00,PROD_143,314.57,DEV_N_465,ADDR_N_465,COMPLETED,0,0.0,LOW
ORD_ACC_N_466_0,ACC_N_466,2026-08-01T00:00:00,PROD_124,497.45,DEV_N_466,ADDR_N_466,COMPLETED,0,0.0,LOW
ORD_ACC_N_466_1,ACC_N_466,2026-08-09T00:00:00,PROD_127,74.43,DEV_N_466,ADDR_N_466,COMPLETED,0,0.0,LOW
ORD_ACC_N_466_2,ACC_N_466,2026-08-17T00:00:00,PROD_149,419.61,DEV_N_466,ADDR_N_466,COMPLETED,0,0.0,LOW
ORD_ACC_N_466_3,ACC_N_466,2026-08-06T00:00:00,PROD_126,119.43,DEV_N_466,ADDR_N_466,COMPLETED,0,0.0,LOW
ORD_ACC_N_466_4,ACC_N_466,2026-08-25T00:00:00,PROD_123,267.04,DEV_N_466,ADDR_N_466,COMPLETED,0,0.0,LOW
ORD_ACC_N_466_5,ACC_N_466,2026-08-28T00:00:00,PROD_101,201.91,DEV_N_466,ADDR_N_466,REFUNDED,1,0.0,LOW
ORD_ACC_N_466_6,ACC_N_466,2026-08-12T00:00:00,PROD_137,407.36,DEV_N_466,ADDR_N_466,COMPLETED,0,0.0,LOW
ORD_ACC_N_466_7,ACC_N_466,2026-08-20T00:00:00,PROD_124,42.54,DEV_N_466,ADDR_N_466,COMPLETED,0,0.0,LOW
ORD_ACC_N_466_8,ACC_N_466,2026-07-27T00:00:00,PROD_126,314.43,DEV_N_466,ADDR_N_466,COMPLETED,0,0.0,LOW
ORD_ACC_N_466_9,ACC_N_466,2026-08-11T00:00:00,PROD_100,398.81,DEV_N_466,ADDR_N_466,COMPLETED,0,0.0,LOW
ORD_ACC_N_466_10,ACC_N_466,2026-08-11T00:00:00,PROD_148,223.32,DEV_N_466,ADDR_N_466,COMPLETED,0,0.0,LOW
ORD_ACC_N_466_11,ACC_N_466,2026-08-10T00:00:00,PROD_128,278.01,DEV_N_466,ADDR_N_466,REFUNDED,1,0.0,LOW
ORD_ACC_N_466_12,ACC_N_466,2026-08-17T00:00:00,PROD_138,112.3,DEV_N_466,ADDR_N_466,COMPLETED,0,0.0,LOW
ORD_ACC_N_466_13,ACC_N_466,2026-08-04T00:00:00,PROD_123,82.81,DEV_N_466,ADDR_N_466,COMPLETED,0,0.0,LOW
ORD_ACC_N_467_0,ACC_N_467,2026-05-26T00:00:00,PROD_111,395.97,DEV_N_467,ADDR_N_467,COMPLETED,0,0.0,LOW
ORD_ACC_N_467_1,ACC_N_467,2026-06-06T00:00:00,PROD_125,356.29,DEV_N_467,ADDR_N_467,COMPLETED,0,0.0,LOW
ORD_ACC_N_467_2,ACC_N_467,2026-03-30T00:00:00,PROD_103,311.96,DEV_N_467,ADDR_N_467,COMPLETED,0,0.0,LOW
ORD_ACC_N_467_3,ACC_N_467,2026-03-07T00:00:00,PROD_111,467.32,DEV_N_467,ADDR_N_467,COMPLETED,0,0.0,LOW
ORD_ACC_N_467_4,ACC_N_467,2026-07-18T00:00:00,PROD_148,93.03,DEV_N_467,ADDR_N_467,COMPLETED,0,0.0,LOW
ORD_ACC_N_467_5,ACC_N_467,2026-05-14T00:00:00,PROD_142,482.88,DEV_N_467,ADDR_N_467,COMPLETED,0,0.0,LOW
ORD_ACC_N_467_6,ACC_N_467,2026-06-13T00:00:00,PROD_139,212.59,DEV_N_467,ADDR_N_467,COMPLETED,0,0.0,LOW
ORD_ACC_N_467_7,ACC_N_467,2026-05-24T00:00:00,PROD_117,33.32,DEV_N_467,ADDR_N_467,COMPLETED,0,0.0,LOW
ORD_ACC_N_467_8,ACC_N_467,2026-08-08T00:00:00,PROD_132,198.8,DEV_N_467,ADDR_N_467,COMPLETED,0,0.0,LOW
ORD_ACC_N_467_9,ACC_N_467,2026-04-17T00:00:00,PROD_103,402.5,DEV_N_467,ADDR_N_467,COMPLETED,0,0.0,LOW
ORD_ACC_N_467_10,ACC_N_467,2026-02-18T00:00:00,PROD_106,454.13,DEV_N_467,ADDR_N_467,COMPLETED,0,0.0,LOW
ORD_ACC_N_467_11,ACC_N_467,2026-04-03T00:00:00,PROD_145,267.81,DEV_N_467,ADDR_N_467,COMPLETED,0,0.0,LOW
ORD_ACC_N_467_12,ACC_N_467,2026-04-10T00:00:00,PROD_111,81.37,DEV_N_467,ADDR_N_467,COMPLETED,0,0.0,LOW
ORD_ACC_N_467_13,ACC_N_467,2026-04-01T00:00:00,PROD_100,443.59,DEV_N_467,ADDR_N_467,COMPLETED,0,0.0,LOW
ORD_ACC_N_467_14,ACC_N_467,2026-05-09T00:00:00,PROD_116,84.76,DEV_N_467,ADDR_N_467,COMPLETED,0,0.0,LOW
ORD_ACC_N_468_0,ACC_N_468,2026-01-26T00:00:00,PROD_110,56.55,DEV_N_468,ADDR_N_468,COMPLETED,0,0.0,LOW
ORD_ACC_N_468_1,ACC_N_468,2026-05-19T00:00:00,PROD_148,273.81,DEV_N_468,ADDR_N_468,COMPLETED,0,0.0,LOW
ORD_ACC_N_468_2,ACC_N_468,2026-03-09T00:00:00,PROD_137,129.43,DEV_N_468,ADDR_N_468,COMPLETED,0,0.0,LOW
ORD_ACC_N_468_3,ACC_N_468,2025-12-02T00:00:00,PROD_140,43.08,DEV_N_468,ADDR_N_468,COMPLETED,0,0.0,LOW
ORD_ACC_N_468_4,ACC_N_468,2026-02-24T00:00:00,PROD_111,492.03,DEV_N_468,ADDR_N_468,COMPLETED,0,0.0,LOW
ORD_ACC_N_468_5,ACC_N_468,2026-06-27T00:00:00,PROD_148,79.23,DEV_N_468,ADDR_N_468,COMPLETED,0,0.0,LOW
ORD_ACC_N_468_6,ACC_N_468,2025-12-17T00:00:00,PROD_148,175.66,DEV_N_468,ADDR_N_468,COMPLETED,0,0.0,LOW
ORD_ACC_N_468_7,ACC_N_468,2026-08-07T00:00:00,PROD_116,35.09,DEV_N_468,ADDR_N_468,COMPLETED,0,0.0,LOW
ORD_ACC_N_468_8,ACC_N_468,2025-10-01T00:00:00,PROD_121,196.37,DEV_N_468,ADDR_N_468,COMPLETED,0,0.0,LOW
ORD_ACC_N_468_9,ACC_N_468,2026-05-23T00:00:00,PROD_108,425.84,DEV_N_468,ADDR_N_468,COMPLETED,0,0.0,LOW
ORD_ACC_N_468_10,ACC_N_468,2026-06-14T00:00:00,PROD_118,468.63,DEV_N_468,ADDR_N_468,COMPLETED,0,0.0,LOW
ORD_ACC_N_468_11,ACC_N_468,2025-10-21T00:00:00,PROD_131,387.37,DEV_N_468,ADDR_N_468,COMPLETED,0,0.0,LOW
ORD_ACC_N_468_12,ACC_N_468,2026-07-19T00:00:00,PROD_125,236.36,DEV_N_468,ADDR_N_468,COMPLETED,0,0.0,LOW
ORD_ACC_N_469_0,ACC_N_469,2026-06-17T00:00:00,PROD_110,329.63,DEV_N_469,ADDR_N_469,COMPLETED,0,0.0,LOW
ORD_ACC_N_469_1,ACC_N_469,2026-07-19T00:00:00,PROD_135,34.74,DEV_N_469,ADDR_N_469,COMPLETED,0,0.0,LOW
ORD_ACC_N_469_2,ACC_N_469,2026-05-26T00:00:00,PROD_130,348.84,DEV_N_469,ADDR_N_469,COMPLETED,0,0.0,LOW
ORD_ACC_N_469_3,ACC_N_469,2026-08-28T00:00:00,PROD_104,334.43,DEV_N_469,ADDR_N_469,COMPLETED,0,0.0,LOW
ORD_ACC_N_469_4,ACC_N_469,2026-05-24T00:00:00,PROD_116,481.91,DEV_N_469,ADDR_N_469,COMPLETED,0,0.0,LOW
ORD_ACC_N_469_5,ACC_N_469,2026-07-13T00:00:00,PROD_114,35.94,DEV_N_469,ADDR_N_469,COMPLETED,0,0.0,LOW
ORD_ACC_N_469_6,ACC_N_469,2026-04-25T00:00:00,PROD_114,418.28,DEV_N_469,ADDR_N_469,COMPLETED,0,0.0,LOW
ORD_ACC_N_469_7,ACC_N_469,2026-07-04T00:00:00,PROD_144,442.93,DEV_N_469,ADDR_N_469,REFUNDED,1,0.0,LOW
ORD_ACC_N_469_8,ACC_N_469,2026-08-14T00:00:00,PROD_130,363.27,DEV_N_469,ADDR_N_469,COMPLETED,0,0.0,LOW
ORD_ACC_N_469_9,ACC_N_469,2026-06-19T00:00:00,PROD_127,266.81,DEV_N_469,ADDR_N_469,COMPLETED,0,0.0,LOW
ORD_ACC_N_469_10,ACC_N_469,2026-07-18T00:00:00,PROD_142,153.85,DEV_N_469,ADDR_N_469,COMPLETED,0,0.0,LOW
ORD_ACC_N_470_0,ACC_N_470,2026-05-14T00:00:00,PROD_134,45.67,DEV_N_469,ADDR_N_469,COMPLETED,0,0.0,LOW
ORD_ACC_N_470_1,ACC_N_470,2026-08-15T00:00:00,PROD_128,248.05,DEV_N_469,ADDR_N_469,COMPLETED,0,0.0,LOW
ORD_ACC_N_470_2,ACC_N_470,2026-08-04T00:00:00,PROD_148,27.47,DEV_N_469,ADDR_N_469,COMPLETED,0,0.0,LOW
ORD_ACC_N_470_3,ACC_N_470,2026-07-01T00:00:00,PROD_134,328.95,DEV_N_469,ADDR_N_469,COMPLETED,0,0.0,LOW
ORD_ACC_N_470_4,ACC_N_470,2026-04-25T00:00:00,PROD_134,266.0,DEV_N_469,ADDR_N_469,COMPLETED,0,0.0,LOW
ORD_ACC_N_471_0,ACC_N_471,2025-11-08T00:00:00,PROD_132,224.28,DEV_N_471,ADDR_N_471,COMPLETED,0,0.0,LOW
ORD_ACC_N_471_1,ACC_N_471,2025-10-29T00:00:00,PROD_120,49.24,DEV_N_471,ADDR_N_471,COMPLETED,0,0.0,LOW
ORD_ACC_N_471_2,ACC_N_471,2025-11-08T00:00:00,PROD_106,357.48,DEV_N_471,ADDR_N_471,COMPLETED,0,0.0,LOW
ORD_ACC_N_471_3,ACC_N_471,2026-01-13T00:00:00,PROD_114,346.89,DEV_N_471,ADDR_N_471,COMPLETED,0,0.0,LOW
ORD_ACC_N_471_4,ACC_N_471,2026-07-17T00:00:00,PROD_134,433.69,DEV_N_471,ADDR_N_471,COMPLETED,0,0.0,LOW
ORD_ACC_N_471_5,ACC_N_471,2026-04-24T00:00:00,PROD_113,104.01,DEV_N_471,ADDR_N_471,COMPLETED,0,0.0,LOW
ORD_ACC_N_471_6,ACC_N_471,2026-05-08T00:00:00,PROD_115,304.35,DEV_N_471,ADDR_N_471,COMPLETED,0,0.0,LOW
ORD_ACC_N_471_7,ACC_N_471,2025-11-14T00:00:00,PROD_107,400.33,DEV_N_471,ADDR_N_471,COMPLETED,0,0.0,LOW
ORD_ACC_N_471_8,ACC_N_471,2025-12-19T00:00:00,PROD_110,34.44,DEV_N_471,ADDR_N_471,COMPLETED,0,0.0,LOW
ORD_ACC_N_471_9,ACC_N_471,2026-05-16T00:00:00,PROD_132,492.03,DEV_N_471,ADDR_N_471,COMPLETED,0,0.0,LOW
ORD_ACC_N_472_0,ACC_N_472,2026-05-15T00:00:00,PROD_107,100.54,DEV_N_472,ADDR_N_472,COMPLETED,0,0.0,LOW
ORD_ACC_N_472_1,ACC_N_472,2026-05-29T00:00:00,PROD_101,130.41,DEV_N_472,ADDR_N_472,COMPLETED,0,0.0,LOW
ORD_ACC_N_472_2,ACC_N_472,2025-12-07T00:00:00,PROD_107,205.25,DEV_N_472,ADDR_N_472,COMPLETED,0,0.0,LOW
ORD_ACC_N_472_3,ACC_N_472,2026-08-16T00:00:00,PROD_142,263.8,DEV_N_472,ADDR_N_472,COMPLETED,0,0.0,LOW
ORD_ACC_N_472_4,ACC_N_472,2025-12-28T00:00:00,PROD_135,363.14,DEV_N_472,ADDR_N_472,COMPLETED,0,0.0,LOW
ORD_ACC_N_472_5,ACC_N_472,2026-04-02T00:00:00,PROD_105,110.89,DEV_N_472,ADDR_N_472,COMPLETED,0,0.0,LOW
ORD_ACC_N_472_6,ACC_N_472,2026-07-31T00:00:00,PROD_135,460.29,DEV_N_472,ADDR_N_472,COMPLETED,0,0.0,LOW
ORD_ACC_N_472_7,ACC_N_472,2026-03-21T00:00:00,PROD_105,331.94,DEV_N_472,ADDR_N_472,COMPLETED,0,0.0,LOW
ORD_ACC_N_472_8,ACC_N_472,2025-12-13T00:00:00,PROD_117,382.46,DEV_N_472,ADDR_N_472,COMPLETED,0,0.0,LOW
ORD_ACC_N_473_0,ACC_N_473,2026-06-22T00:00:00,PROD_137,113.59,DEV_N_473,ADDR_N_473,COMPLETED,0,0.0,LOW
ORD_ACC_N_473_1,ACC_N_473,2026-07-12T00:00:00,PROD_149,36.74,DEV_N_473,ADDR_N_473,COMPLETED,0,0.0,LOW
ORD_ACC_N_473_2,ACC_N_473,2026-01-09T00:00:00,PROD_111,420.94,DEV_N_473,ADDR_N_473,COMPLETED,0,0.0,LOW
ORD_ACC_N_473_3,ACC_N_473,2026-02-23T00:00:00,PROD_121,412.34,DEV_N_473,ADDR_N_473,COMPLETED,0,0.0,LOW
ORD_ACC_N_473_4,ACC_N_473,2026-02-18T00:00:00,PROD_101,230.02,DEV_N_473,ADDR_N_473,COMPLETED,0,0.0,LOW
ORD_ACC_N_473_5,ACC_N_473,2026-01-20T00:00:00,PROD_124,227.77,DEV_N_473,ADDR_N_473,COMPLETED,0,0.0,LOW
ORD_ACC_N_473_6,ACC_N_473,2026-04-16T00:00:00,PROD_141,64.17,DEV_N_473,ADDR_N_473,REFUNDED,1,0.0,LOW
ORD_ACC_N_473_7,ACC_N_473,2026-03-31T00:00:00,PROD_145,436.4,DEV_N_473,ADDR_N_473,COMPLETED,0,0.0,LOW
ORD_ACC_N_473_8,ACC_N_473,2026-04-09T00:00:00,PROD_120,20.76,DEV_N_473,ADDR_N_473,COMPLETED,0,0.0,LOW
ORD_ACC_N_473_9,ACC_N_473,2026-02-08T00:00:00,PROD_137,314.78,DEV_N_473,ADDR_N_473,COMPLETED,0,0.0,LOW
ORD_ACC_N_473_10,ACC_N_473,2026-01-03T00:00:00,PROD_123,40.14,DEV_N_473,ADDR_N_473,COMPLETED,0,0.0,LOW
ORD_ACC_N_474_0,ACC_N_474,2026-07-09T00:00:00,PROD_109,283.15,DEV_N_474,ADDR_N_474,COMPLETED,0,0.0,LOW
ORD_ACC_N_474_1,ACC_N_474,2026-06-24T00:00:00,PROD_125,368.3,DEV_N_474,ADDR_N_474,COMPLETED,0,0.0,LOW
ORD_ACC_N_474_2,ACC_N_474,2026-07-13T00:00:00,PROD_133,311.33,DEV_N_474,ADDR_N_474,COMPLETED,0,0.0,LOW
ORD_ACC_N_474_3,ACC_N_474,2026-06-23T00:00:00,PROD_140,228.06,DEV_N_474,ADDR_N_474,COMPLETED,0,0.0,LOW
ORD_ACC_N_474_4,ACC_N_474,2026-08-16T00:00:00,PROD_142,246.79,DEV_N_474,ADDR_N_474,COMPLETED,0,0.0,LOW
ORD_ACC_N_474_5,ACC_N_474,2026-05-23T00:00:00,PROD_123,314.9,DEV_N_474,ADDR_N_474,COMPLETED,0,0.0,LOW
ORD_ACC_N_474_6,ACC_N_474,2026-07-08T00:00:00,PROD_104,106.69,DEV_N_474,ADDR_N_474,COMPLETED,0,0.0,LOW
ORD_ACC_N_475_0,ACC_N_475,2026-05-27T00:00:00,PROD_108,31.22,DEV_N_475,ADDR_N_475,COMPLETED,0,0.0,LOW
ORD_ACC_N_475_1,ACC_N_475,2026-01-02T00:00:00,PROD_144,61.75,DEV_N_475,ADDR_N_475,COMPLETED,0,0.0,LOW
ORD_ACC_N_475_2,ACC_N_475,2026-05-07T00:00:00,PROD_136,427.65,DEV_N_475,ADDR_N_475,COMPLETED,0,0.0,LOW
ORD_ACC_N_475_3,ACC_N_475,2026-01-31T00:00:00,PROD_119,438.89,DEV_N_475,ADDR_N_475,COMPLETED,0,0.0,LOW
ORD_ACC_N_475_4,ACC_N_475,2026-04-12T00:00:00,PROD_136,430.29,DEV_N_475,ADDR_N_475,COMPLETED,0,0.0,LOW
ORD_ACC_N_475_5,ACC_N_475,2026-01-04T00:00:00,PROD_129,86.82,DEV_N_475,ADDR_N_475,COMPLETED,0,0.0,LOW
ORD_ACC_N_475_6,ACC_N_475,2026-06-07T00:00:00,PROD_107,265.04,DEV_N_475,ADDR_N_475,COMPLETED,0,0.0,LOW
ORD_ACC_N_475_7,ACC_N_475,2026-04-29T00:00:00,PROD_142,239.32,DEV_N_475,ADDR_N_475,COMPLETED,0,0.0,LOW
ORD_ACC_N_475_8,ACC_N_475,2026-04-29T00:00:00,PROD_104,162.46,DEV_N_475,ADDR_N_475,COMPLETED,0,0.0,LOW
ORD_ACC_N_475_9,ACC_N_475,2026-04-15T00:00:00,PROD_135,343.03,DEV_N_475,ADDR_N_475,COMPLETED,0,0.0,LOW
ORD_ACC_N_475_10,ACC_N_475,2026-06-21T00:00:00,PROD_125,64.11,DEV_N_475,ADDR_N_475,COMPLETED,0,0.0,LOW
ORD_ACC_N_475_11,ACC_N_475,2026-05-12T00:00:00,PROD_138,147.81,DEV_N_475,ADDR_N_475,COMPLETED,0,0.0,LOW
ORD_ACC_N_475_12,ACC_N_475,2026-06-07T00:00:00,PROD_103,265.87,DEV_N_475,ADDR_N_475,COMPLETED,0,0.0,LOW
ORD_ACC_N_475_13,ACC_N_475,2026-02-28T00:00:00,PROD_108,371.08,DEV_N_475,ADDR_N_475,COMPLETED,0,0.0,LOW
ORD_ACC_N_475_14,ACC_N_475,2026-02-02T00:00:00,PROD_123,285.71,DEV_N_475,ADDR_N_475,COMPLETED,0,0.0,LOW
ORD_ACC_N_476_0,ACC_N_476,2026-08-04T00:00:00,PROD_136,394.16,DEV_N_476,ADDR_N_476,COMPLETED,0,0.0,LOW
ORD_ACC_N_476_1,ACC_N_476,2026-08-23T00:00:00,PROD_100,425.39,DEV_N_476,ADDR_N_476,COMPLETED,0,0.0,LOW
ORD_ACC_N_476_2,ACC_N_476,2026-08-30T00:00:00,PROD_140,470.29,DEV_N_476,ADDR_N_476,REFUNDED,1,0.0,LOW
ORD_ACC_N_476_3,ACC_N_476,2026-08-10T00:00:00,PROD_129,216.8,DEV_N_476,ADDR_N_476,COMPLETED,0,0.0,LOW
ORD_ACC_N_476_4,ACC_N_476,2026-08-18T00:00:00,PROD_130,417.09,DEV_N_476,ADDR_N_476,COMPLETED,0,0.0,LOW
ORD_ACC_N_476_5,ACC_N_476,2026-07-30T00:00:00,PROD_120,98.22,DEV_N_476,ADDR_N_476,COMPLETED,0,0.0,LOW
ORD_ACC_N_477_0,ACC_N_477,2026-08-30T00:00:00,PROD_133,253.03,DEV_N_477,ADDR_N_477,COMPLETED,0,0.0,LOW
ORD_ACC_N_478_0,ACC_N_478,2026-07-29T00:00:00,PROD_108,364.2,DEV_N_478,ADDR_N_478,COMPLETED,0,0.0,LOW
ORD_ACC_N_478_1,ACC_N_478,2026-08-22T00:00:00,PROD_149,206.95,DEV_N_478,ADDR_N_478,COMPLETED,0,0.0,LOW
ORD_ACC_N_478_2,ACC_N_478,2026-08-31T00:00:00,PROD_122,251.11,DEV_N_478,ADDR_N_478,COMPLETED,0,0.0,LOW
ORD_ACC_N_478_3,ACC_N_478,2026-06-10T00:00:00,PROD_105,355.05,DEV_N_478,ADDR_N_478,COMPLETED,0,0.0,LOW
ORD_ACC_N_478_4,ACC_N_478,2026-06-19T00:00:00,PROD_111,198.46,DEV_N_478,ADDR_N_478,REFUNDED,1,0.0,LOW
ORD_ACC_N_478_5,ACC_N_478,2026-06-08T00:00:00,PROD_105,61.36,DEV_N_478,ADDR_N_478,COMPLETED,0,0.0,LOW
ORD_ACC_N_478_6,ACC_N_478,2026-07-16T00:00:00,PROD_128,129.16,DEV_N_478,ADDR_N_478,COMPLETED,0,0.0,LOW
ORD_ACC_N_478_7,ACC_N_478,2026-06-20T00:00:00,PROD_129,85.36,DEV_N_478,ADDR_N_478,REFUNDED,1,0.0,LOW
ORD_ACC_N_478_8,ACC_N_478,2026-06-17T00:00:00,PROD_130,170.68,DEV_N_478,ADDR_N_478,REFUNDED,1,0.0,LOW
ORD_ACC_N_478_9,ACC_N_478,2026-06-28T00:00:00,PROD_145,295.52,DEV_N_478,ADDR_N_478,COMPLETED,0,0.0,LOW
ORD_ACC_N_478_10,ACC_N_478,2026-06-03T00:00:00,PROD_109,160.66,DEV_N_478,ADDR_N_478,COMPLETED,0,0.0,LOW
ORD_ACC_N_478_11,ACC_N_478,2026-06-26T00:00:00,PROD_136,244.8,DEV_N_478,ADDR_N_478,COMPLETED,0,0.0,LOW
ORD_ACC_N_479_0,ACC_N_479,2026-07-29T00:00:00,PROD_130,305.69,DEV_N_479,ADDR_N_479,COMPLETED,0,0.0,LOW
ORD_ACC_N_479_1,ACC_N_479,2026-05-18T00:00:00,PROD_139,421.44,DEV_N_479,ADDR_N_479,COMPLETED,0,0.0,LOW
ORD_ACC_N_479_2,ACC_N_479,2026-07-26T00:00:00,PROD_119,489.15,DEV_N_479,ADDR_N_479,COMPLETED,0,0.0,LOW
ORD_ACC_N_479_3,ACC_N_479,2026-08-10T00:00:00,PROD_149,122.34,DEV_N_479,ADDR_N_479,COMPLETED,0,0.0,LOW
ORD_ACC_N_479_4,ACC_N_479,2026-08-22T00:00:00,PROD_122,143.75,DEV_N_479,ADDR_N_479,REFUNDED,1,0.0,LOW
ORD_ACC_N_479_5,ACC_N_479,2026-05-20T00:00:00,PROD_129,126.45,DEV_N_479,ADDR_N_479,COMPLETED,0,0.0,LOW
ORD_ACC_N_480_0,ACC_N_480,2026-05-23T00:00:00,PROD_116,399.52,DEV_N_479,ADDR_N_479,COMPLETED,0,0.0,LOW
ORD_ACC_N_480_1,ACC_N_480,2026-05-26T00:00:00,PROD_109,443.03,DEV_N_479,ADDR_N_479,COMPLETED,0,0.0,LOW
ORD_ACC_N_480_2,ACC_N_480,2026-06-25T00:00:00,PROD_134,49.03,DEV_N_479,ADDR_N_479,COMPLETED,0,0.0,LOW
ORD_ACC_N_480_3,ACC_N_480,2026-08-27T00:00:00,PROD_137,377.76,DEV_N_479,ADDR_N_479,COMPLETED,0,0.0,LOW
ORD_ACC_N_480_4,ACC_N_480,2026-08-03T00:00:00,PROD_119,495.07,DEV_N_479,ADDR_N_479,COMPLETED,0,0.0,LOW
ORD_ACC_N_480_5,ACC_N_480,2026-06-28T00:00:00,PROD_111,113.71,DEV_N_479,ADDR_N_479,COMPLETED,0,0.0,LOW
ORD_ACC_N_480_6,ACC_N_480,2026-05-21T00:00:00,PROD_140,129.37,DEV_N_479,ADDR_N_479,COMPLETED,0,0.0,LOW
ORD_ACC_N_480_7,ACC_N_480,2026-07-11T00:00:00,PROD_121,459.2,DEV_N_479,ADDR_N_479,COMPLETED,0,0.0,LOW
ORD_ACC_N_480_8,ACC_N_480,2026-08-25T00:00:00,PROD_117,233.85,DEV_N_479,ADDR_N_479,COMPLETED,0,0.0,LOW
ORD_ACC_N_480_9,ACC_N_480,2026-07-12T00:00:00,PROD_122,192.85,DEV_N_479,ADDR_N_479,COMPLETED,0,0.0,LOW
ORD_ACC_N_480_10,ACC_N_480,2026-07-16T00:00:00,PROD_136,481.24,DEV_N_479,ADDR_N_479,COMPLETED,0,0.0,LOW
ORD_ACC_N_480_11,ACC_N_480,2026-05-30T00:00:00,PROD_134,415.83,DEV_N_479,ADDR_N_479,COMPLETED,0,0.0,LOW
ORD_ACC_N_480_12,ACC_N_480,2026-05-08T00:00:00,PROD_131,387.52,DEV_N_479,ADDR_N_479,COMPLETED,0,0.0,LOW
ORD_ACC_N_480_13,ACC_N_480,2026-05-30T00:00:00,PROD_106,33.23,DEV_N_479,ADDR_N_479,COMPLETED,0,0.0,LOW
ORD_ACC_N_480_14,ACC_N_480,2026-08-19T00:00:00,PROD_129,476.5,DEV_N_479,ADDR_N_479,COMPLETED,0,0.0,LOW
ORD_ACC_N_481_0,ACC_N_481,2026-03-31T00:00:00,PROD_121,493.41,DEV_N_481,ADDR_N_481,REFUNDED,1,0.0,LOW
ORD_ACC_N_481_1,ACC_N_481,2026-03-10T00:00:00,PROD_111,206.75,DEV_N_481,ADDR_N_481,COMPLETED,0,0.0,LOW
ORD_ACC_N_482_0,ACC_N_482,2026-02-05T00:00:00,PROD_114,364.2,DEV_N_482,ADDR_N_482,COMPLETED,0,0.0,LOW
ORD_ACC_N_483_0,ACC_N_483,2026-08-10T00:00:00,PROD_105,347.64,DEV_N_483,ADDR_N_483,COMPLETED,0,0.0,LOW
ORD_ACC_N_483_1,ACC_N_483,2026-07-16T00:00:00,PROD_136,230.11,DEV_N_483,ADDR_N_483,COMPLETED,0,0.0,LOW
ORD_ACC_N_483_2,ACC_N_483,2026-08-16T00:00:00,PROD_148,25.08,DEV_N_483,ADDR_N_483,COMPLETED,0,0.0,LOW
ORD_ACC_N_483_3,ACC_N_483,2026-08-11T00:00:00,PROD_146,173.36,DEV_N_483,ADDR_N_483,COMPLETED,0,0.0,LOW
ORD_ACC_N_483_4,ACC_N_483,2026-06-04T00:00:00,PROD_143,483.97,DEV_N_483,ADDR_N_483,COMPLETED,0,0.0,LOW
ORD_ACC_N_483_5,ACC_N_483,2026-06-26T00:00:00,PROD_121,231.27,DEV_N_483,ADDR_N_483,COMPLETED,0,0.0,LOW
ORD_ACC_N_483_6,ACC_N_483,2026-05-11T00:00:00,PROD_131,155.61,DEV_N_483,ADDR_N_483,COMPLETED,0,0.0,LOW
ORD_ACC_N_483_7,ACC_N_483,2026-05-10T00:00:00,PROD_129,358.01,DEV_N_483,ADDR_N_483,COMPLETED,0,0.0,LOW
ORD_ACC_N_483_8,ACC_N_483,2026-04-13T00:00:00,PROD_147,43.77,DEV_N_483,ADDR_N_483,COMPLETED,0,0.0,LOW
ORD_ACC_N_483_9,ACC_N_483,2026-05-30T00:00:00,PROD_142,329.08,DEV_N_483,ADDR_N_483,COMPLETED,0,0.0,LOW
ORD_ACC_N_483_10,ACC_N_483,2026-08-19T00:00:00,PROD_143,24.67,DEV_N_483,ADDR_N_483,COMPLETED,0,0.0,LOW
ORD_ACC_N_483_11,ACC_N_483,2026-07-07T00:00:00,PROD_100,485.52,DEV_N_483,ADDR_N_483,COMPLETED,0,0.0,LOW
ORD_ACC_N_484_0,ACC_N_484,2025-11-08T00:00:00,PROD_108,76.89,DEV_N_484,ADDR_N_484,COMPLETED,0,0.0,LOW
ORD_ACC_N_484_1,ACC_N_484,2026-05-14T00:00:00,PROD_144,225.64,DEV_N_484,ADDR_N_484,COMPLETED,0,0.0,LOW
ORD_ACC_N_484_2,ACC_N_484,2026-07-30T00:00:00,PROD_139,54.56,DEV_N_484,ADDR_N_484,COMPLETED,0,0.0,LOW
ORD_ACC_N_484_3,ACC_N_484,2026-05-10T00:00:00,PROD_139,495.43,DEV_N_484,ADDR_N_484,COMPLETED,0,0.0,LOW
ORD_ACC_N_484_4,ACC_N_484,2026-06-03T00:00:00,PROD_148,480.73,DEV_N_484,ADDR_N_484,COMPLETED,0,0.0,LOW
ORD_ACC_N_484_5,ACC_N_484,2026-02-21T00:00:00,PROD_102,349.29,DEV_N_484,ADDR_N_484,COMPLETED,0,0.0,LOW
ORD_ACC_N_484_6,ACC_N_484,2026-02-14T00:00:00,PROD_131,53.92,DEV_N_484,ADDR_N_484,COMPLETED,0,0.0,LOW
ORD_ACC_N_484_7,ACC_N_484,2025-11-09T00:00:00,PROD_136,26.26,DEV_N_484,ADDR_N_484,REFUNDED,1,0.0,LOW
ORD_ACC_N_484_8,ACC_N_484,2026-08-01T00:00:00,PROD_128,55.37,DEV_N_484,ADDR_N_484,COMPLETED,0,0.0,LOW
ORD_ACC_N_484_9,ACC_N_484,2026-04-19T00:00:00,PROD_115,41.16,DEV_N_484,ADDR_N_484,COMPLETED,0,0.0,LOW
ORD_ACC_N_484_10,ACC_N_484,2025-12-18T00:00:00,PROD_145,148.19,DEV_N_484,ADDR_N_484,COMPLETED,0,0.0,LOW
ORD_ACC_N_484_11,ACC_N_484,2025-09-26T00:00:00,PROD_119,113.05,DEV_N_484,ADDR_N_484,COMPLETED,0,0.0,LOW
ORD_ACC_N_484_12,ACC_N_484,2025-09-08T00:00:00,PROD_114,482.33,DEV_N_484,ADDR_N_484,COMPLETED,0,0.0,LOW
ORD_ACC_N_484_13,ACC_N_484,2026-08-30T00:00:00,PROD_148,208.46,DEV_N_484,ADDR_N_484,COMPLETED,0,0.0,LOW
ORD_ACC_N_484_14,ACC_N_484,2026-03-13T00:00:00,PROD_140,177.48,DEV_N_484,ADDR_N_484,COMPLETED,0,0.0,LOW
ORD_ACC_N_485_0,ACC_N_485,2026-08-24T00:00:00,PROD_116,122.01,DEV_N_485,ADDR_N_485,COMPLETED,0,0.0,LOW
ORD_ACC_N_485_1,ACC_N_485,2026-08-17T00:00:00,PROD_129,207.76,DEV_N_485,ADDR_N_485,COMPLETED,0,0.0,LOW
ORD_ACC_N_486_0,ACC_N_486,2026-08-16T00:00:00,PROD_136,321.31,DEV_N_486,ADDR_N_486,COMPLETED,0,0.0,LOW
ORD_ACC_N_486_1,ACC_N_486,2026-07-06T00:00:00,PROD_106,398.85,DEV_N_486,ADDR_N_486,COMPLETED,0,0.0,LOW
ORD_ACC_N_486_2,ACC_N_486,2026-08-28T00:00:00,PROD_102,373.87,DEV_N_486,ADDR_N_486,REFUNDED,1,0.0,LOW
ORD_ACC_N_487_0,ACC_N_487,2026-08-30T00:00:00,PROD_135,325.86,DEV_N_487,ADDR_N_487,COMPLETED,0,0.0,LOW
ORD_ACC_N_487_1,ACC_N_487,2026-04-23T00:00:00,PROD_107,141.57,DEV_N_487,ADDR_N_487,REFUNDED,1,0.0,LOW
ORD_ACC_N_487_2,ACC_N_487,2026-05-23T00:00:00,PROD_139,233.15,DEV_N_487,ADDR_N_487,COMPLETED,0,0.0,LOW
ORD_ACC_N_487_3,ACC_N_487,2026-06-20T00:00:00,PROD_129,450.26,DEV_N_487,ADDR_N_487,COMPLETED,0,0.0,LOW
ORD_ACC_N_488_0,ACC_N_488,2025-11-26T00:00:00,PROD_111,236.55,DEV_N_488,ADDR_N_488,COMPLETED,0,0.0,LOW
ORD_ACC_N_488_1,ACC_N_488,2026-06-05T00:00:00,PROD_127,304.84,DEV_N_488,ADDR_N_488,COMPLETED,0,0.0,LOW
ORD_ACC_N_488_2,ACC_N_488,2026-06-07T00:00:00,PROD_115,209.72,DEV_N_488,ADDR_N_488,COMPLETED,0,0.0,LOW
ORD_ACC_N_488_3,ACC_N_488,2026-06-01T00:00:00,PROD_109,402.72,DEV_N_488,ADDR_N_488,COMPLETED,0,0.0,LOW
ORD_ACC_N_488_4,ACC_N_488,2026-02-23T00:00:00,PROD_116,189.79,DEV_N_488,ADDR_N_488,COMPLETED,0,0.0,LOW
ORD_ACC_N_488_5,ACC_N_488,2026-01-06T00:00:00,PROD_108,447.17,DEV_N_488,ADDR_N_488,COMPLETED,0,0.0,LOW
ORD_ACC_N_488_6,ACC_N_488,2026-01-16T00:00:00,PROD_110,74.98,DEV_N_488,ADDR_N_488,COMPLETED,0,0.0,LOW
ORD_ACC_N_488_7,ACC_N_488,2025-11-23T00:00:00,PROD_144,22.94,DEV_N_488,ADDR_N_488,COMPLETED,0,0.0,LOW
ORD_ACC_N_488_8,ACC_N_488,2026-07-12T00:00:00,PROD_142,330.58,DEV_N_488,ADDR_N_488,COMPLETED,0,0.0,LOW
ORD_ACC_N_489_0,ACC_N_489,2026-07-29T00:00:00,PROD_131,397.12,DEV_N_489,ADDR_N_489,COMPLETED,0,0.0,LOW
ORD_ACC_N_489_1,ACC_N_489,2026-07-19T00:00:00,PROD_106,195.7,DEV_N_489,ADDR_N_489,COMPLETED,0,0.0,LOW
ORD_ACC_N_489_2,ACC_N_489,2026-07-30T00:00:00,PROD_121,229.53,DEV_N_489,ADDR_N_489,COMPLETED,0,0.0,LOW
ORD_ACC_N_489_3,ACC_N_489,2026-07-27T00:00:00,PROD_120,59.15,DEV_N_489,ADDR_N_489,COMPLETED,0,0.0,LOW
ORD_ACC_N_489_4,ACC_N_489,2026-08-02T00:00:00,PROD_145,351.33,DEV_N_489,ADDR_N_489,COMPLETED,0,0.0,LOW
ORD_ACC_N_489_5,ACC_N_489,2026-08-07T00:00:00,PROD_103,286.89,DEV_N_489,ADDR_N_489,REFUNDED,1,0.0,LOW
ORD_ACC_N_490_0,ACC_N_490,2026-02-17T00:00:00,PROD_113,407.98,DEV_N_489,ADDR_N_489,COMPLETED,0,0.0,LOW
ORD_ACC_N_490_1,ACC_N_490,2026-04-13T00:00:00,PROD_109,489.96,DEV_N_489,ADDR_N_489,COMPLETED,0,0.0,LOW
ORD_ACC_N_490_2,ACC_N_490,2026-01-11T00:00:00,PROD_132,299.3,DEV_N_489,ADDR_N_489,COMPLETED,0,0.0,LOW
ORD_ACC_N_490_3,ACC_N_490,2026-06-08T00:00:00,PROD_103,481.49,DEV_N_489,ADDR_N_489,COMPLETED,0,0.0,LOW
ORD_ACC_N_490_4,ACC_N_490,2025-12-20T00:00:00,PROD_148,266.68,DEV_N_489,ADDR_N_489,COMPLETED,0,0.0,LOW
ORD_ACC_N_490_5,ACC_N_490,2026-07-21T00:00:00,PROD_113,20.59,DEV_N_489,ADDR_N_489,COMPLETED,0,0.0,LOW
ORD_ACC_N_490_6,ACC_N_490,2026-06-17T00:00:00,PROD_114,277.59,DEV_N_489,ADDR_N_489,COMPLETED,0,0.0,LOW
ORD_ACC_N_490_7,ACC_N_490,2026-03-15T00:00:00,PROD_105,473.85,DEV_N_489,ADDR_N_489,COMPLETED,0,0.0,LOW
ORD_ACC_N_490_8,ACC_N_490,2026-06-21T00:00:00,PROD_113,253.89,DEV_N_489,ADDR_N_489,COMPLETED,0,0.0,LOW
ORD_ACC_N_491_0,ACC_N_491,2026-07-06T00:00:00,PROD_123,51.7,DEV_N_491,ADDR_N_491,COMPLETED,0,0.0,LOW
ORD_ACC_N_491_1,ACC_N_491,2026-05-23T00:00:00,PROD_147,356.53,DEV_N_491,ADDR_N_491,COMPLETED,0,0.0,LOW
ORD_ACC_N_491_2,ACC_N_491,2026-06-27T00:00:00,PROD_103,37.34,DEV_N_491,ADDR_N_491,COMPLETED,0,0.0,LOW
ORD_ACC_N_491_3,ACC_N_491,2026-06-16T00:00:00,PROD_145,125.13,DEV_N_491,ADDR_N_491,COMPLETED,0,0.0,LOW
ORD_ACC_N_491_4,ACC_N_491,2025-12-20T00:00:00,PROD_144,192.4,DEV_N_491,ADDR_N_491,COMPLETED,0,0.0,LOW
ORD_ACC_N_491_5,ACC_N_491,2026-04-29T00:00:00,PROD_149,199.01,DEV_N_491,ADDR_N_491,COMPLETED,0,0.0,LOW
ORD_ACC_N_491_6,ACC_N_491,2025-12-17T00:00:00,PROD_103,64.9,DEV_N_491,ADDR_N_491,COMPLETED,0,0.0,LOW
ORD_ACC_N_491_7,ACC_N_491,2026-04-24T00:00:00,PROD_103,210.02,DEV_N_491,ADDR_N_491,REFUNDED,1,0.0,LOW
ORD_ACC_N_491_8,ACC_N_491,2026-05-05T00:00:00,PROD_129,468.75,DEV_N_491,ADDR_N_491,COMPLETED,0,0.0,LOW
ORD_ACC_N_491_9,ACC_N_491,2026-02-09T00:00:00,PROD_134,453.48,DEV_N_491,ADDR_N_491,COMPLETED,0,0.0,LOW
ORD_ACC_N_491_10,ACC_N_491,2026-06-25T00:00:00,PROD_141,388.59,DEV_N_491,ADDR_N_491,COMPLETED,0,0.0,LOW
ORD_ACC_N_491_11,ACC_N_491,2026-07-17T00:00:00,PROD_143,219.54,DEV_N_491,ADDR_N_491,COMPLETED,0,0.0,LOW
ORD_ACC_N_492_0,ACC_N_492,2026-05-27T00:00:00,PROD_110,435.29,DEV_N_492,ADDR_N_492,REFUNDED,1,0.0,LOW
ORD_ACC_N_492_1,ACC_N_492,2026-07-07T00:00:00,PROD_116,77.28,DEV_N_492,ADDR_N_492,COMPLETED,0,0.0,LOW
ORD_ACC_N_492_2,ACC_N_492,2026-01-28T00:00:00,PROD_117,483.37,DEV_N_492,ADDR_N_492,COMPLETED,0,0.0,LOW
ORD_ACC_N_492_3,ACC_N_492,2026-03-26T00:00:00,PROD_136,205.81,DEV_N_492,ADDR_N_492,COMPLETED,0,0.0,LOW
ORD_ACC_N_492_4,ACC_N_492,2026-02-07T00:00:00,PROD_126,436.94,DEV_N_492,ADDR_N_492,COMPLETED,0,0.0,LOW
ORD_ACC_N_493_0,ACC_N_493,2026-08-30T00:00:00,PROD_123,196.11,DEV_N_493,ADDR_N_493,COMPLETED,0,0.0,LOW
ORD_ACC_N_493_1,ACC_N_493,2026-08-19T00:00:00,PROD_102,241.04,DEV_N_493,ADDR_N_493,COMPLETED,0,0.0,LOW
ORD_ACC_N_493_2,ACC_N_493,2026-08-24T00:00:00,PROD_105,356.2,DEV_N_493,ADDR_N_493,COMPLETED,0,0.0,LOW
ORD_ACC_N_493_3,ACC_N_493,2026-08-15T00:00:00,PROD_103,406.01,DEV_N_493,ADDR_N_493,COMPLETED,0,0.0,LOW
ORD_ACC_N_493_4,ACC_N_493,2026-08-22T00:00:00,PROD_119,393.83,DEV_N_493,ADDR_N_493,COMPLETED,0,0.0,LOW
ORD_ACC_N_493_5,ACC_N_493,2026-08-17T00:00:00,PROD_112,483.35,DEV_N_493,ADDR_N_493,COMPLETED,0,0.0,LOW
ORD_ACC_N_493_6,ACC_N_493,2026-08-25T00:00:00,PROD_122,364.29,DEV_N_493,ADDR_N_493,COMPLETED,0,0.0,LOW
ORD_ACC_N_493_7,ACC_N_493,2026-08-22T00:00:00,PROD_129,330.67,DEV_N_493,ADDR_N_493,COMPLETED,0,0.0,LOW
ORD_ACC_N_493_8,ACC_N_493,2026-08-27T00:00:00,PROD_127,426.32,DEV_N_493,ADDR_N_493,COMPLETED,0,0.0,LOW
ORD_ACC_N_494_0,ACC_N_494,2026-08-22T00:00:00,PROD_142,142.75,DEV_N_494,ADDR_N_494,COMPLETED,0,0.0,LOW
ORD_ACC_N_494_1,ACC_N_494,2026-07-09T00:00:00,PROD_135,374.65,DEV_N_494,ADDR_N_494,COMPLETED,0,0.0,LOW
ORD_ACC_N_494_2,ACC_N_494,2026-08-14T00:00:00,PROD_132,343.28,DEV_N_494,ADDR_N_494,COMPLETED,0,0.0,LOW
ORD_ACC_N_494_3,ACC_N_494,2026-07-22T00:00:00,PROD_147,445.42,DEV_N_494,ADDR_N_494,REFUNDED,1,0.0,LOW
ORD_ACC_N_494_4,ACC_N_494,2026-07-19T00:00:00,PROD_126,316.5,DEV_N_494,ADDR_N_494,COMPLETED,0,0.0,LOW
ORD_ACC_N_495_0,ACC_N_495,2026-03-25T00:00:00,PROD_142,455.57,DEV_N_495,ADDR_N_495,COMPLETED,0,0.0,LOW
ORD_ACC_N_495_1,ACC_N_495,2025-11-12T00:00:00,PROD_112,347.7,DEV_N_495,ADDR_N_495,COMPLETED,0,0.0,LOW
ORD_ACC_N_495_2,ACC_N_495,2026-03-11T00:00:00,PROD_146,406.4,DEV_N_495,ADDR_N_495,COMPLETED,0,0.0,LOW
ORD_ACC_N_495_3,ACC_N_495,2026-01-08T00:00:00,PROD_123,487.57,DEV_N_495,ADDR_N_495,COMPLETED,0,0.0,LOW
ORD_ACC_N_496_0,ACC_N_496,2026-07-02T00:00:00,PROD_112,127.96,DEV_N_496,ADDR_N_496,COMPLETED,0,0.0,LOW
ORD_ACC_N_496_1,ACC_N_496,2026-03-08T00:00:00,PROD_123,135.63,DEV_N_496,ADDR_N_496,COMPLETED,0,0.0,LOW
ORD_ACC_N_496_2,ACC_N_496,2026-04-26T00:00:00,PROD_146,214.72,DEV_N_496,ADDR_N_496,COMPLETED,0,0.0,LOW
ORD_ACC_N_496_3,ACC_N_496,2026-05-29T00:00:00,PROD_124,434.51,DEV_N_496,ADDR_N_496,COMPLETED,0,0.0,LOW
ORD_ACC_N_496_4,ACC_N_496,2026-03-12T00:00:00,PROD_129,148.91,DEV_N_496,ADDR_N_496,COMPLETED,0,0.0,LOW
ORD_ACC_N_496_5,ACC_N_496,2026-04-03T00:00:00,PROD_117,361.81,DEV_N_496,ADDR_N_496,COMPLETED,0,0.0,LOW
ORD_ACC_N_496_6,ACC_N_496,2026-07-11T00:00:00,PROD_123,193.04,DEV_N_496,ADDR_N_496,COMPLETED,0,0.0,LOW
ORD_ACC_N_496_7,ACC_N_496,2026-05-03T00:00:00,PROD_124,495.74,DEV_N_496,ADDR_N_496,COMPLETED,0,0.0,LOW
ORD_ACC_N_496_8,ACC_N_496,2026-04-25T00:00:00,PROD_127,203.51,DEV_N_496,ADDR_N_496,COMPLETED,0,0.0,LOW
ORD_ACC_N_497_0,ACC_N_497,2026-08-11T00:00:00,PROD_101,105.0,DEV_N_497,ADDR_N_497,COMPLETED,0,0.0,LOW
ORD_ACC_N_497_1,ACC_N_497,2026-08-29T00:00:00,PROD_139,294.89,DEV_N_497,ADDR_N_497,COMPLETED,0,0.0,LOW
ORD_ACC_N_497_2,ACC_N_497,2026-04-23T00:00:00,PROD_148,62.02,DEV_N_497,ADDR_N_497,COMPLETED,0,0.0,LOW
ORD_ACC_N_498_0,ACC_N_498,2026-03-19T00:00:00,PROD_124,397.53,DEV_N_498,ADDR_N_498,COMPLETED,0,0.0,LOW
ORD_ACC_N_498_1,ACC_N_498,2026-03-30T00:00:00,PROD_115,425.23,DEV_N_498,ADDR_N_498,COMPLETED,0,0.0,LOW
ORD_ACC_N_498_2,ACC_N_498,2026-01-11T00:00:00,PROD_115,437.66,DEV_N_498,ADDR_N_498,COMPLETED,0,0.0,LOW
ORD_ACC_N_499_0,ACC_N_499,2026-04-17T00:00:00,PROD_118,107.16,DEV_N_499,ADDR_N_499,COMPLETED,0,0.0,LOW
ORD_ACC_N_499_1,ACC_N_499,2026-04-18T00:00:00,PROD_115,332.32,DEV_N_499,ADDR_N_499,COMPLETED,0,0.0,LOW
ORD_ACC_N_500_0,ACC_N_500,2026-08-02T00:00:00,PROD_119,164.48,DEV_N_499,ADDR_N_499,COMPLETED,0,0.0,LOW
ORD_ACC_N_500_1,ACC_N_500,2026-03-01T00:00:00,PROD_126,408.6,DEV_N_499,ADDR_N_499,COMPLETED,0,0.0,LOW
ORD_ACC_N_500_2,ACC_N_500,2026-03-16T00:00:00,PROD_143,389.75,DEV_N_499,ADDR_N_499,COMPLETED,0,0.0,LOW
ORD_ACC_N_500_3,ACC_N_500,2026-08-24T00:00:00,PROD_107,276.4,DEV_N_499,ADDR_N_499,COMPLETED,0,0.0,LOW
ORD_ACC_N_500_4,ACC_N_500,2026-04-18T00:00:00,PROD_109,414.54,DEV_N_499,ADDR_N_499,COMPLETED,0,0.0,LOW
ORD_ACC_N_500_5,ACC_N_500,2026-08-11T00:00:00,PROD_105,196.81,DEV_N_499,ADDR_N_499,COMPLETED,0,0.0,LOW
ORD_ACC_N_500_6,ACC_N_500,2026-06-21T00:00:00,PROD_142,172.8,DEV_N_499,ADDR_N_499,COMPLETED,0,0.0,LOW
ORD_ACC_N_500_7,ACC_N_500,2026-02-23T00:00:00,PROD_132,450.21,DEV_N_499,ADDR_N_499,COMPLETED,0,0.0,LOW
ORD_ACC_N_500_8,ACC_N_500,2026-06-26T00:00:00,PROD_143,148.19,DEV_N_499,ADDR_N_499,COMPLETED,0,0.0,LOW
ORD_ACC_N_500_9,ACC_N_500,2026-08-19T00:00:00,PROD_110,73.97,DEV_N_499,ADDR_N_499,COMPLETED,0,0.0,LOW
ORD_ACC_N_500_10,ACC_N_500,2026-03-07T00:00:00,PROD_147,273.94,DEV_N_499,ADDR_N_499,COMPLETED,0,0.0,LOW
ORD_ACC_N_500_11,ACC_N_500,2026-07-06T00:00:00,PROD_108,454.37,DEV_N_499,ADDR_N_499,COMPLETED,0,0.0,LOW
ORD_ACC_N_500_12,ACC_N_500,2026-05-13T00:00:00,PROD_112,212.15,DEV_N_499,ADDR_N_499,COMPLETED,0,0.0,LOW
ORD_ACC_N_500_13,ACC_N_500,2026-05-04T00:00:00,PROD_103,21.63,DEV_N_499,ADDR_N_499,COMPLETED,0,0.0,LOW
ORD_ACC_N_501_0,ACC_N_501,2026-03-02T00:00:00,PROD_134,411.34,DEV_N_501,ADDR_N_501,COMPLETED,0,0.0,LOW
ORD_ACC_N_501_1,ACC_N_501,2026-08-19T00:00:00,PROD_141,465.23,DEV_N_501,ADDR_N_501,COMPLETED,0,0.0,LOW
ORD_ACC_N_501_2,ACC_N_501,2026-08-08T00:00:00,PROD_130,37.46,DEV_N_501,ADDR_N_501,COMPLETED,0,0.0,LOW
ORD_ACC_N_501_3,ACC_N_501,2026-06-27T00:00:00,PROD_129,51.54,DEV_N_501,ADDR_N_501,COMPLETED,0,0.0,LOW
ORD_ACC_N_501_4,ACC_N_501,2026-07-01T00:00:00,PROD_114,224.2,DEV_N_501,ADDR_N_501,COMPLETED,0,0.0,LOW
ORD_ACC_N_501_5,ACC_N_501,2026-06-29T00:00:00,PROD_125,389.23,DEV_N_501,ADDR_N_501,COMPLETED,0,0.0,LOW
ORD_ACC_N_501_6,ACC_N_501,2025-10-14T00:00:00,PROD_110,353.18,DEV_N_501,ADDR_N_501,COMPLETED,0,0.0,LOW
ORD_ACC_N_501_7,ACC_N_501,2026-05-22T00:00:00,PROD_122,78.38,DEV_N_501,ADDR_N_501,COMPLETED,0,0.0,LOW
ORD_ACC_N_501_8,ACC_N_501,2026-06-14T00:00:00,PROD_146,268.69,DEV_N_501,ADDR_N_501,COMPLETED,0,0.0,LOW
ORD_ACC_N_501_9,ACC_N_501,2025-10-28T00:00:00,PROD_140,329.54,DEV_N_501,ADDR_N_501,COMPLETED,0,0.0,LOW
ORD_ACC_N_501_10,ACC_N_501,2026-04-27T00:00:00,PROD_139,185.11,DEV_N_501,ADDR_N_501,COMPLETED,0,0.0,LOW
ORD_ACC_N_501_11,ACC_N_501,2026-05-14T00:00:00,PROD_109,456.58,DEV_N_501,ADDR_N_501,COMPLETED,0,0.0,LOW
ORD_ACC_N_502_0,ACC_N_502,2026-06-14T00:00:00,PROD_138,111.25,DEV_N_502,ADDR_N_502,COMPLETED,0,0.0,LOW
ORD_ACC_N_502_1,ACC_N_502,2026-08-31T00:00:00,PROD_144,157.92,DEV_N_502,ADDR_N_502,COMPLETED,0,0.0,LOW
ORD_ACC_N_502_2,ACC_N_502,2026-05-23T00:00:00,PROD_127,189.94,DEV_N_502,ADDR_N_502,COMPLETED,0,0.0,LOW
ORD_ACC_N_502_3,ACC_N_502,2026-08-20T00:00:00,PROD_130,263.49,DEV_N_502,ADDR_N_502,COMPLETED,0,0.0,LOW
ORD_ACC_N_502_4,ACC_N_502,2026-08-20T00:00:00,PROD_129,455.55,DEV_N_502,ADDR_N_502,COMPLETED,0,0.0,LOW
ORD_ACC_N_502_5,ACC_N_502,2026-06-27T00:00:00,PROD_107,109.97,DEV_N_502,ADDR_N_502,COMPLETED,0,0.0,LOW
ORD_ACC_N_502_6,ACC_N_502,2026-05-20T00:00:00,PROD_124,96.03,DEV_N_502,ADDR_N_502,COMPLETED,0,0.0,LOW
ORD_ACC_N_502_7,ACC_N_502,2026-08-19T00:00:00,PROD_125,26.8,DEV_N_502,ADDR_N_502,COMPLETED,0,0.0,LOW
ORD_ACC_N_502_8,ACC_N_502,2026-07-17T00:00:00,PROD_135,329.51,DEV_N_502,ADDR_N_502,COMPLETED,0,0.0,LOW
ORD_ACC_N_502_9,ACC_N_502,2026-05-09T00:00:00,PROD_140,482.12,DEV_N_502,ADDR_N_502,COMPLETED,0,0.0,LOW
ORD_ACC_N_502_10,ACC_N_502,2026-06-02T00:00:00,PROD_142,63.03,DEV_N_502,ADDR_N_502,COMPLETED,0,0.0,LOW
ORD_ACC_N_502_11,ACC_N_502,2026-05-05T00:00:00,PROD_116,359.58,DEV_N_502,ADDR_N_502,COMPLETED,0,0.0,LOW
ORD_ACC_N_503_0,ACC_N_503,2026-06-09T00:00:00,PROD_109,232.46,DEV_N_503,ADDR_N_503,COMPLETED,0,0.0,LOW
ORD_ACC_N_503_1,ACC_N_503,2025-12-24T00:00:00,PROD_144,485.53,DEV_N_503,ADDR_N_503,COMPLETED,0,0.0,LOW
ORD_ACC_N_503_2,ACC_N_503,2026-07-26T00:00:00,PROD_132,477.1,DEV_N_503,ADDR_N_503,COMPLETED,0,0.0,LOW
ORD_ACC_N_503_3,ACC_N_503,2026-03-22T00:00:00,PROD_116,70.94,DEV_N_503,ADDR_N_503,COMPLETED,0,0.0,LOW
ORD_ACC_N_504_0,ACC_N_504,2026-03-13T00:00:00,PROD_145,431.87,DEV_N_504,ADDR_N_504,COMPLETED,0,0.0,LOW
ORD_ACC_N_504_1,ACC_N_504,2026-07-17T00:00:00,PROD_103,372.44,DEV_N_504,ADDR_N_504,COMPLETED,0,0.0,LOW
ORD_ACC_N_504_2,ACC_N_504,2026-07-16T00:00:00,PROD_121,414.11,DEV_N_504,ADDR_N_504,COMPLETED,0,0.0,LOW
ORD_ACC_N_504_3,ACC_N_504,2026-05-28T00:00:00,PROD_115,334.92,DEV_N_504,ADDR_N_504,COMPLETED,0,0.0,LOW
ORD_ACC_N_504_4,ACC_N_504,2026-06-30T00:00:00,PROD_134,52.0,DEV_N_504,ADDR_N_504,COMPLETED,0,0.0,LOW
ORD_ACC_N_504_5,ACC_N_504,2026-06-23T00:00:00,PROD_117,210.47,DEV_N_504,ADDR_N_504,COMPLETED,0,0.0,LOW
ORD_ACC_N_504_6,ACC_N_504,2026-07-02T00:00:00,PROD_114,23.03,DEV_N_504,ADDR_N_504,COMPLETED,0,0.0,LOW
ORD_ACC_N_504_7,ACC_N_504,2026-06-14T00:00:00,PROD_120,390.64,DEV_N_504,ADDR_N_504,COMPLETED,0,0.0,LOW
ORD_ACC_N_504_8,ACC_N_504,2026-08-28T00:00:00,PROD_149,446.47,DEV_N_504,ADDR_N_504,COMPLETED,0,0.0,LOW
ORD_ACC_N_505_0,ACC_N_505,2026-06-08T00:00:00,PROD_142,47.52,DEV_N_505,ADDR_N_505,COMPLETED,0,0.0,LOW
ORD_ACC_N_505_1,ACC_N_505,2026-08-02T00:00:00,PROD_142,294.04,DEV_N_505,ADDR_N_505,COMPLETED,0,0.0,LOW
ORD_ACC_N_505_2,ACC_N_505,2026-07-13T00:00:00,PROD_130,50.36,DEV_N_505,ADDR_N_505,COMPLETED,0,0.0,LOW
ORD_ACC_N_505_3,ACC_N_505,2026-07-16T00:00:00,PROD_111,172.84,DEV_N_505,ADDR_N_505,COMPLETED,0,0.0,LOW
ORD_ACC_N_505_4,ACC_N_505,2026-07-15T00:00:00,PROD_117,61.51,DEV_N_505,ADDR_N_505,COMPLETED,0,0.0,LOW
ORD_ACC_N_505_5,ACC_N_505,2026-08-22T00:00:00,PROD_121,291.79,DEV_N_505,ADDR_N_505,COMPLETED,0,0.0,LOW
ORD_ACC_N_505_6,ACC_N_505,2026-07-08T00:00:00,PROD_142,150.38,DEV_N_505,ADDR_N_505,COMPLETED,0,0.0,LOW
ORD_ACC_N_506_0,ACC_N_506,2026-02-20T00:00:00,PROD_120,304.36,DEV_N_506,ADDR_N_506,COMPLETED,0,0.0,LOW
ORD_ACC_N_506_1,ACC_N_506,2025-11-24T00:00:00,PROD_103,258.39,DEV_N_506,ADDR_N_506,COMPLETED,0,0.0,LOW
ORD_ACC_N_506_2,ACC_N_506,2026-08-31T00:00:00,PROD_110,409.38,DEV_N_506,ADDR_N_506,REFUNDED,1,0.0,LOW
ORD_ACC_N_506_3,ACC_N_506,2026-08-24T00:00:00,PROD_131,54.14,DEV_N_506,ADDR_N_506,COMPLETED,0,0.0,LOW
ORD_ACC_N_506_4,ACC_N_506,2026-06-23T00:00:00,PROD_119,369.9,DEV_N_506,ADDR_N_506,COMPLETED,0,0.0,LOW
ORD_ACC_N_506_5,ACC_N_506,2026-05-20T00:00:00,PROD_127,294.36,DEV_N_506,ADDR_N_506,COMPLETED,0,0.0,LOW
ORD_ACC_N_506_6,ACC_N_506,2026-02-06T00:00:00,PROD_129,242.12,DEV_N_506,ADDR_N_506,COMPLETED,0,0.0,LOW
ORD_ACC_N_506_7,ACC_N_506,2026-08-13T00:00:00,PROD_113,291.87,DEV_N_506,ADDR_N_506,COMPLETED,0,0.0,LOW
ORD_ACC_N_506_8,ACC_N_506,2026-06-08T00:00:00,PROD_114,224.65,DEV_N_506,ADDR_N_506,COMPLETED,0,0.0,LOW
ORD_ACC_N_506_9,ACC_N_506,2026-05-29T00:00:00,PROD_143,83.29,DEV_N_506,ADDR_N_506,COMPLETED,0,0.0,LOW
ORD_ACC_N_506_10,ACC_N_506,2026-01-08T00:00:00,PROD_133,480.39,DEV_N_506,ADDR_N_506,COMPLETED,0,0.0,LOW
ORD_ACC_N_506_11,ACC_N_506,2025-12-31T00:00:00,PROD_115,331.4,DEV_N_506,ADDR_N_506,COMPLETED,0,0.0,LOW
ORD_ACC_N_507_0,ACC_N_507,2025-11-12T00:00:00,PROD_119,452.05,DEV_N_507,ADDR_N_507,COMPLETED,0,0.0,LOW
ORD_ACC_N_507_1,ACC_N_507,2026-07-03T00:00:00,PROD_124,309.26,DEV_N_507,ADDR_N_507,COMPLETED,0,0.0,LOW
ORD_ACC_N_507_2,ACC_N_507,2026-03-26T00:00:00,PROD_143,110.42,DEV_N_507,ADDR_N_507,COMPLETED,0,0.0,LOW
ORD_ACC_N_507_3,ACC_N_507,2025-10-09T00:00:00,PROD_109,180.74,DEV_N_507,ADDR_N_507,COMPLETED,0,0.0,LOW
ORD_ACC_N_507_4,ACC_N_507,2026-06-11T00:00:00,PROD_101,78.1,DEV_N_507,ADDR_N_507,COMPLETED,0,0.0,LOW
ORD_ACC_N_507_5,ACC_N_507,2025-12-26T00:00:00,PROD_118,407.63,DEV_N_507,ADDR_N_507,COMPLETED,0,0.0,LOW
ORD_ACC_N_507_6,ACC_N_507,2025-10-08T00:00:00,PROD_130,238.93,DEV_N_507,ADDR_N_507,COMPLETED,0,0.0,LOW
ORD_ACC_N_507_7,ACC_N_507,2026-08-06T00:00:00,PROD_135,20.57,DEV_N_507,ADDR_N_507,COMPLETED,0,0.0,LOW
ORD_ACC_N_507_8,ACC_N_507,2026-02-10T00:00:00,PROD_148,166.96,DEV_N_507,ADDR_N_507,COMPLETED,0,0.0,LOW
ORD_ACC_N_507_9,ACC_N_507,2025-12-20T00:00:00,PROD_137,212.44,DEV_N_507,ADDR_N_507,COMPLETED,0,0.0,LOW
ORD_ACC_N_507_10,ACC_N_507,2026-03-26T00:00:00,PROD_112,444.71,DEV_N_507,ADDR_N_507,COMPLETED,0,0.0,LOW
ORD_ACC_N_508_0,ACC_N_508,2026-03-08T00:00:00,PROD_121,495.49,DEV_N_508,ADDR_N_508,COMPLETED,0,0.0,LOW
ORD_ACC_N_508_1,ACC_N_508,2026-08-26T00:00:00,PROD_144,215.22,DEV_N_508,ADDR_N_508,COMPLETED,0,0.0,LOW
ORD_ACC_N_508_2,ACC_N_508,2026-05-03T00:00:00,PROD_124,115.61,DEV_N_508,ADDR_N_508,COMPLETED,0,0.0,LOW
ORD_ACC_N_508_3,ACC_N_508,2026-04-09T00:00:00,PROD_129,224.78,DEV_N_508,ADDR_N_508,COMPLETED,0,0.0,LOW
ORD_ACC_N_508_4,ACC_N_508,2026-08-11T00:00:00,PROD_141,72.76,DEV_N_508,ADDR_N_508,COMPLETED,0,0.0,LOW
ORD_ACC_N_508_5,ACC_N_508,2026-07-27T00:00:00,PROD_120,293.27,DEV_N_508,ADDR_N_508,COMPLETED,0,0.0,LOW
ORD_ACC_N_508_6,ACC_N_508,2026-08-19T00:00:00,PROD_146,353.47,DEV_N_508,ADDR_N_508,COMPLETED,0,0.0,LOW
ORD_ACC_N_509_0,ACC_N_509,2026-07-18T00:00:00,PROD_129,72.86,DEV_N_509,ADDR_N_509,COMPLETED,0,0.0,LOW
ORD_ACC_N_509_1,ACC_N_509,2026-06-06T00:00:00,PROD_105,119.06,DEV_N_509,ADDR_N_509,COMPLETED,0,0.0,LOW
ORD_ACC_N_509_2,ACC_N_509,2026-06-14T00:00:00,PROD_135,159.19,DEV_N_509,ADDR_N_509,COMPLETED,0,0.0,LOW
ORD_ACC_N_509_3,ACC_N_509,2026-05-26T00:00:00,PROD_118,180.99,DEV_N_509,ADDR_N_509,COMPLETED,0,0.0,LOW
ORD_ACC_N_509_4,ACC_N_509,2026-06-08T00:00:00,PROD_121,228.62,DEV_N_509,ADDR_N_509,COMPLETED,0,0.0,LOW
ORD_ACC_N_509_5,ACC_N_509,2026-07-25T00:00:00,PROD_116,377.76,DEV_N_509,ADDR_N_509,COMPLETED,0,0.0,LOW
ORD_ACC_N_510_0,ACC_N_510,2026-07-31T00:00:00,PROD_137,209.85,DEV_N_509,ADDR_N_509,COMPLETED,0,0.0,LOW
ORD_ACC_N_510_1,ACC_N_510,2026-03-29T00:00:00,PROD_116,136.38,DEV_N_509,ADDR_N_509,COMPLETED,0,0.0,LOW
ORD_ACC_N_510_2,ACC_N_510,2026-04-05T00:00:00,PROD_117,236.43,DEV_N_509,ADDR_N_509,COMPLETED,0,0.0,LOW
ORD_ACC_N_510_3,ACC_N_510,2026-06-25T00:00:00,PROD_142,28.24,DEV_N_509,ADDR_N_509,COMPLETED,0,0.0,LOW
ORD_ACC_N_510_4,ACC_N_510,2026-07-19T00:00:00,PROD_121,90.13,DEV_N_509,ADDR_N_509,REFUNDED,1,0.0,LOW
ORD_ACC_N_510_5,ACC_N_510,2026-07-30T00:00:00,PROD_113,310.61,DEV_N_509,ADDR_N_509,COMPLETED,0,0.0,LOW
ORD_ACC_N_510_6,ACC_N_510,2026-04-17T00:00:00,PROD_137,328.42,DEV_N_509,ADDR_N_509,COMPLETED,0,0.0,LOW
ORD_ACC_N_510_7,ACC_N_510,2026-08-06T00:00:00,PROD_100,139.61,DEV_N_509,ADDR_N_509,COMPLETED,0,0.0,LOW
ORD_ACC_N_510_8,ACC_N_510,2026-05-09T00:00:00,PROD_107,81.96,DEV_N_509,ADDR_N_509,COMPLETED,0,0.0,LOW
ORD_ACC_N_510_9,ACC_N_510,2026-08-20T00:00:00,PROD_133,249.89,DEV_N_509,ADDR_N_509,COMPLETED,0,0.0,LOW
ORD_ACC_N_511_0,ACC_N_511,2026-06-12T00:00:00,PROD_121,360.68,DEV_N_511,ADDR_N_511,COMPLETED,0,0.0,LOW
ORD_ACC_N_511_1,ACC_N_511,2026-05-21T00:00:00,PROD_108,301.09,DEV_N_511,ADDR_N_511,COMPLETED,0,0.0,LOW
ORD_ACC_N_511_2,ACC_N_511,2026-07-31T00:00:00,PROD_136,24.88,DEV_N_511,ADDR_N_511,COMPLETED,0,0.0,LOW
ORD_ACC_N_511_3,ACC_N_511,2026-07-24T00:00:00,PROD_146,203.12,DEV_N_511,ADDR_N_511,COMPLETED,0,0.0,LOW
ORD_ACC_N_511_4,ACC_N_511,2026-08-03T00:00:00,PROD_109,291.96,DEV_N_511,ADDR_N_511,COMPLETED,0,0.0,LOW
ORD_ACC_N_512_0,ACC_N_512,2026-08-17T00:00:00,PROD_121,117.94,DEV_N_512,ADDR_N_512,COMPLETED,0,0.0,LOW
ORD_ACC_N_512_1,ACC_N_512,2026-07-17T00:00:00,PROD_112,273.81,DEV_N_512,ADDR_N_512,COMPLETED,0,0.0,LOW
ORD_ACC_N_512_2,ACC_N_512,2026-07-19T00:00:00,PROD_100,321.44,DEV_N_512,ADDR_N_512,COMPLETED,0,0.0,LOW
ORD_ACC_N_513_0,ACC_N_513,2026-08-11T00:00:00,PROD_104,462.89,DEV_N_513,ADDR_N_513,COMPLETED,0,0.0,LOW
ORD_ACC_N_513_1,ACC_N_513,2026-03-04T00:00:00,PROD_116,193.04,DEV_N_513,ADDR_N_513,COMPLETED,0,0.0,LOW
ORD_ACC_N_513_2,ACC_N_513,2026-05-22T00:00:00,PROD_114,206.19,DEV_N_513,ADDR_N_513,COMPLETED,0,0.0,LOW
ORD_ACC_N_513_3,ACC_N_513,2026-04-13T00:00:00,PROD_118,198.07,DEV_N_513,ADDR_N_513,COMPLETED,0,0.0,LOW
ORD_ACC_N_513_4,ACC_N_513,2026-07-14T00:00:00,PROD_142,417.83,DEV_N_513,ADDR_N_513,COMPLETED,0,0.0,LOW
ORD_ACC_N_513_5,ACC_N_513,2026-08-23T00:00:00,PROD_129,431.83,DEV_N_513,ADDR_N_513,COMPLETED,0,0.0,LOW
ORD_ACC_N_513_6,ACC_N_513,2026-07-16T00:00:00,PROD_106,147.26,DEV_N_513,ADDR_N_513,COMPLETED,0,0.0,LOW
ORD_ACC_N_513_7,ACC_N_513,2026-06-15T00:00:00,PROD_137,131.36,DEV_N_513,ADDR_N_513,COMPLETED,0,0.0,LOW
ORD_ACC_N_513_8,ACC_N_513,2026-04-24T00:00:00,PROD_142,375.9,DEV_N_513,ADDR_N_513,COMPLETED,0,0.0,LOW
ORD_ACC_N_513_9,ACC_N_513,2026-02-12T00:00:00,PROD_102,414.35,DEV_N_513,ADDR_N_513,COMPLETED,0,0.0,LOW
ORD_ACC_N_513_10,ACC_N_513,2026-02-10T00:00:00,PROD_120,452.77,DEV_N_513,ADDR_N_513,COMPLETED,0,0.0,LOW
ORD_ACC_N_513_11,ACC_N_513,2026-04-08T00:00:00,PROD_137,432.97,DEV_N_513,ADDR_N_513,COMPLETED,0,0.0,LOW
ORD_ACC_N_513_12,ACC_N_513,2026-07-23T00:00:00,PROD_141,445.34,DEV_N_513,ADDR_N_513,COMPLETED,0,0.0,LOW
ORD_ACC_N_514_0,ACC_N_514,2026-06-19T00:00:00,PROD_102,50.92,DEV_N_514,ADDR_N_514,COMPLETED,0,0.0,LOW
ORD_ACC_N_514_1,ACC_N_514,2026-07-09T00:00:00,PROD_114,423.91,DEV_N_514,ADDR_N_514,COMPLETED,0,0.0,LOW
ORD_ACC_N_514_2,ACC_N_514,2026-02-09T00:00:00,PROD_103,399.86,DEV_N_514,ADDR_N_514,COMPLETED,0,0.0,LOW
ORD_ACC_N_514_3,ACC_N_514,2026-07-21T00:00:00,PROD_117,411.23,DEV_N_514,ADDR_N_514,COMPLETED,0,0.0,LOW
ORD_ACC_N_514_4,ACC_N_514,2026-05-23T00:00:00,PROD_121,182.4,DEV_N_514,ADDR_N_514,COMPLETED,0,0.0,LOW
ORD_ACC_N_514_5,ACC_N_514,2026-07-12T00:00:00,PROD_109,116.5,DEV_N_514,ADDR_N_514,COMPLETED,0,0.0,LOW
ORD_ACC_N_514_6,ACC_N_514,2026-02-09T00:00:00,PROD_108,132.21,DEV_N_514,ADDR_N_514,COMPLETED,0,0.0,LOW
ORD_ACC_N_514_7,ACC_N_514,2026-05-21T00:00:00,PROD_113,295.34,DEV_N_514,ADDR_N_514,COMPLETED,0,0.0,LOW
ORD_ACC_N_514_8,ACC_N_514,2026-07-04T00:00:00,PROD_126,30.54,DEV_N_514,ADDR_N_514,COMPLETED,0,0.0,LOW
ORD_ACC_N_514_9,ACC_N_514,2026-05-11T00:00:00,PROD_142,52.51,DEV_N_514,ADDR_N_514,COMPLETED,0,0.0,LOW
ORD_ACC_N_514_10,ACC_N_514,2026-02-12T00:00:00,PROD_100,239.02,DEV_N_514,ADDR_N_514,COMPLETED,0,0.0,LOW
ORD_ACC_N_514_11,ACC_N_514,2026-01-24T00:00:00,PROD_139,224.9,DEV_N_514,ADDR_N_514,COMPLETED,0,0.0,LOW
ORD_ACC_N_514_12,ACC_N_514,2026-06-04T00:00:00,PROD_147,380.43,DEV_N_514,ADDR_N_514,COMPLETED,0,0.0,LOW
ORD_ACC_N_514_13,ACC_N_514,2026-07-18T00:00:00,PROD_103,153.44,DEV_N_514,ADDR_N_514,COMPLETED,0,0.0,LOW
ORD_ACC_N_514_14,ACC_N_514,2026-01-12T00:00:00,PROD_137,103.06,DEV_N_514,ADDR_N_514,COMPLETED,0,0.0,LOW
ORD_ACC_N_515_0,ACC_N_515,2026-04-29T00:00:00,PROD_117,101.9,DEV_N_515,ADDR_N_515,REFUNDED,1,0.0,LOW
ORD_ACC_N_515_1,ACC_N_515,2026-07-30T00:00:00,PROD_137,279.29,DEV_N_515,ADDR_N_515,COMPLETED,0,0.0,LOW
ORD_ACC_N_515_2,ACC_N_515,2026-08-08T00:00:00,PROD_110,238.03,DEV_N_515,ADDR_N_515,COMPLETED,0,0.0,LOW
ORD_ACC_N_515_3,ACC_N_515,2026-06-18T00:00:00,PROD_128,45.02,DEV_N_515,ADDR_N_515,COMPLETED,0,0.0,LOW
ORD_ACC_N_515_4,ACC_N_515,2026-06-26T00:00:00,PROD_146,337.07,DEV_N_515,ADDR_N_515,COMPLETED,0,0.0,LOW
ORD_ACC_N_515_5,ACC_N_515,2026-05-02T00:00:00,PROD_120,328.25,DEV_N_515,ADDR_N_515,COMPLETED,0,0.0,LOW
ORD_ACC_N_515_6,ACC_N_515,2026-05-18T00:00:00,PROD_138,70.82,DEV_N_515,ADDR_N_515,COMPLETED,0,0.0,LOW
ORD_ACC_N_515_7,ACC_N_515,2026-06-25T00:00:00,PROD_134,44.02,DEV_N_515,ADDR_N_515,COMPLETED,0,0.0,LOW
ORD_ACC_N_515_8,ACC_N_515,2026-04-16T00:00:00,PROD_143,438.75,DEV_N_515,ADDR_N_515,COMPLETED,0,0.0,LOW
ORD_ACC_N_515_9,ACC_N_515,2026-07-25T00:00:00,PROD_104,182.95,DEV_N_515,ADDR_N_515,COMPLETED,0,0.0,LOW
ORD_ACC_N_515_10,ACC_N_515,2026-07-23T00:00:00,PROD_137,172.0,DEV_N_515,ADDR_N_515,REFUNDED,1,0.0,LOW
ORD_ACC_N_515_11,ACC_N_515,2026-05-23T00:00:00,PROD_116,383.96,DEV_N_515,ADDR_N_515,COMPLETED,0,0.0,LOW
ORD_ACC_N_515_12,ACC_N_515,2026-07-25T00:00:00,PROD_140,474.63,DEV_N_515,ADDR_N_515,COMPLETED,0,0.0,LOW
ORD_ACC_N_515_13,ACC_N_515,2026-05-08T00:00:00,PROD_111,295.23,DEV_N_515,ADDR_N_515,COMPLETED,0,0.0,LOW
ORD_ACC_N_516_0,ACC_N_516,2026-08-20T00:00:00,PROD_129,490.08,DEV_N_516,ADDR_N_516,COMPLETED,0,0.0,LOW
ORD_ACC_N_516_1,ACC_N_516,2026-08-26T00:00:00,PROD_144,133.14,DEV_N_516,ADDR_N_516,COMPLETED,0,0.0,LOW
ORD_ACC_N_517_0,ACC_N_517,2026-02-22T00:00:00,PROD_104,314.81,DEV_N_517,ADDR_N_517,COMPLETED,0,0.0,LOW
ORD_ACC_N_517_1,ACC_N_517,2026-01-25T00:00:00,PROD_118,43.75,DEV_N_517,ADDR_N_517,COMPLETED,0,0.0,LOW
ORD_ACC_N_517_2,ACC_N_517,2026-02-08T00:00:00,PROD_109,322.05,DEV_N_517,ADDR_N_517,COMPLETED,0,0.0,LOW
ORD_ACC_N_517_3,ACC_N_517,2026-08-05T00:00:00,PROD_116,302.12,DEV_N_517,ADDR_N_517,COMPLETED,0,0.0,LOW
ORD_ACC_N_517_4,ACC_N_517,2026-07-17T00:00:00,PROD_148,307.13,DEV_N_517,ADDR_N_517,COMPLETED,0,0.0,LOW
ORD_ACC_N_517_5,ACC_N_517,2026-04-27T00:00:00,PROD_131,68.97,DEV_N_517,ADDR_N_517,COMPLETED,0,0.0,LOW
ORD_ACC_N_517_6,ACC_N_517,2026-02-21T00:00:00,PROD_129,142.17,DEV_N_517,ADDR_N_517,COMPLETED,0,0.0,LOW
ORD_ACC_N_517_7,ACC_N_517,2026-07-21T00:00:00,PROD_109,30.3,DEV_N_517,ADDR_N_517,COMPLETED,0,0.0,LOW
ORD_ACC_N_517_8,ACC_N_517,2026-08-03T00:00:00,PROD_120,200.33,DEV_N_517,ADDR_N_517,COMPLETED,0,0.0,LOW
ORD_ACC_N_517_9,ACC_N_517,2026-04-02T00:00:00,PROD_112,441.95,DEV_N_517,ADDR_N_517,COMPLETED,0,0.0,LOW
ORD_ACC_N_517_10,ACC_N_517,2026-02-23T00:00:00,PROD_112,373.25,DEV_N_517,ADDR_N_517,COMPLETED,0,0.0,LOW
ORD_ACC_N_517_11,ACC_N_517,2026-06-18T00:00:00,PROD_101,161.33,DEV_N_517,ADDR_N_517,COMPLETED,0,0.0,LOW
ORD_ACC_N_517_12,ACC_N_517,2026-04-25T00:00:00,PROD_138,423.5,DEV_N_517,ADDR_N_517,COMPLETED,0,0.0,LOW
ORD_ACC_N_518_0,ACC_N_518,2026-06-23T00:00:00,PROD_100,243.02,DEV_N_518,ADDR_N_518,COMPLETED,0,0.0,LOW
ORD_ACC_N_519_0,ACC_N_519,2026-02-19T00:00:00,PROD_104,387.66,DEV_N_519,ADDR_N_519,COMPLETED,0,0.0,LOW
ORD_ACC_N_519_1,ACC_N_519,2026-03-24T00:00:00,PROD_131,110.94,DEV_N_519,ADDR_N_519,COMPLETED,0,0.0,LOW
ORD_ACC_N_519_2,ACC_N_519,2025-10-16T00:00:00,PROD_127,356.96,DEV_N_519,ADDR_N_519,COMPLETED,0,0.0,LOW
ORD_ACC_N_519_3,ACC_N_519,2026-06-11T00:00:00,PROD_120,474.86,DEV_N_519,ADDR_N_519,COMPLETED,0,0.0,LOW
ORD_ACC_N_519_4,ACC_N_519,2026-05-04T00:00:00,PROD_131,148.64,DEV_N_519,ADDR_N_519,COMPLETED,0,0.0,LOW
ORD_ACC_N_519_5,ACC_N_519,2026-03-21T00:00:00,PROD_122,401.5,DEV_N_519,ADDR_N_519,COMPLETED,0,0.0,LOW
ORD_ACC_N_519_6,ACC_N_519,2026-06-14T00:00:00,PROD_125,28.42,DEV_N_519,ADDR_N_519,COMPLETED,0,0.0,LOW
ORD_ACC_N_519_7,ACC_N_519,2025-11-27T00:00:00,PROD_108,60.18,DEV_N_519,ADDR_N_519,COMPLETED,0,0.0,LOW
ORD_ACC_N_519_8,ACC_N_519,2026-02-24T00:00:00,PROD_109,294.9,DEV_N_519,ADDR_N_519,COMPLETED,0,0.0,LOW
ORD_ACC_N_519_9,ACC_N_519,2026-04-07T00:00:00,PROD_149,76.17,DEV_N_519,ADDR_N_519,COMPLETED,0,0.0,LOW
ORD_ACC_N_519_10,ACC_N_519,2026-05-12T00:00:00,PROD_120,40.18,DEV_N_519,ADDR_N_519,COMPLETED,0,0.0,LOW
ORD_ACC_N_520_0,ACC_N_520,2026-05-12T00:00:00,PROD_109,137.29,DEV_N_519,ADDR_N_519,COMPLETED,0,0.0,LOW
ORD_ACC_N_520_1,ACC_N_520,2026-07-18T00:00:00,PROD_142,416.8,DEV_N_519,ADDR_N_519,COMPLETED,0,0.0,LOW
ORD_ACC_N_520_2,ACC_N_520,2026-08-21T00:00:00,PROD_142,227.1,DEV_N_519,ADDR_N_519,COMPLETED,0,0.0,LOW
ORD_ACC_N_520_3,ACC_N_520,2026-03-25T00:00:00,PROD_135,266.9,DEV_N_519,ADDR_N_519,COMPLETED,0,0.0,LOW
ORD_ACC_N_521_0,ACC_N_521,2026-08-18T00:00:00,PROD_134,367.45,DEV_N_521,ADDR_N_521,COMPLETED,0,0.0,LOW
ORD_ACC_N_521_1,ACC_N_521,2026-08-29T00:00:00,PROD_114,150.85,DEV_N_521,ADDR_N_521,COMPLETED,0,0.0,LOW
ORD_ACC_N_521_2,ACC_N_521,2026-08-27T00:00:00,PROD_109,413.08,DEV_N_521,ADDR_N_521,COMPLETED,0,0.0,LOW
ORD_ACC_N_521_3,ACC_N_521,2026-07-09T00:00:00,PROD_147,102.99,DEV_N_521,ADDR_N_521,COMPLETED,0,0.0,LOW
ORD_ACC_N_522_0,ACC_N_522,2026-07-05T00:00:00,PROD_127,361.39,DEV_N_522,ADDR_N_522,COMPLETED,0,0.0,LOW
ORD_ACC_N_522_1,ACC_N_522,2026-01-30T00:00:00,PROD_119,277.18,DEV_N_522,ADDR_N_522,COMPLETED,0,0.0,LOW
ORD_ACC_N_522_2,ACC_N_522,2026-07-09T00:00:00,PROD_120,386.52,DEV_N_522,ADDR_N_522,COMPLETED,0,0.0,LOW
ORD_ACC_N_522_3,ACC_N_522,2026-08-02T00:00:00,PROD_148,206.94,DEV_N_522,ADDR_N_522,COMPLETED,0,0.0,LOW
ORD_ACC_N_522_4,ACC_N_522,2026-08-31T00:00:00,PROD_136,40.44,DEV_N_522,ADDR_N_522,COMPLETED,0,0.0,LOW
ORD_ACC_N_522_5,ACC_N_522,2025-12-20T00:00:00,PROD_115,232.28,DEV_N_522,ADDR_N_522,COMPLETED,0,0.0,LOW
ORD_ACC_N_522_6,ACC_N_522,2025-12-08T00:00:00,PROD_124,177.1,DEV_N_522,ADDR_N_522,COMPLETED,0,0.0,LOW
ORD_ACC_N_522_7,ACC_N_522,2026-04-09T00:00:00,PROD_119,473.95,DEV_N_522,ADDR_N_522,COMPLETED,0,0.0,LOW
ORD_ACC_N_522_8,ACC_N_522,2026-01-21T00:00:00,PROD_142,367.63,DEV_N_522,ADDR_N_522,COMPLETED,0,0.0,LOW
ORD_ACC_N_522_9,ACC_N_522,2026-07-05T00:00:00,PROD_127,313.05,DEV_N_522,ADDR_N_522,COMPLETED,0,0.0,LOW
ORD_ACC_N_522_10,ACC_N_522,2026-06-01T00:00:00,PROD_119,56.05,DEV_N_522,ADDR_N_522,COMPLETED,0,0.0,LOW
ORD_ACC_N_523_0,ACC_N_523,2026-08-21T00:00:00,PROD_107,313.63,DEV_N_523,ADDR_N_523,COMPLETED,0,0.0,LOW
ORD_ACC_N_523_1,ACC_N_523,2026-07-31T00:00:00,PROD_136,470.08,DEV_N_523,ADDR_N_523,COMPLETED,0,0.0,LOW
ORD_ACC_N_523_2,ACC_N_523,2026-08-26T00:00:00,PROD_109,246.11,DEV_N_523,ADDR_N_523,COMPLETED,0,0.0,LOW
ORD_ACC_N_523_3,ACC_N_523,2026-08-14T00:00:00,PROD_141,296.18,DEV_N_523,ADDR_N_523,COMPLETED,0,0.0,LOW
ORD_ACC_N_523_4,ACC_N_523,2026-07-30T00:00:00,PROD_135,355.19,DEV_N_523,ADDR_N_523,COMPLETED,0,0.0,LOW
ORD_ACC_N_524_0,ACC_N_524,2026-08-04T00:00:00,PROD_144,222.68,DEV_N_524,ADDR_N_524,REFUNDED,1,0.0,LOW
ORD_ACC_N_524_1,ACC_N_524,2026-08-28T00:00:00,PROD_147,22.58,DEV_N_524,ADDR_N_524,COMPLETED,0,0.0,LOW
ORD_ACC_N_524_2,ACC_N_524,2026-07-28T00:00:00,PROD_112,181.6,DEV_N_524,ADDR_N_524,COMPLETED,0,0.0,LOW
ORD_ACC_N_524_3,ACC_N_524,2026-08-31T00:00:00,PROD_111,174.45,DEV_N_524,ADDR_N_524,REFUNDED,1,0.0,LOW
ORD_ACC_N_525_0,ACC_N_525,2026-05-03T00:00:00,PROD_122,283.92,DEV_N_525,ADDR_N_525,REFUNDED,1,0.0,LOW
ORD_ACC_N_525_1,ACC_N_525,2026-01-30T00:00:00,PROD_142,424.38,DEV_N_525,ADDR_N_525,COMPLETED,0,0.0,LOW
ORD_ACC_N_525_2,ACC_N_525,2026-07-31T00:00:00,PROD_144,48.63,DEV_N_525,ADDR_N_525,COMPLETED,0,0.0,LOW
ORD_ACC_N_525_3,ACC_N_525,2026-06-09T00:00:00,PROD_115,414.86,DEV_N_525,ADDR_N_525,COMPLETED,0,0.0,LOW
ORD_ACC_N_525_4,ACC_N_525,2026-06-02T00:00:00,PROD_113,425.04,DEV_N_525,ADDR_N_525,COMPLETED,0,0.0,LOW
ORD_ACC_N_525_5,ACC_N_525,2026-02-15T00:00:00,PROD_113,343.12,DEV_N_525,ADDR_N_525,COMPLETED,0,0.0,LOW
ORD_ACC_N_525_6,ACC_N_525,2025-12-27T00:00:00,PROD_132,215.6,DEV_N_525,ADDR_N_525,COMPLETED,0,0.0,LOW
ORD_ACC_N_525_7,ACC_N_525,2026-07-04T00:00:00,PROD_148,443.97,DEV_N_525,ADDR_N_525,COMPLETED,0,0.0,LOW
ORD_ACC_N_525_8,ACC_N_525,2026-06-02T00:00:00,PROD_127,210.87,DEV_N_525,ADDR_N_525,COMPLETED,0,0.0,LOW
ORD_ACC_N_525_9,ACC_N_525,2026-03-28T00:00:00,PROD_104,483.26,DEV_N_525,ADDR_N_525,COMPLETED,0,0.0,LOW
ORD_ACC_N_525_10,ACC_N_525,2026-06-13T00:00:00,PROD_112,338.64,DEV_N_525,ADDR_N_525,COMPLETED,0,0.0,LOW
ORD_ACC_N_525_11,ACC_N_525,2026-06-14T00:00:00,PROD_132,67.59,DEV_N_525,ADDR_N_525,COMPLETED,0,0.0,LOW
ORD_ACC_N_525_12,ACC_N_525,2026-03-06T00:00:00,PROD_138,450.9,DEV_N_525,ADDR_N_525,COMPLETED,0,0.0,LOW
ORD_ACC_N_525_13,ACC_N_525,2025-12-04T00:00:00,PROD_148,248.9,DEV_N_525,ADDR_N_525,COMPLETED,0,0.0,LOW
ORD_ACC_N_525_14,ACC_N_525,2026-02-05T00:00:00,PROD_124,477.28,DEV_N_525,ADDR_N_525,COMPLETED,0,0.0,LOW
ORD_ACC_N_526_0,ACC_N_526,2026-01-27T00:00:00,PROD_137,382.65,DEV_N_526,ADDR_N_526,COMPLETED,0,0.0,LOW
ORD_ACC_N_527_0,ACC_N_527,2026-08-23T00:00:00,PROD_117,270.87,DEV_N_527,ADDR_N_527,COMPLETED,0,0.0,LOW
ORD_ACC_N_527_1,ACC_N_527,2026-08-19T00:00:00,PROD_138,56.03,DEV_N_527,ADDR_N_527,COMPLETED,0,0.0,LOW
ORD_ACC_N_527_2,ACC_N_527,2026-08-25T00:00:00,PROD_144,76.05,DEV_N_527,ADDR_N_527,COMPLETED,0,0.0,LOW
ORD_ACC_N_527_3,ACC_N_527,2026-08-26T00:00:00,PROD_134,485.57,DEV_N_527,ADDR_N_527,COMPLETED,0,0.0,LOW
ORD_ACC_N_527_4,ACC_N_527,2026-08-23T00:00:00,PROD_131,352.53,DEV_N_527,ADDR_N_527,COMPLETED,0,0.0,LOW
ORD_ACC_N_527_5,ACC_N_527,2026-08-20T00:00:00,PROD_146,344.27,DEV_N_527,ADDR_N_527,COMPLETED,0,0.0,LOW
ORD_ACC_N_527_6,ACC_N_527,2026-08-20T00:00:00,PROD_125,207.58,DEV_N_527,ADDR_N_527,COMPLETED,0,0.0,LOW
ORD_ACC_N_527_7,ACC_N_527,2026-08-25T00:00:00,PROD_122,386.59,DEV_N_527,ADDR_N_527,COMPLETED,0,0.0,LOW
ORD_ACC_N_527_8,ACC_N_527,2026-08-30T00:00:00,PROD_119,86.42,DEV_N_527,ADDR_N_527,COMPLETED,0,0.0,LOW
ORD_ACC_N_527_9,ACC_N_527,2026-08-23T00:00:00,PROD_110,304.72,DEV_N_527,ADDR_N_527,COMPLETED,0,0.0,LOW
ORD_ACC_N_527_10,ACC_N_527,2026-08-26T00:00:00,PROD_127,127.29,DEV_N_527,ADDR_N_527,COMPLETED,0,0.0,LOW
ORD_ACC_N_528_0,ACC_N_528,2026-06-16T00:00:00,PROD_138,445.57,DEV_N_528,ADDR_N_528,COMPLETED,0,0.0,LOW
ORD_ACC_N_528_1,ACC_N_528,2026-05-10T00:00:00,PROD_148,148.7,DEV_N_528,ADDR_N_528,COMPLETED,0,0.0,LOW
ORD_ACC_N_528_2,ACC_N_528,2026-05-18T00:00:00,PROD_119,223.06,DEV_N_528,ADDR_N_528,COMPLETED,0,0.0,LOW
ORD_ACC_N_528_3,ACC_N_528,2026-02-17T00:00:00,PROD_131,230.18,DEV_N_528,ADDR_N_528,COMPLETED,0,0.0,LOW
ORD_ACC_N_528_4,ACC_N_528,2026-04-10T00:00:00,PROD_129,21.85,DEV_N_528,ADDR_N_528,COMPLETED,0,0.0,LOW
ORD_ACC_N_528_5,ACC_N_528,2026-03-09T00:00:00,PROD_122,346.26,DEV_N_528,ADDR_N_528,COMPLETED,0,0.0,LOW
ORD_ACC_N_528_6,ACC_N_528,2026-01-26T00:00:00,PROD_104,294.07,DEV_N_528,ADDR_N_528,COMPLETED,0,0.0,LOW
ORD_ACC_N_528_7,ACC_N_528,2026-07-13T00:00:00,PROD_119,405.31,DEV_N_528,ADDR_N_528,COMPLETED,0,0.0,LOW
ORD_ACC_N_528_8,ACC_N_528,2026-05-18T00:00:00,PROD_129,241.78,DEV_N_528,ADDR_N_528,COMPLETED,0,0.0,LOW
ORD_ACC_N_528_9,ACC_N_528,2026-03-23T00:00:00,PROD_137,184.81,DEV_N_528,ADDR_N_528,COMPLETED,0,0.0,LOW
ORD_ACC_N_528_10,ACC_N_528,2026-02-06T00:00:00,PROD_118,275.94,DEV_N_528,ADDR_N_528,COMPLETED,0,0.0,LOW
ORD_ACC_N_528_11,ACC_N_528,2026-04-17T00:00:00,PROD_100,33.42,DEV_N_528,ADDR_N_528,COMPLETED,0,0.0,LOW
ORD_ACC_N_529_0,ACC_N_529,2026-06-11T00:00:00,PROD_100,267.09,DEV_N_529,ADDR_N_529,COMPLETED,0,0.0,LOW
ORD_ACC_N_529_1,ACC_N_529,2026-08-10T00:00:00,PROD_102,76.77,DEV_N_529,ADDR_N_529,COMPLETED,0,0.0,LOW
ORD_ACC_N_529_2,ACC_N_529,2026-07-11T00:00:00,PROD_125,86.98,DEV_N_529,ADDR_N_529,COMPLETED,0,0.0,LOW
ORD_ACC_N_529_3,ACC_N_529,2026-07-25T00:00:00,PROD_101,285.38,DEV_N_529,ADDR_N_529,COMPLETED,0,0.0,LOW
ORD_ACC_N_529_4,ACC_N_529,2026-08-09T00:00:00,PROD_122,149.87,DEV_N_529,ADDR_N_529,COMPLETED,0,0.0,LOW
ORD_ACC_N_529_5,ACC_N_529,2026-08-18T00:00:00,PROD_134,389.68,DEV_N_529,ADDR_N_529,REFUNDED,1,0.0,LOW
ORD_ACC_N_529_6,ACC_N_529,2026-08-07T00:00:00,PROD_121,439.97,DEV_N_529,ADDR_N_529,COMPLETED,0,0.0,LOW
ORD_ACC_N_529_7,ACC_N_529,2026-07-23T00:00:00,PROD_115,340.04,DEV_N_529,ADDR_N_529,COMPLETED,0,0.0,LOW
ORD_ACC_N_529_8,ACC_N_529,2026-06-16T00:00:00,PROD_147,373.71,DEV_N_529,ADDR_N_529,COMPLETED,0,0.0,LOW
ORD_ACC_N_529_9,ACC_N_529,2026-06-22T00:00:00,PROD_115,186.86,DEV_N_529,ADDR_N_529,COMPLETED,0,0.0,LOW
ORD_ACC_N_529_10,ACC_N_529,2026-08-12T00:00:00,PROD_123,464.22,DEV_N_529,ADDR_N_529,COMPLETED,0,0.0,LOW
ORD_ACC_N_530_0,ACC_N_530,2026-08-18T00:00:00,PROD_124,42.04,DEV_N_529,ADDR_N_529,COMPLETED,0,0.0,LOW
ORD_ACC_N_531_0,ACC_N_531,2026-07-06T00:00:00,PROD_141,437.33,DEV_N_531,ADDR_N_531,COMPLETED,0,0.0,LOW
ORD_ACC_N_531_1,ACC_N_531,2026-08-30T00:00:00,PROD_124,457.36,DEV_N_531,ADDR_N_531,COMPLETED,0,0.0,LOW
ORD_ACC_N_531_2,ACC_N_531,2026-08-25T00:00:00,PROD_112,287.82,DEV_N_531,ADDR_N_531,COMPLETED,0,0.0,LOW
ORD_ACC_N_531_3,ACC_N_531,2026-07-28T00:00:00,PROD_118,339.18,DEV_N_531,ADDR_N_531,COMPLETED,0,0.0,LOW
ORD_ACC_N_531_4,ACC_N_531,2026-08-03T00:00:00,PROD_130,293.35,DEV_N_531,ADDR_N_531,COMPLETED,0,0.0,LOW
ORD_ACC_N_531_5,ACC_N_531,2026-07-21T00:00:00,PROD_126,76.79,DEV_N_531,ADDR_N_531,COMPLETED,0,0.0,LOW
ORD_ACC_N_531_6,ACC_N_531,2026-08-30T00:00:00,PROD_127,74.24,DEV_N_531,ADDR_N_531,COMPLETED,0,0.0,LOW
ORD_ACC_N_531_7,ACC_N_531,2026-07-06T00:00:00,PROD_117,350.21,DEV_N_531,ADDR_N_531,REFUNDED,1,0.0,LOW
ORD_ACC_N_531_8,ACC_N_531,2026-07-02T00:00:00,PROD_138,485.09,DEV_N_531,ADDR_N_531,COMPLETED,0,0.0,LOW
ORD_ACC_N_531_9,ACC_N_531,2026-08-06T00:00:00,PROD_127,252.3,DEV_N_531,ADDR_N_531,COMPLETED,0,0.0,LOW
ORD_ACC_N_532_0,ACC_N_532,2026-05-28T00:00:00,PROD_124,99.12,DEV_N_532,ADDR_N_532,COMPLETED,0,0.0,LOW
ORD_ACC_N_532_1,ACC_N_532,2026-02-11T00:00:00,PROD_122,393.5,DEV_N_532,ADDR_N_532,COMPLETED,0,0.0,LOW
ORD_ACC_N_532_2,ACC_N_532,2026-04-01T00:00:00,PROD_120,229.37,DEV_N_532,ADDR_N_532,COMPLETED,0,0.0,LOW
ORD_ACC_N_532_3,ACC_N_532,2026-02-16T00:00:00,PROD_111,105.57,DEV_N_532,ADDR_N_532,COMPLETED,0,0.0,LOW
ORD_ACC_N_532_4,ACC_N_532,2026-03-29T00:00:00,PROD_140,23.8,DEV_N_532,ADDR_N_532,COMPLETED,0,0.0,LOW
ORD_ACC_N_532_5,ACC_N_532,2026-05-11T00:00:00,PROD_119,400.7,DEV_N_532,ADDR_N_532,COMPLETED,0,0.0,LOW
ORD_ACC_N_532_6,ACC_N_532,2026-05-24T00:00:00,PROD_120,165.72,DEV_N_532,ADDR_N_532,COMPLETED,0,0.0,LOW
ORD_ACC_N_532_7,ACC_N_532,2026-04-01T00:00:00,PROD_110,126.96,DEV_N_532,ADDR_N_532,COMPLETED,0,0.0,LOW
ORD_ACC_N_532_8,ACC_N_532,2026-02-02T00:00:00,PROD_120,412.53,DEV_N_532,ADDR_N_532,COMPLETED,0,0.0,LOW
ORD_ACC_N_532_9,ACC_N_532,2026-04-28T00:00:00,PROD_118,418.61,DEV_N_532,ADDR_N_532,COMPLETED,0,0.0,LOW
ORD_ACC_N_532_10,ACC_N_532,2026-02-26T00:00:00,PROD_144,186.9,DEV_N_532,ADDR_N_532,COMPLETED,0,0.0,LOW
ORD_ACC_N_532_11,ACC_N_532,2026-08-17T00:00:00,PROD_108,21.6,DEV_N_532,ADDR_N_532,COMPLETED,0,0.0,LOW
ORD_ACC_N_532_12,ACC_N_532,2026-08-08T00:00:00,PROD_145,466.65,DEV_N_532,ADDR_N_532,COMPLETED,0,0.0,LOW
ORD_ACC_N_532_13,ACC_N_532,2026-07-02T00:00:00,PROD_140,463.11,DEV_N_532,ADDR_N_532,COMPLETED,0,0.0,LOW
ORD_ACC_N_533_0,ACC_N_533,2026-01-26T00:00:00,PROD_134,390.75,DEV_N_533,ADDR_N_533,COMPLETED,0,0.0,LOW
ORD_ACC_N_533_1,ACC_N_533,2026-03-07T00:00:00,PROD_120,286.73,DEV_N_533,ADDR_N_533,COMPLETED,0,0.0,LOW
ORD_ACC_N_533_2,ACC_N_533,2026-03-18T00:00:00,PROD_119,102.07,DEV_N_533,ADDR_N_533,COMPLETED,0,0.0,LOW
ORD_ACC_N_534_0,ACC_N_534,2026-03-07T00:00:00,PROD_106,87.17,DEV_N_534,ADDR_N_534,COMPLETED,0,0.0,LOW
ORD_ACC_N_534_1,ACC_N_534,2026-07-03T00:00:00,PROD_123,489.2,DEV_N_534,ADDR_N_534,COMPLETED,0,0.0,LOW
ORD_ACC_N_534_2,ACC_N_534,2026-07-19T00:00:00,PROD_103,235.34,DEV_N_534,ADDR_N_534,COMPLETED,0,0.0,LOW
ORD_ACC_N_534_3,ACC_N_534,2025-10-09T00:00:00,PROD_105,42.64,DEV_N_534,ADDR_N_534,COMPLETED,0,0.0,LOW
ORD_ACC_N_534_4,ACC_N_534,2026-01-14T00:00:00,PROD_114,237.97,DEV_N_534,ADDR_N_534,COMPLETED,0,0.0,LOW
ORD_ACC_N_534_5,ACC_N_534,2025-10-09T00:00:00,PROD_119,123.12,DEV_N_534,ADDR_N_534,COMPLETED,0,0.0,LOW
ORD_ACC_N_534_6,ACC_N_534,2025-12-04T00:00:00,PROD_118,371.26,DEV_N_534,ADDR_N_534,COMPLETED,0,0.0,LOW
ORD_ACC_N_534_7,ACC_N_534,2026-01-07T00:00:00,PROD_144,77.16,DEV_N_534,ADDR_N_534,COMPLETED,0,0.0,LOW
ORD_ACC_N_534_8,ACC_N_534,2026-01-08T00:00:00,PROD_138,115.73,DEV_N_534,ADDR_N_534,COMPLETED,0,0.0,LOW
ORD_ACC_N_534_9,ACC_N_534,2026-08-13T00:00:00,PROD_134,180.02,DEV_N_534,ADDR_N_534,COMPLETED,0,0.0,LOW
ORD_ACC_N_534_10,ACC_N_534,2026-05-10T00:00:00,PROD_126,113.71,DEV_N_534,ADDR_N_534,COMPLETED,0,0.0,LOW
ORD_ACC_N_534_11,ACC_N_534,2026-07-27T00:00:00,PROD_141,350.42,DEV_N_534,ADDR_N_534,COMPLETED,0,0.0,LOW
ORD_ACC_N_534_12,ACC_N_534,2025-10-28T00:00:00,PROD_102,490.59,DEV_N_534,ADDR_N_534,COMPLETED,0,0.0,LOW
ORD_ACC_N_534_13,ACC_N_534,2026-01-01T00:00:00,PROD_135,262.89,DEV_N_534,ADDR_N_534,COMPLETED,0,0.0,LOW
ORD_ACC_N_535_0,ACC_N_535,2026-07-18T00:00:00,PROD_100,250.36,DEV_N_535,ADDR_N_535,COMPLETED,0,0.0,LOW
ORD_ACC_N_535_1,ACC_N_535,2026-04-11T00:00:00,PROD_104,228.7,DEV_N_535,ADDR_N_535,COMPLETED,0,0.0,LOW
ORD_ACC_N_535_2,ACC_N_535,2026-07-16T00:00:00,PROD_126,78.67,DEV_N_535,ADDR_N_535,COMPLETED,0,0.0,LOW
ORD_ACC_N_535_3,ACC_N_535,2026-03-15T00:00:00,PROD_114,122.1,DEV_N_535,ADDR_N_535,COMPLETED,0,0.0,LOW
ORD_ACC_N_535_4,ACC_N_535,2026-04-22T00:00:00,PROD_106,44.0,DEV_N_535,ADDR_N_535,COMPLETED,0,0.0,LOW
ORD_ACC_N_535_5,ACC_N_535,2026-05-15T00:00:00,PROD_117,349.07,DEV_N_535,ADDR_N_535,COMPLETED,0,0.0,LOW
ORD_ACC_N_535_6,ACC_N_535,2026-04-26T00:00:00,PROD_147,62.06,DEV_N_535,ADDR_N_535,COMPLETED,0,0.0,LOW
ORD_ACC_N_535_7,ACC_N_535,2026-07-21T00:00:00,PROD_104,304.4,DEV_N_535,ADDR_N_535,COMPLETED,0,0.0,LOW
ORD_ACC_N_535_8,ACC_N_535,2026-07-05T00:00:00,PROD_137,120.75,DEV_N_535,ADDR_N_535,COMPLETED,0,0.0,LOW
ORD_ACC_N_535_9,ACC_N_535,2026-04-06T00:00:00,PROD_127,143.34,DEV_N_535,ADDR_N_535,COMPLETED,0,0.0,LOW
ORD_ACC_N_535_10,ACC_N_535,2026-06-05T00:00:00,PROD_137,45.28,DEV_N_535,ADDR_N_535,COMPLETED,0,0.0,LOW
ORD_ACC_N_535_11,ACC_N_535,2026-03-08T00:00:00,PROD_138,37.73,DEV_N_535,ADDR_N_535,REFUNDED,1,0.0,LOW
ORD_ACC_N_535_12,ACC_N_535,2026-05-01T00:00:00,PROD_114,129.38,DEV_N_535,ADDR_N_535,REFUNDED,1,0.0,LOW
ORD_ACC_N_536_0,ACC_N_536,2026-08-26T00:00:00,PROD_133,279.35,DEV_N_536,ADDR_N_536,COMPLETED,0,0.0,LOW
ORD_ACC_N_536_1,ACC_N_536,2026-07-05T00:00:00,PROD_124,158.0,DEV_N_536,ADDR_N_536,COMPLETED,0,0.0,LOW
ORD_ACC_N_536_2,ACC_N_536,2026-07-15T00:00:00,PROD_119,470.18,DEV_N_536,ADDR_N_536,COMPLETED,0,0.0,LOW
ORD_ACC_N_536_3,ACC_N_536,2026-07-14T00:00:00,PROD_139,470.8,DEV_N_536,ADDR_N_536,COMPLETED,0,0.0,LOW
ORD_ACC_N_536_4,ACC_N_536,2026-07-25T00:00:00,PROD_123,197.94,DEV_N_536,ADDR_N_536,COMPLETED,0,0.0,LOW
ORD_ACC_N_536_5,ACC_N_536,2026-08-10T00:00:00,PROD_148,324.85,DEV_N_536,ADDR_N_536,COMPLETED,0,0.0,LOW
ORD_ACC_N_536_6,ACC_N_536,2026-08-23T00:00:00,PROD_137,473.81,DEV_N_536,ADDR_N_536,COMPLETED,0,0.0,LOW
ORD_ACC_N_536_7,ACC_N_536,2026-08-20T00:00:00,PROD_137,88.86,DEV_N_536,ADDR_N_536,COMPLETED,0,0.0,LOW
ORD_ACC_N_536_8,ACC_N_536,2026-07-16T00:00:00,PROD_142,278.63,DEV_N_536,ADDR_N_536,COMPLETED,0,0.0,LOW
ORD_ACC_N_536_9,ACC_N_536,2026-07-10T00:00:00,PROD_112,86.08,DEV_N_536,ADDR_N_536,COMPLETED,0,0.0,LOW
ORD_ACC_N_536_10,ACC_N_536,2026-07-07T00:00:00,PROD_100,236.89,DEV_N_536,ADDR_N_536,COMPLETED,0,0.0,LOW
ORD_ACC_N_536_11,ACC_N_536,2026-07-14T00:00:00,PROD_116,298.69,DEV_N_536,ADDR_N_536,COMPLETED,0,0.0,LOW
ORD_ACC_N_537_0,ACC_N_537,2026-08-14T00:00:00,PROD_131,401.51,DEV_N_537,ADDR_N_537,COMPLETED,0,0.0,LOW
ORD_ACC_N_537_1,ACC_N_537,2026-07-29T00:00:00,PROD_106,497.56,DEV_N_537,ADDR_N_537,COMPLETED,0,0.0,LOW
ORD_ACC_N_537_2,ACC_N_537,2026-08-20T00:00:00,PROD_113,368.54,DEV_N_537,ADDR_N_537,COMPLETED,0,0.0,LOW
ORD_ACC_N_537_3,ACC_N_537,2026-07-30T00:00:00,PROD_134,184.03,DEV_N_537,ADDR_N_537,COMPLETED,0,0.0,LOW
ORD_ACC_N_537_4,ACC_N_537,2026-07-13T00:00:00,PROD_131,59.32,DEV_N_537,ADDR_N_537,COMPLETED,0,0.0,LOW
ORD_ACC_N_537_5,ACC_N_537,2026-08-26T00:00:00,PROD_136,152.05,DEV_N_537,ADDR_N_537,COMPLETED,0,0.0,LOW
ORD_ACC_N_537_6,ACC_N_537,2026-07-06T00:00:00,PROD_139,414.11,DEV_N_537,ADDR_N_537,COMPLETED,0,0.0,LOW
ORD_ACC_N_537_7,ACC_N_537,2026-07-22T00:00:00,PROD_128,426.04,DEV_N_537,ADDR_N_537,COMPLETED,0,0.0,LOW
ORD_ACC_N_537_8,ACC_N_537,2026-07-26T00:00:00,PROD_135,42.56,DEV_N_537,ADDR_N_537,COMPLETED,0,0.0,LOW
ORD_ACC_N_537_9,ACC_N_537,2026-07-03T00:00:00,PROD_123,223.02,DEV_N_537,ADDR_N_537,COMPLETED,0,0.0,LOW
ORD_ACC_N_537_10,ACC_N_537,2026-07-22T00:00:00,PROD_132,417.95,DEV_N_537,ADDR_N_537,COMPLETED,0,0.0,LOW
ORD_ACC_N_537_11,ACC_N_537,2026-07-14T00:00:00,PROD_147,29.92,DEV_N_537,ADDR_N_537,COMPLETED,0,0.0,LOW
ORD_ACC_N_537_12,ACC_N_537,2026-07-13T00:00:00,PROD_108,421.34,DEV_N_537,ADDR_N_537,COMPLETED,0,0.0,LOW
ORD_ACC_N_538_0,ACC_N_538,2026-08-28T00:00:00,PROD_137,78.49,DEV_N_538,ADDR_N_538,COMPLETED,0,0.0,LOW
ORD_ACC_N_538_1,ACC_N_538,2026-08-31T00:00:00,PROD_108,139.34,DEV_N_538,ADDR_N_538,COMPLETED,0,0.0,LOW
ORD_ACC_N_538_2,ACC_N_538,2026-08-16T00:00:00,PROD_120,167.54,DEV_N_538,ADDR_N_538,COMPLETED,0,0.0,LOW
ORD_ACC_N_538_3,ACC_N_538,2026-08-28T00:00:00,PROD_136,136.81,DEV_N_538,ADDR_N_538,COMPLETED,0,0.0,LOW
ORD_ACC_N_538_4,ACC_N_538,2026-08-15T00:00:00,PROD_106,177.48,DEV_N_538,ADDR_N_538,COMPLETED,0,0.0,LOW
ORD_ACC_N_538_5,ACC_N_538,2026-08-28T00:00:00,PROD_108,40.5,DEV_N_538,ADDR_N_538,COMPLETED,0,0.0,LOW
ORD_ACC_N_538_6,ACC_N_538,2026-08-25T00:00:00,PROD_104,363.02,DEV_N_538,ADDR_N_538,COMPLETED,0,0.0,LOW
ORD_ACC_N_538_7,ACC_N_538,2026-08-15T00:00:00,PROD_125,258.17,DEV_N_538,ADDR_N_538,COMPLETED,0,0.0,LOW
ORD_ACC_N_538_8,ACC_N_538,2026-08-17T00:00:00,PROD_132,57.86,DEV_N_538,ADDR_N_538,COMPLETED,0,0.0,LOW
ORD_ACC_N_538_9,ACC_N_538,2026-08-19T00:00:00,PROD_115,292.81,DEV_N_538,ADDR_N_538,COMPLETED,0,0.0,LOW
ORD_ACC_N_538_10,ACC_N_538,2026-08-30T00:00:00,PROD_134,358.07,DEV_N_538,ADDR_N_538,COMPLETED,0,0.0,LOW
ORD_ACC_N_538_11,ACC_N_538,2026-08-18T00:00:00,PROD_118,63.37,DEV_N_538,ADDR_N_538,COMPLETED,0,0.0,LOW
ORD_ACC_N_539_0,ACC_N_539,2026-07-18T00:00:00,PROD_124,332.32,DEV_N_539,ADDR_N_539,COMPLETED,0,0.0,LOW
ORD_ACC_N_539_1,ACC_N_539,2025-11-05T00:00:00,PROD_122,253.92,DEV_N_539,ADDR_N_539,COMPLETED,0,0.0,LOW
ORD_ACC_N_539_2,ACC_N_539,2026-07-11T00:00:00,PROD_143,202.32,DEV_N_539,ADDR_N_539,COMPLETED,0,0.0,LOW
ORD_ACC_N_539_3,ACC_N_539,2026-08-10T00:00:00,PROD_115,336.81,DEV_N_539,ADDR_N_539,COMPLETED,0,0.0,LOW
ORD_ACC_N_540_0,ACC_N_540,2026-01-10T00:00:00,PROD_138,33.52,DEV_N_539,ADDR_N_539,COMPLETED,0,0.0,LOW
ORD_ACC_N_540_1,ACC_N_540,2026-02-19T00:00:00,PROD_115,216.73,DEV_N_539,ADDR_N_539,COMPLETED,0,0.0,LOW
ORD_ACC_N_540_2,ACC_N_540,2026-06-02T00:00:00,PROD_116,270.2,DEV_N_539,ADDR_N_539,COMPLETED,0,0.0,LOW
ORD_ACC_N_541_0,ACC_N_541,2026-07-19T00:00:00,PROD_106,217.86,DEV_N_541,ADDR_N_541,REFUNDED,1,0.0,LOW
ORD_ACC_N_541_1,ACC_N_541,2026-08-11T00:00:00,PROD_134,324.61,DEV_N_541,ADDR_N_541,COMPLETED,0,0.0,LOW
ORD_ACC_N_541_2,ACC_N_541,2026-08-05T00:00:00,PROD_123,417.55,DEV_N_541,ADDR_N_541,REFUNDED,1,0.0,LOW
ORD_ACC_N_541_3,ACC_N_541,2026-08-19T00:00:00,PROD_108,341.25,DEV_N_541,ADDR_N_541,COMPLETED,0,0.0,LOW
ORD_ACC_N_541_4,ACC_N_541,2026-08-18T00:00:00,PROD_126,23.97,DEV_N_541,ADDR_N_541,COMPLETED,0,0.0,LOW
ORD_ACC_N_541_5,ACC_N_541,2026-08-04T00:00:00,PROD_106,84.47,DEV_N_541,ADDR_N_541,COMPLETED,0,0.0,LOW
ORD_ACC_N_541_6,ACC_N_541,2026-07-22T00:00:00,PROD_107,144.4,DEV_N_541,ADDR_N_541,COMPLETED,0,0.0,LOW
ORD_ACC_N_541_7,ACC_N_541,2026-07-25T00:00:00,PROD_113,130.36,DEV_N_541,ADDR_N_541,COMPLETED,0,0.0,LOW
ORD_ACC_N_541_8,ACC_N_541,2026-07-26T00:00:00,PROD_126,217.65,DEV_N_541,ADDR_N_541,COMPLETED,0,0.0,LOW
ORD_ACC_N_541_9,ACC_N_541,2026-08-06T00:00:00,PROD_142,144.86,DEV_N_541,ADDR_N_541,COMPLETED,0,0.0,LOW
ORD_ACC_N_541_10,ACC_N_541,2026-07-22T00:00:00,PROD_136,483.29,DEV_N_541,ADDR_N_541,COMPLETED,0,0.0,LOW
ORD_ACC_N_541_11,ACC_N_541,2026-08-20T00:00:00,PROD_117,262.72,DEV_N_541,ADDR_N_541,COMPLETED,0,0.0,LOW
ORD_ACC_N_541_12,ACC_N_541,2026-07-30T00:00:00,PROD_120,238.09,DEV_N_541,ADDR_N_541,COMPLETED,0,0.0,LOW
ORD_ACC_N_541_13,ACC_N_541,2026-08-24T00:00:00,PROD_149,430.73,DEV_N_541,ADDR_N_541,COMPLETED,0,0.0,LOW
ORD_ACC_N_542_0,ACC_N_542,2026-01-11T00:00:00,PROD_129,85.18,DEV_N_542,ADDR_N_542,COMPLETED,0,0.0,LOW
ORD_ACC_N_542_1,ACC_N_542,2026-05-23T00:00:00,PROD_135,30.21,DEV_N_542,ADDR_N_542,COMPLETED,0,0.0,LOW
ORD_ACC_N_542_2,ACC_N_542,2026-07-01T00:00:00,PROD_117,398.64,DEV_N_542,ADDR_N_542,COMPLETED,0,0.0,LOW
ORD_ACC_N_542_3,ACC_N_542,2026-05-20T00:00:00,PROD_132,166.43,DEV_N_542,ADDR_N_542,COMPLETED,0,0.0,LOW
ORD_ACC_N_542_4,ACC_N_542,2026-07-29T00:00:00,PROD_130,263.48,DEV_N_542,ADDR_N_542,COMPLETED,0,0.0,LOW
ORD_ACC_N_542_5,ACC_N_542,2026-03-01T00:00:00,PROD_114,481.66,DEV_N_542,ADDR_N_542,COMPLETED,0,0.0,LOW
ORD_ACC_N_542_6,ACC_N_542,2026-02-05T00:00:00,PROD_100,156.3,DEV_N_542,ADDR_N_542,COMPLETED,0,0.0,LOW
ORD_ACC_N_542_7,ACC_N_542,2026-07-14T00:00:00,PROD_100,131.62,DEV_N_542,ADDR_N_542,REFUNDED,1,0.0,LOW
ORD_ACC_N_542_8,ACC_N_542,2026-03-06T00:00:00,PROD_126,112.64,DEV_N_542,ADDR_N_542,COMPLETED,0,0.0,LOW
ORD_ACC_N_542_9,ACC_N_542,2026-05-28T00:00:00,PROD_122,281.58,DEV_N_542,ADDR_N_542,COMPLETED,0,0.0,LOW
ORD_ACC_N_542_10,ACC_N_542,2026-06-07T00:00:00,PROD_104,485.55,DEV_N_542,ADDR_N_542,COMPLETED,0,0.0,LOW
ORD_ACC_N_542_11,ACC_N_542,2026-05-04T00:00:00,PROD_146,449.33,DEV_N_542,ADDR_N_542,COMPLETED,0,0.0,LOW
ORD_ACC_N_543_0,ACC_N_543,2026-07-28T00:00:00,PROD_104,23.51,DEV_N_543,ADDR_N_543,COMPLETED,0,0.0,LOW
ORD_ACC_N_543_1,ACC_N_543,2026-08-17T00:00:00,PROD_137,359.49,DEV_N_543,ADDR_N_543,COMPLETED,0,0.0,LOW
ORD_ACC_N_543_2,ACC_N_543,2026-08-06T00:00:00,PROD_123,291.21,DEV_N_543,ADDR_N_543,COMPLETED,0,0.0,LOW
ORD_ACC_N_543_3,ACC_N_543,2026-01-28T00:00:00,PROD_139,284.4,DEV_N_543,ADDR_N_543,COMPLETED,0,0.0,LOW
ORD_ACC_N_543_4,ACC_N_543,2026-03-02T00:00:00,PROD_140,315.74,DEV_N_543,ADDR_N_543,COMPLETED,0,0.0,LOW
ORD_ACC_N_543_5,ACC_N_543,2026-07-26T00:00:00,PROD_129,380.31,DEV_N_543,ADDR_N_543,COMPLETED,0,0.0,LOW
ORD_ACC_N_543_6,ACC_N_543,2026-04-03T00:00:00,PROD_109,370.49,DEV_N_543,ADDR_N_543,COMPLETED,0,0.0,LOW
ORD_ACC_N_543_7,ACC_N_543,2026-06-27T00:00:00,PROD_113,435.46,DEV_N_543,ADDR_N_543,COMPLETED,0,0.0,LOW
ORD_ACC_N_544_0,ACC_N_544,2026-08-21T00:00:00,PROD_109,496.09,DEV_N_544,ADDR_N_544,COMPLETED,0,0.0,LOW
ORD_ACC_N_544_1,ACC_N_544,2026-07-25T00:00:00,PROD_144,26.71,DEV_N_544,ADDR_N_544,COMPLETED,0,0.0,LOW
ORD_ACC_N_544_2,ACC_N_544,2026-08-09T00:00:00,PROD_139,221.22,DEV_N_544,ADDR_N_544,COMPLETED,0,0.0,LOW
ORD_ACC_N_544_3,ACC_N_544,2026-08-27T00:00:00,PROD_127,112.36,DEV_N_544,ADDR_N_544,COMPLETED,0,0.0,LOW
ORD_ACC_N_544_4,ACC_N_544,2026-06-04T00:00:00,PROD_100,203.11,DEV_N_544,ADDR_N_544,COMPLETED,0,0.0,LOW
ORD_ACC_N_544_5,ACC_N_544,2026-06-23T00:00:00,PROD_110,211.69,DEV_N_544,ADDR_N_544,COMPLETED,0,0.0,LOW
ORD_ACC_N_545_0,ACC_N_545,2026-08-27T00:00:00,PROD_115,35.26,DEV_N_545,ADDR_N_545,COMPLETED,0,0.0,LOW
ORD_ACC_N_545_1,ACC_N_545,2026-07-09T00:00:00,PROD_123,366.29,DEV_N_545,ADDR_N_545,COMPLETED,0,0.0,LOW
ORD_ACC_N_545_2,ACC_N_545,2026-07-10T00:00:00,PROD_100,480.05,DEV_N_545,ADDR_N_545,COMPLETED,0,0.0,LOW
ORD_ACC_N_545_3,ACC_N_545,2026-07-03T00:00:00,PROD_103,248.38,DEV_N_545,ADDR_N_545,COMPLETED,0,0.0,LOW
ORD_ACC_N_545_4,ACC_N_545,2026-06-29T00:00:00,PROD_136,136.83,DEV_N_545,ADDR_N_545,COMPLETED,0,0.0,LOW
ORD_ACC_N_545_5,ACC_N_545,2026-08-28T00:00:00,PROD_129,403.29,DEV_N_545,ADDR_N_545,COMPLETED,0,0.0,LOW
ORD_ACC_N_545_6,ACC_N_545,2026-08-07T00:00:00,PROD_128,381.26,DEV_N_545,ADDR_N_545,REFUNDED,1,0.0,LOW
ORD_ACC_N_545_7,ACC_N_545,2026-08-20T00:00:00,PROD_124,72.4,DEV_N_545,ADDR_N_545,COMPLETED,0,0.0,LOW
ORD_ACC_N_545_8,ACC_N_545,2026-08-26T00:00:00,PROD_104,376.76,DEV_N_545,ADDR_N_545,COMPLETED,0,0.0,LOW
ORD_ACC_N_545_9,ACC_N_545,2026-06-29T00:00:00,PROD_116,88.42,DEV_N_545,ADDR_N_545,COMPLETED,0,0.0,LOW
ORD_ACC_N_545_10,ACC_N_545,2026-07-27T00:00:00,PROD_131,376.87,DEV_N_545,ADDR_N_545,COMPLETED,0,0.0,LOW
ORD_ACC_N_545_11,ACC_N_545,2026-06-20T00:00:00,PROD_104,100.25,DEV_N_545,ADDR_N_545,COMPLETED,0,0.0,LOW
ORD_ACC_N_545_12,ACC_N_545,2026-08-31T00:00:00,PROD_126,238.3,DEV_N_545,ADDR_N_545,COMPLETED,0,0.0,LOW
ORD_ACC_N_546_0,ACC_N_546,2026-08-03T00:00:00,PROD_108,384.6,DEV_N_546,ADDR_N_546,COMPLETED,0,0.0,LOW
ORD_ACC_N_546_1,ACC_N_546,2026-07-16T00:00:00,PROD_100,89.23,DEV_N_546,ADDR_N_546,COMPLETED,0,0.0,LOW
ORD_ACC_N_546_2,ACC_N_546,2026-07-19T00:00:00,PROD_117,106.92,DEV_N_546,ADDR_N_546,COMPLETED,0,0.0,LOW
ORD_ACC_N_546_3,ACC_N_546,2026-08-13T00:00:00,PROD_142,478.09,DEV_N_546,ADDR_N_546,COMPLETED,0,0.0,LOW
ORD_ACC_N_546_4,ACC_N_546,2026-06-18T00:00:00,PROD_128,150.37,DEV_N_546,ADDR_N_546,COMPLETED,0,0.0,LOW
ORD_ACC_N_546_5,ACC_N_546,2026-08-08T00:00:00,PROD_143,200.4,DEV_N_546,ADDR_N_546,REFUNDED,1,0.0,LOW
ORD_ACC_N_546_6,ACC_N_546,2026-06-10T00:00:00,PROD_114,320.24,DEV_N_546,ADDR_N_546,COMPLETED,0,0.0,LOW
ORD_ACC_N_546_7,ACC_N_546,2026-07-02T00:00:00,PROD_138,216.31,DEV_N_546,ADDR_N_546,COMPLETED,0,0.0,LOW
ORD_ACC_N_546_8,ACC_N_546,2026-06-21T00:00:00,PROD_108,31.57,DEV_N_546,ADDR_N_546,COMPLETED,0,0.0,LOW
ORD_ACC_N_546_9,ACC_N_546,2026-07-18T00:00:00,PROD_134,417.04,DEV_N_546,ADDR_N_546,COMPLETED,0,0.0,LOW
ORD_ACC_N_546_10,ACC_N_546,2026-08-17T00:00:00,PROD_106,203.49,DEV_N_546,ADDR_N_546,COMPLETED,0,0.0,LOW
ORD_ACC_N_546_11,ACC_N_546,2026-08-17T00:00:00,PROD_137,173.44,DEV_N_546,ADDR_N_546,COMPLETED,0,0.0,LOW
ORD_ACC_N_546_12,ACC_N_546,2026-08-10T00:00:00,PROD_125,406.6,DEV_N_546,ADDR_N_546,COMPLETED,0,0.0,LOW
ORD_ACC_N_546_13,ACC_N_546,2026-06-15T00:00:00,PROD_116,405.12,DEV_N_546,ADDR_N_546,COMPLETED,0,0.0,LOW
ORD_ACC_N_547_0,ACC_N_547,2025-12-11T00:00:00,PROD_129,343.74,DEV_N_547,ADDR_N_547,COMPLETED,0,0.0,LOW
ORD_ACC_N_547_1,ACC_N_547,2026-08-01T00:00:00,PROD_117,455.77,DEV_N_547,ADDR_N_547,COMPLETED,0,0.0,LOW
ORD_ACC_N_547_2,ACC_N_547,2026-01-10T00:00:00,PROD_114,144.23,DEV_N_547,ADDR_N_547,COMPLETED,0,0.0,LOW
ORD_ACC_N_547_3,ACC_N_547,2025-11-19T00:00:00,PROD_107,488.68,DEV_N_547,ADDR_N_547,COMPLETED,0,0.0,LOW
ORD_ACC_N_547_4,ACC_N_547,2026-08-15T00:00:00,PROD_136,255.53,DEV_N_547,ADDR_N_547,COMPLETED,0,0.0,LOW
ORD_ACC_N_547_5,ACC_N_547,2026-07-19T00:00:00,PROD_125,229.85,DEV_N_547,ADDR_N_547,REFUNDED,1,0.0,LOW
ORD_ACC_N_547_6,ACC_N_547,2026-05-20T00:00:00,PROD_140,208.66,DEV_N_547,ADDR_N_547,COMPLETED,0,0.0,LOW
ORD_ACC_N_548_0,ACC_N_548,2026-07-21T00:00:00,PROD_117,490.23,DEV_N_548,ADDR_N_548,COMPLETED,0,0.0,LOW
ORD_ACC_N_548_1,ACC_N_548,2026-07-07T00:00:00,PROD_102,149.8,DEV_N_548,ADDR_N_548,COMPLETED,0,0.0,LOW
ORD_ACC_N_548_2,ACC_N_548,2026-08-11T00:00:00,PROD_133,76.29,DEV_N_548,ADDR_N_548,COMPLETED,0,0.0,LOW
ORD_ACC_N_548_3,ACC_N_548,2026-07-22T00:00:00,PROD_145,151.67,DEV_N_548,ADDR_N_548,COMPLETED,0,0.0,LOW
ORD_ACC_N_548_4,ACC_N_548,2026-08-10T00:00:00,PROD_147,51.64,DEV_N_548,ADDR_N_548,COMPLETED,0,0.0,LOW
ORD_ACC_N_548_5,ACC_N_548,2026-06-05T00:00:00,PROD_100,470.62,DEV_N_548,ADDR_N_548,COMPLETED,0,0.0,LOW
ORD_ACC_N_548_6,ACC_N_548,2026-07-20T00:00:00,PROD_113,20.72,DEV_N_548,ADDR_N_548,COMPLETED,0,0.0,LOW
ORD_ACC_N_548_7,ACC_N_548,2026-08-24T00:00:00,PROD_124,29.9,DEV_N_548,ADDR_N_548,COMPLETED,0,0.0,LOW
ORD_ACC_N_548_8,ACC_N_548,2026-05-22T00:00:00,PROD_125,160.01,DEV_N_548,ADDR_N_548,COMPLETED,0,0.0,LOW
ORD_ACC_N_548_9,ACC_N_548,2026-08-01T00:00:00,PROD_100,305.0,DEV_N_548,ADDR_N_548,COMPLETED,0,0.0,LOW
ORD_ACC_N_548_10,ACC_N_548,2026-06-26T00:00:00,PROD_105,294.43,DEV_N_548,ADDR_N_548,COMPLETED,0,0.0,LOW
ORD_ACC_N_548_11,ACC_N_548,2026-07-30T00:00:00,PROD_101,77.17,DEV_N_548,ADDR_N_548,COMPLETED,0,0.0,LOW
ORD_ACC_N_548_12,ACC_N_548,2026-05-14T00:00:00,PROD_148,428.19,DEV_N_548,ADDR_N_548,COMPLETED,0,0.0,LOW
ORD_ACC_N_549_0,ACC_N_549,2026-04-27T00:00:00,PROD_137,116.74,DEV_N_549,ADDR_N_549,COMPLETED,0,0.0,LOW
ORD_ACC_N_549_1,ACC_N_549,2026-05-06T00:00:00,PROD_124,375.21,DEV_N_549,ADDR_N_549,COMPLETED,0,0.0,LOW
ORD_ACC_N_549_2,ACC_N_549,2026-06-06T00:00:00,PROD_105,164.1,DEV_N_549,ADDR_N_549,COMPLETED,0,0.0,LOW
ORD_ACC_N_550_0,ACC_N_550,2026-06-26T00:00:00,PROD_101,206.48,DEV_N_549,ADDR_N_549,REFUNDED,1,0.0,LOW
ORD_ACC_N_550_1,ACC_N_550,2026-04-22T00:00:00,PROD_127,153.12,DEV_N_549,ADDR_N_549,COMPLETED,0,0.0,LOW
ORD_ACC_N_550_2,ACC_N_550,2026-08-07T00:00:00,PROD_128,367.05,DEV_N_549,ADDR_N_549,COMPLETED,0,0.0,LOW
ORD_ACC_N_550_3,ACC_N_550,2026-08-07T00:00:00,PROD_105,271.23,DEV_N_549,ADDR_N_549,COMPLETED,0,0.0,LOW
ORD_ACC_N_550_4,ACC_N_550,2026-04-11T00:00:00,PROD_121,329.97,DEV_N_549,ADDR_N_549,COMPLETED,0,0.0,LOW
ORD_ACC_N_550_5,ACC_N_550,2026-07-26T00:00:00,PROD_119,384.43,DEV_N_549,ADDR_N_549,COMPLETED,0,0.0,LOW
ORD_ACC_N_550_6,ACC_N_550,2026-08-27T00:00:00,PROD_142,110.77,DEV_N_549,ADDR_N_549,COMPLETED,0,0.0,LOW
ORD_ACC_N_550_7,ACC_N_550,2026-08-14T00:00:00,PROD_115,194.25,DEV_N_549,ADDR_N_549,COMPLETED,0,0.0,LOW
ORD_ACC_N_551_0,ACC_N_551,2026-08-24T00:00:00,PROD_136,234.31,DEV_N_551,ADDR_N_551,COMPLETED,0,0.0,LOW
ORD_ACC_N_551_1,ACC_N_551,2026-04-01T00:00:00,PROD_145,140.18,DEV_N_551,ADDR_N_551,COMPLETED,0,0.0,LOW
ORD_ACC_N_551_2,ACC_N_551,2026-01-23T00:00:00,PROD_145,214.12,DEV_N_551,ADDR_N_551,COMPLETED,0,0.0,LOW
ORD_ACC_N_551_3,ACC_N_551,2026-08-07T00:00:00,PROD_141,48.11,DEV_N_551,ADDR_N_551,COMPLETED,0,0.0,LOW
ORD_ACC_N_551_4,ACC_N_551,2026-02-05T00:00:00,PROD_105,86.85,DEV_N_551,ADDR_N_551,COMPLETED,0,0.0,LOW
ORD_ACC_N_551_5,ACC_N_551,2026-07-24T00:00:00,PROD_132,461.91,DEV_N_551,ADDR_N_551,COMPLETED,0,0.0,LOW
ORD_ACC_N_551_6,ACC_N_551,2026-04-01T00:00:00,PROD_100,462.77,DEV_N_551,ADDR_N_551,COMPLETED,0,0.0,LOW
ORD_ACC_N_552_0,ACC_N_552,2026-08-23T00:00:00,PROD_104,274.82,DEV_N_552,ADDR_N_552,COMPLETED,0,0.0,LOW
ORD_ACC_N_552_1,ACC_N_552,2026-06-25T00:00:00,PROD_129,350.64,DEV_N_552,ADDR_N_552,COMPLETED,0,0.0,LOW
ORD_ACC_N_552_2,ACC_N_552,2026-02-10T00:00:00,PROD_112,458.12,DEV_N_552,ADDR_N_552,COMPLETED,0,0.0,LOW
ORD_ACC_N_553_0,ACC_N_553,2026-07-06T00:00:00,PROD_100,185.33,DEV_N_553,ADDR_N_553,COMPLETED,0,0.0,LOW
ORD_ACC_N_553_1,ACC_N_553,2026-08-09T00:00:00,PROD_149,96.55,DEV_N_553,ADDR_N_553,COMPLETED,0,0.0,LOW
ORD_ACC_N_553_2,ACC_N_553,2026-07-27T00:00:00,PROD_135,284.8,DEV_N_553,ADDR_N_553,COMPLETED,0,0.0,LOW
ORD_ACC_N_554_0,ACC_N_554,2026-07-27T00:00:00,PROD_120,321.6,DEV_N_554,ADDR_N_554,COMPLETED,0,0.0,LOW
ORD_ACC_N_554_1,ACC_N_554,2025-11-15T00:00:00,PROD_125,28.59,DEV_N_554,ADDR_N_554,COMPLETED,0,0.0,LOW
ORD_ACC_N_554_2,ACC_N_554,2026-08-15T00:00:00,PROD_114,49.2,DEV_N_554,ADDR_N_554,COMPLETED,0,0.0,LOW
ORD_ACC_N_554_3,ACC_N_554,2026-04-18T00:00:00,PROD_105,224.71,DEV_N_554,ADDR_N_554,REFUNDED,1,0.0,LOW
ORD_ACC_N_554_4,ACC_N_554,2026-04-29T00:00:00,PROD_101,270.74,DEV_N_554,ADDR_N_554,COMPLETED,0,0.0,LOW
ORD_ACC_N_554_5,ACC_N_554,2026-06-03T00:00:00,PROD_136,116.24,DEV_N_554,ADDR_N_554,COMPLETED,0,0.0,LOW
ORD_ACC_N_554_6,ACC_N_554,2026-07-27T00:00:00,PROD_141,188.41,DEV_N_554,ADDR_N_554,COMPLETED,0,0.0,LOW
ORD_ACC_N_555_0,ACC_N_555,2026-02-21T00:00:00,PROD_127,25.53,DEV_N_555,ADDR_N_555,COMPLETED,0,0.0,LOW
ORD_ACC_N_555_1,ACC_N_555,2026-05-09T00:00:00,PROD_146,478.75,DEV_N_555,ADDR_N_555,COMPLETED,0,0.0,LOW
ORD_ACC_N_555_2,ACC_N_555,2026-03-25T00:00:00,PROD_119,203.28,DEV_N_555,ADDR_N_555,REFUNDED,1,0.0,LOW
ORD_ACC_N_555_3,ACC_N_555,2026-01-18T00:00:00,PROD_140,221.1,DEV_N_555,ADDR_N_555,COMPLETED,0,0.0,LOW
ORD_ACC_N_555_4,ACC_N_555,2026-02-16T00:00:00,PROD_139,416.1,DEV_N_555,ADDR_N_555,REFUNDED,1,0.0,LOW
ORD_ACC_N_555_5,ACC_N_555,2026-05-02T00:00:00,PROD_147,23.28,DEV_N_555,ADDR_N_555,COMPLETED,0,0.0,LOW
ORD_ACC_N_555_6,ACC_N_555,2026-03-26T00:00:00,PROD_115,256.07,DEV_N_555,ADDR_N_555,COMPLETED,0,0.0,LOW
ORD_ACC_N_555_7,ACC_N_555,2026-01-28T00:00:00,PROD_134,59.88,DEV_N_555,ADDR_N_555,COMPLETED,0,0.0,LOW
ORD_ACC_N_555_8,ACC_N_555,2026-06-09T00:00:00,PROD_147,471.3,DEV_N_555,ADDR_N_555,COMPLETED,0,0.0,LOW
ORD_ACC_N_555_9,ACC_N_555,2026-01-09T00:00:00,PROD_128,340.73,DEV_N_555,ADDR_N_555,COMPLETED,0,0.0,LOW
ORD_ACC_N_555_10,ACC_N_555,2025-12-14T00:00:00,PROD_124,208.15,DEV_N_555,ADDR_N_555,COMPLETED,0,0.0,LOW
ORD_ACC_N_555_11,ACC_N_555,2026-02-08T00:00:00,PROD_117,477.3,DEV_N_555,ADDR_N_555,COMPLETED,0,0.0,LOW
ORD_ACC_N_556_0,ACC_N_556,2026-01-17T00:00:00,PROD_134,444.26,DEV_N_556,ADDR_N_556,COMPLETED,0,0.0,LOW
ORD_ACC_N_556_1,ACC_N_556,2025-12-13T00:00:00,PROD_139,431.0,DEV_N_556,ADDR_N_556,COMPLETED,0,0.0,LOW
ORD_ACC_N_556_2,ACC_N_556,2026-01-01T00:00:00,PROD_110,244.2,DEV_N_556,ADDR_N_556,COMPLETED,0,0.0,LOW
ORD_ACC_N_556_3,ACC_N_556,2026-08-01T00:00:00,PROD_102,326.77,DEV_N_556,ADDR_N_556,COMPLETED,0,0.0,LOW
ORD_ACC_N_556_4,ACC_N_556,2026-07-07T00:00:00,PROD_136,407.01,DEV_N_556,ADDR_N_556,COMPLETED,0,0.0,LOW
ORD_ACC_N_556_5,ACC_N_556,2026-03-30T00:00:00,PROD_120,487.31,DEV_N_556,ADDR_N_556,COMPLETED,0,0.0,LOW
ORD_ACC_N_556_6,ACC_N_556,2026-05-16T00:00:00,PROD_126,167.65,DEV_N_556,ADDR_N_556,COMPLETED,0,0.0,LOW
ORD_ACC_N_556_7,ACC_N_556,2025-11-24T00:00:00,PROD_105,93.13,DEV_N_556,ADDR_N_556,COMPLETED,0,0.0,LOW
ORD_ACC_N_556_8,ACC_N_556,2025-10-09T00:00:00,PROD_147,227.76,DEV_N_556,ADDR_N_556,COMPLETED,0,0.0,LOW
ORD_ACC_N_556_9,ACC_N_556,2026-06-09T00:00:00,PROD_111,191.32,DEV_N_556,ADDR_N_556,COMPLETED,0,0.0,LOW
ORD_ACC_N_556_10,ACC_N_556,2026-02-08T00:00:00,PROD_118,336.76,DEV_N_556,ADDR_N_556,COMPLETED,0,0.0,LOW
ORD_ACC_N_556_11,ACC_N_556,2026-06-29T00:00:00,PROD_131,68.52,DEV_N_556,ADDR_N_556,COMPLETED,0,0.0,LOW
ORD_ACC_N_556_12,ACC_N_556,2025-11-25T00:00:00,PROD_129,284.21,DEV_N_556,ADDR_N_556,COMPLETED,0,0.0,LOW
ORD_ACC_N_556_13,ACC_N_556,2026-08-30T00:00:00,PROD_119,431.44,DEV_N_556,ADDR_N_556,COMPLETED,0,0.0,LOW
ORD_ACC_N_556_14,ACC_N_556,2026-03-12T00:00:00,PROD_132,345.04,DEV_N_556,ADDR_N_556,COMPLETED,0,0.0,LOW
ORD_ACC_N_557_0,ACC_N_557,2026-08-23T00:00:00,PROD_126,273.55,DEV_N_557,ADDR_N_557,COMPLETED,0,0.0,LOW
ORD_ACC_N_557_1,ACC_N_557,2026-08-29T00:00:00,PROD_149,496.67,DEV_N_557,ADDR_N_557,COMPLETED,0,0.0,LOW
ORD_ACC_N_557_2,ACC_N_557,2026-07-18T00:00:00,PROD_102,426.44,DEV_N_557,ADDR_N_557,COMPLETED,0,0.0,LOW
ORD_ACC_N_557_3,ACC_N_557,2026-08-20T00:00:00,PROD_119,97.28,DEV_N_557,ADDR_N_557,COMPLETED,0,0.0,LOW
ORD_ACC_N_557_4,ACC_N_557,2026-06-08T00:00:00,PROD_146,379.88,DEV_N_557,ADDR_N_557,COMPLETED,0,0.0,LOW
ORD_ACC_N_557_5,ACC_N_557,2026-07-31T00:00:00,PROD_125,434.33,DEV_N_557,ADDR_N_557,COMPLETED,0,0.0,LOW
ORD_ACC_N_557_6,ACC_N_557,2026-07-23T00:00:00,PROD_127,313.42,DEV_N_557,ADDR_N_557,COMPLETED,0,0.0,LOW
ORD_ACC_N_557_7,ACC_N_557,2026-08-01T00:00:00,PROD_146,258.4,DEV_N_557,ADDR_N_557,COMPLETED,0,0.0,LOW
ORD_ACC_N_557_8,ACC_N_557,2026-07-13T00:00:00,PROD_110,45.38,DEV_N_557,ADDR_N_557,COMPLETED,0,0.0,LOW
ORD_ACC_N_557_9,ACC_N_557,2026-06-03T00:00:00,PROD_135,116.79,DEV_N_557,ADDR_N_557,COMPLETED,0,0.0,LOW
ORD_ACC_N_557_10,ACC_N_557,2026-06-13T00:00:00,PROD_105,310.11,DEV_N_557,ADDR_N_557,COMPLETED,0,0.0,LOW
ORD_ACC_N_557_11,ACC_N_557,2026-07-27T00:00:00,PROD_119,35.57,DEV_N_557,ADDR_N_557,REFUNDED,1,0.0,LOW
ORD_ACC_N_558_0,ACC_N_558,2026-04-26T00:00:00,PROD_129,378.82,DEV_N_558,ADDR_N_558,COMPLETED,0,0.0,LOW
ORD_ACC_N_558_1,ACC_N_558,2026-05-17T00:00:00,PROD_140,41.88,DEV_N_558,ADDR_N_558,COMPLETED,0,0.0,LOW
ORD_ACC_N_559_0,ACC_N_559,2026-07-17T00:00:00,PROD_148,348.2,DEV_N_559,ADDR_N_559,COMPLETED,0,0.0,LOW
ORD_ACC_N_559_1,ACC_N_559,2026-06-28T00:00:00,PROD_118,144.02,DEV_N_559,ADDR_N_559,COMPLETED,0,0.0,LOW
ORD_ACC_N_559_2,ACC_N_559,2026-06-25T00:00:00,PROD_100,177.76,DEV_N_559,ADDR_N_559,COMPLETED,0,0.0,LOW
ORD_ACC_N_559_3,ACC_N_559,2026-08-22T00:00:00,PROD_114,118.9,DEV_N_559,ADDR_N_559,COMPLETED,0,0.0,LOW
ORD_ACC_N_559_4,ACC_N_559,2026-06-25T00:00:00,PROD_130,99.51,DEV_N_559,ADDR_N_559,COMPLETED,0,0.0,LOW
ORD_ACC_N_559_5,ACC_N_559,2026-06-21T00:00:00,PROD_128,273.67,DEV_N_559,ADDR_N_559,COMPLETED,0,0.0,LOW
ORD_ACC_N_559_6,ACC_N_559,2026-08-31T00:00:00,PROD_138,246.4,DEV_N_559,ADDR_N_559,COMPLETED,0,0.0,LOW
ORD_ACC_N_559_7,ACC_N_559,2026-08-02T00:00:00,PROD_106,244.62,DEV_N_559,ADDR_N_559,COMPLETED,0,0.0,LOW
ORD_ACC_N_559_8,ACC_N_559,2026-08-28T00:00:00,PROD_149,285.21,DEV_N_559,ADDR_N_559,COMPLETED,0,0.0,LOW
ORD_ACC_N_559_9,ACC_N_559,2026-07-02T00:00:00,PROD_112,488.46,DEV_N_559,ADDR_N_559,COMPLETED,0,0.0,LOW
ORD_ACC_N_559_10,ACC_N_559,2026-06-17T00:00:00,PROD_130,324.2,DEV_N_559,ADDR_N_559,COMPLETED,0,0.0,LOW
ORD_ACC_N_559_11,ACC_N_559,2026-08-16T00:00:00,PROD_114,277.03,DEV_N_559,ADDR_N_559,COMPLETED,0,0.0,LOW
ORD_ACC_N_559_12,ACC_N_559,2026-07-05T00:00:00,PROD_106,441.59,DEV_N_559,ADDR_N_559,COMPLETED,0,0.0,LOW
ORD_ACC_N_560_0,ACC_N_560,2026-07-26T00:00:00,PROD_145,282.57,DEV_N_559,ADDR_N_559,COMPLETED,0,0.0,LOW
ORD_ACC_N_560_1,ACC_N_560,2026-07-16T00:00:00,PROD_132,396.5,DEV_N_559,ADDR_N_559,COMPLETED,0,0.0,LOW
ORD_ACC_N_560_2,ACC_N_560,2026-08-30T00:00:00,PROD_118,101.46,DEV_N_559,ADDR_N_559,COMPLETED,0,0.0,LOW
ORD_ACC_N_560_3,ACC_N_560,2026-05-21T00:00:00,PROD_125,388.66,DEV_N_559,ADDR_N_559,COMPLETED,0,0.0,LOW
ORD_ACC_N_560_4,ACC_N_560,2026-08-11T00:00:00,PROD_137,485.73,DEV_N_559,ADDR_N_559,COMPLETED,0,0.0,LOW
ORD_ACC_N_560_5,ACC_N_560,2026-05-22T00:00:00,PROD_148,496.79,DEV_N_559,ADDR_N_559,COMPLETED,0,0.0,LOW
ORD_ACC_N_560_6,ACC_N_560,2026-06-22T00:00:00,PROD_125,189.16,DEV_N_559,ADDR_N_559,COMPLETED,0,0.0,LOW
ORD_ACC_N_560_7,ACC_N_560,2026-08-29T00:00:00,PROD_143,206.69,DEV_N_559,ADDR_N_559,COMPLETED,0,0.0,LOW
ORD_ACC_N_560_8,ACC_N_560,2026-08-23T00:00:00,PROD_115,229.73,DEV_N_559,ADDR_N_559,COMPLETED,0,0.0,LOW
ORD_ACC_N_560_9,ACC_N_560,2026-07-16T00:00:00,PROD_109,354.55,DEV_N_559,ADDR_N_559,COMPLETED,0,0.0,LOW
ORD_ACC_N_560_10,ACC_N_560,2026-07-21T00:00:00,PROD_126,46.36,DEV_N_559,ADDR_N_559,COMPLETED,0,0.0,LOW
ORD_ACC_N_560_11,ACC_N_560,2026-08-13T00:00:00,PROD_100,206.43,DEV_N_559,ADDR_N_559,REFUNDED,1,0.0,LOW
ORD_ACC_N_560_12,ACC_N_560,2026-07-16T00:00:00,PROD_141,42.28,DEV_N_559,ADDR_N_559,COMPLETED,0,0.0,LOW
ORD_ACC_N_561_0,ACC_N_561,2026-07-22T00:00:00,PROD_147,155.39,DEV_N_561,ADDR_N_561,COMPLETED,0,0.0,LOW
ORD_ACC_N_561_1,ACC_N_561,2026-04-16T00:00:00,PROD_118,435.54,DEV_N_561,ADDR_N_561,COMPLETED,0,0.0,LOW
ORD_ACC_N_561_2,ACC_N_561,2026-06-18T00:00:00,PROD_100,261.63,DEV_N_561,ADDR_N_561,COMPLETED,0,0.0,LOW
ORD_ACC_N_561_3,ACC_N_561,2026-08-04T00:00:00,PROD_104,374.52,DEV_N_561,ADDR_N_561,COMPLETED,0,0.0,LOW
ORD_ACC_N_561_4,ACC_N_561,2026-06-12T00:00:00,PROD_106,431.91,DEV_N_561,ADDR_N_561,REFUNDED,1,0.0,LOW
ORD_ACC_N_561_5,ACC_N_561,2026-05-27T00:00:00,PROD_145,248.61,DEV_N_561,ADDR_N_561,COMPLETED,0,0.0,LOW
ORD_ACC_N_561_6,ACC_N_561,2026-05-24T00:00:00,PROD_115,355.18,DEV_N_561,ADDR_N_561,COMPLETED,0,0.0,LOW
ORD_ACC_N_561_7,ACC_N_561,2026-06-08T00:00:00,PROD_105,131.68,DEV_N_561,ADDR_N_561,COMPLETED,0,0.0,LOW
ORD_ACC_N_561_8,ACC_N_561,2026-06-09T00:00:00,PROD_148,28.2,DEV_N_561,ADDR_N_561,COMPLETED,0,0.0,LOW
ORD_ACC_N_561_9,ACC_N_561,2026-04-26T00:00:00,PROD_109,221.89,DEV_N_561,ADDR_N_561,COMPLETED,0,0.0,LOW
ORD_ACC_N_561_10,ACC_N_561,2026-04-24T00:00:00,PROD_127,413.73,DEV_N_561,ADDR_N_561,COMPLETED,0,0.0,LOW
ORD_ACC_N_561_11,ACC_N_561,2026-06-11T00:00:00,PROD_120,246.78,DEV_N_561,ADDR_N_561,COMPLETED,0,0.0,LOW
ORD_ACC_N_561_12,ACC_N_561,2026-07-27T00:00:00,PROD_128,282.08,DEV_N_561,ADDR_N_561,COMPLETED,0,0.0,LOW
ORD_ACC_N_561_13,ACC_N_561,2026-06-08T00:00:00,PROD_137,407.45,DEV_N_561,ADDR_N_561,COMPLETED,0,0.0,LOW
ORD_ACC_N_561_14,ACC_N_561,2026-04-26T00:00:00,PROD_116,263.21,DEV_N_561,ADDR_N_561,COMPLETED,0,0.0,LOW
ORD_ACC_N_562_0,ACC_N_562,2026-03-21T00:00:00,PROD_138,41.89,DEV_N_562,ADDR_N_562,COMPLETED,0,0.0,LOW
ORD_ACC_N_562_1,ACC_N_562,2026-07-21T00:00:00,PROD_109,129.0,DEV_N_562,ADDR_N_562,COMPLETED,0,0.0,LOW
ORD_ACC_N_562_2,ACC_N_562,2026-02-11T00:00:00,PROD_123,160.51,DEV_N_562,ADDR_N_562,COMPLETED,0,0.0,LOW
ORD_ACC_N_562_3,ACC_N_562,2026-05-15T00:00:00,PROD_102,391.12,DEV_N_562,ADDR_N_562,COMPLETED,0,0.0,LOW
ORD_ACC_N_562_4,ACC_N_562,2026-08-15T00:00:00,PROD_113,231.94,DEV_N_562,ADDR_N_562,REFUNDED,1,0.0,LOW
ORD_ACC_N_562_5,ACC_N_562,2026-05-05T00:00:00,PROD_116,78.8,DEV_N_562,ADDR_N_562,COMPLETED,0,0.0,LOW
ORD_ACC_N_562_6,ACC_N_562,2026-04-17T00:00:00,PROD_130,497.56,DEV_N_562,ADDR_N_562,COMPLETED,0,0.0,LOW
ORD_ACC_N_562_7,ACC_N_562,2026-07-07T00:00:00,PROD_114,66.9,DEV_N_562,ADDR_N_562,COMPLETED,0,0.0,LOW
ORD_ACC_N_562_8,ACC_N_562,2026-08-27T00:00:00,PROD_118,392.63,DEV_N_562,ADDR_N_562,COMPLETED,0,0.0,LOW
ORD_ACC_N_562_9,ACC_N_562,2026-06-15T00:00:00,PROD_129,261.56,DEV_N_562,ADDR_N_562,COMPLETED,0,0.0,LOW
ORD_ACC_N_562_10,ACC_N_562,2026-05-25T00:00:00,PROD_121,43.91,DEV_N_562,ADDR_N_562,COMPLETED,0,0.0,LOW
ORD_ACC_N_562_11,ACC_N_562,2026-02-15T00:00:00,PROD_125,380.84,DEV_N_562,ADDR_N_562,COMPLETED,0,0.0,LOW
ORD_ACC_N_562_12,ACC_N_562,2026-05-08T00:00:00,PROD_119,109.25,DEV_N_562,ADDR_N_562,COMPLETED,0,0.0,LOW
ORD_ACC_N_562_13,ACC_N_562,2026-05-09T00:00:00,PROD_100,219.98,DEV_N_562,ADDR_N_562,COMPLETED,0,0.0,LOW
ORD_ACC_N_563_0,ACC_N_563,2026-02-19T00:00:00,PROD_104,347.93,DEV_N_563,ADDR_N_563,COMPLETED,0,0.0,LOW
ORD_ACC_N_563_1,ACC_N_563,2026-03-11T00:00:00,PROD_125,119.96,DEV_N_563,ADDR_N_563,COMPLETED,0,0.0,LOW
ORD_ACC_N_563_2,ACC_N_563,2026-01-30T00:00:00,PROD_108,351.98,DEV_N_563,ADDR_N_563,COMPLETED,0,0.0,LOW
ORD_ACC_N_563_3,ACC_N_563,2025-12-04T00:00:00,PROD_130,226.99,DEV_N_563,ADDR_N_563,COMPLETED,0,0.0,LOW
ORD_ACC_N_563_4,ACC_N_563,2026-08-05T00:00:00,PROD_101,215.09,DEV_N_563,ADDR_N_563,COMPLETED,0,0.0,LOW
ORD_ACC_N_563_5,ACC_N_563,2025-12-10T00:00:00,PROD_125,460.89,DEV_N_563,ADDR_N_563,COMPLETED,0,0.0,LOW
ORD_ACC_N_563_6,ACC_N_563,2026-05-04T00:00:00,PROD_149,104.66,DEV_N_563,ADDR_N_563,COMPLETED,0,0.0,LOW
ORD_ACC_N_563_7,ACC_N_563,2026-05-03T00:00:00,PROD_101,144.66,DEV_N_563,ADDR_N_563,COMPLETED,0,0.0,LOW
ORD_ACC_N_563_8,ACC_N_563,2025-10-26T00:00:00,PROD_136,390.56,DEV_N_563,ADDR_N_563,COMPLETED,0,0.0,LOW
ORD_ACC_N_563_9,ACC_N_563,2026-07-20T00:00:00,PROD_128,479.36,DEV_N_563,ADDR_N_563,COMPLETED,0,0.0,LOW
ORD_ACC_N_563_10,ACC_N_563,2026-04-22T00:00:00,PROD_143,392.73,DEV_N_563,ADDR_N_563,COMPLETED,0,0.0,LOW
ORD_ACC_N_563_11,ACC_N_563,2026-02-02T00:00:00,PROD_132,236.11,DEV_N_563,ADDR_N_563,COMPLETED,0,0.0,LOW
ORD_ACC_N_563_12,ACC_N_563,2026-01-06T00:00:00,PROD_116,259.91,DEV_N_563,ADDR_N_563,COMPLETED,0,0.0,LOW
ORD_ACC_N_563_13,ACC_N_563,2026-01-20T00:00:00,PROD_101,428.26,DEV_N_563,ADDR_N_563,COMPLETED,0,0.0,LOW
ORD_ACC_N_563_14,ACC_N_563,2025-12-05T00:00:00,PROD_130,144.64,DEV_N_563,ADDR_N_563,COMPLETED,0,0.0,LOW
ORD_ACC_N_564_0,ACC_N_564,2026-01-29T00:00:00,PROD_111,82.51,DEV_N_564,ADDR_N_564,COMPLETED,0,0.0,LOW
ORD_ACC_N_564_1,ACC_N_564,2026-03-04T00:00:00,PROD_109,104.51,DEV_N_564,ADDR_N_564,COMPLETED,0,0.0,LOW
ORD_ACC_N_564_2,ACC_N_564,2026-08-05T00:00:00,PROD_129,71.08,DEV_N_564,ADDR_N_564,COMPLETED,0,0.0,LOW
ORD_ACC_N_564_3,ACC_N_564,2026-03-18T00:00:00,PROD_107,445.76,DEV_N_564,ADDR_N_564,COMPLETED,0,0.0,LOW
ORD_ACC_N_564_4,ACC_N_564,2026-08-04T00:00:00,PROD_118,223.01,DEV_N_564,ADDR_N_564,COMPLETED,0,0.0,LOW
ORD_ACC_N_564_5,ACC_N_564,2026-03-27T00:00:00,PROD_118,443.86,DEV_N_564,ADDR_N_564,COMPLETED,0,0.0,LOW
ORD_ACC_N_564_6,ACC_N_564,2026-01-29T00:00:00,PROD_114,285.19,DEV_N_564,ADDR_N_564,COMPLETED,0,0.0,LOW
ORD_ACC_N_564_7,ACC_N_564,2026-05-28T00:00:00,PROD_127,104.35,DEV_N_564,ADDR_N_564,COMPLETED,0,0.0,LOW
ORD_ACC_N_564_8,ACC_N_564,2026-08-29T00:00:00,PROD_111,119.52,DEV_N_564,ADDR_N_564,COMPLETED,0,0.0,LOW
ORD_ACC_N_564_9,ACC_N_564,2026-08-24T00:00:00,PROD_136,451.27,DEV_N_564,ADDR_N_564,COMPLETED,0,0.0,LOW
ORD_ACC_N_564_10,ACC_N_564,2026-08-28T00:00:00,PROD_117,65.91,DEV_N_564,ADDR_N_564,COMPLETED,0,0.0,LOW
ORD_ACC_N_564_11,ACC_N_564,2026-03-11T00:00:00,PROD_104,210.81,DEV_N_564,ADDR_N_564,COMPLETED,0,0.0,LOW
ORD_ACC_N_565_0,ACC_N_565,2026-08-25T00:00:00,PROD_148,436.81,DEV_N_565,ADDR_N_565,COMPLETED,0,0.0,LOW
ORD_ACC_N_565_1,ACC_N_565,2026-07-07T00:00:00,PROD_112,406.99,DEV_N_565,ADDR_N_565,COMPLETED,0,0.0,LOW
ORD_ACC_N_565_2,ACC_N_565,2026-02-13T00:00:00,PROD_100,38.88,DEV_N_565,ADDR_N_565,COMPLETED,0,0.0,LOW
ORD_ACC_N_565_3,ACC_N_565,2026-06-18T00:00:00,PROD_126,299.99,DEV_N_565,ADDR_N_565,COMPLETED,0,0.0,LOW
ORD_ACC_N_565_4,ACC_N_565,2026-07-16T00:00:00,PROD_136,141.83,DEV_N_565,ADDR_N_565,COMPLETED,0,0.0,LOW
ORD_ACC_N_565_5,ACC_N_565,2026-01-25T00:00:00,PROD_110,74.3,DEV_N_565,ADDR_N_565,COMPLETED,0,0.0,LOW
ORD_ACC_N_565_6,ACC_N_565,2026-06-21T00:00:00,PROD_115,395.61,DEV_N_565,ADDR_N_565,COMPLETED,0,0.0,LOW
ORD_ACC_N_565_7,ACC_N_565,2026-08-30T00:00:00,PROD_102,279.17,DEV_N_565,ADDR_N_565,COMPLETED,0,0.0,LOW
ORD_ACC_N_565_8,ACC_N_565,2026-02-19T00:00:00,PROD_110,466.22,DEV_N_565,ADDR_N_565,COMPLETED,0,0.0,LOW
ORD_ACC_N_566_0,ACC_N_566,2025-10-22T00:00:00,PROD_106,412.46,DEV_N_566,ADDR_N_566,COMPLETED,0,0.0,LOW
ORD_ACC_N_566_1,ACC_N_566,2026-05-11T00:00:00,PROD_129,374.32,DEV_N_566,ADDR_N_566,COMPLETED,0,0.0,LOW
ORD_ACC_N_566_2,ACC_N_566,2025-12-22T00:00:00,PROD_110,106.49,DEV_N_566,ADDR_N_566,COMPLETED,0,0.0,LOW
ORD_ACC_N_566_3,ACC_N_566,2026-07-02T00:00:00,PROD_141,414.68,DEV_N_566,ADDR_N_566,COMPLETED,0,0.0,LOW
ORD_ACC_N_566_4,ACC_N_566,2026-04-01T00:00:00,PROD_127,487.97,DEV_N_566,ADDR_N_566,COMPLETED,0,0.0,LOW
ORD_ACC_N_566_5,ACC_N_566,2026-06-28T00:00:00,PROD_128,418.61,DEV_N_566,ADDR_N_566,COMPLETED,0,0.0,LOW
ORD_ACC_N_566_6,ACC_N_566,2026-03-15T00:00:00,PROD_110,415.55,DEV_N_566,ADDR_N_566,COMPLETED,0,0.0,LOW
ORD_ACC_N_566_7,ACC_N_566,2026-03-29T00:00:00,PROD_131,190.83,DEV_N_566,ADDR_N_566,COMPLETED,0,0.0,LOW
ORD_ACC_N_566_8,ACC_N_566,2025-10-16T00:00:00,PROD_101,379.48,DEV_N_566,ADDR_N_566,COMPLETED,0,0.0,LOW
ORD_ACC_N_566_9,ACC_N_566,2026-08-31T00:00:00,PROD_119,262.72,DEV_N_566,ADDR_N_566,COMPLETED,0,0.0,LOW
ORD_ACC_N_566_10,ACC_N_566,2026-01-29T00:00:00,PROD_148,379.13,DEV_N_566,ADDR_N_566,COMPLETED,0,0.0,LOW
ORD_ACC_N_566_11,ACC_N_566,2026-08-20T00:00:00,PROD_142,101.43,DEV_N_566,ADDR_N_566,COMPLETED,0,0.0,LOW
ORD_ACC_N_567_0,ACC_N_567,2026-06-05T00:00:00,PROD_149,305.61,DEV_N_567,ADDR_N_567,COMPLETED,0,0.0,LOW
ORD_ACC_N_567_1,ACC_N_567,2026-02-22T00:00:00,PROD_115,392.78,DEV_N_567,ADDR_N_567,COMPLETED,0,0.0,LOW
ORD_ACC_N_567_2,ACC_N_567,2026-08-15T00:00:00,PROD_102,154.16,DEV_N_567,ADDR_N_567,COMPLETED,0,0.0,LOW
ORD_ACC_N_567_3,ACC_N_567,2026-05-08T00:00:00,PROD_112,103.21,DEV_N_567,ADDR_N_567,COMPLETED,0,0.0,LOW
ORD_ACC_N_567_4,ACC_N_567,2026-05-18T00:00:00,PROD_115,103.19,DEV_N_567,ADDR_N_567,COMPLETED,0,0.0,LOW
ORD_ACC_N_567_5,ACC_N_567,2026-07-28T00:00:00,PROD_141,39.55,DEV_N_567,ADDR_N_567,COMPLETED,0,0.0,LOW
ORD_ACC_N_567_6,ACC_N_567,2026-03-08T00:00:00,PROD_139,429.68,DEV_N_567,ADDR_N_567,COMPLETED,0,0.0,LOW
ORD_ACC_N_567_7,ACC_N_567,2026-03-12T00:00:00,PROD_143,156.17,DEV_N_567,ADDR_N_567,COMPLETED,0,0.0,LOW
ORD_ACC_N_567_8,ACC_N_567,2026-05-08T00:00:00,PROD_135,430.55,DEV_N_567,ADDR_N_567,COMPLETED,0,0.0,LOW
ORD_ACC_N_567_9,ACC_N_567,2026-04-08T00:00:00,PROD_112,353.67,DEV_N_567,ADDR_N_567,COMPLETED,0,0.0,LOW
ORD_ACC_N_567_10,ACC_N_567,2026-05-25T00:00:00,PROD_115,440.07,DEV_N_567,ADDR_N_567,COMPLETED,0,0.0,LOW
ORD_ACC_N_567_11,ACC_N_567,2026-06-09T00:00:00,PROD_134,304.21,DEV_N_567,ADDR_N_567,COMPLETED,0,0.0,LOW
ORD_ACC_N_567_12,ACC_N_567,2026-03-07T00:00:00,PROD_141,290.88,DEV_N_567,ADDR_N_567,COMPLETED,0,0.0,LOW
ORD_ACC_N_567_13,ACC_N_567,2026-06-30T00:00:00,PROD_117,80.64,DEV_N_567,ADDR_N_567,COMPLETED,0,0.0,LOW
ORD_ACC_N_568_0,ACC_N_568,2026-07-25T00:00:00,PROD_148,47.62,DEV_N_568,ADDR_N_568,COMPLETED,0,0.0,LOW
ORD_ACC_N_568_1,ACC_N_568,2026-08-06T00:00:00,PROD_138,170.27,DEV_N_568,ADDR_N_568,COMPLETED,0,0.0,LOW
ORD_ACC_N_568_2,ACC_N_568,2026-08-23T00:00:00,PROD_115,476.66,DEV_N_568,ADDR_N_568,COMPLETED,0,0.0,LOW
ORD_ACC_N_569_0,ACC_N_569,2026-08-12T00:00:00,PROD_123,250.94,DEV_N_569,ADDR_N_569,COMPLETED,0,0.0,LOW
ORD_ACC_N_569_1,ACC_N_569,2026-07-22T00:00:00,PROD_111,51.47,DEV_N_569,ADDR_N_569,REFUNDED,1,0.0,LOW
ORD_ACC_N_569_2,ACC_N_569,2026-03-20T00:00:00,PROD_128,64.6,DEV_N_569,ADDR_N_569,COMPLETED,0,0.0,LOW
ORD_ACC_N_569_3,ACC_N_569,2026-03-25T00:00:00,PROD_108,493.27,DEV_N_569,ADDR_N_569,COMPLETED,0,0.0,LOW
ORD_ACC_N_570_0,ACC_N_570,2026-08-12T00:00:00,PROD_123,357.44,DEV_N_569,ADDR_N_569,COMPLETED,0,0.0,LOW
ORD_ACC_N_570_1,ACC_N_570,2026-02-28T00:00:00,PROD_117,212.38,DEV_N_569,ADDR_N_569,COMPLETED,0,0.0,LOW
ORD_ACC_N_570_2,ACC_N_570,2026-06-11T00:00:00,PROD_140,92.55,DEV_N_569,ADDR_N_569,COMPLETED,0,0.0,LOW
ORD_ACC_N_570_3,ACC_N_570,2026-06-28T00:00:00,PROD_109,203.89,DEV_N_569,ADDR_N_569,COMPLETED,0,0.0,LOW
ORD_ACC_N_570_4,ACC_N_570,2026-03-26T00:00:00,PROD_149,224.35,DEV_N_569,ADDR_N_569,COMPLETED,0,0.0,LOW
ORD_ACC_N_570_5,ACC_N_570,2026-08-25T00:00:00,PROD_142,22.16,DEV_N_569,ADDR_N_569,COMPLETED,0,0.0,LOW
ORD_ACC_N_570_6,ACC_N_570,2026-06-24T00:00:00,PROD_103,171.39,DEV_N_569,ADDR_N_569,COMPLETED,0,0.0,LOW
ORD_ACC_N_570_7,ACC_N_570,2026-07-20T00:00:00,PROD_144,358.47,DEV_N_569,ADDR_N_569,COMPLETED,0,0.0,LOW
ORD_ACC_N_571_0,ACC_N_571,2026-08-29T00:00:00,PROD_146,172.54,DEV_N_571,ADDR_N_571,COMPLETED,0,0.0,LOW
ORD_ACC_N_571_1,ACC_N_571,2026-08-06T00:00:00,PROD_115,299.31,DEV_N_571,ADDR_N_571,COMPLETED,0,0.0,LOW
ORD_ACC_N_571_2,ACC_N_571,2026-04-21T00:00:00,PROD_137,428.65,DEV_N_571,ADDR_N_571,COMPLETED,0,0.0,LOW
ORD_ACC_N_571_3,ACC_N_571,2026-03-21T00:00:00,PROD_108,87.04,DEV_N_571,ADDR_N_571,COMPLETED,0,0.0,LOW
ORD_ACC_N_571_4,ACC_N_571,2026-03-07T00:00:00,PROD_109,375.8,DEV_N_571,ADDR_N_571,COMPLETED,0,0.0,LOW
ORD_ACC_N_571_5,ACC_N_571,2026-04-25T00:00:00,PROD_116,281.72,DEV_N_571,ADDR_N_571,COMPLETED,0,0.0,LOW
ORD_ACC_N_572_0,ACC_N_572,2026-07-06T00:00:00,PROD_100,303.54,DEV_N_572,ADDR_N_572,COMPLETED,0,0.0,LOW
ORD_ACC_N_572_1,ACC_N_572,2025-11-27T00:00:00,PROD_131,251.89,DEV_N_572,ADDR_N_572,REFUNDED,1,0.0,LOW
ORD_ACC_N_572_2,ACC_N_572,2026-05-22T00:00:00,PROD_148,481.59,DEV_N_572,ADDR_N_572,COMPLETED,0,0.0,LOW
ORD_ACC_N_572_3,ACC_N_572,2025-11-19T00:00:00,PROD_139,226.4,DEV_N_572,ADDR_N_572,COMPLETED,0,0.0,LOW
ORD_ACC_N_572_4,ACC_N_572,2026-06-08T00:00:00,PROD_142,183.34,DEV_N_572,ADDR_N_572,COMPLETED,0,0.0,LOW
ORD_ACC_N_572_5,ACC_N_572,2026-01-22T00:00:00,PROD_121,151.97,DEV_N_572,ADDR_N_572,COMPLETED,0,0.0,LOW
ORD_ACC_N_572_6,ACC_N_572,2026-03-01T00:00:00,PROD_147,372.92,DEV_N_572,ADDR_N_572,COMPLETED,0,0.0,LOW
ORD_ACC_N_572_7,ACC_N_572,2026-06-05T00:00:00,PROD_127,486.88,DEV_N_572,ADDR_N_572,COMPLETED,0,0.0,LOW
ORD_ACC_N_572_8,ACC_N_572,2026-06-23T00:00:00,PROD_147,214.17,DEV_N_572,ADDR_N_572,COMPLETED,0,0.0,LOW
ORD_ACC_N_572_9,ACC_N_572,2026-04-17T00:00:00,PROD_137,210.99,DEV_N_572,ADDR_N_572,COMPLETED,0,0.0,LOW
ORD_ACC_N_572_10,ACC_N_572,2026-02-27T00:00:00,PROD_149,166.47,DEV_N_572,ADDR_N_572,COMPLETED,0,0.0,LOW
ORD_ACC_N_572_11,ACC_N_572,2026-02-21T00:00:00,PROD_110,58.47,DEV_N_572,ADDR_N_572,COMPLETED,0,0.0,LOW
ORD_ACC_N_572_12,ACC_N_572,2026-06-11T00:00:00,PROD_100,102.85,DEV_N_572,ADDR_N_572,COMPLETED,0,0.0,LOW
ORD_ACC_N_573_0,ACC_N_573,2026-03-04T00:00:00,PROD_140,370.08,DEV_N_573,ADDR_N_573,COMPLETED,0,0.0,LOW
ORD_ACC_N_573_1,ACC_N_573,2026-06-06T00:00:00,PROD_128,383.33,DEV_N_573,ADDR_N_573,COMPLETED,0,0.0,LOW
ORD_ACC_N_573_2,ACC_N_573,2025-11-22T00:00:00,PROD_116,217.37,DEV_N_573,ADDR_N_573,COMPLETED,0,0.0,LOW
ORD_ACC_N_574_0,ACC_N_574,2026-07-16T00:00:00,PROD_110,428.52,DEV_N_574,ADDR_N_574,COMPLETED,0,0.0,LOW
ORD_ACC_N_575_0,ACC_N_575,2026-06-19T00:00:00,PROD_100,293.47,DEV_N_575,ADDR_N_575,COMPLETED,0,0.0,LOW
ORD_ACC_N_575_1,ACC_N_575,2026-05-17T00:00:00,PROD_128,209.32,DEV_N_575,ADDR_N_575,COMPLETED,0,0.0,LOW
ORD_ACC_N_576_0,ACC_N_576,2026-07-11T00:00:00,PROD_121,20.12,DEV_N_576,ADDR_N_576,COMPLETED,0,0.0,LOW
ORD_ACC_N_576_1,ACC_N_576,2026-06-18T00:00:00,PROD_104,193.43,DEV_N_576,ADDR_N_576,COMPLETED,0,0.0,LOW
ORD_ACC_N_576_2,ACC_N_576,2026-07-26T00:00:00,PROD_114,330.57,DEV_N_576,ADDR_N_576,REFUNDED,1,0.0,LOW
ORD_ACC_N_576_3,ACC_N_576,2026-08-25T00:00:00,PROD_114,373.92,DEV_N_576,ADDR_N_576,COMPLETED,0,0.0,LOW
ORD_ACC_N_576_4,ACC_N_576,2026-07-15T00:00:00,PROD_111,386.25,DEV_N_576,ADDR_N_576,COMPLETED,0,0.0,LOW
ORD_ACC_N_576_5,ACC_N_576,2026-08-11T00:00:00,PROD_105,162.98,DEV_N_576,ADDR_N_576,COMPLETED,0,0.0,LOW
ORD_ACC_N_576_6,ACC_N_576,2026-08-03T00:00:00,PROD_102,203.51,DEV_N_576,ADDR_N_576,REFUNDED,1,0.0,LOW
ORD_ACC_N_577_0,ACC_N_577,2026-01-07T00:00:00,PROD_125,253.21,DEV_N_577,ADDR_N_577,REFUNDED,1,0.0,LOW
ORD_ACC_N_577_1,ACC_N_577,2026-07-06T00:00:00,PROD_103,463.27,DEV_N_577,ADDR_N_577,COMPLETED,0,0.0,LOW
ORD_ACC_N_577_2,ACC_N_577,2026-01-20T00:00:00,PROD_113,437.75,DEV_N_577,ADDR_N_577,COMPLETED,0,0.0,LOW
ORD_ACC_N_578_0,ACC_N_578,2026-08-28T00:00:00,PROD_111,294.77,DEV_N_578,ADDR_N_578,COMPLETED,0,0.0,LOW
ORD_ACC_N_579_0,ACC_N_579,2026-08-08T00:00:00,PROD_109,233.45,DEV_N_579,ADDR_N_579,COMPLETED,0,0.0,LOW
ORD_ACC_N_579_1,ACC_N_579,2026-08-03T00:00:00,PROD_112,118.68,DEV_N_579,ADDR_N_579,COMPLETED,0,0.0,LOW
ORD_ACC_N_579_2,ACC_N_579,2026-08-02T00:00:00,PROD_139,25.97,DEV_N_579,ADDR_N_579,COMPLETED,0,0.0,LOW
ORD_ACC_N_579_3,ACC_N_579,2026-06-20T00:00:00,PROD_119,362.02,DEV_N_579,ADDR_N_579,COMPLETED,0,0.0,LOW
ORD_ACC_N_579_4,ACC_N_579,2026-07-11T00:00:00,PROD_117,363.4,DEV_N_579,ADDR_N_579,COMPLETED,0,0.0,LOW
ORD_ACC_N_579_5,ACC_N_579,2026-08-02T00:00:00,PROD_111,459.39,DEV_N_579,ADDR_N_579,COMPLETED,0,0.0,LOW
ORD_ACC_N_579_6,ACC_N_579,2026-05-03T00:00:00,PROD_123,336.08,DEV_N_579,ADDR_N_579,COMPLETED,0,0.0,LOW
ORD_ACC_N_580_0,ACC_N_580,2026-02-20T00:00:00,PROD_113,35.19,DEV_N_579,ADDR_N_579,COMPLETED,0,0.0,LOW
ORD_ACC_N_580_1,ACC_N_580,2026-03-30T00:00:00,PROD_102,160.31,DEV_N_579,ADDR_N_579,COMPLETED,0,0.0,LOW
ORD_ACC_N_580_2,ACC_N_580,2026-05-14T00:00:00,PROD_121,408.25,DEV_N_579,ADDR_N_579,COMPLETED,0,0.0,LOW
ORD_ACC_N_580_3,ACC_N_580,2026-04-23T00:00:00,PROD_105,284.23,DEV_N_579,ADDR_N_579,REFUNDED,1,0.0,LOW
ORD_ACC_N_580_4,ACC_N_580,2026-03-27T00:00:00,PROD_144,291.02,DEV_N_579,ADDR_N_579,COMPLETED,0,0.0,LOW
ORD_ACC_N_580_5,ACC_N_580,2026-08-21T00:00:00,PROD_114,443.46,DEV_N_579,ADDR_N_579,COMPLETED,0,0.0,LOW
ORD_ACC_N_580_6,ACC_N_580,2026-06-14T00:00:00,PROD_149,147.97,DEV_N_579,ADDR_N_579,COMPLETED,0,0.0,LOW
ORD_ACC_N_580_7,ACC_N_580,2026-07-19T00:00:00,PROD_149,125.13,DEV_N_579,ADDR_N_579,COMPLETED,0,0.0,LOW
ORD_ACC_N_580_8,ACC_N_580,2026-02-09T00:00:00,PROD_136,114.26,DEV_N_579,ADDR_N_579,COMPLETED,0,0.0,LOW
ORD_ACC_N_580_9,ACC_N_580,2026-05-09T00:00:00,PROD_110,293.73,DEV_N_579,ADDR_N_579,COMPLETED,0,0.0,LOW
ORD_ACC_N_580_10,ACC_N_580,2026-01-20T00:00:00,PROD_147,160.84,DEV_N_579,ADDR_N_579,COMPLETED,0,0.0,LOW
ORD_ACC_N_580_11,ACC_N_580,2026-05-27T00:00:00,PROD_135,424.19,DEV_N_579,ADDR_N_579,COMPLETED,0,0.0,LOW
ORD_ACC_N_580_12,ACC_N_580,2026-08-21T00:00:00,PROD_112,154.82,DEV_N_579,ADDR_N_579,COMPLETED,0,0.0,LOW
ORD_ACC_N_580_13,ACC_N_580,2026-05-12T00:00:00,PROD_141,372.29,DEV_N_579,ADDR_N_579,COMPLETED,0,0.0,LOW
ORD_ACC_N_580_14,ACC_N_580,2026-08-31T00:00:00,PROD_121,305.9,DEV_N_579,ADDR_N_579,COMPLETED,0,0.0,LOW
ORD_ACC_N_581_0,ACC_N_581,2026-04-16T00:00:00,PROD_117,103.7,DEV_N_581,ADDR_N_581,COMPLETED,0,0.0,LOW
ORD_ACC_N_581_1,ACC_N_581,2026-03-20T00:00:00,PROD_102,394.51,DEV_N_581,ADDR_N_581,COMPLETED,0,0.0,LOW
ORD_ACC_N_581_2,ACC_N_581,2026-05-11T00:00:00,PROD_143,248.94,DEV_N_581,ADDR_N_581,COMPLETED,0,0.0,LOW
ORD_ACC_N_581_3,ACC_N_581,2026-08-06T00:00:00,PROD_140,166.27,DEV_N_581,ADDR_N_581,COMPLETED,0,0.0,LOW
ORD_ACC_N_581_4,ACC_N_581,2026-07-14T00:00:00,PROD_133,160.93,DEV_N_581,ADDR_N_581,COMPLETED,0,0.0,LOW
ORD_ACC_N_581_5,ACC_N_581,2026-04-12T00:00:00,PROD_146,121.89,DEV_N_581,ADDR_N_581,COMPLETED,0,0.0,LOW
ORD_ACC_N_581_6,ACC_N_581,2026-07-20T00:00:00,PROD_141,280.27,DEV_N_581,ADDR_N_581,COMPLETED,0,0.0,LOW
ORD_ACC_N_581_7,ACC_N_581,2026-01-31T00:00:00,PROD_129,143.08,DEV_N_581,ADDR_N_581,COMPLETED,0,0.0,LOW
ORD_ACC_N_581_8,ACC_N_581,2026-02-14T00:00:00,PROD_104,382.41,DEV_N_581,ADDR_N_581,COMPLETED,0,0.0,LOW
ORD_ACC_N_581_9,ACC_N_581,2026-04-01T00:00:00,PROD_123,443.49,DEV_N_581,ADDR_N_581,COMPLETED,0,0.0,LOW
ORD_ACC_N_581_10,ACC_N_581,2026-08-14T00:00:00,PROD_130,470.42,DEV_N_581,ADDR_N_581,COMPLETED,0,0.0,LOW
ORD_ACC_N_581_11,ACC_N_581,2026-07-06T00:00:00,PROD_121,25.32,DEV_N_581,ADDR_N_581,COMPLETED,0,0.0,LOW
ORD_ACC_N_582_0,ACC_N_582,2026-01-28T00:00:00,PROD_118,422.06,DEV_N_582,ADDR_N_582,COMPLETED,0,0.0,LOW
ORD_ACC_N_582_1,ACC_N_582,2026-05-30T00:00:00,PROD_102,217.71,DEV_N_582,ADDR_N_582,COMPLETED,0,0.0,LOW
ORD_ACC_N_582_2,ACC_N_582,2026-01-13T00:00:00,PROD_128,37.52,DEV_N_582,ADDR_N_582,COMPLETED,0,0.0,LOW
ORD_ACC_N_582_3,ACC_N_582,2026-01-09T00:00:00,PROD_113,223.91,DEV_N_582,ADDR_N_582,COMPLETED,0,0.0,LOW
ORD_ACC_N_582_4,ACC_N_582,2026-05-22T00:00:00,PROD_113,251.86,DEV_N_582,ADDR_N_582,COMPLETED,0,0.0,LOW
ORD_ACC_N_582_5,ACC_N_582,2026-02-03T00:00:00,PROD_107,214.18,DEV_N_582,ADDR_N_582,COMPLETED,0,0.0,LOW
ORD_ACC_N_582_6,ACC_N_582,2026-01-05T00:00:00,PROD_126,85.11,DEV_N_582,ADDR_N_582,COMPLETED,0,0.0,LOW
ORD_ACC_N_582_7,ACC_N_582,2026-01-16T00:00:00,PROD_141,431.66,DEV_N_582,ADDR_N_582,COMPLETED,0,0.0,LOW
ORD_ACC_N_582_8,ACC_N_582,2026-02-14T00:00:00,PROD_132,59.02,DEV_N_582,ADDR_N_582,REFUNDED,1,0.0,LOW
ORD_ACC_N_582_9,ACC_N_582,2026-03-19T00:00:00,PROD_132,263.39,DEV_N_582,ADDR_N_582,COMPLETED,0,0.0,LOW
ORD_ACC_N_582_10,ACC_N_582,2026-03-11T00:00:00,PROD_124,306.94,DEV_N_582,ADDR_N_582,COMPLETED,0,0.0,LOW
ORD_ACC_N_583_0,ACC_N_583,2026-07-09T00:00:00,PROD_110,118.09,DEV_N_583,ADDR_N_583,COMPLETED,0,0.0,LOW
ORD_ACC_N_583_1,ACC_N_583,2026-06-04T00:00:00,PROD_148,316.6,DEV_N_583,ADDR_N_583,COMPLETED,0,0.0,LOW
ORD_ACC_N_583_2,ACC_N_583,2026-07-11T00:00:00,PROD_140,31.55,DEV_N_583,ADDR_N_583,COMPLETED,0,0.0,LOW
ORD_ACC_N_583_3,ACC_N_583,2026-05-15T00:00:00,PROD_119,30.52,DEV_N_583,ADDR_N_583,COMPLETED,0,0.0,LOW
ORD_ACC_N_583_4,ACC_N_583,2026-08-14T00:00:00,PROD_129,86.72,DEV_N_583,ADDR_N_583,COMPLETED,0,0.0,LOW
ORD_ACC_N_583_5,ACC_N_583,2026-07-29T00:00:00,PROD_148,331.0,DEV_N_583,ADDR_N_583,COMPLETED,0,0.0,LOW
ORD_ACC_N_583_6,ACC_N_583,2026-06-23T00:00:00,PROD_128,434.87,DEV_N_583,ADDR_N_583,COMPLETED,0,0.0,LOW
ORD_ACC_N_583_7,ACC_N_583,2026-07-10T00:00:00,PROD_103,207.56,DEV_N_583,ADDR_N_583,COMPLETED,0,0.0,LOW
ORD_ACC_N_583_8,ACC_N_583,2026-07-11T00:00:00,PROD_143,386.24,DEV_N_583,ADDR_N_583,COMPLETED,0,0.0,LOW
ORD_ACC_N_583_9,ACC_N_583,2026-07-02T00:00:00,PROD_137,112.0,DEV_N_583,ADDR_N_583,COMPLETED,0,0.0,LOW
ORD_ACC_N_584_0,ACC_N_584,2026-07-21T00:00:00,PROD_134,342.99,DEV_N_584,ADDR_N_584,COMPLETED,0,0.0,LOW
ORD_ACC_N_584_1,ACC_N_584,2025-12-23T00:00:00,PROD_144,77.6,DEV_N_584,ADDR_N_584,COMPLETED,0,0.0,LOW
ORD_ACC_N_584_2,ACC_N_584,2026-05-19T00:00:00,PROD_105,390.86,DEV_N_584,ADDR_N_584,COMPLETED,0,0.0,LOW
ORD_ACC_N_584_3,ACC_N_584,2026-08-28T00:00:00,PROD_119,276.27,DEV_N_584,ADDR_N_584,COMPLETED,0,0.0,LOW
ORD_ACC_N_584_4,ACC_N_584,2026-04-19T00:00:00,PROD_110,102.38,DEV_N_584,ADDR_N_584,COMPLETED,0,0.0,LOW
ORD_ACC_N_584_5,ACC_N_584,2026-05-18T00:00:00,PROD_143,364.62,DEV_N_584,ADDR_N_584,COMPLETED,0,0.0,LOW
ORD_ACC_N_584_6,ACC_N_584,2026-07-18T00:00:00,PROD_120,343.79,DEV_N_584,ADDR_N_584,COMPLETED,0,0.0,LOW
ORD_ACC_N_584_7,ACC_N_584,2026-08-22T00:00:00,PROD_136,74.22,DEV_N_584,ADDR_N_584,COMPLETED,0,0.0,LOW
ORD_ACC_N_584_8,ACC_N_584,2026-01-29T00:00:00,PROD_138,235.83,DEV_N_584,ADDR_N_584,COMPLETED,0,0.0,LOW
ORD_ACC_N_584_9,ACC_N_584,2026-07-30T00:00:00,PROD_128,316.13,DEV_N_584,ADDR_N_584,COMPLETED,0,0.0,LOW
ORD_ACC_N_584_10,ACC_N_584,2026-08-30T00:00:00,PROD_133,196.57,DEV_N_584,ADDR_N_584,COMPLETED,0,0.0,LOW
ORD_ACC_N_584_11,ACC_N_584,2026-04-14T00:00:00,PROD_147,131.36,DEV_N_584,ADDR_N_584,COMPLETED,0,0.0,LOW
ORD_ACC_N_584_12,ACC_N_584,2026-04-28T00:00:00,PROD_144,409.63,DEV_N_584,ADDR_N_584,COMPLETED,0,0.0,LOW
ORD_ACC_N_584_13,ACC_N_584,2026-01-05T00:00:00,PROD_130,367.85,DEV_N_584,ADDR_N_584,COMPLETED,0,0.0,LOW
ORD_ACC_N_585_0,ACC_N_585,2026-08-21T00:00:00,PROD_142,200.91,DEV_N_585,ADDR_N_585,COMPLETED,0,0.0,LOW
ORD_ACC_N_585_1,ACC_N_585,2026-08-21T00:00:00,PROD_133,74.67,DEV_N_585,ADDR_N_585,COMPLETED,0,0.0,LOW
ORD_ACC_N_585_2,ACC_N_585,2026-08-31T00:00:00,PROD_116,69.42,DEV_N_585,ADDR_N_585,COMPLETED,0,0.0,LOW
ORD_ACC_N_585_3,ACC_N_585,2026-08-20T00:00:00,PROD_141,335.92,DEV_N_585,ADDR_N_585,COMPLETED,0,0.0,LOW
ORD_ACC_N_585_4,ACC_N_585,2026-08-30T00:00:00,PROD_128,177.71,DEV_N_585,ADDR_N_585,COMPLETED,0,0.0,LOW
ORD_ACC_N_585_5,ACC_N_585,2026-08-30T00:00:00,PROD_109,248.46,DEV_N_585,ADDR_N_585,COMPLETED,0,0.0,LOW
ORD_ACC_N_585_6,ACC_N_585,2026-08-21T00:00:00,PROD_103,163.21,DEV_N_585,ADDR_N_585,COMPLETED,0,0.0,LOW
ORD_ACC_N_586_0,ACC_N_586,2026-08-11T00:00:00,PROD_104,278.92,DEV_N_586,ADDR_N_586,COMPLETED,0,0.0,LOW
ORD_ACC_N_586_1,ACC_N_586,2026-08-26T00:00:00,PROD_138,213.01,DEV_N_586,ADDR_N_586,COMPLETED,0,0.0,LOW
ORD_ACC_N_586_2,ACC_N_586,2026-08-14T00:00:00,PROD_118,103.45,DEV_N_586,ADDR_N_586,COMPLETED,0,0.0,LOW
ORD_ACC_N_586_3,ACC_N_586,2026-08-15T00:00:00,PROD_142,176.6,DEV_N_586,ADDR_N_586,COMPLETED,0,0.0,LOW
ORD_ACC_N_586_4,ACC_N_586,2026-08-17T00:00:00,PROD_137,90.71,DEV_N_586,ADDR_N_586,COMPLETED,0,0.0,LOW
ORD_ACC_N_586_5,ACC_N_586,2026-08-13T00:00:00,PROD_140,108.25,DEV_N_586,ADDR_N_586,COMPLETED,0,0.0,LOW
ORD_ACC_N_586_6,ACC_N_586,2026-08-29T00:00:00,PROD_127,56.13,DEV_N_586,ADDR_N_586,COMPLETED,0,0.0,LOW
ORD_ACC_N_586_7,ACC_N_586,2026-08-10T00:00:00,PROD_124,73.92,DEV_N_586,ADDR_N_586,COMPLETED,0,0.0,LOW
ORD_ACC_N_586_8,ACC_N_586,2026-08-26T00:00:00,PROD_108,403.91,DEV_N_586,ADDR_N_586,COMPLETED,0,0.0,LOW
ORD_ACC_N_587_0,ACC_N_587,2025-12-03T00:00:00,PROD_139,84.07,DEV_N_587,ADDR_N_587,REFUNDED,1,0.0,LOW
ORD_ACC_N_588_0,ACC_N_588,2026-08-20T00:00:00,PROD_143,497.25,DEV_N_588,ADDR_N_588,COMPLETED,0,0.0,LOW
ORD_ACC_N_588_1,ACC_N_588,2026-08-14T00:00:00,PROD_138,149.28,DEV_N_588,ADDR_N_588,COMPLETED,0,0.0,LOW
ORD_ACC_N_588_2,ACC_N_588,2026-08-20T00:00:00,PROD_133,328.12,DEV_N_588,ADDR_N_588,COMPLETED,0,0.0,LOW
ORD_ACC_N_588_3,ACC_N_588,2026-08-31T00:00:00,PROD_147,58.99,DEV_N_588,ADDR_N_588,REFUNDED,1,0.0,LOW
ORD_ACC_N_588_4,ACC_N_588,2026-08-12T00:00:00,PROD_113,97.91,DEV_N_588,ADDR_N_588,COMPLETED,0,0.0,LOW
ORD_ACC_N_588_5,ACC_N_588,2026-07-24T00:00:00,PROD_109,28.91,DEV_N_588,ADDR_N_588,COMPLETED,0,0.0,LOW
ORD_ACC_N_588_6,ACC_N_588,2026-08-02T00:00:00,PROD_135,194.83,DEV_N_588,ADDR_N_588,REFUNDED,1,0.0,LOW
ORD_ACC_N_588_7,ACC_N_588,2026-08-03T00:00:00,PROD_145,214.43,DEV_N_588,ADDR_N_588,COMPLETED,0,0.0,LOW
ORD_ACC_N_588_8,ACC_N_588,2026-08-16T00:00:00,PROD_128,312.82,DEV_N_588,ADDR_N_588,COMPLETED,0,0.0,LOW
ORD_ACC_N_588_9,ACC_N_588,2026-08-23T00:00:00,PROD_124,460.78,DEV_N_588,ADDR_N_588,COMPLETED,0,0.0,LOW
ORD_ACC_N_588_10,ACC_N_588,2026-08-23T00:00:00,PROD_119,425.34,DEV_N_588,ADDR_N_588,COMPLETED,0,0.0,LOW
ORD_ACC_N_589_0,ACC_N_589,2026-07-06T00:00:00,PROD_132,355.23,DEV_N_589,ADDR_N_589,COMPLETED,0,0.0,LOW
ORD_ACC_N_589_1,ACC_N_589,2026-03-05T00:00:00,PROD_123,275.74,DEV_N_589,ADDR_N_589,COMPLETED,0,0.0,LOW
ORD_ACC_N_589_2,ACC_N_589,2026-03-11T00:00:00,PROD_125,27.81,DEV_N_589,ADDR_N_589,COMPLETED,0,0.0,LOW
ORD_ACC_N_589_3,ACC_N_589,2026-04-23T00:00:00,PROD_145,282.46,DEV_N_589,ADDR_N_589,COMPLETED,0,0.0,LOW
ORD_ACC_N_589_4,ACC_N_589,2026-05-08T00:00:00,PROD_123,499.08,DEV_N_589,ADDR_N_589,COMPLETED,0,0.0,LOW
ORD_ACC_N_589_5,ACC_N_589,2026-03-02T00:00:00,PROD_112,212.03,DEV_N_589,ADDR_N_589,COMPLETED,0,0.0,LOW
ORD_ACC_N_590_0,ACC_N_590,2026-08-22T00:00:00,PROD_138,202.96,DEV_N_589,ADDR_N_589,COMPLETED,0,0.0,LOW
ORD_ACC_N_590_1,ACC_N_590,2026-05-19T00:00:00,PROD_123,156.18,DEV_N_589,ADDR_N_589,COMPLETED,0,0.0,LOW
ORD_ACC_N_590_2,ACC_N_590,2026-06-13T00:00:00,PROD_142,292.13,DEV_N_589,ADDR_N_589,COMPLETED,0,0.0,LOW
ORD_ACC_N_590_3,ACC_N_590,2026-07-28T00:00:00,PROD_111,379.28,DEV_N_589,ADDR_N_589,COMPLETED,0,0.0,LOW
ORD_ACC_N_590_4,ACC_N_590,2026-05-24T00:00:00,PROD_136,108.57,DEV_N_589,ADDR_N_589,COMPLETED,0,0.0,LOW
ORD_ACC_N_590_5,ACC_N_590,2026-07-30T00:00:00,PROD_104,25.32,DEV_N_589,ADDR_N_589,COMPLETED,0,0.0,LOW
ORD_ACC_N_590_6,ACC_N_590,2026-05-19T00:00:00,PROD_124,104.92,DEV_N_589,ADDR_N_589,COMPLETED,0,0.0,LOW
ORD_ACC_N_591_0,ACC_N_591,2025-10-28T00:00:00,PROD_147,335.51,DEV_N_591,ADDR_N_591,COMPLETED,0,0.0,LOW
ORD_ACC_N_591_1,ACC_N_591,2025-11-24T00:00:00,PROD_135,139.02,DEV_N_591,ADDR_N_591,COMPLETED,0,0.0,LOW
ORD_ACC_N_591_2,ACC_N_591,2026-02-08T00:00:00,PROD_131,286.87,DEV_N_591,ADDR_N_591,COMPLETED,0,0.0,LOW
ORD_ACC_N_591_3,ACC_N_591,2026-05-28T00:00:00,PROD_100,198.64,DEV_N_591,ADDR_N_591,COMPLETED,0,0.0,LOW
ORD_ACC_N_591_4,ACC_N_591,2026-06-30T00:00:00,PROD_103,138.59,DEV_N_591,ADDR_N_591,COMPLETED,0,0.0,LOW
ORD_ACC_N_591_5,ACC_N_591,2026-04-25T00:00:00,PROD_106,449.7,DEV_N_591,ADDR_N_591,COMPLETED,0,0.0,LOW
ORD_ACC_N_591_6,ACC_N_591,2026-05-21T00:00:00,PROD_148,309.5,DEV_N_591,ADDR_N_591,COMPLETED,0,0.0,LOW
ORD_ACC_N_591_7,ACC_N_591,2026-07-19T00:00:00,PROD_100,94.28,DEV_N_591,ADDR_N_591,COMPLETED,0,0.0,LOW
ORD_ACC_N_591_8,ACC_N_591,2026-08-29T00:00:00,PROD_103,450.47,DEV_N_591,ADDR_N_591,COMPLETED,0,0.0,LOW
ORD_ACC_N_591_9,ACC_N_591,2026-02-08T00:00:00,PROD_147,90.46,DEV_N_591,ADDR_N_591,COMPLETED,0,0.0,LOW
ORD_ACC_N_591_10,ACC_N_591,2026-03-28T00:00:00,PROD_102,375.77,DEV_N_591,ADDR_N_591,COMPLETED,0,0.0,LOW
ORD_ACC_N_591_11,ACC_N_591,2025-11-16T00:00:00,PROD_101,53.94,DEV_N_591,ADDR_N_591,COMPLETED,0,0.0,LOW
ORD_ACC_N_591_12,ACC_N_591,2025-12-10T00:00:00,PROD_109,409.53,DEV_N_591,ADDR_N_591,COMPLETED,0,0.0,LOW
ORD_ACC_N_591_13,ACC_N_591,2026-01-03T00:00:00,PROD_134,83.55,DEV_N_591,ADDR_N_591,COMPLETED,0,0.0,LOW
ORD_ACC_N_591_14,ACC_N_591,2026-03-17T00:00:00,PROD_110,419.76,DEV_N_591,ADDR_N_591,COMPLETED,0,0.0,LOW
ORD_ACC_N_592_0,ACC_N_592,2026-08-29T00:00:00,PROD_141,178.16,DEV_N_592,ADDR_N_592,COMPLETED,0,0.0,LOW
ORD_ACC_N_592_1,ACC_N_592,2026-08-17T00:00:00,PROD_114,268.92,DEV_N_592,ADDR_N_592,COMPLETED,0,0.0,LOW
ORD_ACC_N_592_2,ACC_N_592,2026-04-08T00:00:00,PROD_127,467.59,DEV_N_592,ADDR_N_592,COMPLETED,0,0.0,LOW
ORD_ACC_N_592_3,ACC_N_592,2026-08-05T00:00:00,PROD_139,318.74,DEV_N_592,ADDR_N_592,COMPLETED,0,0.0,LOW
ORD_ACC_N_592_4,ACC_N_592,2026-07-30T00:00:00,PROD_149,459.38,DEV_N_592,ADDR_N_592,COMPLETED,0,0.0,LOW
ORD_ACC_N_592_5,ACC_N_592,2026-08-23T00:00:00,PROD_125,331.54,DEV_N_592,ADDR_N_592,COMPLETED,0,0.0,LOW
ORD_ACC_N_592_6,ACC_N_592,2026-07-29T00:00:00,PROD_142,442.09,DEV_N_592,ADDR_N_592,COMPLETED,0,0.0,LOW
ORD_ACC_N_592_7,ACC_N_592,2026-06-30T00:00:00,PROD_139,321.41,DEV_N_592,ADDR_N_592,REFUNDED,1,0.0,LOW
ORD_ACC_N_592_8,ACC_N_592,2026-08-06T00:00:00,PROD_121,469.49,DEV_N_592,ADDR_N_592,COMPLETED,0,0.0,LOW
ORD_ACC_N_592_9,ACC_N_592,2026-07-23T00:00:00,PROD_146,383.69,DEV_N_592,ADDR_N_592,COMPLETED,0,0.0,LOW
ORD_ACC_N_592_10,ACC_N_592,2026-08-30T00:00:00,PROD_119,168.62,DEV_N_592,ADDR_N_592,COMPLETED,0,0.0,LOW
ORD_ACC_N_592_11,ACC_N_592,2026-06-27T00:00:00,PROD_114,77.85,DEV_N_592,ADDR_N_592,COMPLETED,0,0.0,LOW
ORD_ACC_N_592_12,ACC_N_592,2026-07-13T00:00:00,PROD_125,251.44,DEV_N_592,ADDR_N_592,COMPLETED,0,0.0,LOW
ORD_ACC_N_592_13,ACC_N_592,2026-08-28T00:00:00,PROD_112,44.88,DEV_N_592,ADDR_N_592,COMPLETED,0,0.0,LOW
ORD_ACC_N_592_14,ACC_N_592,2026-08-13T00:00:00,PROD_103,258.24,DEV_N_592,ADDR_N_592,COMPLETED,0,0.0,LOW
ORD_ACC_N_593_0,ACC_N_593,2026-02-19T00:00:00,PROD_102,296.29,DEV_N_593,ADDR_N_593,COMPLETED,0,0.0,LOW
ORD_ACC_N_593_1,ACC_N_593,2026-03-07T00:00:00,PROD_137,180.09,DEV_N_593,ADDR_N_593,COMPLETED,0,0.0,LOW
ORD_ACC_N_594_0,ACC_N_594,2026-08-19T00:00:00,PROD_129,267.51,DEV_N_594,ADDR_N_594,COMPLETED,0,0.0,LOW
ORD_ACC_N_594_1,ACC_N_594,2026-08-19T00:00:00,PROD_118,163.17,DEV_N_594,ADDR_N_594,COMPLETED,0,0.0,LOW
ORD_ACC_N_594_2,ACC_N_594,2026-08-14T00:00:00,PROD_138,426.38,DEV_N_594,ADDR_N_594,COMPLETED,0,0.0,LOW
ORD_ACC_N_594_3,ACC_N_594,2026-08-14T00:00:00,PROD_147,256.82,DEV_N_594,ADDR_N_594,REFUNDED,1,0.0,LOW
ORD_ACC_N_594_4,ACC_N_594,2026-08-23T00:00:00,PROD_104,391.74,DEV_N_594,ADDR_N_594,COMPLETED,0,0.0,LOW
ORD_ACC_N_594_5,ACC_N_594,2026-07-18T00:00:00,PROD_104,421.73,DEV_N_594,ADDR_N_594,COMPLETED,0,0.0,LOW
ORD_ACC_N_594_6,ACC_N_594,2026-08-27T00:00:00,PROD_144,397.49,DEV_N_594,ADDR_N_594,COMPLETED,0,0.0,LOW
ORD_ACC_N_594_7,ACC_N_594,2026-08-09T00:00:00,PROD_142,63.12,DEV_N_594,ADDR_N_594,COMPLETED,0,0.0,LOW
ORD_ACC_N_594_8,ACC_N_594,2026-07-28T00:00:00,PROD_122,304.68,DEV_N_594,ADDR_N_594,COMPLETED,0,0.0,LOW
ORD_ACC_N_594_9,ACC_N_594,2026-08-19T00:00:00,PROD_104,486.37,DEV_N_594,ADDR_N_594,REFUNDED,1,0.0,LOW
ORD_ACC_N_595_0,ACC_N_595,2026-03-08T00:00:00,PROD_146,186.23,DEV_N_595,ADDR_N_595,COMPLETED,0,0.0,LOW
ORD_ACC_N_596_0,ACC_N_596,2026-05-08T00:00:00,PROD_139,145.07,DEV_N_596,ADDR_N_596,COMPLETED,0,0.0,LOW
ORD_ACC_N_596_1,ACC_N_596,2026-03-13T00:00:00,PROD_107,195.56,DEV_N_596,ADDR_N_596,COMPLETED,0,0.0,LOW
ORD_ACC_N_596_2,ACC_N_596,2026-08-19T00:00:00,PROD_100,330.37,DEV_N_596,ADDR_N_596,COMPLETED,0,0.0,LOW
ORD_ACC_N_596_3,ACC_N_596,2026-06-20T00:00:00,PROD_100,25.43,DEV_N_596,ADDR_N_596,COMPLETED,0,0.0,LOW
ORD_ACC_N_596_4,ACC_N_596,2026-06-11T00:00:00,PROD_117,448.54,DEV_N_596,ADDR_N_596,COMPLETED,0,0.0,LOW
ORD_ACC_N_596_5,ACC_N_596,2026-06-29T00:00:00,PROD_134,310.02,DEV_N_596,ADDR_N_596,COMPLETED,0,0.0,LOW
ORD_ACC_N_596_6,ACC_N_596,2026-07-17T00:00:00,PROD_143,59.09,DEV_N_596,ADDR_N_596,COMPLETED,0,0.0,LOW
ORD_ACC_N_596_7,ACC_N_596,2026-04-03T00:00:00,PROD_149,203.66,DEV_N_596,ADDR_N_596,COMPLETED,0,0.0,LOW
ORD_ACC_N_596_8,ACC_N_596,2026-07-01T00:00:00,PROD_134,266.6,DEV_N_596,ADDR_N_596,COMPLETED,0,0.0,LOW
ORD_ACC_N_596_9,ACC_N_596,2026-05-21T00:00:00,PROD_144,348.56,DEV_N_596,ADDR_N_596,COMPLETED,0,0.0,LOW
ORD_ACC_N_596_10,ACC_N_596,2026-03-16T00:00:00,PROD_109,233.51,DEV_N_596,ADDR_N_596,COMPLETED,0,0.0,LOW
ORD_ACC_N_596_11,ACC_N_596,2026-06-10T00:00:00,PROD_105,95.57,DEV_N_596,ADDR_N_596,COMPLETED,0,0.0,LOW
ORD_ACC_N_596_12,ACC_N_596,2026-06-20T00:00:00,PROD_113,352.18,DEV_N_596,ADDR_N_596,COMPLETED,0,0.0,LOW
ORD_ACC_N_596_13,ACC_N_596,2026-07-02T00:00:00,PROD_112,184.42,DEV_N_596,ADDR_N_596,COMPLETED,0,0.0,LOW
ORD_ACC_N_596_14,ACC_N_596,2026-07-14T00:00:00,PROD_116,310.35,DEV_N_596,ADDR_N_596,COMPLETED,0,0.0,LOW
ORD_ACC_N_597_0,ACC_N_597,2025-12-15T00:00:00,PROD_127,452.0,DEV_N_597,ADDR_N_597,COMPLETED,0,0.0,LOW
ORD_ACC_N_597_1,ACC_N_597,2026-08-10T00:00:00,PROD_135,262.68,DEV_N_597,ADDR_N_597,COMPLETED,0,0.0,LOW
ORD_ACC_N_597_2,ACC_N_597,2026-08-10T00:00:00,PROD_143,306.36,DEV_N_597,ADDR_N_597,REFUNDED,1,0.0,LOW
ORD_ACC_N_597_3,ACC_N_597,2026-07-15T00:00:00,PROD_144,279.61,DEV_N_597,ADDR_N_597,COMPLETED,0,0.0,LOW
ORD_ACC_N_597_4,ACC_N_597,2026-05-10T00:00:00,PROD_109,57.85,DEV_N_597,ADDR_N_597,COMPLETED,0,0.0,LOW
ORD_ACC_N_597_5,ACC_N_597,2026-02-19T00:00:00,PROD_117,68.12,DEV_N_597,ADDR_N_597,COMPLETED,0,0.0,LOW
ORD_ACC_N_597_6,ACC_N_597,2026-03-11T00:00:00,PROD_125,289.22,DEV_N_597,ADDR_N_597,COMPLETED,0,0.0,LOW
ORD_ACC_N_597_7,ACC_N_597,2026-05-28T00:00:00,PROD_141,335.91,DEV_N_597,ADDR_N_597,COMPLETED,0,0.0,LOW
ORD_ACC_N_597_8,ACC_N_597,2026-08-15T00:00:00,PROD_143,161.73,DEV_N_597,ADDR_N_597,COMPLETED,0,0.0,LOW
ORD_ACC_N_597_9,ACC_N_597,2026-06-17T00:00:00,PROD_130,28.68,DEV_N_597,ADDR_N_597,COMPLETED,0,0.0,LOW
ORD_ACC_N_597_10,ACC_N_597,2025-12-31T00:00:00,PROD_145,249.16,DEV_N_597,ADDR_N_597,COMPLETED,0,0.0,LOW
ORD_ACC_N_597_11,ACC_N_597,2026-04-02T00:00:00,PROD_103,250.52,DEV_N_597,ADDR_N_597,COMPLETED,0,0.0,LOW
ORD_ACC_N_597_12,ACC_N_597,2026-06-22T00:00:00,PROD_105,460.9,DEV_N_597,ADDR_N_597,COMPLETED,0,0.0,LOW
ORD_ACC_N_597_13,ACC_N_597,2026-07-30T00:00:00,PROD_139,158.85,DEV_N_597,ADDR_N_597,COMPLETED,0,0.0,LOW
ORD_ACC_N_597_14,ACC_N_597,2026-03-11T00:00:00,PROD_126,370.01,DEV_N_597,ADDR_N_597,COMPLETED,0,0.0,LOW
ORD_ACC_N_598_0,ACC_N_598,2026-07-29T00:00:00,PROD_120,438.93,DEV_N_598,ADDR_N_598,COMPLETED,0,0.0,LOW
ORD_ACC_N_598_1,ACC_N_598,2026-05-27T00:00:00,PROD_100,462.97,DEV_N_598,ADDR_N_598,COMPLETED,0,0.0,LOW
ORD_ACC_N_598_2,ACC_N_598,2026-02-21T00:00:00,PROD_119,204.5,DEV_N_598,ADDR_N_598,COMPLETED,0,0.0,LOW
ORD_ACC_N_598_3,ACC_N_598,2026-07-29T00:00:00,PROD_128,199.51,DEV_N_598,ADDR_N_598,COMPLETED,0,0.0,LOW
ORD_ACC_N_598_4,ACC_N_598,2026-07-07T00:00:00,PROD_103,455.29,DEV_N_598,ADDR_N_598,COMPLETED,0,0.0,LOW
ORD_ACC_N_598_5,ACC_N_598,2026-08-18T00:00:00,PROD_125,208.82,DEV_N_598,ADDR_N_598,REFUNDED,1,0.0,LOW
ORD_ACC_N_598_6,ACC_N_598,2026-08-29T00:00:00,PROD_133,198.06,DEV_N_598,ADDR_N_598,COMPLETED,0,0.0,LOW
ORD_ACC_N_599_0,ACC_N_599,2026-01-24T00:00:00,PROD_134,147.67,DEV_N_599,ADDR_N_599,REFUNDED,1,0.0,LOW
ORD_ACC_N_599_1,ACC_N_599,2026-08-26T00:00:00,PROD_137,432.6,DEV_N_599,ADDR_N_599,COMPLETED,0,0.0,LOW
ORD_ACC_N_599_2,ACC_N_599,2026-06-08T00:00:00,PROD_140,48.18,DEV_N_599,ADDR_N_599,COMPLETED,0,0.0,LOW
ORD_ACC_N_599_3,ACC_N_599,2026-06-19T00:00:00,PROD_116,195.12,DEV_N_599,ADDR_N_599,REFUNDED,1,0.0,LOW
ORD_ACC_N_599_4,ACC_N_599,2026-05-21T00:00:00,PROD_123,388.35,DEV_N_599,ADDR_N_599,COMPLETED,0,0.0,LOW
ORD_ACC_N_599_5,ACC_N_599,2026-01-04T00:00:00,PROD_107,354.13,DEV_N_599,ADDR_N_599,COMPLETED,0,0.0,LOW
ORD_ACC_N_599_6,ACC_N_599,2025-10-03T00:00:00,PROD_102,415.7,DEV_N_599,ADDR_N_599,COMPLETED,0,0.0,LOW
ORD_ACC_N_599_7,ACC_N_599,2025-10-16T00:00:00,PROD_108,363.97,DEV_N_599,ADDR_N_599,COMPLETED,0,0.0,LOW
ORD_ACC_N_599_8,ACC_N_599,2026-03-06T00:00:00,PROD_118,460.27,DEV_N_599,ADDR_N_599,COMPLETED,0,0.0,LOW
ORD_ACC_N_599_9,ACC_N_599,2026-04-22T00:00:00,PROD_137,409.43,DEV_N_599,ADDR_N_599,COMPLETED,0,0.0,LOW
ORD_ACC_N_599_10,ACC_N_599,2026-08-09T00:00:00,PROD_138,173.13,DEV_N_599,ADDR_N_599,COMPLETED,0,0.0,LOW
ORD_ACC_N_600_0,ACC_N_600,2026-03-16T00:00:00,PROD_135,128.06,DEV_N_599,ADDR_N_599,COMPLETED,0,0.0,LOW
ORD_ACC_N_600_1,ACC_N_600,2025-10-13T00:00:00,PROD_138,289.31,DEV_N_599,ADDR_N_599,COMPLETED,0,0.0,LOW
ORD_ACC_N_600_2,ACC_N_600,2026-03-06T00:00:00,PROD_118,322.04,DEV_N_599,ADDR_N_599,COMPLETED,0,0.0,LOW
ORD_ACC_N_600_3,ACC_N_600,2026-03-15T00:00:00,PROD_110,211.11,DEV_N_599,ADDR_N_599,COMPLETED,0,0.0,LOW
ORD_ACC_N_600_4,ACC_N_600,2025-09-14T00:00:00,PROD_139,198.08,DEV_N_599,ADDR_N_599,COMPLETED,0,0.0,LOW
ORD_ACC_N_601_0,ACC_N_601,2026-08-05T00:00:00,PROD_126,202.35,DEV_N_601,ADDR_N_601,COMPLETED,0,0.0,LOW
ORD_ACC_N_601_1,ACC_N_601,2026-08-05T00:00:00,PROD_127,423.37,DEV_N_601,ADDR_N_601,COMPLETED,0,0.0,LOW
ORD_ACC_N_601_2,ACC_N_601,2026-08-03T00:00:00,PROD_140,25.03,DEV_N_601,ADDR_N_601,COMPLETED,0,0.0,LOW
ORD_ACC_N_601_3,ACC_N_601,2026-08-05T00:00:00,PROD_108,452.86,DEV_N_601,ADDR_N_601,COMPLETED,0,0.0,LOW
ORD_ACC_N_601_4,ACC_N_601,2026-08-09T00:00:00,PROD_132,403.89,DEV_N_601,ADDR_N_601,COMPLETED,0,0.0,LOW
ORD_ACC_N_601_5,ACC_N_601,2026-08-30T00:00:00,PROD_143,54.08,DEV_N_601,ADDR_N_601,COMPLETED,0,0.0,LOW
ORD_ACC_N_602_0,ACC_N_602,2026-08-17T00:00:00,PROD_105,346.11,DEV_N_602,ADDR_N_602,COMPLETED,0,0.0,LOW
ORD_ACC_N_602_1,ACC_N_602,2026-07-31T00:00:00,PROD_103,408.3,DEV_N_602,ADDR_N_602,COMPLETED,0,0.0,LOW
ORD_ACC_N_602_2,ACC_N_602,2026-07-29T00:00:00,PROD_108,231.22,DEV_N_602,ADDR_N_602,COMPLETED,0,0.0,LOW
ORD_ACC_N_602_3,ACC_N_602,2026-08-15T00:00:00,PROD_137,165.07,DEV_N_602,ADDR_N_602,COMPLETED,0,0.0,LOW
ORD_ACC_N_602_4,ACC_N_602,2026-08-12T00:00:00,PROD_145,232.32,DEV_N_602,ADDR_N_602,COMPLETED,0,0.0,LOW
ORD_ACC_N_602_5,ACC_N_602,2026-08-15T00:00:00,PROD_106,371.32,DEV_N_602,ADDR_N_602,COMPLETED,0,0.0,LOW
ORD_ACC_N_602_6,ACC_N_602,2026-08-02T00:00:00,PROD_129,300.09,DEV_N_602,ADDR_N_602,COMPLETED,0,0.0,LOW
ORD_ACC_N_602_7,ACC_N_602,2026-07-26T00:00:00,PROD_141,468.12,DEV_N_602,ADDR_N_602,COMPLETED,0,0.0,LOW
ORD_ACC_N_603_0,ACC_N_603,2025-12-02T00:00:00,PROD_119,210.97,DEV_N_603,ADDR_N_603,COMPLETED,0,0.0,LOW
ORD_ACC_N_603_1,ACC_N_603,2025-11-07T00:00:00,PROD_107,123.11,DEV_N_603,ADDR_N_603,COMPLETED,0,0.0,LOW
ORD_ACC_N_603_2,ACC_N_603,2026-05-03T00:00:00,PROD_138,113.51,DEV_N_603,ADDR_N_603,COMPLETED,0,0.0,LOW
ORD_ACC_N_603_3,ACC_N_603,2026-04-18T00:00:00,PROD_125,321.06,DEV_N_603,ADDR_N_603,COMPLETED,0,0.0,LOW
ORD_ACC_N_603_4,ACC_N_603,2026-08-28T00:00:00,PROD_149,199.64,DEV_N_603,ADDR_N_603,COMPLETED,0,0.0,LOW
ORD_ACC_N_603_5,ACC_N_603,2026-04-29T00:00:00,PROD_130,497.03,DEV_N_603,ADDR_N_603,COMPLETED,0,0.0,LOW
ORD_ACC_N_603_6,ACC_N_603,2025-11-27T00:00:00,PROD_141,147.37,DEV_N_603,ADDR_N_603,COMPLETED,0,0.0,LOW
ORD_ACC_N_603_7,ACC_N_603,2025-11-16T00:00:00,PROD_123,109.09,DEV_N_603,ADDR_N_603,REFUNDED,1,0.0,LOW
ORD_ACC_N_603_8,ACC_N_603,2026-04-30T00:00:00,PROD_109,124.17,DEV_N_603,ADDR_N_603,COMPLETED,0,0.0,LOW
ORD_ACC_N_603_9,ACC_N_603,2025-12-29T00:00:00,PROD_113,122.1,DEV_N_603,ADDR_N_603,COMPLETED,0,0.0,LOW
ORD_ACC_N_604_0,ACC_N_604,2026-06-26T00:00:00,PROD_108,39.16,DEV_N_604,ADDR_N_604,COMPLETED,0,0.0,LOW
ORD_ACC_N_604_1,ACC_N_604,2026-07-01T00:00:00,PROD_129,386.28,DEV_N_604,ADDR_N_604,COMPLETED,0,0.0,LOW
ORD_ACC_N_604_2,ACC_N_604,2026-03-26T00:00:00,PROD_116,432.54,DEV_N_604,ADDR_N_604,COMPLETED,0,0.0,LOW
ORD_ACC_N_604_3,ACC_N_604,2026-05-11T00:00:00,PROD_145,247.23,DEV_N_604,ADDR_N_604,COMPLETED,0,0.0,LOW
ORD_ACC_N_604_4,ACC_N_604,2026-07-05T00:00:00,PROD_141,366.05,DEV_N_604,ADDR_N_604,COMPLETED,0,0.0,LOW
ORD_ACC_N_605_0,ACC_N_605,2026-08-16T00:00:00,PROD_106,349.29,DEV_N_605,ADDR_N_605,REFUNDED,1,0.0,LOW
ORD_ACC_N_605_1,ACC_N_605,2026-08-27T00:00:00,PROD_148,223.17,DEV_N_605,ADDR_N_605,COMPLETED,0,0.0,LOW
ORD_ACC_N_605_2,ACC_N_605,2026-08-14T00:00:00,PROD_119,160.8,DEV_N_605,ADDR_N_605,COMPLETED,0,0.0,LOW
ORD_ACC_N_606_0,ACC_N_606,2025-10-26T00:00:00,PROD_138,303.68,DEV_N_606,ADDR_N_606,COMPLETED,0,0.0,LOW
ORD_ACC_N_606_1,ACC_N_606,2025-09-21T00:00:00,PROD_105,251.97,DEV_N_606,ADDR_N_606,COMPLETED,0,0.0,LOW
ORD_ACC_N_607_0,ACC_N_607,2026-06-05T00:00:00,PROD_128,80.88,DEV_N_607,ADDR_N_607,COMPLETED,0,0.0,LOW
ORD_ACC_N_607_1,ACC_N_607,2026-05-12T00:00:00,PROD_104,292.83,DEV_N_607,ADDR_N_607,COMPLETED,0,0.0,LOW
ORD_ACC_N_607_2,ACC_N_607,2026-04-12T00:00:00,PROD_100,480.51,DEV_N_607,ADDR_N_607,COMPLETED,0,0.0,LOW
ORD_ACC_N_607_3,ACC_N_607,2026-06-20T00:00:00,PROD_109,492.65,DEV_N_607,ADDR_N_607,COMPLETED,0,0.0,LOW
ORD_ACC_N_607_4,ACC_N_607,2026-05-13T00:00:00,PROD_109,496.59,DEV_N_607,ADDR_N_607,COMPLETED,0,0.0,LOW
ORD_ACC_N_607_5,ACC_N_607,2026-04-27T00:00:00,PROD_113,235.71,DEV_N_607,ADDR_N_607,COMPLETED,0,0.0,LOW
ORD_ACC_N_607_6,ACC_N_607,2026-05-17T00:00:00,PROD_102,445.62,DEV_N_607,ADDR_N_607,COMPLETED,0,0.0,LOW
ORD_ACC_N_607_7,ACC_N_607,2026-05-21T00:00:00,PROD_101,465.72,DEV_N_607,ADDR_N_607,COMPLETED,0,0.0,LOW
ORD_ACC_N_607_8,ACC_N_607,2026-08-31T00:00:00,PROD_115,119.52,DEV_N_607,ADDR_N_607,COMPLETED,0,0.0,LOW
ORD_ACC_N_607_9,ACC_N_607,2026-08-23T00:00:00,PROD_139,180.83,DEV_N_607,ADDR_N_607,COMPLETED,0,0.0,LOW
ORD_ACC_N_607_10,ACC_N_607,2026-06-15T00:00:00,PROD_146,84.93,DEV_N_607,ADDR_N_607,COMPLETED,0,0.0,LOW
ORD_ACC_N_607_11,ACC_N_607,2026-05-02T00:00:00,PROD_103,399.72,DEV_N_607,ADDR_N_607,COMPLETED,0,0.0,LOW
ORD_ACC_N_608_0,ACC_N_608,2026-08-22T00:00:00,PROD_130,344.19,DEV_N_608,ADDR_N_608,COMPLETED,0,0.0,LOW
ORD_ACC_N_608_1,ACC_N_608,2025-12-15T00:00:00,PROD_108,100.16,DEV_N_608,ADDR_N_608,COMPLETED,0,0.0,LOW
ORD_ACC_N_608_2,ACC_N_608,2026-08-30T00:00:00,PROD_110,424.09,DEV_N_608,ADDR_N_608,COMPLETED,0,0.0,LOW
ORD_ACC_N_608_3,ACC_N_608,2026-08-11T00:00:00,PROD_132,137.65,DEV_N_608,ADDR_N_608,COMPLETED,0,0.0,LOW
ORD_ACC_N_608_4,ACC_N_608,2026-02-06T00:00:00,PROD_126,443.86,DEV_N_608,ADDR_N_608,COMPLETED,0,0.0,LOW
ORD_ACC_N_609_0,ACC_N_609,2026-05-09T00:00:00,PROD_141,148.29,DEV_N_609,ADDR_N_609,COMPLETED,0,0.0,LOW
ORD_ACC_N_609_1,ACC_N_609,2026-07-09T00:00:00,PROD_137,70.15,DEV_N_609,ADDR_N_609,COMPLETED,0,0.0,LOW
ORD_ACC_N_609_2,ACC_N_609,2026-04-29T00:00:00,PROD_145,379.31,DEV_N_609,ADDR_N_609,COMPLETED,0,0.0,LOW
ORD_ACC_N_609_3,ACC_N_609,2026-03-31T00:00:00,PROD_145,399.0,DEV_N_609,ADDR_N_609,COMPLETED,0,0.0,LOW
ORD_ACC_N_609_4,ACC_N_609,2026-05-14T00:00:00,PROD_120,36.5,DEV_N_609,ADDR_N_609,COMPLETED,0,0.0,LOW
ORD_ACC_N_609_5,ACC_N_609,2026-08-28T00:00:00,PROD_142,436.05,DEV_N_609,ADDR_N_609,COMPLETED,0,0.0,LOW
ORD_ACC_N_609_6,ACC_N_609,2026-07-26T00:00:00,PROD_127,415.3,DEV_N_609,ADDR_N_609,COMPLETED,0,0.0,LOW
ORD_ACC_N_609_7,ACC_N_609,2026-07-07T00:00:00,PROD_137,81.23,DEV_N_609,ADDR_N_609,COMPLETED,0,0.0,LOW
ORD_ACC_N_609_8,ACC_N_609,2026-05-26T00:00:00,PROD_145,68.69,DEV_N_609,ADDR_N_609,COMPLETED,0,0.0,LOW
ORD_ACC_N_609_9,ACC_N_609,2026-04-04T00:00:00,PROD_141,357.87,DEV_N_609,ADDR_N_609,COMPLETED,0,0.0,LOW
ORD_ACC_N_610_0,ACC_N_610,2026-07-09T00:00:00,PROD_121,178.18,DEV_N_609,ADDR_N_609,COMPLETED,0,0.0,LOW
ORD_ACC_N_610_1,ACC_N_610,2026-04-25T00:00:00,PROD_111,27.82,DEV_N_609,ADDR_N_609,COMPLETED,0,0.0,LOW
ORD_ACC_N_610_2,ACC_N_610,2026-01-20T00:00:00,PROD_110,375.83,DEV_N_609,ADDR_N_609,COMPLETED,0,0.0,LOW
ORD_ACC_N_610_3,ACC_N_610,2026-05-25T00:00:00,PROD_145,411.98,DEV_N_609,ADDR_N_609,COMPLETED,0,0.0,LOW
ORD_ACC_N_610_4,ACC_N_610,2025-12-20T00:00:00,PROD_140,164.08,DEV_N_609,ADDR_N_609,COMPLETED,0,0.0,LOW
ORD_ACC_N_610_5,ACC_N_610,2026-03-10T00:00:00,PROD_132,210.89,DEV_N_609,ADDR_N_609,COMPLETED,0,0.0,LOW
ORD_ACC_N_610_6,ACC_N_610,2026-07-30T00:00:00,PROD_133,426.68,DEV_N_609,ADDR_N_609,COMPLETED,0,0.0,LOW
ORD_ACC_N_610_7,ACC_N_610,2026-06-27T00:00:00,PROD_134,118.41,DEV_N_609,ADDR_N_609,COMPLETED,0,0.0,LOW
ORD_ACC_N_610_8,ACC_N_610,2026-08-02T00:00:00,PROD_118,178.32,DEV_N_609,ADDR_N_609,COMPLETED,0,0.0,LOW
ORD_ACC_N_610_9,ACC_N_610,2026-02-14T00:00:00,PROD_104,270.64,DEV_N_609,ADDR_N_609,COMPLETED,0,0.0,LOW
ORD_ACC_N_610_10,ACC_N_610,2026-04-23T00:00:00,PROD_119,296.26,DEV_N_609,ADDR_N_609,COMPLETED,0,0.0,LOW
ORD_ACC_N_610_11,ACC_N_610,2025-11-10T00:00:00,PROD_117,307.74,DEV_N_609,ADDR_N_609,COMPLETED,0,0.0,LOW
ORD_ACC_N_610_12,ACC_N_610,2026-08-19T00:00:00,PROD_127,381.46,DEV_N_609,ADDR_N_609,COMPLETED,0,0.0,LOW
ORD_ACC_N_610_13,ACC_N_610,2025-10-16T00:00:00,PROD_124,149.28,DEV_N_609,ADDR_N_609,COMPLETED,0,0.0,LOW
ORD_ACC_N_611_0,ACC_N_611,2026-04-30T00:00:00,PROD_128,486.11,DEV_N_611,ADDR_N_611,COMPLETED,0,0.0,LOW
ORD_ACC_N_611_1,ACC_N_611,2026-05-20T00:00:00,PROD_134,209.59,DEV_N_611,ADDR_N_611,COMPLETED,0,0.0,LOW
ORD_ACC_N_611_2,ACC_N_611,2025-11-11T00:00:00,PROD_124,442.43,DEV_N_611,ADDR_N_611,COMPLETED,0,0.0,LOW
ORD_ACC_N_611_3,ACC_N_611,2026-06-25T00:00:00,PROD_122,23.56,DEV_N_611,ADDR_N_611,COMPLETED,0,0.0,LOW
ORD_ACC_N_611_4,ACC_N_611,2026-01-13T00:00:00,PROD_117,348.5,DEV_N_611,ADDR_N_611,COMPLETED,0,0.0,LOW
ORD_ACC_N_611_5,ACC_N_611,2025-12-19T00:00:00,PROD_125,339.44,DEV_N_611,ADDR_N_611,COMPLETED,0,0.0,LOW
ORD_ACC_N_611_6,ACC_N_611,2026-03-17T00:00:00,PROD_131,380.77,DEV_N_611,ADDR_N_611,COMPLETED,0,0.0,LOW
ORD_ACC_N_611_7,ACC_N_611,2026-07-11T00:00:00,PROD_130,495.78,DEV_N_611,ADDR_N_611,COMPLETED,0,0.0,LOW
ORD_ACC_N_611_8,ACC_N_611,2026-04-13T00:00:00,PROD_133,22.75,DEV_N_611,ADDR_N_611,COMPLETED,0,0.0,LOW
ORD_ACC_N_612_0,ACC_N_612,2026-05-17T00:00:00,PROD_118,408.01,DEV_N_612,ADDR_N_612,COMPLETED,0,0.0,LOW
ORD_ACC_N_612_1,ACC_N_612,2026-06-01T00:00:00,PROD_116,54.22,DEV_N_612,ADDR_N_612,COMPLETED,0,0.0,LOW
ORD_ACC_N_612_2,ACC_N_612,2026-08-04T00:00:00,PROD_119,93.87,DEV_N_612,ADDR_N_612,COMPLETED,0,0.0,LOW
ORD_ACC_N_612_3,ACC_N_612,2026-08-14T00:00:00,PROD_130,389.52,DEV_N_612,ADDR_N_612,COMPLETED,0,0.0,LOW
ORD_ACC_N_612_4,ACC_N_612,2026-08-30T00:00:00,PROD_112,88.99,DEV_N_612,ADDR_N_612,COMPLETED,0,0.0,LOW
ORD_ACC_N_612_5,ACC_N_612,2026-04-18T00:00:00,PROD_127,215.14,DEV_N_612,ADDR_N_612,COMPLETED,0,0.0,LOW
ORD_ACC_N_612_6,ACC_N_612,2026-04-22T00:00:00,PROD_130,392.26,DEV_N_612,ADDR_N_612,COMPLETED,0,0.0,LOW
ORD_ACC_N_612_7,ACC_N_612,2026-08-15T00:00:00,PROD_126,237.26,DEV_N_612,ADDR_N_612,COMPLETED,0,0.0,LOW
ORD_ACC_N_612_8,ACC_N_612,2026-08-20T00:00:00,PROD_117,443.31,DEV_N_612,ADDR_N_612,COMPLETED,0,0.0,LOW
ORD_ACC_N_613_0,ACC_N_613,2026-06-10T00:00:00,PROD_144,217.38,DEV_N_613,ADDR_N_613,COMPLETED,0,0.0,LOW
ORD_ACC_N_613_1,ACC_N_613,2026-05-30T00:00:00,PROD_134,43.29,DEV_N_613,ADDR_N_613,COMPLETED,0,0.0,LOW
ORD_ACC_N_613_2,ACC_N_613,2026-08-28T00:00:00,PROD_117,491.9,DEV_N_613,ADDR_N_613,COMPLETED,0,0.0,LOW
ORD_ACC_N_613_3,ACC_N_613,2026-08-04T00:00:00,PROD_137,149.18,DEV_N_613,ADDR_N_613,COMPLETED,0,0.0,LOW
ORD_ACC_N_613_4,ACC_N_613,2026-06-11T00:00:00,PROD_138,51.78,DEV_N_613,ADDR_N_613,COMPLETED,0,0.0,LOW
ORD_ACC_N_613_5,ACC_N_613,2026-05-12T00:00:00,PROD_136,425.42,DEV_N_613,ADDR_N_613,COMPLETED,0,0.0,LOW
ORD_ACC_N_613_6,ACC_N_613,2026-08-14T00:00:00,PROD_109,423.54,DEV_N_613,ADDR_N_613,COMPLETED,0,0.0,LOW
ORD_ACC_N_613_7,ACC_N_613,2026-07-28T00:00:00,PROD_139,72.57,DEV_N_613,ADDR_N_613,COMPLETED,0,0.0,LOW
ORD_ACC_N_613_8,ACC_N_613,2026-06-25T00:00:00,PROD_102,26.33,DEV_N_613,ADDR_N_613,COMPLETED,0,0.0,LOW
ORD_ACC_N_614_0,ACC_N_614,2026-05-27T00:00:00,PROD_131,389.64,DEV_N_614,ADDR_N_614,COMPLETED,0,0.0,LOW
ORD_ACC_N_614_1,ACC_N_614,2026-06-27T00:00:00,PROD_120,487.37,DEV_N_614,ADDR_N_614,REFUNDED,1,0.0,LOW
ORD_ACC_N_614_2,ACC_N_614,2026-06-19T00:00:00,PROD_121,140.58,DEV_N_614,ADDR_N_614,REFUNDED,1,0.0,LOW
ORD_ACC_N_614_3,ACC_N_614,2026-08-26T00:00:00,PROD_100,87.37,DEV_N_614,ADDR_N_614,COMPLETED,0,0.0,LOW
ORD_ACC_N_614_4,ACC_N_614,2026-06-01T00:00:00,PROD_141,316.16,DEV_N_614,ADDR_N_614,COMPLETED,0,0.0,LOW
ORD_ACC_N_614_5,ACC_N_614,2026-05-21T00:00:00,PROD_133,131.97,DEV_N_614,ADDR_N_614,COMPLETED,0,0.0,LOW
ORD_ACC_N_615_0,ACC_N_615,2026-06-26T00:00:00,PROD_101,154.58,DEV_N_615,ADDR_N_615,COMPLETED,0,0.0,LOW
ORD_ACC_N_615_1,ACC_N_615,2026-08-07T00:00:00,PROD_114,425.3,DEV_N_615,ADDR_N_615,COMPLETED,0,0.0,LOW
ORD_ACC_N_615_2,ACC_N_615,2026-06-20T00:00:00,PROD_130,377.17,DEV_N_615,ADDR_N_615,COMPLETED,0,0.0,LOW
ORD_ACC_N_615_3,ACC_N_615,2026-06-24T00:00:00,PROD_123,229.66,DEV_N_615,ADDR_N_615,COMPLETED,0,0.0,LOW
ORD_ACC_N_615_4,ACC_N_615,2026-07-23T00:00:00,PROD_147,52.01,DEV_N_615,ADDR_N_615,COMPLETED,0,0.0,LOW
ORD_ACC_N_615_5,ACC_N_615,2026-06-26T00:00:00,PROD_132,366.38,DEV_N_615,ADDR_N_615,COMPLETED,0,0.0,LOW
ORD_ACC_N_616_0,ACC_N_616,2026-07-22T00:00:00,PROD_125,397.62,DEV_N_616,ADDR_N_616,COMPLETED,0,0.0,LOW
ORD_ACC_N_616_1,ACC_N_616,2026-07-27T00:00:00,PROD_115,70.89,DEV_N_616,ADDR_N_616,COMPLETED,0,0.0,LOW
ORD_ACC_N_616_2,ACC_N_616,2026-08-10T00:00:00,PROD_147,486.12,DEV_N_616,ADDR_N_616,COMPLETED,0,0.0,LOW
ORD_ACC_N_616_3,ACC_N_616,2026-06-22T00:00:00,PROD_117,200.84,DEV_N_616,ADDR_N_616,COMPLETED,0,0.0,LOW
ORD_ACC_N_616_4,ACC_N_616,2026-07-04T00:00:00,PROD_133,221.6,DEV_N_616,ADDR_N_616,COMPLETED,0,0.0,LOW
ORD_ACC_N_616_5,ACC_N_616,2026-08-19T00:00:00,PROD_144,427.67,DEV_N_616,ADDR_N_616,COMPLETED,0,0.0,LOW
ORD_ACC_N_616_6,ACC_N_616,2026-07-13T00:00:00,PROD_113,213.37,DEV_N_616,ADDR_N_616,COMPLETED,0,0.0,LOW
ORD_ACC_N_616_7,ACC_N_616,2026-07-15T00:00:00,PROD_148,64.29,DEV_N_616,ADDR_N_616,COMPLETED,0,0.0,LOW
ORD_ACC_N_616_8,ACC_N_616,2026-07-03T00:00:00,PROD_149,279.62,DEV_N_616,ADDR_N_616,COMPLETED,0,0.0,LOW
ORD_ACC_N_616_9,ACC_N_616,2026-07-14T00:00:00,PROD_136,415.2,DEV_N_616,ADDR_N_616,COMPLETED,0,0.0,LOW
ORD_ACC_N_616_10,ACC_N_616,2026-07-09T00:00:00,PROD_101,318.97,DEV_N_616,ADDR_N_616,COMPLETED,0,0.0,LOW
ORD_ACC_N_616_11,ACC_N_616,2026-08-12T00:00:00,PROD_109,133.07,DEV_N_616,ADDR_N_616,COMPLETED,0,0.0,LOW
ORD_ACC_N_616_12,ACC_N_616,2026-07-02T00:00:00,PROD_137,77.14,DEV_N_616,ADDR_N_616,COMPLETED,0,0.0,LOW
ORD_ACC_N_616_13,ACC_N_616,2026-08-12T00:00:00,PROD_143,444.27,DEV_N_616,ADDR_N_616,COMPLETED,0,0.0,LOW
ORD_ACC_N_617_0,ACC_N_617,2026-08-04T00:00:00,PROD_145,171.85,DEV_N_617,ADDR_N_617,COMPLETED,0,0.0,LOW
ORD_ACC_N_618_0,ACC_N_618,2026-01-14T00:00:00,PROD_117,46.7,DEV_N_618,ADDR_N_618,COMPLETED,0,0.0,LOW
ORD_ACC_N_618_1,ACC_N_618,2026-01-15T00:00:00,PROD_104,298.84,DEV_N_618,ADDR_N_618,COMPLETED,0,0.0,LOW
ORD_ACC_N_618_2,ACC_N_618,2026-01-28T00:00:00,PROD_137,258.27,DEV_N_618,ADDR_N_618,COMPLETED,0,0.0,LOW
ORD_ACC_N_618_3,ACC_N_618,2026-07-23T00:00:00,PROD_134,494.64,DEV_N_618,ADDR_N_618,COMPLETED,0,0.0,LOW
ORD_ACC_N_618_4,ACC_N_618,2025-10-16T00:00:00,PROD_147,349.04,DEV_N_618,ADDR_N_618,COMPLETED,0,0.0,LOW
ORD_ACC_N_618_5,ACC_N_618,2026-01-07T00:00:00,PROD_104,266.81,DEV_N_618,ADDR_N_618,COMPLETED,0,0.0,LOW
ORD_ACC_N_618_6,ACC_N_618,2025-12-22T00:00:00,PROD_119,309.21,DEV_N_618,ADDR_N_618,COMPLETED,0,0.0,LOW
ORD_ACC_N_618_7,ACC_N_618,2025-12-13T00:00:00,PROD_140,494.03,DEV_N_618,ADDR_N_618,COMPLETED,0,0.0,LOW
ORD_ACC_N_618_8,ACC_N_618,2026-06-07T00:00:00,PROD_132,214.39,DEV_N_618,ADDR_N_618,COMPLETED,0,0.0,LOW
ORD_ACC_N_618_9,ACC_N_618,2025-11-23T00:00:00,PROD_133,265.63,DEV_N_618,ADDR_N_618,COMPLETED,0,0.0,LOW
ORD_ACC_N_618_10,ACC_N_618,2026-06-13T00:00:00,PROD_125,480.55,DEV_N_618,ADDR_N_618,COMPLETED,0,0.0,LOW
ORD_ACC_N_619_0,ACC_N_619,2026-06-17T00:00:00,PROD_107,211.59,DEV_N_619,ADDR_N_619,COMPLETED,0,0.0,LOW
ORD_ACC_N_619_1,ACC_N_619,2026-08-28T00:00:00,PROD_105,323.38,DEV_N_619,ADDR_N_619,COMPLETED,0,0.0,LOW
ORD_ACC_N_619_2,ACC_N_619,2026-06-23T00:00:00,PROD_141,67.89,DEV_N_619,ADDR_N_619,COMPLETED,0,0.0,LOW
ORD_ACC_N_619_3,ACC_N_619,2026-06-26T00:00:00,PROD_148,328.92,DEV_N_619,ADDR_N_619,COMPLETED,0,0.0,LOW
ORD_ACC_N_620_0,ACC_N_620,2026-06-24T00:00:00,PROD_131,411.43,DEV_N_619,ADDR_N_619,REFUNDED,1,0.0,LOW
ORD_ACC_N_620_1,ACC_N_620,2026-02-14T00:00:00,PROD_138,363.33,DEV_N_619,ADDR_N_619,COMPLETED,0,0.0,LOW
ORD_ACC_N_620_2,ACC_N_620,2026-07-02T00:00:00,PROD_114,42.6,DEV_N_619,ADDR_N_619,COMPLETED,0,0.0,LOW
ORD_ACC_N_620_3,ACC_N_620,2026-06-17T00:00:00,PROD_135,302.95,DEV_N_619,ADDR_N_619,COMPLETED,0,0.0,LOW
ORD_ACC_N_620_4,ACC_N_620,2026-05-05T00:00:00,PROD_132,127.47,DEV_N_619,ADDR_N_619,COMPLETED,0,0.0,LOW
ORD_ACC_N_620_5,ACC_N_620,2026-03-29T00:00:00,PROD_102,311.59,DEV_N_619,ADDR_N_619,COMPLETED,0,0.0,LOW
ORD_ACC_N_620_6,ACC_N_620,2026-03-23T00:00:00,PROD_129,41.23,DEV_N_619,ADDR_N_619,COMPLETED,0,0.0,LOW
ORD_ACC_N_620_7,ACC_N_620,2026-02-01T00:00:00,PROD_114,433.88,DEV_N_619,ADDR_N_619,COMPLETED,0,0.0,LOW
ORD_ACC_N_620_8,ACC_N_620,2026-03-11T00:00:00,PROD_131,190.07,DEV_N_619,ADDR_N_619,COMPLETED,0,0.0,LOW
ORD_ACC_N_620_9,ACC_N_620,2026-05-03T00:00:00,PROD_142,375.07,DEV_N_619,ADDR_N_619,COMPLETED,0,0.0,LOW
ORD_ACC_N_620_10,ACC_N_620,2026-07-11T00:00:00,PROD_102,174.99,DEV_N_619,ADDR_N_619,COMPLETED,0,0.0,LOW
ORD_ACC_N_620_11,ACC_N_620,2026-01-18T00:00:00,PROD_108,344.54,DEV_N_619,ADDR_N_619,REFUNDED,1,0.0,LOW
ORD_ACC_N_620_12,ACC_N_620,2025-12-30T00:00:00,PROD_147,316.58,DEV_N_619,ADDR_N_619,COMPLETED,0,0.0,LOW
ORD_ACC_N_621_0,ACC_N_621,2026-04-10T00:00:00,PROD_132,146.44,DEV_N_621,ADDR_N_621,COMPLETED,0,0.0,LOW
ORD_ACC_N_621_1,ACC_N_621,2026-05-16T00:00:00,PROD_104,70.24,DEV_N_621,ADDR_N_621,COMPLETED,0,0.0,LOW
ORD_ACC_N_621_2,ACC_N_621,2025-12-27T00:00:00,PROD_144,476.47,DEV_N_621,ADDR_N_621,COMPLETED,0,0.0,LOW
ORD_ACC_N_621_3,ACC_N_621,2026-06-14T00:00:00,PROD_120,469.38,DEV_N_621,ADDR_N_621,COMPLETED,0,0.0,LOW
ORD_ACC_N_621_4,ACC_N_621,2026-05-22T00:00:00,PROD_107,212.29,DEV_N_621,ADDR_N_621,COMPLETED,0,0.0,LOW
ORD_ACC_N_622_0,ACC_N_622,2026-02-11T00:00:00,PROD_138,413.19,DEV_N_622,ADDR_N_622,COMPLETED,0,0.0,LOW
ORD_ACC_N_622_1,ACC_N_622,2026-08-12T00:00:00,PROD_128,299.73,DEV_N_622,ADDR_N_622,COMPLETED,0,0.0,LOW
ORD_ACC_N_622_2,ACC_N_622,2026-01-15T00:00:00,PROD_109,278.11,DEV_N_622,ADDR_N_622,COMPLETED,0,0.0,LOW
ORD_ACC_N_622_3,ACC_N_622,2025-10-08T00:00:00,PROD_140,487.29,DEV_N_622,ADDR_N_622,COMPLETED,0,0.0,LOW
ORD_ACC_N_622_4,ACC_N_622,2026-03-02T00:00:00,PROD_126,224.65,DEV_N_622,ADDR_N_622,COMPLETED,0,0.0,LOW
ORD_ACC_N_622_5,ACC_N_622,2025-11-10T00:00:00,PROD_148,408.9,DEV_N_622,ADDR_N_622,REFUNDED,1,0.0,LOW
ORD_ACC_N_622_6,ACC_N_622,2026-01-25T00:00:00,PROD_104,477.81,DEV_N_622,ADDR_N_622,COMPLETED,0,0.0,LOW
ORD_ACC_N_622_7,ACC_N_622,2026-05-12T00:00:00,PROD_130,470.06,DEV_N_622,ADDR_N_622,COMPLETED,0,0.0,LOW
ORD_ACC_N_622_8,ACC_N_622,2025-12-19T00:00:00,PROD_107,262.9,DEV_N_622,ADDR_N_622,COMPLETED,0,0.0,LOW
ORD_ACC_N_622_9,ACC_N_622,2025-11-06T00:00:00,PROD_145,473.55,DEV_N_622,ADDR_N_622,COMPLETED,0,0.0,LOW
ORD_ACC_N_622_10,ACC_N_622,2025-10-28T00:00:00,PROD_142,456.81,DEV_N_622,ADDR_N_622,COMPLETED,0,0.0,LOW
ORD_ACC_N_622_11,ACC_N_622,2026-05-04T00:00:00,PROD_135,70.14,DEV_N_622,ADDR_N_622,COMPLETED,0,0.0,LOW
ORD_ACC_N_622_12,ACC_N_622,2026-08-12T00:00:00,PROD_121,85.62,DEV_N_622,ADDR_N_622,COMPLETED,0,0.0,LOW
ORD_ACC_N_623_0,ACC_N_623,2026-03-04T00:00:00,PROD_114,337.71,DEV_N_623,ADDR_N_623,COMPLETED,0,0.0,LOW
ORD_ACC_N_623_1,ACC_N_623,2026-07-18T00:00:00,PROD_147,164.04,DEV_N_623,ADDR_N_623,COMPLETED,0,0.0,LOW
ORD_ACC_N_623_2,ACC_N_623,2026-08-14T00:00:00,PROD_116,284.0,DEV_N_623,ADDR_N_623,COMPLETED,0,0.0,LOW
ORD_ACC_N_623_3,ACC_N_623,2026-06-29T00:00:00,PROD_101,299.88,DEV_N_623,ADDR_N_623,COMPLETED,0,0.0,LOW
ORD_ACC_N_623_4,ACC_N_623,2026-07-09T00:00:00,PROD_130,163.95,DEV_N_623,ADDR_N_623,COMPLETED,0,0.0,LOW
ORD_ACC_N_623_5,ACC_N_623,2026-05-24T00:00:00,PROD_147,104.81,DEV_N_623,ADDR_N_623,COMPLETED,0,0.0,LOW
ORD_ACC_N_623_6,ACC_N_623,2026-06-01T00:00:00,PROD_140,281.49,DEV_N_623,ADDR_N_623,COMPLETED,0,0.0,LOW
ORD_ACC_N_623_7,ACC_N_623,2026-06-24T00:00:00,PROD_139,375.55,DEV_N_623,ADDR_N_623,COMPLETED,0,0.0,LOW
ORD_ACC_N_623_8,ACC_N_623,2026-05-15T00:00:00,PROD_100,50.55,DEV_N_623,ADDR_N_623,REFUNDED,1,0.0,LOW
ORD_ACC_N_623_9,ACC_N_623,2026-08-12T00:00:00,PROD_136,266.54,DEV_N_623,ADDR_N_623,COMPLETED,0,0.0,LOW
ORD_ACC_N_623_10,ACC_N_623,2026-08-13T00:00:00,PROD_106,329.85,DEV_N_623,ADDR_N_623,COMPLETED,0,0.0,LOW
ORD_ACC_N_623_11,ACC_N_623,2026-02-17T00:00:00,PROD_130,163.93,DEV_N_623,ADDR_N_623,COMPLETED,0,0.0,LOW
ORD_ACC_N_623_12,ACC_N_623,2026-03-06T00:00:00,PROD_116,446.89,DEV_N_623,ADDR_N_623,COMPLETED,0,0.0,LOW
ORD_ACC_N_623_13,ACC_N_623,2026-07-10T00:00:00,PROD_118,353.12,DEV_N_623,ADDR_N_623,COMPLETED,0,0.0,LOW
ORD_ACC_N_623_14,ACC_N_623,2026-02-24T00:00:00,PROD_146,498.19,DEV_N_623,ADDR_N_623,COMPLETED,0,0.0,LOW
ORD_ACC_N_624_0,ACC_N_624,2026-04-06T00:00:00,PROD_112,338.93,DEV_N_624,ADDR_N_624,COMPLETED,0,0.0,LOW
ORD_ACC_N_624_1,ACC_N_624,2026-06-15T00:00:00,PROD_122,223.88,DEV_N_624,ADDR_N_624,COMPLETED,0,0.0,LOW
ORD_ACC_N_624_2,ACC_N_624,2026-02-16T00:00:00,PROD_135,359.4,DEV_N_624,ADDR_N_624,COMPLETED,0,0.0,LOW
ORD_ACC_N_624_3,ACC_N_624,2026-01-31T00:00:00,PROD_138,201.01,DEV_N_624,ADDR_N_624,COMPLETED,0,0.0,LOW
ORD_ACC_N_624_4,ACC_N_624,2026-01-31T00:00:00,PROD_100,218.65,DEV_N_624,ADDR_N_624,COMPLETED,0,0.0,LOW
ORD_ACC_N_624_5,ACC_N_624,2026-03-24T00:00:00,PROD_117,378.37,DEV_N_624,ADDR_N_624,COMPLETED,0,0.0,LOW
ORD_ACC_N_624_6,ACC_N_624,2026-08-15T00:00:00,PROD_108,84.53,DEV_N_624,ADDR_N_624,COMPLETED,0,0.0,LOW
ORD_ACC_N_625_0,ACC_N_625,2026-05-11T00:00:00,PROD_102,148.96,DEV_N_625,ADDR_N_625,COMPLETED,0,0.0,LOW
ORD_ACC_N_625_1,ACC_N_625,2026-05-17T00:00:00,PROD_135,368.1,DEV_N_625,ADDR_N_625,COMPLETED,0,0.0,LOW
ORD_ACC_N_625_2,ACC_N_625,2026-01-28T00:00:00,PROD_101,254.35,DEV_N_625,ADDR_N_625,COMPLETED,0,0.0,LOW
ORD_ACC_N_625_3,ACC_N_625,2026-01-01T00:00:00,PROD_120,434.84,DEV_N_625,ADDR_N_625,COMPLETED,0,0.0,LOW
ORD_ACC_N_625_4,ACC_N_625,2025-10-10T00:00:00,PROD_107,166.13,DEV_N_625,ADDR_N_625,COMPLETED,0,0.0,LOW
ORD_ACC_N_625_5,ACC_N_625,2026-04-03T00:00:00,PROD_115,32.91,DEV_N_625,ADDR_N_625,COMPLETED,0,0.0,LOW
ORD_ACC_N_625_6,ACC_N_625,2026-07-30T00:00:00,PROD_123,239.8,DEV_N_625,ADDR_N_625,COMPLETED,0,0.0,LOW
ORD_ACC_N_625_7,ACC_N_625,2026-03-27T00:00:00,PROD_103,87.25,DEV_N_625,ADDR_N_625,COMPLETED,0,0.0,LOW
ORD_ACC_N_625_8,ACC_N_625,2025-11-23T00:00:00,PROD_108,204.19,DEV_N_625,ADDR_N_625,COMPLETED,0,0.0,LOW
ORD_ACC_N_625_9,ACC_N_625,2026-05-12T00:00:00,PROD_148,51.91,DEV_N_625,ADDR_N_625,COMPLETED,0,0.0,LOW
ORD_ACC_N_625_10,ACC_N_625,2025-10-06T00:00:00,PROD_121,203.07,DEV_N_625,ADDR_N_625,COMPLETED,0,0.0,LOW
ORD_ACC_N_625_11,ACC_N_625,2025-11-06T00:00:00,PROD_131,383.81,DEV_N_625,ADDR_N_625,COMPLETED,0,0.0,LOW
ORD_ACC_N_626_0,ACC_N_626,2026-06-25T00:00:00,PROD_102,409.71,DEV_N_626,ADDR_N_626,COMPLETED,0,0.0,LOW
ORD_ACC_N_626_1,ACC_N_626,2026-07-07T00:00:00,PROD_135,465.1,DEV_N_626,ADDR_N_626,COMPLETED,0,0.0,LOW
ORD_ACC_N_626_2,ACC_N_626,2026-08-31T00:00:00,PROD_121,486.95,DEV_N_626,ADDR_N_626,COMPLETED,0,0.0,LOW
ORD_ACC_N_626_3,ACC_N_626,2026-08-15T00:00:00,PROD_117,369.73,DEV_N_626,ADDR_N_626,COMPLETED,0,0.0,LOW
ORD_ACC_N_626_4,ACC_N_626,2026-03-10T00:00:00,PROD_130,142.79,DEV_N_626,ADDR_N_626,COMPLETED,0,0.0,LOW
ORD_ACC_N_626_5,ACC_N_626,2026-07-16T00:00:00,PROD_136,276.05,DEV_N_626,ADDR_N_626,COMPLETED,0,0.0,LOW
ORD_ACC_N_626_6,ACC_N_626,2026-06-16T00:00:00,PROD_114,245.03,DEV_N_626,ADDR_N_626,COMPLETED,0,0.0,LOW
ORD_ACC_N_626_7,ACC_N_626,2026-06-28T00:00:00,PROD_146,464.07,DEV_N_626,ADDR_N_626,COMPLETED,0,0.0,LOW
ORD_ACC_N_626_8,ACC_N_626,2026-05-28T00:00:00,PROD_112,349.59,DEV_N_626,ADDR_N_626,COMPLETED,0,0.0,LOW
ORD_ACC_N_626_9,ACC_N_626,2026-06-01T00:00:00,PROD_137,64.54,DEV_N_626,ADDR_N_626,COMPLETED,0,0.0,LOW
ORD_ACC_N_626_10,ACC_N_626,2026-04-19T00:00:00,PROD_120,268.19,DEV_N_626,ADDR_N_626,COMPLETED,0,0.0,LOW
ORD_ACC_N_626_11,ACC_N_626,2026-08-15T00:00:00,PROD_118,84.33,DEV_N_626,ADDR_N_626,COMPLETED,0,0.0,LOW
ORD_ACC_N_626_12,ACC_N_626,2026-04-04T00:00:00,PROD_131,174.67,DEV_N_626,ADDR_N_626,COMPLETED,0,0.0,LOW
ORD_ACC_N_626_13,ACC_N_626,2026-05-15T00:00:00,PROD_144,65.48,DEV_N_626,ADDR_N_626,COMPLETED,0,0.0,LOW
ORD_ACC_N_627_0,ACC_N_627,2026-08-18T00:00:00,PROD_134,48.69,DEV_N_627,ADDR_N_627,COMPLETED,0,0.0,LOW
ORD_ACC_N_627_1,ACC_N_627,2026-06-30T00:00:00,PROD_105,61.17,DEV_N_627,ADDR_N_627,COMPLETED,0,0.0,LOW
ORD_ACC_N_627_2,ACC_N_627,2026-08-08T00:00:00,PROD_127,470.39,DEV_N_627,ADDR_N_627,COMPLETED,0,0.0,LOW
ORD_ACC_N_627_3,ACC_N_627,2026-04-17T00:00:00,PROD_100,218.03,DEV_N_627,ADDR_N_627,COMPLETED,0,0.0,LOW
ORD_ACC_N_627_4,ACC_N_627,2026-04-13T00:00:00,PROD_102,57.26,DEV_N_627,ADDR_N_627,COMPLETED,0,0.0,LOW
ORD_ACC_N_627_5,ACC_N_627,2026-03-13T00:00:00,PROD_127,214.59,DEV_N_627,ADDR_N_627,COMPLETED,0,0.0,LOW
ORD_ACC_N_627_6,ACC_N_627,2026-07-30T00:00:00,PROD_103,178.72,DEV_N_627,ADDR_N_627,COMPLETED,0,0.0,LOW
ORD_ACC_N_627_7,ACC_N_627,2026-03-20T00:00:00,PROD_109,283.0,DEV_N_627,ADDR_N_627,COMPLETED,0,0.0,LOW
ORD_ACC_N_627_8,ACC_N_627,2026-04-05T00:00:00,PROD_146,335.14,DEV_N_627,ADDR_N_627,COMPLETED,0,0.0,LOW
ORD_ACC_N_628_0,ACC_N_628,2026-07-17T00:00:00,PROD_125,359.23,DEV_N_628,ADDR_N_628,COMPLETED,0,0.0,LOW
ORD_ACC_N_628_1,ACC_N_628,2026-08-18T00:00:00,PROD_132,108.65,DEV_N_628,ADDR_N_628,COMPLETED,0,0.0,LOW
ORD_ACC_N_628_2,ACC_N_628,2026-06-07T00:00:00,PROD_121,488.87,DEV_N_628,ADDR_N_628,COMPLETED,0,0.0,LOW
ORD_ACC_N_628_3,ACC_N_628,2026-03-12T00:00:00,PROD_110,176.69,DEV_N_628,ADDR_N_628,COMPLETED,0,0.0,LOW
ORD_ACC_N_628_4,ACC_N_628,2026-02-23T00:00:00,PROD_109,65.88,DEV_N_628,ADDR_N_628,COMPLETED,0,0.0,LOW
ORD_ACC_N_629_0,ACC_N_629,2026-05-01T00:00:00,PROD_116,37.6,DEV_N_629,ADDR_N_629,COMPLETED,0,0.0,LOW
ORD_ACC_N_629_1,ACC_N_629,2026-02-23T00:00:00,PROD_106,302.64,DEV_N_629,ADDR_N_629,COMPLETED,0,0.0,LOW
ORD_ACC_N_629_2,ACC_N_629,2026-05-15T00:00:00,PROD_147,448.56,DEV_N_629,ADDR_N_629,COMPLETED,0,0.0,LOW
ORD_ACC_N_629_3,ACC_N_629,2026-07-26T00:00:00,PROD_117,81.79,DEV_N_629,ADDR_N_629,COMPLETED,0,0.0,LOW
ORD_ACC_N_629_4,ACC_N_629,2026-08-23T00:00:00,PROD_137,495.78,DEV_N_629,ADDR_N_629,COMPLETED,0,0.0,LOW
ORD_ACC_N_629_5,ACC_N_629,2026-07-15T00:00:00,PROD_124,339.12,DEV_N_629,ADDR_N_629,REFUNDED,1,0.0,LOW
ORD_ACC_N_629_6,ACC_N_629,2026-08-07T00:00:00,PROD_148,481.22,DEV_N_629,ADDR_N_629,COMPLETED,0,0.0,LOW
ORD_ACC_N_630_0,ACC_N_630,2026-08-18T00:00:00,PROD_114,142.89,DEV_N_629,ADDR_N_629,COMPLETED,0,0.0,LOW
ORD_ACC_N_630_1,ACC_N_630,2026-08-25T00:00:00,PROD_123,112.37,DEV_N_629,ADDR_N_629,COMPLETED,0,0.0,LOW
ORD_ACC_N_631_0,ACC_N_631,2026-07-03T00:00:00,PROD_146,402.37,DEV_N_631,ADDR_N_631,COMPLETED,0,0.0,LOW
ORD_ACC_N_631_1,ACC_N_631,2026-04-23T00:00:00,PROD_143,181.06,DEV_N_631,ADDR_N_631,COMPLETED,0,0.0,LOW
ORD_ACC_N_631_2,ACC_N_631,2026-03-14T00:00:00,PROD_132,80.6,DEV_N_631,ADDR_N_631,COMPLETED,0,0.0,LOW
ORD_ACC_N_631_3,ACC_N_631,2026-04-01T00:00:00,PROD_128,390.81,DEV_N_631,ADDR_N_631,COMPLETED,0,0.0,LOW
ORD_ACC_N_631_4,ACC_N_631,2026-08-29T00:00:00,PROD_127,103.17,DEV_N_631,ADDR_N_631,COMPLETED,0,0.0,LOW
ORD_ACC_N_631_5,ACC_N_631,2026-05-25T00:00:00,PROD_146,148.46,DEV_N_631,ADDR_N_631,COMPLETED,0,0.0,LOW
ORD_ACC_N_631_6,ACC_N_631,2026-03-02T00:00:00,PROD_140,138.81,DEV_N_631,ADDR_N_631,COMPLETED,0,0.0,LOW
ORD_ACC_N_632_0,ACC_N_632,2026-04-29T00:00:00,PROD_140,152.83,DEV_N_632,ADDR_N_632,COMPLETED,0,0.0,LOW
ORD_ACC_N_632_1,ACC_N_632,2026-06-02T00:00:00,PROD_122,318.48,DEV_N_632,ADDR_N_632,COMPLETED,0,0.0,LOW
ORD_ACC_N_632_2,ACC_N_632,2026-07-15T00:00:00,PROD_124,180.61,DEV_N_632,ADDR_N_632,COMPLETED,0,0.0,LOW
ORD_ACC_N_632_3,ACC_N_632,2026-02-23T00:00:00,PROD_104,410.76,DEV_N_632,ADDR_N_632,COMPLETED,0,0.0,LOW
ORD_ACC_N_632_4,ACC_N_632,2025-12-25T00:00:00,PROD_110,386.73,DEV_N_632,ADDR_N_632,COMPLETED,0,0.0,LOW
ORD_ACC_N_632_5,ACC_N_632,2026-04-27T00:00:00,PROD_139,438.72,DEV_N_632,ADDR_N_632,COMPLETED,0,0.0,LOW
ORD_ACC_N_632_6,ACC_N_632,2026-01-30T00:00:00,PROD_123,164.07,DEV_N_632,ADDR_N_632,COMPLETED,0,0.0,LOW
ORD_ACC_N_632_7,ACC_N_632,2026-04-26T00:00:00,PROD_123,214.07,DEV_N_632,ADDR_N_632,COMPLETED,0,0.0,LOW
ORD_ACC_N_632_8,ACC_N_632,2026-04-06T00:00:00,PROD_117,441.52,DEV_N_632,ADDR_N_632,COMPLETED,0,0.0,LOW
ORD_ACC_N_632_9,ACC_N_632,2026-01-21T00:00:00,PROD_121,365.45,DEV_N_632,ADDR_N_632,COMPLETED,0,0.0,LOW
ORD_ACC_N_632_10,ACC_N_632,2025-11-17T00:00:00,PROD_126,298.67,DEV_N_632,ADDR_N_632,COMPLETED,0,0.0,LOW
ORD_ACC_N_632_11,ACC_N_632,2025-10-11T00:00:00,PROD_121,442.73,DEV_N_632,ADDR_N_632,COMPLETED,0,0.0,LOW
ORD_ACC_N_632_12,ACC_N_632,2026-06-14T00:00:00,PROD_145,159.03,DEV_N_632,ADDR_N_632,COMPLETED,0,0.0,LOW
ORD_ACC_N_632_13,ACC_N_632,2025-12-22T00:00:00,PROD_106,463.41,DEV_N_632,ADDR_N_632,COMPLETED,0,0.0,LOW
ORD_ACC_N_632_14,ACC_N_632,2025-12-31T00:00:00,PROD_141,59.26,DEV_N_632,ADDR_N_632,COMPLETED,0,0.0,LOW
ORD_ACC_N_633_0,ACC_N_633,2026-06-12T00:00:00,PROD_117,282.59,DEV_N_633,ADDR_N_633,COMPLETED,0,0.0,LOW
ORD_ACC_N_633_1,ACC_N_633,2026-06-08T00:00:00,PROD_132,157.58,DEV_N_633,ADDR_N_633,COMPLETED,0,0.0,LOW
ORD_ACC_N_633_2,ACC_N_633,2026-07-31T00:00:00,PROD_106,341.0,DEV_N_633,ADDR_N_633,REFUNDED,1,0.0,LOW
ORD_ACC_N_633_3,ACC_N_633,2026-08-13T00:00:00,PROD_140,162.1,DEV_N_633,ADDR_N_633,COMPLETED,0,0.0,LOW
ORD_ACC_N_633_4,ACC_N_633,2026-06-14T00:00:00,PROD_134,312.04,DEV_N_633,ADDR_N_633,COMPLETED,0,0.0,LOW
ORD_ACC_N_633_5,ACC_N_633,2026-07-09T00:00:00,PROD_143,66.17,DEV_N_633,ADDR_N_633,COMPLETED,0,0.0,LOW
ORD_ACC_N_633_6,ACC_N_633,2026-08-21T00:00:00,PROD_132,68.72,DEV_N_633,ADDR_N_633,COMPLETED,0,0.0,LOW
ORD_ACC_N_633_7,ACC_N_633,2026-06-04T00:00:00,PROD_101,241.71,DEV_N_633,ADDR_N_633,REFUNDED,1,0.0,LOW
ORD_ACC_N_633_8,ACC_N_633,2026-07-02T00:00:00,PROD_144,82.78,DEV_N_633,ADDR_N_633,COMPLETED,0,0.0,LOW
ORD_ACC_N_633_9,ACC_N_633,2026-05-24T00:00:00,PROD_106,418.45,DEV_N_633,ADDR_N_633,REFUNDED,1,0.0,LOW
ORD_ACC_N_633_10,ACC_N_633,2026-06-14T00:00:00,PROD_135,223.33,DEV_N_633,ADDR_N_633,COMPLETED,0,0.0,LOW
ORD_ACC_N_633_11,ACC_N_633,2026-06-21T00:00:00,PROD_117,450.19,DEV_N_633,ADDR_N_633,COMPLETED,0,0.0,LOW
ORD_ACC_N_634_0,ACC_N_634,2026-08-15T00:00:00,PROD_125,490.02,DEV_N_634,ADDR_N_634,COMPLETED,0,0.0,LOW
ORD_ACC_N_634_1,ACC_N_634,2026-06-17T00:00:00,PROD_128,388.74,DEV_N_634,ADDR_N_634,COMPLETED,0,0.0,LOW
ORD_ACC_N_635_0,ACC_N_635,2026-06-10T00:00:00,PROD_137,153.43,DEV_N_635,ADDR_N_635,COMPLETED,0,0.0,LOW
ORD_ACC_N_635_1,ACC_N_635,2026-07-13T00:00:00,PROD_148,424.38,DEV_N_635,ADDR_N_635,COMPLETED,0,0.0,LOW
ORD_ACC_N_635_2,ACC_N_635,2026-08-05T00:00:00,PROD_106,460.24,DEV_N_635,ADDR_N_635,COMPLETED,0,0.0,LOW
ORD_ACC_N_635_3,ACC_N_635,2026-08-14T00:00:00,PROD_137,379.06,DEV_N_635,ADDR_N_635,COMPLETED,0,0.0,LOW
ORD_ACC_N_635_4,ACC_N_635,2026-08-30T00:00:00,PROD_116,123.31,DEV_N_635,ADDR_N_635,COMPLETED,0,0.0,LOW
ORD_ACC_N_635_5,ACC_N_635,2026-06-07T00:00:00,PROD_111,58.36,DEV_N_635,ADDR_N_635,COMPLETED,0,0.0,LOW
ORD_ACC_N_636_0,ACC_N_636,2026-06-18T00:00:00,PROD_126,292.24,DEV_N_636,ADDR_N_636,COMPLETED,0,0.0,LOW
ORD_ACC_N_636_1,ACC_N_636,2026-03-12T00:00:00,PROD_135,32.28,DEV_N_636,ADDR_N_636,COMPLETED,0,0.0,LOW
ORD_ACC_N_636_2,ACC_N_636,2026-07-07T00:00:00,PROD_102,177.75,DEV_N_636,ADDR_N_636,COMPLETED,0,0.0,LOW
ORD_ACC_N_636_3,ACC_N_636,2026-05-24T00:00:00,PROD_149,71.57,DEV_N_636,ADDR_N_636,COMPLETED,0,0.0,LOW
ORD_ACC_N_636_4,ACC_N_636,2026-08-24T00:00:00,PROD_115,74.52,DEV_N_636,ADDR_N_636,COMPLETED,0,0.0,LOW
ORD_ACC_N_636_5,ACC_N_636,2026-03-30T00:00:00,PROD_148,150.61,DEV_N_636,ADDR_N_636,COMPLETED,0,0.0,LOW
ORD_ACC_N_636_6,ACC_N_636,2026-07-13T00:00:00,PROD_117,128.68,DEV_N_636,ADDR_N_636,COMPLETED,0,0.0,LOW
ORD_ACC_N_636_7,ACC_N_636,2026-05-02T00:00:00,PROD_130,460.47,DEV_N_636,ADDR_N_636,COMPLETED,0,0.0,LOW
ORD_ACC_N_636_8,ACC_N_636,2026-03-09T00:00:00,PROD_118,151.34,DEV_N_636,ADDR_N_636,COMPLETED,0,0.0,LOW
ORD_ACC_N_636_9,ACC_N_636,2026-04-09T00:00:00,PROD_105,281.84,DEV_N_636,ADDR_N_636,COMPLETED,0,0.0,LOW
ORD_ACC_N_636_10,ACC_N_636,2026-08-13T00:00:00,PROD_113,435.19,DEV_N_636,ADDR_N_636,COMPLETED,0,0.0,LOW
ORD_ACC_N_636_11,ACC_N_636,2026-08-13T00:00:00,PROD_105,497.11,DEV_N_636,ADDR_N_636,COMPLETED,0,0.0,LOW
ORD_ACC_N_637_0,ACC_N_637,2026-06-20T00:00:00,PROD_142,297.6,DEV_N_637,ADDR_N_637,COMPLETED,0,0.0,LOW
ORD_ACC_N_638_0,ACC_N_638,2026-08-22T00:00:00,PROD_102,334.96,DEV_N_638,ADDR_N_638,COMPLETED,0,0.0,LOW
ORD_ACC_N_639_0,ACC_N_639,2026-01-30T00:00:00,PROD_125,429.54,DEV_N_639,ADDR_N_639,COMPLETED,0,0.0,LOW
ORD_ACC_N_639_1,ACC_N_639,2026-08-15T00:00:00,PROD_139,379.04,DEV_N_639,ADDR_N_639,COMPLETED,0,0.0,LOW
ORD_ACC_N_639_2,ACC_N_639,2026-08-11T00:00:00,PROD_149,138.29,DEV_N_639,ADDR_N_639,COMPLETED,0,0.0,LOW
ORD_ACC_N_639_3,ACC_N_639,2026-04-21T00:00:00,PROD_121,260.93,DEV_N_639,ADDR_N_639,COMPLETED,0,0.0,LOW
ORD_ACC_N_639_4,ACC_N_639,2026-04-20T00:00:00,PROD_113,446.31,DEV_N_639,ADDR_N_639,COMPLETED,0,0.0,LOW
ORD_ACC_N_639_5,ACC_N_639,2026-05-22T00:00:00,PROD_130,55.85,DEV_N_639,ADDR_N_639,COMPLETED,0,0.0,LOW
ORD_ACC_N_639_6,ACC_N_639,2026-07-13T00:00:00,PROD_137,253.12,DEV_N_639,ADDR_N_639,COMPLETED,0,0.0,LOW
ORD_ACC_N_639_7,ACC_N_639,2026-05-18T00:00:00,PROD_105,461.97,DEV_N_639,ADDR_N_639,COMPLETED,0,0.0,LOW
ORD_ACC_N_639_8,ACC_N_639,2025-12-28T00:00:00,PROD_105,67.46,DEV_N_639,ADDR_N_639,COMPLETED,0,0.0,LOW
ORD_ACC_N_640_0,ACC_N_640,2026-08-14T00:00:00,PROD_143,395.69,DEV_N_639,ADDR_N_639,COMPLETED,0,0.0,LOW
ORD_ACC_N_640_1,ACC_N_640,2026-08-29T00:00:00,PROD_129,498.25,DEV_N_639,ADDR_N_639,COMPLETED,0,0.0,LOW
ORD_ACC_N_640_2,ACC_N_640,2026-08-11T00:00:00,PROD_141,485.91,DEV_N_639,ADDR_N_639,COMPLETED,0,0.0,LOW
ORD_ACC_N_640_3,ACC_N_640,2026-07-25T00:00:00,PROD_134,64.17,DEV_N_639,ADDR_N_639,COMPLETED,0,0.0,LOW
ORD_ACC_N_641_0,ACC_N_641,2026-03-22T00:00:00,PROD_144,85.62,DEV_N_641,ADDR_N_641,COMPLETED,0,0.0,LOW
ORD_ACC_N_641_1,ACC_N_641,2025-10-24T00:00:00,PROD_132,122.3,DEV_N_641,ADDR_N_641,COMPLETED,0,0.0,LOW
ORD_ACC_N_641_2,ACC_N_641,2025-12-23T00:00:00,PROD_112,202.67,DEV_N_641,ADDR_N_641,COMPLETED,0,0.0,LOW
ORD_ACC_N_641_3,ACC_N_641,2026-07-26T00:00:00,PROD_105,134.64,DEV_N_641,ADDR_N_641,COMPLETED,0,0.0,LOW
ORD_ACC_N_641_4,ACC_N_641,2025-10-09T00:00:00,PROD_107,259.67,DEV_N_641,ADDR_N_641,COMPLETED,0,0.0,LOW
ORD_ACC_N_642_0,ACC_N_642,2026-07-26T00:00:00,PROD_107,101.27,DEV_N_642,ADDR_N_642,COMPLETED,0,0.0,LOW
ORD_ACC_N_642_1,ACC_N_642,2026-07-26T00:00:00,PROD_115,440.95,DEV_N_642,ADDR_N_642,COMPLETED,0,0.0,LOW
ORD_ACC_N_642_2,ACC_N_642,2026-07-20T00:00:00,PROD_138,124.54,DEV_N_642,ADDR_N_642,COMPLETED,0,0.0,LOW
ORD_ACC_N_642_3,ACC_N_642,2026-08-08T00:00:00,PROD_116,206.5,DEV_N_642,ADDR_N_642,COMPLETED,0,0.0,LOW
ORD_ACC_N_642_4,ACC_N_642,2026-07-19T00:00:00,PROD_148,100.27,DEV_N_642,ADDR_N_642,COMPLETED,0,0.0,LOW
ORD_ACC_N_642_5,ACC_N_642,2026-07-23T00:00:00,PROD_140,448.84,DEV_N_642,ADDR_N_642,REFUNDED,1,0.0,LOW
ORD_ACC_N_642_6,ACC_N_642,2026-06-30T00:00:00,PROD_145,365.92,DEV_N_642,ADDR_N_642,COMPLETED,0,0.0,LOW
ORD_ACC_N_642_7,ACC_N_642,2026-06-23T00:00:00,PROD_133,306.66,DEV_N_642,ADDR_N_642,COMPLETED,0,0.0,LOW
ORD_ACC_N_642_8,ACC_N_642,2026-07-17T00:00:00,PROD_132,224.44,DEV_N_642,ADDR_N_642,COMPLETED,0,0.0,LOW
ORD_ACC_N_642_9,ACC_N_642,2026-08-03T00:00:00,PROD_106,490.96,DEV_N_642,ADDR_N_642,REFUNDED,1,0.0,LOW
ORD_ACC_N_642_10,ACC_N_642,2026-07-07T00:00:00,PROD_125,236.68,DEV_N_642,ADDR_N_642,COMPLETED,0,0.0,LOW
ORD_ACC_N_642_11,ACC_N_642,2026-07-16T00:00:00,PROD_109,194.75,DEV_N_642,ADDR_N_642,COMPLETED,0,0.0,LOW
ORD_ACC_N_642_12,ACC_N_642,2026-07-05T00:00:00,PROD_109,326.31,DEV_N_642,ADDR_N_642,COMPLETED,0,0.0,LOW
ORD_ACC_N_643_0,ACC_N_643,2026-02-18T00:00:00,PROD_101,333.64,DEV_N_643,ADDR_N_643,COMPLETED,0,0.0,LOW
ORD_ACC_N_643_1,ACC_N_643,2026-05-26T00:00:00,PROD_142,439.5,DEV_N_643,ADDR_N_643,COMPLETED,0,0.0,LOW
ORD_ACC_N_643_2,ACC_N_643,2026-08-10T00:00:00,PROD_117,161.15,DEV_N_643,ADDR_N_643,COMPLETED,0,0.0,LOW
ORD_ACC_N_644_0,ACC_N_644,2026-05-19T00:00:00,PROD_126,201.48,DEV_N_644,ADDR_N_644,COMPLETED,0,0.0,LOW
ORD_ACC_N_645_0,ACC_N_645,2026-04-22T00:00:00,PROD_100,233.64,DEV_N_645,ADDR_N_645,COMPLETED,0,0.0,LOW
ORD_ACC_N_646_0,ACC_N_646,2026-02-02T00:00:00,PROD_143,216.41,DEV_N_646,ADDR_N_646,COMPLETED,0,0.0,LOW
ORD_ACC_N_646_1,ACC_N_646,2026-07-11T00:00:00,PROD_100,253.21,DEV_N_646,ADDR_N_646,COMPLETED,0,0.0,LOW
ORD_ACC_N_646_2,ACC_N_646,2026-02-04T00:00:00,PROD_107,100.88,DEV_N_646,ADDR_N_646,COMPLETED,0,0.0,LOW
ORD_ACC_N_646_3,ACC_N_646,2026-03-05T00:00:00,PROD_108,437.69,DEV_N_646,ADDR_N_646,COMPLETED,0,0.0,LOW
ORD_ACC_N_646_4,ACC_N_646,2026-06-19T00:00:00,PROD_135,285.06,DEV_N_646,ADDR_N_646,COMPLETED,0,0.0,LOW
ORD_ACC_N_646_5,ACC_N_646,2026-04-08T00:00:00,PROD_120,26.32,DEV_N_646,ADDR_N_646,COMPLETED,0,0.0,LOW
ORD_ACC_N_646_6,ACC_N_646,2025-12-05T00:00:00,PROD_137,112.45,DEV_N_646,ADDR_N_646,COMPLETED,0,0.0,LOW
ORD_ACC_N_646_7,ACC_N_646,2026-04-01T00:00:00,PROD_102,35.34,DEV_N_646,ADDR_N_646,COMPLETED,0,0.0,LOW
ORD_ACC_N_646_8,ACC_N_646,2026-04-16T00:00:00,PROD_114,237.14,DEV_N_646,ADDR_N_646,COMPLETED,0,0.0,LOW
ORD_ACC_N_646_9,ACC_N_646,2026-07-10T00:00:00,PROD_122,358.17,DEV_N_646,ADDR_N_646,COMPLETED,0,0.0,LOW
ORD_ACC_N_646_10,ACC_N_646,2026-03-24T00:00:00,PROD_128,113.24,DEV_N_646,ADDR_N_646,COMPLETED,0,0.0,LOW
ORD_ACC_N_646_11,ACC_N_646,2026-06-08T00:00:00,PROD_108,387.75,DEV_N_646,ADDR_N_646,COMPLETED,0,0.0,LOW
ORD_ACC_N_646_12,ACC_N_646,2026-01-20T00:00:00,PROD_142,158.85,DEV_N_646,ADDR_N_646,COMPLETED,0,0.0,LOW
ORD_ACC_N_646_13,ACC_N_646,2025-12-24T00:00:00,PROD_148,287.13,DEV_N_646,ADDR_N_646,REFUNDED,1,0.0,LOW
ORD_ACC_N_647_0,ACC_N_647,2026-07-30T00:00:00,PROD_104,464.78,DEV_N_647,ADDR_N_647,REFUNDED,1,0.0,LOW
ORD_ACC_N_648_0,ACC_N_648,2026-08-13T00:00:00,PROD_121,456.82,DEV_N_648,ADDR_N_648,COMPLETED,0,0.0,LOW
ORD_ACC_N_648_1,ACC_N_648,2026-08-12T00:00:00,PROD_148,57.06,DEV_N_648,ADDR_N_648,COMPLETED,0,0.0,LOW
ORD_ACC_N_648_2,ACC_N_648,2026-07-12T00:00:00,PROD_106,385.81,DEV_N_648,ADDR_N_648,COMPLETED,0,0.0,LOW
ORD_ACC_N_648_3,ACC_N_648,2026-08-13T00:00:00,PROD_129,245.37,DEV_N_648,ADDR_N_648,COMPLETED,0,0.0,LOW
ORD_ACC_N_648_4,ACC_N_648,2026-07-16T00:00:00,PROD_102,444.22,DEV_N_648,ADDR_N_648,COMPLETED,0,0.0,LOW
ORD_ACC_N_648_5,ACC_N_648,2026-08-26T00:00:00,PROD_139,327.95,DEV_N_648,ADDR_N_648,COMPLETED,0,0.0,LOW
ORD_ACC_N_648_6,ACC_N_648,2026-08-30T00:00:00,PROD_131,205.05,DEV_N_648,ADDR_N_648,COMPLETED,0,0.0,LOW
ORD_ACC_N_648_7,ACC_N_648,2026-07-21T00:00:00,PROD_114,360.98,DEV_N_648,ADDR_N_648,REFUNDED,1,0.0,LOW
ORD_ACC_N_648_8,ACC_N_648,2026-07-25T00:00:00,PROD_106,391.09,DEV_N_648,ADDR_N_648,COMPLETED,0,0.0,LOW
ORD_ACC_N_648_9,ACC_N_648,2026-07-10T00:00:00,PROD_145,337.11,DEV_N_648,ADDR_N_648,COMPLETED,0,0.0,LOW
ORD_ACC_N_649_0,ACC_N_649,2026-07-01T00:00:00,PROD_136,414.57,DEV_N_649,ADDR_N_649,COMPLETED,0,0.0,LOW
ORD_ACC_N_649_1,ACC_N_649,2026-06-11T00:00:00,PROD_122,410.87,DEV_N_649,ADDR_N_649,COMPLETED,0,0.0,LOW
ORD_ACC_N_649_2,ACC_N_649,2026-05-28T00:00:00,PROD_149,304.33,DEV_N_649,ADDR_N_649,COMPLETED,0,0.0,LOW
ORD_ACC_N_649_3,ACC_N_649,2026-06-21T00:00:00,PROD_100,109.55,DEV_N_649,ADDR_N_649,COMPLETED,0,0.0,LOW
ORD_ACC_N_649_4,ACC_N_649,2026-05-13T00:00:00,PROD_119,291.89,DEV_N_649,ADDR_N_649,REFUNDED,1,0.0,LOW
ORD_ACC_N_649_5,ACC_N_649,2026-04-20T00:00:00,PROD_100,311.71,DEV_N_649,ADDR_N_649,COMPLETED,0,0.0,LOW
ORD_ACC_N_649_6,ACC_N_649,2026-08-14T00:00:00,PROD_126,369.39,DEV_N_649,ADDR_N_649,COMPLETED,0,0.0,LOW
ORD_ACC_N_649_7,ACC_N_649,2026-07-01T00:00:00,PROD_123,132.09,DEV_N_649,ADDR_N_649,COMPLETED,0,0.0,LOW
ORD_ACC_N_649_8,ACC_N_649,2026-08-20T00:00:00,PROD_128,59.84,DEV_N_649,ADDR_N_649,COMPLETED,0,0.0,LOW
ORD_ACC_N_649_9,ACC_N_649,2026-08-08T00:00:00,PROD_135,464.69,DEV_N_649,ADDR_N_649,COMPLETED,0,0.0,LOW
ORD_ACC_N_649_10,ACC_N_649,2026-06-16T00:00:00,PROD_108,302.12,DEV_N_649,ADDR_N_649,COMPLETED,0,0.0,LOW
ORD_ACC_N_649_11,ACC_N_649,2026-07-06T00:00:00,PROD_112,324.81,DEV_N_649,ADDR_N_649,COMPLETED,0,0.0,LOW
ORD_ACC_N_649_12,ACC_N_649,2026-05-21T00:00:00,PROD_139,315.66,DEV_N_649,ADDR_N_649,COMPLETED,0,0.0,LOW
ORD_ACC_N_649_13,ACC_N_649,2026-06-17T00:00:00,PROD_131,149.29,DEV_N_649,ADDR_N_649,COMPLETED,0,0.0,LOW
ORD_ACC_N_649_14,ACC_N_649,2026-06-10T00:00:00,PROD_134,405.3,DEV_N_649,ADDR_N_649,COMPLETED,0,0.0,LOW
ORD_ACC_N_650_0,ACC_N_650,2026-04-30T00:00:00,PROD_111,377.09,DEV_N_649,ADDR_N_649,COMPLETED,0,0.0,LOW
ORD_ACC_N_650_1,ACC_N_650,2026-03-30T00:00:00,PROD_117,265.9,DEV_N_649,ADDR_N_649,COMPLETED,0,0.0,LOW
ORD_ACC_N_650_2,ACC_N_650,2026-01-11T00:00:00,PROD_146,360.53,DEV_N_649,ADDR_N_649,COMPLETED,0,0.0,LOW
ORD_ACC_N_651_0,ACC_N_651,2026-05-22T00:00:00,PROD_121,308.17,DEV_N_651,ADDR_N_651,COMPLETED,0,0.0,LOW
ORD_ACC_N_651_1,ACC_N_651,2026-05-06T00:00:00,PROD_101,155.26,DEV_N_651,ADDR_N_651,COMPLETED,0,0.0,LOW
ORD_ACC_N_651_2,ACC_N_651,2026-07-18T00:00:00,PROD_124,420.37,DEV_N_651,ADDR_N_651,COMPLETED,0,0.0,LOW
ORD_ACC_N_651_3,ACC_N_651,2026-07-21T00:00:00,PROD_103,153.22,DEV_N_651,ADDR_N_651,COMPLETED,0,0.0,LOW
ORD_ACC_N_652_0,ACC_N_652,2026-06-08T00:00:00,PROD_143,89.31,DEV_N_652,ADDR_N_652,COMPLETED,0,0.0,LOW
ORD_ACC_N_652_1,ACC_N_652,2026-07-25T00:00:00,PROD_105,192.24,DEV_N_652,ADDR_N_652,COMPLETED,0,0.0,LOW
ORD_ACC_N_652_2,ACC_N_652,2026-06-11T00:00:00,PROD_133,278.15,DEV_N_652,ADDR_N_652,COMPLETED,0,0.0,LOW
ORD_ACC_N_652_3,ACC_N_652,2026-08-03T00:00:00,PROD_108,42.12,DEV_N_652,ADDR_N_652,REFUNDED,1,0.0,LOW
ORD_ACC_N_653_0,ACC_N_653,2026-03-08T00:00:00,PROD_110,316.27,DEV_N_653,ADDR_N_653,COMPLETED,0,0.0,LOW
ORD_ACC_N_653_1,ACC_N_653,2026-04-29T00:00:00,PROD_108,161.84,DEV_N_653,ADDR_N_653,COMPLETED,0,0.0,LOW
ORD_ACC_N_653_2,ACC_N_653,2026-08-25T00:00:00,PROD_134,164.98,DEV_N_653,ADDR_N_653,COMPLETED,0,0.0,LOW
ORD_ACC_N_654_0,ACC_N_654,2026-08-01T00:00:00,PROD_124,303.36,DEV_N_654,ADDR_N_654,COMPLETED,0,0.0,LOW
ORD_ACC_N_654_1,ACC_N_654,2026-08-05T00:00:00,PROD_100,247.92,DEV_N_654,ADDR_N_654,COMPLETED,0,0.0,LOW
ORD_ACC_N_654_2,ACC_N_654,2026-08-03T00:00:00,PROD_148,493.38,DEV_N_654,ADDR_N_654,COMPLETED,0,0.0,LOW
ORD_ACC_N_654_3,ACC_N_654,2026-08-04T00:00:00,PROD_110,78.13,DEV_N_654,ADDR_N_654,COMPLETED,0,0.0,LOW
ORD_ACC_N_654_4,ACC_N_654,2026-08-26T00:00:00,PROD_122,164.99,DEV_N_654,ADDR_N_654,COMPLETED,0,0.0,LOW
ORD_ACC_N_654_5,ACC_N_654,2026-08-08T00:00:00,PROD_142,92.59,DEV_N_654,ADDR_N_654,COMPLETED,0,0.0,LOW
ORD_ACC_N_655_0,ACC_N_655,2026-08-16T00:00:00,PROD_139,328.63,DEV_N_655,ADDR_N_655,COMPLETED,0,0.0,LOW
ORD_ACC_N_655_1,ACC_N_655,2026-07-31T00:00:00,PROD_103,310.01,DEV_N_655,ADDR_N_655,COMPLETED,0,0.0,LOW
ORD_ACC_N_656_0,ACC_N_656,2026-08-30T00:00:00,PROD_121,108.23,DEV_N_656,ADDR_N_656,COMPLETED,0,0.0,LOW
ORD_ACC_N_656_1,ACC_N_656,2026-08-25T00:00:00,PROD_121,200.86,DEV_N_656,ADDR_N_656,COMPLETED,0,0.0,LOW
ORD_ACC_N_656_2,ACC_N_656,2026-08-14T00:00:00,PROD_147,356.01,DEV_N_656,ADDR_N_656,COMPLETED,0,0.0,LOW
ORD_ACC_N_656_3,ACC_N_656,2026-08-09T00:00:00,PROD_146,485.52,DEV_N_656,ADDR_N_656,COMPLETED,0,0.0,LOW
ORD_ACC_N_656_4,ACC_N_656,2026-07-25T00:00:00,PROD_109,498.8,DEV_N_656,ADDR_N_656,COMPLETED,0,0.0,LOW
ORD_ACC_N_656_5,ACC_N_656,2026-08-31T00:00:00,PROD_146,157.11,DEV_N_656,ADDR_N_656,COMPLETED,0,0.0,LOW
ORD_ACC_N_656_6,ACC_N_656,2026-08-23T00:00:00,PROD_124,376.59,DEV_N_656,ADDR_N_656,COMPLETED,0,0.0,LOW
ORD_ACC_N_656_7,ACC_N_656,2026-08-02T00:00:00,PROD_104,459.7,DEV_N_656,ADDR_N_656,COMPLETED,0,0.0,LOW
ORD_ACC_N_656_8,ACC_N_656,2026-08-10T00:00:00,PROD_118,200.89,DEV_N_656,ADDR_N_656,COMPLETED,0,0.0,LOW
ORD_ACC_N_656_9,ACC_N_656,2026-08-03T00:00:00,PROD_139,26.17,DEV_N_656,ADDR_N_656,COMPLETED,0,0.0,LOW
ORD_ACC_N_656_10,ACC_N_656,2026-08-09T00:00:00,PROD_106,113.99,DEV_N_656,ADDR_N_656,COMPLETED,0,0.0,LOW
ORD_ACC_N_657_0,ACC_N_657,2025-12-19T00:00:00,PROD_127,225.4,DEV_N_657,ADDR_N_657,COMPLETED,0,0.0,LOW
ORD_ACC_N_657_1,ACC_N_657,2026-08-02T00:00:00,PROD_141,185.41,DEV_N_657,ADDR_N_657,COMPLETED,0,0.0,LOW
ORD_ACC_N_657_2,ACC_N_657,2026-07-28T00:00:00,PROD_110,80.01,DEV_N_657,ADDR_N_657,COMPLETED,0,0.0,LOW
ORD_ACC_N_657_3,ACC_N_657,2026-07-18T00:00:00,PROD_130,414.26,DEV_N_657,ADDR_N_657,COMPLETED,0,0.0,LOW
ORD_ACC_N_657_4,ACC_N_657,2026-08-03T00:00:00,PROD_146,215.25,DEV_N_657,ADDR_N_657,COMPLETED,0,0.0,LOW
ORD_ACC_N_657_5,ACC_N_657,2026-08-01T00:00:00,PROD_143,94.82,DEV_N_657,ADDR_N_657,COMPLETED,0,0.0,LOW
ORD_ACC_N_657_6,ACC_N_657,2026-02-12T00:00:00,PROD_128,249.66,DEV_N_657,ADDR_N_657,COMPLETED,0,0.0,LOW
ORD_ACC_N_657_7,ACC_N_657,2026-02-15T00:00:00,PROD_127,322.02,DEV_N_657,ADDR_N_657,COMPLETED,0,0.0,LOW
ORD_ACC_N_658_0,ACC_N_658,2026-07-28T00:00:00,PROD_107,92.56,DEV_N_658,ADDR_N_658,COMPLETED,0,0.0,LOW
ORD_ACC_N_658_1,ACC_N_658,2026-06-01T00:00:00,PROD_108,301.17,DEV_N_658,ADDR_N_658,COMPLETED,0,0.0,LOW
ORD_ACC_N_658_2,ACC_N_658,2026-03-22T00:00:00,PROD_132,268.07,DEV_N_658,ADDR_N_658,COMPLETED,0,0.0,LOW
ORD_ACC_N_658_3,ACC_N_658,2026-05-17T00:00:00,PROD_105,125.92,DEV_N_658,ADDR_N_658,COMPLETED,0,0.0,LOW
ORD_ACC_N_659_0,ACC_N_659,2026-07-23T00:00:00,PROD_147,112.43,DEV_N_659,ADDR_N_659,REFUNDED,1,0.0,LOW
ORD_ACC_N_659_1,ACC_N_659,2026-07-19T00:00:00,PROD_148,391.0,DEV_N_659,ADDR_N_659,COMPLETED,0,0.0,LOW
ORD_ACC_N_659_2,ACC_N_659,2026-06-20T00:00:00,PROD_115,455.77,DEV_N_659,ADDR_N_659,COMPLETED,0,0.0,LOW
ORD_ACC_N_659_3,ACC_N_659,2026-08-05T00:00:00,PROD_138,88.74,DEV_N_659,ADDR_N_659,COMPLETED,0,0.0,LOW
ORD_ACC_N_659_4,ACC_N_659,2026-07-14T00:00:00,PROD_130,202.39,DEV_N_659,ADDR_N_659,COMPLETED,0,0.0,LOW
ORD_ACC_N_659_5,ACC_N_659,2026-07-29T00:00:00,PROD_112,69.58,DEV_N_659,ADDR_N_659,COMPLETED,0,0.0,LOW
ORD_ACC_N_659_6,ACC_N_659,2026-07-10T00:00:00,PROD_121,184.4,DEV_N_659,ADDR_N_659,COMPLETED,0,0.0,LOW
ORD_ACC_N_659_7,ACC_N_659,2026-06-25T00:00:00,PROD_149,86.94,DEV_N_659,ADDR_N_659,COMPLETED,0,0.0,LOW
ORD_ACC_N_659_8,ACC_N_659,2026-06-07T00:00:00,PROD_122,437.98,DEV_N_659,ADDR_N_659,COMPLETED,0,0.0,LOW
ORD_ACC_N_659_9,ACC_N_659,2026-07-08T00:00:00,PROD_128,208.6,DEV_N_659,ADDR_N_659,COMPLETED,0,0.0,LOW
ORD_ACC_N_660_0,ACC_N_660,2026-07-26T00:00:00,PROD_120,254.17,DEV_N_659,ADDR_N_659,COMPLETED,0,0.0,LOW
ORD_ACC_N_660_1,ACC_N_660,2026-07-06T00:00:00,PROD_131,481.87,DEV_N_659,ADDR_N_659,COMPLETED,0,0.0,LOW
ORD_ACC_N_661_0,ACC_N_661,2026-03-24T00:00:00,PROD_130,466.57,DEV_N_661,ADDR_N_661,COMPLETED,0,0.0,LOW
ORD_ACC_N_661_1,ACC_N_661,2026-04-20T00:00:00,PROD_137,273.89,DEV_N_661,ADDR_N_661,COMPLETED,0,0.0,LOW
ORD_ACC_N_661_2,ACC_N_661,2026-06-11T00:00:00,PROD_136,99.05,DEV_N_661,ADDR_N_661,COMPLETED,0,0.0,LOW
ORD_ACC_N_661_3,ACC_N_661,2026-02-24T00:00:00,PROD_126,418.62,DEV_N_661,ADDR_N_661,REFUNDED,1,0.0,LOW
ORD_ACC_N_661_4,ACC_N_661,2026-08-29T00:00:00,PROD_136,480.12,DEV_N_661,ADDR_N_661,COMPLETED,0,0.0,LOW
ORD_ACC_N_661_5,ACC_N_661,2026-03-17T00:00:00,PROD_107,203.88,DEV_N_661,ADDR_N_661,COMPLETED,0,0.0,LOW
ORD_ACC_N_661_6,ACC_N_661,2025-09-21T00:00:00,PROD_108,46.03,DEV_N_661,ADDR_N_661,COMPLETED,0,0.0,LOW
ORD_ACC_N_662_0,ACC_N_662,2026-04-27T00:00:00,PROD_147,106.08,DEV_N_662,ADDR_N_662,COMPLETED,0,0.0,LOW
ORD_ACC_N_662_1,ACC_N_662,2026-03-05T00:00:00,PROD_149,30.46,DEV_N_662,ADDR_N_662,COMPLETED,0,0.0,LOW
ORD_ACC_N_662_2,ACC_N_662,2026-06-27T00:00:00,PROD_108,348.71,DEV_N_662,ADDR_N_662,COMPLETED,0,0.0,LOW
ORD_ACC_N_662_3,ACC_N_662,2026-07-29T00:00:00,PROD_142,296.25,DEV_N_662,ADDR_N_662,COMPLETED,0,0.0,LOW
ORD_ACC_N_662_4,ACC_N_662,2026-08-30T00:00:00,PROD_118,109.3,DEV_N_662,ADDR_N_662,COMPLETED,0,0.0,LOW
ORD_ACC_N_662_5,ACC_N_662,2026-05-05T00:00:00,PROD_144,284.05,DEV_N_662,ADDR_N_662,COMPLETED,0,0.0,LOW
ORD_ACC_N_662_6,ACC_N_662,2026-06-19T00:00:00,PROD_146,457.14,DEV_N_662,ADDR_N_662,COMPLETED,0,0.0,LOW
ORD_ACC_N_662_7,ACC_N_662,2026-05-05T00:00:00,PROD_107,431.83,DEV_N_662,ADDR_N_662,COMPLETED,0,0.0,LOW
ORD_ACC_N_662_8,ACC_N_662,2026-06-18T00:00:00,PROD_101,355.09,DEV_N_662,ADDR_N_662,COMPLETED,0,0.0,LOW
ORD_ACC_N_662_9,ACC_N_662,2026-07-04T00:00:00,PROD_105,331.87,DEV_N_662,ADDR_N_662,COMPLETED,0,0.0,LOW
ORD_ACC_N_662_10,ACC_N_662,2026-05-08T00:00:00,PROD_109,286.64,DEV_N_662,ADDR_N_662,COMPLETED,0,0.0,LOW
ORD_ACC_N_662_11,ACC_N_662,2026-07-13T00:00:00,PROD_109,233.46,DEV_N_662,ADDR_N_662,COMPLETED,0,0.0,LOW
ORD_ACC_N_663_0,ACC_N_663,2026-04-15T00:00:00,PROD_125,171.99,DEV_N_663,ADDR_N_663,COMPLETED,0,0.0,LOW
ORD_ACC_N_663_1,ACC_N_663,2026-02-08T00:00:00,PROD_125,387.65,DEV_N_663,ADDR_N_663,COMPLETED,0,0.0,LOW
ORD_ACC_N_663_2,ACC_N_663,2026-02-04T00:00:00,PROD_133,322.47,DEV_N_663,ADDR_N_663,COMPLETED,0,0.0,LOW
ORD_ACC_N_663_3,ACC_N_663,2026-05-21T00:00:00,PROD_108,22.09,DEV_N_663,ADDR_N_663,COMPLETED,0,0.0,LOW
ORD_ACC_N_663_4,ACC_N_663,2026-08-18T00:00:00,PROD_146,414.42,DEV_N_663,ADDR_N_663,COMPLETED,0,0.0,LOW
ORD_ACC_N_663_5,ACC_N_663,2026-04-04T00:00:00,PROD_124,261.62,DEV_N_663,ADDR_N_663,COMPLETED,0,0.0,LOW
ORD_ACC_N_663_6,ACC_N_663,2025-11-26T00:00:00,PROD_113,117.7,DEV_N_663,ADDR_N_663,COMPLETED,0,0.0,LOW
ORD_ACC_N_663_7,ACC_N_663,2026-01-12T00:00:00,PROD_132,344.33,DEV_N_663,ADDR_N_663,COMPLETED,0,0.0,LOW
ORD_ACC_N_663_8,ACC_N_663,2025-11-28T00:00:00,PROD_147,310.52,DEV_N_663,ADDR_N_663,COMPLETED,0,0.0,LOW
ORD_ACC_N_663_9,ACC_N_663,2026-05-18T00:00:00,PROD_140,202.97,DEV_N_663,ADDR_N_663,COMPLETED,0,0.0,LOW
ORD_ACC_N_663_10,ACC_N_663,2026-04-07T00:00:00,PROD_138,447.51,DEV_N_663,ADDR_N_663,COMPLETED,0,0.0,LOW
ORD_ACC_N_663_11,ACC_N_663,2026-08-19T00:00:00,PROD_126,289.9,DEV_N_663,ADDR_N_663,COMPLETED,0,0.0,LOW
ORD_ACC_N_664_0,ACC_N_664,2026-08-05T00:00:00,PROD_116,74.59,DEV_N_664,ADDR_N_664,COMPLETED,0,0.0,LOW
ORD_ACC_N_664_1,ACC_N_664,2026-02-23T00:00:00,PROD_136,386.53,DEV_N_664,ADDR_N_664,COMPLETED,0,0.0,LOW
ORD_ACC_N_664_2,ACC_N_664,2026-02-21T00:00:00,PROD_100,43.96,DEV_N_664,ADDR_N_664,COMPLETED,0,0.0,LOW
ORD_ACC_N_664_3,ACC_N_664,2026-07-07T00:00:00,PROD_107,451.48,DEV_N_664,ADDR_N_664,COMPLETED,0,0.0,LOW
ORD_ACC_N_664_4,ACC_N_664,2026-03-08T00:00:00,PROD_144,397.8,DEV_N_664,ADDR_N_664,COMPLETED,0,0.0,LOW
ORD_ACC_N_664_5,ACC_N_664,2025-11-28T00:00:00,PROD_133,441.33,DEV_N_664,ADDR_N_664,COMPLETED,0,0.0,LOW
ORD_ACC_N_664_6,ACC_N_664,2025-11-09T00:00:00,PROD_102,326.68,DEV_N_664,ADDR_N_664,COMPLETED,0,0.0,LOW
ORD_ACC_N_664_7,ACC_N_664,2026-04-23T00:00:00,PROD_103,326.27,DEV_N_664,ADDR_N_664,COMPLETED,0,0.0,LOW
ORD_ACC_N_664_8,ACC_N_664,2026-04-30T00:00:00,PROD_132,50.66,DEV_N_664,ADDR_N_664,COMPLETED,0,0.0,LOW
ORD_ACC_N_664_9,ACC_N_664,2026-07-24T00:00:00,PROD_112,349.81,DEV_N_664,ADDR_N_664,COMPLETED,0,0.0,LOW
ORD_ACC_N_664_10,ACC_N_664,2026-07-10T00:00:00,PROD_130,151.73,DEV_N_664,ADDR_N_664,COMPLETED,0,0.0,LOW
ORD_ACC_N_664_11,ACC_N_664,2026-01-09T00:00:00,PROD_112,173.47,DEV_N_664,ADDR_N_664,COMPLETED,0,0.0,LOW
ORD_ACC_N_665_0,ACC_N_665,2026-08-25T00:00:00,PROD_120,69.49,DEV_N_665,ADDR_N_665,COMPLETED,0,0.0,LOW
ORD_ACC_N_665_1,ACC_N_665,2026-04-09T00:00:00,PROD_128,234.74,DEV_N_665,ADDR_N_665,COMPLETED,0,0.0,LOW
ORD_ACC_N_665_2,ACC_N_665,2026-04-19T00:00:00,PROD_138,37.32,DEV_N_665,ADDR_N_665,COMPLETED,0,0.0,LOW
ORD_ACC_N_665_3,ACC_N_665,2026-06-13T00:00:00,PROD_142,446.52,DEV_N_665,ADDR_N_665,COMPLETED,0,0.0,LOW
ORD_ACC_N_665_4,ACC_N_665,2026-02-05T00:00:00,PROD_135,450.78,DEV_N_665,ADDR_N_665,COMPLETED,0,0.0,LOW
ORD_ACC_N_665_5,ACC_N_665,2025-12-27T00:00:00,PROD_106,356.83,DEV_N_665,ADDR_N_665,COMPLETED,0,0.0,LOW
ORD_ACC_N_665_6,ACC_N_665,2025-12-10T00:00:00,PROD_133,465.36,DEV_N_665,ADDR_N_665,COMPLETED,0,0.0,LOW
ORD_ACC_N_665_7,ACC_N_665,2026-07-05T00:00:00,PROD_124,60.89,DEV_N_665,ADDR_N_665,COMPLETED,0,0.0,LOW
ORD_ACC_N_665_8,ACC_N_665,2026-03-02T00:00:00,PROD_112,297.99,DEV_N_665,ADDR_N_665,COMPLETED,0,0.0,LOW
ORD_ACC_N_665_9,ACC_N_665,2026-06-11T00:00:00,PROD_102,218.64,DEV_N_665,ADDR_N_665,COMPLETED,0,0.0,LOW
ORD_ACC_N_665_10,ACC_N_665,2026-08-17T00:00:00,PROD_113,179.76,DEV_N_665,ADDR_N_665,COMPLETED,0,0.0,LOW
ORD_ACC_N_666_0,ACC_N_666,2026-07-17T00:00:00,PROD_122,328.94,DEV_N_666,ADDR_N_666,COMPLETED,0,0.0,LOW
ORD_ACC_N_666_1,ACC_N_666,2026-07-21T00:00:00,PROD_123,231.07,DEV_N_666,ADDR_N_666,COMPLETED,0,0.0,LOW
ORD_ACC_N_666_2,ACC_N_666,2026-07-16T00:00:00,PROD_137,476.89,DEV_N_666,ADDR_N_666,COMPLETED,0,0.0,LOW
ORD_ACC_N_666_3,ACC_N_666,2026-05-25T00:00:00,PROD_110,385.32,DEV_N_666,ADDR_N_666,COMPLETED,0,0.0,LOW
ORD_ACC_N_666_4,ACC_N_666,2026-07-11T00:00:00,PROD_149,336.54,DEV_N_666,ADDR_N_666,COMPLETED,0,0.0,LOW
ORD_ACC_N_667_0,ACC_N_667,2026-08-20T00:00:00,PROD_117,51.94,DEV_N_667,ADDR_N_667,COMPLETED,0,0.0,LOW
ORD_ACC_N_667_1,ACC_N_667,2026-05-14T00:00:00,PROD_113,283.07,DEV_N_667,ADDR_N_667,COMPLETED,0,0.0,LOW
ORD_ACC_N_667_2,ACC_N_667,2026-07-11T00:00:00,PROD_121,23.1,DEV_N_667,ADDR_N_667,COMPLETED,0,0.0,LOW
ORD_ACC_N_667_3,ACC_N_667,2026-07-22T00:00:00,PROD_130,452.46,DEV_N_667,ADDR_N_667,COMPLETED,0,0.0,LOW
ORD_ACC_N_667_4,ACC_N_667,2026-05-13T00:00:00,PROD_114,304.41,DEV_N_667,ADDR_N_667,COMPLETED,0,0.0,LOW
ORD_ACC_N_667_5,ACC_N_667,2026-06-11T00:00:00,PROD_147,53.42,DEV_N_667,ADDR_N_667,COMPLETED,0,0.0,LOW
ORD_ACC_N_667_6,ACC_N_667,2026-07-20T00:00:00,PROD_123,173.57,DEV_N_667,ADDR_N_667,COMPLETED,0,0.0,LOW
ORD_ACC_N_667_7,ACC_N_667,2026-05-14T00:00:00,PROD_134,71.12,DEV_N_667,ADDR_N_667,COMPLETED,0,0.0,LOW
ORD_ACC_N_667_8,ACC_N_667,2026-07-14T00:00:00,PROD_136,471.86,DEV_N_667,ADDR_N_667,REFUNDED,1,0.0,LOW
ORD_ACC_N_668_0,ACC_N_668,2026-08-24T00:00:00,PROD_145,387.45,DEV_N_668,ADDR_N_668,COMPLETED,0,0.0,LOW
ORD_ACC_N_668_1,ACC_N_668,2026-08-24T00:00:00,PROD_147,400.81,DEV_N_668,ADDR_N_668,COMPLETED,0,0.0,LOW
ORD_ACC_N_668_2,ACC_N_668,2026-08-30T00:00:00,PROD_108,441.83,DEV_N_668,ADDR_N_668,COMPLETED,0,0.0,LOW
ORD_ACC_N_668_3,ACC_N_668,2026-08-29T00:00:00,PROD_132,352.78,DEV_N_668,ADDR_N_668,COMPLETED,0,0.0,LOW
ORD_ACC_N_668_4,ACC_N_668,2026-08-28T00:00:00,PROD_100,20.53,DEV_N_668,ADDR_N_668,COMPLETED,0,0.0,LOW
ORD_ACC_N_668_5,ACC_N_668,2026-08-30T00:00:00,PROD_109,90.28,DEV_N_668,ADDR_N_668,REFUNDED,1,0.0,LOW
ORD_ACC_N_668_6,ACC_N_668,2026-08-28T00:00:00,PROD_113,161.7,DEV_N_668,ADDR_N_668,COMPLETED,0,0.0,LOW
ORD_ACC_N_668_7,ACC_N_668,2026-08-26T00:00:00,PROD_144,374.65,DEV_N_668,ADDR_N_668,COMPLETED,0,0.0,LOW
ORD_ACC_N_668_8,ACC_N_668,2026-08-24T00:00:00,PROD_145,65.09,DEV_N_668,ADDR_N_668,COMPLETED,0,0.0,LOW
ORD_ACC_N_668_9,ACC_N_668,2026-08-30T00:00:00,PROD_130,345.37,DEV_N_668,ADDR_N_668,COMPLETED,0,0.0,LOW
ORD_ACC_N_668_10,ACC_N_668,2026-08-25T00:00:00,PROD_122,195.09,DEV_N_668,ADDR_N_668,COMPLETED,0,0.0,LOW
ORD_ACC_N_669_0,ACC_N_669,2026-05-07T00:00:00,PROD_139,215.23,DEV_N_669,ADDR_N_669,REFUNDED,1,0.0,LOW
ORD_ACC_N_669_1,ACC_N_669,2026-07-02T00:00:00,PROD_101,113.49,DEV_N_669,ADDR_N_669,COMPLETED,0,0.0,LOW
ORD_ACC_N_669_2,ACC_N_669,2026-03-27T00:00:00,PROD_118,362.43,DEV_N_669,ADDR_N_669,COMPLETED,0,0.0,LOW
ORD_ACC_N_669_3,ACC_N_669,2026-03-12T00:00:00,PROD_112,202.33,DEV_N_669,ADDR_N_669,COMPLETED,0,0.0,LOW
ORD_ACC_N_669_4,ACC_N_669,2026-03-25T00:00:00,PROD_108,116.14,DEV_N_669,ADDR_N_669,COMPLETED,0,0.0,LOW
ORD_ACC_N_669_5,ACC_N_669,2026-04-05T00:00:00,PROD_139,56.45,DEV_N_669,ADDR_N_669,COMPLETED,0,0.0,LOW
ORD_ACC_N_669_6,ACC_N_669,2026-05-06T00:00:00,PROD_130,30.2,DEV_N_669,ADDR_N_669,COMPLETED,0,0.0,LOW
ORD_ACC_N_669_7,ACC_N_669,2026-05-16T00:00:00,PROD_131,44.03,DEV_N_669,ADDR_N_669,COMPLETED,0,0.0,LOW
ORD_ACC_N_669_8,ACC_N_669,2026-08-02T00:00:00,PROD_102,59.66,DEV_N_669,ADDR_N_669,COMPLETED,0,0.0,LOW
ORD_ACC_N_669_9,ACC_N_669,2026-08-20T00:00:00,PROD_109,53.24,DEV_N_669,ADDR_N_669,COMPLETED,0,0.0,LOW
ORD_ACC_N_669_10,ACC_N_669,2026-08-29T00:00:00,PROD_125,34.75,DEV_N_669,ADDR_N_669,REFUNDED,1,0.0,LOW
ORD_ACC_N_669_11,ACC_N_669,2026-04-07T00:00:00,PROD_129,364.53,DEV_N_669,ADDR_N_669,COMPLETED,0,0.0,LOW
ORD_ACC_N_669_12,ACC_N_669,2026-03-31T00:00:00,PROD_113,238.74,DEV_N_669,ADDR_N_669,COMPLETED,0,0.0,LOW
ORD_ACC_N_670_0,ACC_N_670,2026-04-24T00:00:00,PROD_131,260.19,DEV_N_669,ADDR_N_669,COMPLETED,0,0.0,LOW
ORD_ACC_N_670_1,ACC_N_670,2026-03-31T00:00:00,PROD_125,109.71,DEV_N_669,ADDR_N_669,COMPLETED,0,0.0,LOW
ORD_ACC_N_670_2,ACC_N_670,2026-04-08T00:00:00,PROD_115,63.82,DEV_N_669,ADDR_N_669,COMPLETED,0,0.0,LOW
ORD_ACC_N_670_3,ACC_N_670,2026-05-18T00:00:00,PROD_118,492.78,DEV_N_669,ADDR_N_669,COMPLETED,0,0.0,LOW
ORD_ACC_N_670_4,ACC_N_670,2026-07-23T00:00:00,PROD_131,31.01,DEV_N_669,ADDR_N_669,COMPLETED,0,0.0,LOW
ORD_ACC_N_671_0,ACC_N_671,2026-01-27T00:00:00,PROD_109,195.14,DEV_N_671,ADDR_N_671,COMPLETED,0,0.0,LOW
ORD_ACC_N_671_1,ACC_N_671,2026-02-11T00:00:00,PROD_137,278.59,DEV_N_671,ADDR_N_671,COMPLETED,0,0.0,LOW
ORD_ACC_N_671_2,ACC_N_671,2025-12-19T00:00:00,PROD_102,341.51,DEV_N_671,ADDR_N_671,COMPLETED,0,0.0,LOW
ORD_ACC_N_671_3,ACC_N_671,2025-09-20T00:00:00,PROD_125,335.76,DEV_N_671,ADDR_N_671,REFUNDED,1,0.0,LOW
ORD_ACC_N_671_4,ACC_N_671,2026-03-29T00:00:00,PROD_101,339.94,DEV_N_671,ADDR_N_671,COMPLETED,0,0.0,LOW
ORD_ACC_N_671_5,ACC_N_671,2026-07-18T00:00:00,PROD_121,302.83,DEV_N_671,ADDR_N_671,COMPLETED,0,0.0,LOW
ORD_ACC_N_671_6,ACC_N_671,2026-05-17T00:00:00,PROD_107,415.47,DEV_N_671,ADDR_N_671,COMPLETED,0,0.0,LOW
ORD_ACC_N_672_0,ACC_N_672,2026-08-02T00:00:00,PROD_112,441.97,DEV_N_672,ADDR_N_672,COMPLETED,0,0.0,LOW
ORD_ACC_N_672_1,ACC_N_672,2026-03-21T00:00:00,PROD_113,451.33,DEV_N_672,ADDR_N_672,COMPLETED,0,0.0,LOW
ORD_ACC_N_672_2,ACC_N_672,2025-10-29T00:00:00,PROD_112,362.13,DEV_N_672,ADDR_N_672,COMPLETED,0,0.0,LOW
ORD_ACC_N_672_3,ACC_N_672,2026-07-17T00:00:00,PROD_102,455.4,DEV_N_672,ADDR_N_672,COMPLETED,0,0.0,LOW
ORD_ACC_N_673_0,ACC_N_673,2026-08-16T00:00:00,PROD_107,51.66,DEV_N_673,ADDR_N_673,COMPLETED,0,0.0,LOW
ORD_ACC_N_673_1,ACC_N_673,2026-08-12T00:00:00,PROD_102,429.73,DEV_N_673,ADDR_N_673,COMPLETED,0,0.0,LOW
ORD_ACC_N_673_2,ACC_N_673,2026-07-29T00:00:00,PROD_121,328.97,DEV_N_673,ADDR_N_673,COMPLETED,0,0.0,LOW
ORD_ACC_N_673_3,ACC_N_673,2026-08-27T00:00:00,PROD_138,180.85,DEV_N_673,ADDR_N_673,COMPLETED,0,0.0,LOW
ORD_ACC_N_673_4,ACC_N_673,2026-08-28T00:00:00,PROD_116,318.39,DEV_N_673,ADDR_N_673,COMPLETED,0,0.0,LOW
ORD_ACC_N_673_5,ACC_N_673,2026-08-03T00:00:00,PROD_149,220.24,DEV_N_673,ADDR_N_673,COMPLETED,0,0.0,LOW
ORD_ACC_N_673_6,ACC_N_673,2026-08-06T00:00:00,PROD_101,101.79,DEV_N_673,ADDR_N_673,COMPLETED,0,0.0,LOW
ORD_ACC_N_673_7,ACC_N_673,2026-08-26T00:00:00,PROD_140,87.36,DEV_N_673,ADDR_N_673,COMPLETED,0,0.0,LOW
ORD_ACC_N_673_8,ACC_N_673,2026-07-29T00:00:00,PROD_148,52.05,DEV_N_673,ADDR_N_673,COMPLETED,0,0.0,LOW
ORD_ACC_N_674_0,ACC_N_674,2026-05-06T00:00:00,PROD_149,449.18,DEV_N_674,ADDR_N_674,COMPLETED,0,0.0,LOW
ORD_ACC_N_674_1,ACC_N_674,2026-08-31T00:00:00,PROD_114,438.47,DEV_N_674,ADDR_N_674,COMPLETED,0,0.0,LOW
ORD_ACC_N_674_2,ACC_N_674,2026-08-09T00:00:00,PROD_135,37.44,DEV_N_674,ADDR_N_674,COMPLETED,0,0.0,LOW
ORD_ACC_N_674_3,ACC_N_674,2026-06-30T00:00:00,PROD_131,24.02,DEV_N_674,ADDR_N_674,COMPLETED,0,0.0,LOW
ORD_ACC_N_674_4,ACC_N_674,2026-03-30T00:00:00,PROD_108,234.98,DEV_N_674,ADDR_N_674,COMPLETED,0,0.0,LOW
ORD_ACC_N_674_5,ACC_N_674,2026-04-11T00:00:00,PROD_119,300.57,DEV_N_674,ADDR_N_674,COMPLETED,0,0.0,LOW
ORD_ACC_N_674_6,ACC_N_674,2026-05-15T00:00:00,PROD_126,311.07,DEV_N_674,ADDR_N_674,COMPLETED,0,0.0,LOW
ORD_ACC_N_674_7,ACC_N_674,2026-08-24T00:00:00,PROD_131,383.58,DEV_N_674,ADDR_N_674,COMPLETED,0,0.0,LOW
ORD_ACC_N_674_8,ACC_N_674,2026-05-01T00:00:00,PROD_131,351.24,DEV_N_674,ADDR_N_674,COMPLETED,0,0.0,LOW
ORD_ACC_N_674_9,ACC_N_674,2026-05-22T00:00:00,PROD_133,437.47,DEV_N_674,ADDR_N_674,COMPLETED,0,0.0,LOW
ORD_ACC_N_674_10,ACC_N_674,2026-07-07T00:00:00,PROD_134,216.4,DEV_N_674,ADDR_N_674,COMPLETED,0,0.0,LOW
ORD_ACC_N_674_11,ACC_N_674,2026-06-01T00:00:00,PROD_125,31.8,DEV_N_674,ADDR_N_674,COMPLETED,0,0.0,LOW
ORD_ACC_N_674_12,ACC_N_674,2026-05-06T00:00:00,PROD_110,463.67,DEV_N_674,ADDR_N_674,COMPLETED,0,0.0,LOW
ORD_ACC_N_675_0,ACC_N_675,2026-05-12T00:00:00,PROD_132,233.05,DEV_N_675,ADDR_N_675,COMPLETED,0,0.0,LOW
ORD_ACC_N_675_1,ACC_N_675,2026-04-08T00:00:00,PROD_141,355.63,DEV_N_675,ADDR_N_675,COMPLETED,0,0.0,LOW
ORD_ACC_N_675_2,ACC_N_675,2026-08-10T00:00:00,PROD_120,475.81,DEV_N_675,ADDR_N_675,COMPLETED,0,0.0,LOW
ORD_ACC_N_675_3,ACC_N_675,2026-07-15T00:00:00,PROD_143,284.14,DEV_N_675,ADDR_N_675,COMPLETED,0,0.0,LOW
ORD_ACC_N_675_4,ACC_N_675,2026-03-29T00:00:00,PROD_137,20.32,DEV_N_675,ADDR_N_675,COMPLETED,0,0.0,LOW
ORD_ACC_N_675_5,ACC_N_675,2026-02-06T00:00:00,PROD_108,172.64,DEV_N_675,ADDR_N_675,COMPLETED,0,0.0,LOW
ORD_ACC_N_675_6,ACC_N_675,2026-06-05T00:00:00,PROD_109,318.79,DEV_N_675,ADDR_N_675,COMPLETED,0,0.0,LOW
ORD_ACC_N_676_0,ACC_N_676,2026-04-27T00:00:00,PROD_112,202.49,DEV_N_676,ADDR_N_676,REFUNDED,1,0.0,LOW
ORD_ACC_N_676_1,ACC_N_676,2026-04-17T00:00:00,PROD_104,31.83,DEV_N_676,ADDR_N_676,REFUNDED,1,0.0,LOW
ORD_ACC_N_676_2,ACC_N_676,2026-05-11T00:00:00,PROD_124,72.49,DEV_N_676,ADDR_N_676,COMPLETED,0,0.0,LOW
ORD_ACC_N_676_3,ACC_N_676,2026-04-30T00:00:00,PROD_104,284.69,DEV_N_676,ADDR_N_676,COMPLETED,0,0.0,LOW
ORD_ACC_N_676_4,ACC_N_676,2026-04-02T00:00:00,PROD_125,479.49,DEV_N_676,ADDR_N_676,COMPLETED,0,0.0,LOW
ORD_ACC_N_676_5,ACC_N_676,2026-08-08T00:00:00,PROD_141,276.5,DEV_N_676,ADDR_N_676,COMPLETED,0,0.0,LOW
ORD_ACC_N_676_6,ACC_N_676,2026-06-14T00:00:00,PROD_141,272.28,DEV_N_676,ADDR_N_676,REFUNDED,1,0.0,LOW
ORD_ACC_N_676_7,ACC_N_676,2026-08-30T00:00:00,PROD_117,364.83,DEV_N_676,ADDR_N_676,COMPLETED,0,0.0,LOW
ORD_ACC_N_676_8,ACC_N_676,2026-03-21T00:00:00,PROD_135,106.85,DEV_N_676,ADDR_N_676,COMPLETED,0,0.0,LOW
ORD_ACC_N_676_9,ACC_N_676,2026-06-03T00:00:00,PROD_140,326.94,DEV_N_676,ADDR_N_676,COMPLETED,0,0.0,LOW
ORD_ACC_N_677_0,ACC_N_677,2026-06-20T00:00:00,PROD_106,303.03,DEV_N_677,ADDR_N_677,REFUNDED,1,0.0,LOW
ORD_ACC_N_678_0,ACC_N_678,2026-07-30T00:00:00,PROD_140,329.0,DEV_N_678,ADDR_N_678,COMPLETED,0,0.0,LOW
ORD_ACC_N_679_0,ACC_N_679,2026-06-05T00:00:00,PROD_125,294.38,DEV_N_679,ADDR_N_679,COMPLETED,0,0.0,LOW
ORD_ACC_N_679_1,ACC_N_679,2026-03-08T00:00:00,PROD_114,91.63,DEV_N_679,ADDR_N_679,COMPLETED,0,0.0,LOW
ORD_ACC_N_679_2,ACC_N_679,2026-02-04T00:00:00,PROD_140,310.27,DEV_N_679,ADDR_N_679,COMPLETED,0,0.0,LOW
ORD_ACC_N_679_3,ACC_N_679,2026-08-23T00:00:00,PROD_100,204.53,DEV_N_679,ADDR_N_679,COMPLETED,0,0.0,LOW
ORD_ACC_N_679_4,ACC_N_679,2026-05-23T00:00:00,PROD_116,29.51,DEV_N_679,ADDR_N_679,COMPLETED,0,0.0,LOW
ORD_ACC_N_680_0,ACC_N_680,2026-03-03T00:00:00,PROD_136,223.27,DEV_N_679,ADDR_N_679,COMPLETED,0,0.0,LOW
ORD_ACC_N_680_1,ACC_N_680,2026-05-30T00:00:00,PROD_147,134.82,DEV_N_679,ADDR_N_679,COMPLETED,0,0.0,LOW
ORD_ACC_N_680_2,ACC_N_680,2026-08-25T00:00:00,PROD_144,354.7,DEV_N_679,ADDR_N_679,COMPLETED,0,0.0,LOW
ORD_ACC_N_680_3,ACC_N_680,2026-02-06T00:00:00,PROD_125,328.16,DEV_N_679,ADDR_N_679,COMPLETED,0,0.0,LOW
ORD_ACC_N_680_4,ACC_N_680,2026-05-29T00:00:00,PROD_131,452.62,DEV_N_679,ADDR_N_679,COMPLETED,0,0.0,LOW
ORD_ACC_N_680_5,ACC_N_680,2026-08-19T00:00:00,PROD_131,365.77,DEV_N_679,ADDR_N_679,COMPLETED,0,0.0,LOW
ORD_ACC_N_680_6,ACC_N_680,2026-05-31T00:00:00,PROD_123,330.05,DEV_N_679,ADDR_N_679,COMPLETED,0,0.0,LOW
ORD_ACC_N_680_7,ACC_N_680,2026-06-27T00:00:00,PROD_124,178.55,DEV_N_679,ADDR_N_679,COMPLETED,0,0.0,LOW
ORD_ACC_N_680_8,ACC_N_680,2026-04-13T00:00:00,PROD_126,488.09,DEV_N_679,ADDR_N_679,COMPLETED,0,0.0,LOW
ORD_ACC_N_680_9,ACC_N_680,2026-04-22T00:00:00,PROD_117,115.34,DEV_N_679,ADDR_N_679,COMPLETED,0,0.0,LOW
ORD_ACC_N_680_10,ACC_N_680,2026-07-12T00:00:00,PROD_114,397.54,DEV_N_679,ADDR_N_679,COMPLETED,0,0.0,LOW
ORD_ACC_N_681_0,ACC_N_681,2026-01-24T00:00:00,PROD_131,322.39,DEV_N_681,ADDR_N_681,COMPLETED,0,0.0,LOW
ORD_ACC_N_681_1,ACC_N_681,2026-01-21T00:00:00,PROD_133,489.75,DEV_N_681,ADDR_N_681,COMPLETED,0,0.0,LOW
ORD_ACC_N_681_2,ACC_N_681,2026-04-30T00:00:00,PROD_129,94.04,DEV_N_681,ADDR_N_681,COMPLETED,0,0.0,LOW
ORD_ACC_N_681_3,ACC_N_681,2026-02-26T00:00:00,PROD_132,271.77,DEV_N_681,ADDR_N_681,REFUNDED,1,0.0,LOW
ORD_ACC_N_681_4,ACC_N_681,2026-04-29T00:00:00,PROD_126,96.35,DEV_N_681,ADDR_N_681,COMPLETED,0,0.0,LOW
ORD_ACC_N_681_5,ACC_N_681,2025-11-17T00:00:00,PROD_116,124.85,DEV_N_681,ADDR_N_681,COMPLETED,0,0.0,LOW
ORD_ACC_N_681_6,ACC_N_681,2026-04-29T00:00:00,PROD_138,438.21,DEV_N_681,ADDR_N_681,COMPLETED,0,0.0,LOW
ORD_ACC_N_681_7,ACC_N_681,2025-11-30T00:00:00,PROD_146,35.2,DEV_N_681,ADDR_N_681,REFUNDED,1,0.0,LOW
ORD_ACC_N_681_8,ACC_N_681,2026-08-01T00:00:00,PROD_138,193.37,DEV_N_681,ADDR_N_681,COMPLETED,0,0.0,LOW
ORD_ACC_N_682_0,ACC_N_682,2026-02-07T00:00:00,PROD_100,242.47,DEV_N_682,ADDR_N_682,COMPLETED,0,0.0,LOW
ORD_ACC_N_682_1,ACC_N_682,2026-01-09T00:00:00,PROD_148,114.6,DEV_N_682,ADDR_N_682,COMPLETED,0,0.0,LOW
ORD_ACC_N_682_2,ACC_N_682,2026-05-23T00:00:00,PROD_128,292.23,DEV_N_682,ADDR_N_682,COMPLETED,0,0.0,LOW
ORD_ACC_N_682_3,ACC_N_682,2025-12-24T00:00:00,PROD_137,455.35,DEV_N_682,ADDR_N_682,COMPLETED,0,0.0,LOW
ORD_ACC_N_682_4,ACC_N_682,2026-04-15T00:00:00,PROD_142,324.77,DEV_N_682,ADDR_N_682,COMPLETED,0,0.0,LOW
ORD_ACC_N_683_0,ACC_N_683,2026-08-24T00:00:00,PROD_135,50.45,DEV_N_683,ADDR_N_683,COMPLETED,0,0.0,LOW
ORD_ACC_N_683_1,ACC_N_683,2026-08-03T00:00:00,PROD_144,190.09,DEV_N_683,ADDR_N_683,COMPLETED,0,0.0,LOW
ORD_ACC_N_683_2,ACC_N_683,2026-06-16T00:00:00,PROD_111,496.38,DEV_N_683,ADDR_N_683,REFUNDED,1,0.0,LOW
ORD_ACC_N_683_3,ACC_N_683,2026-06-13T00:00:00,PROD_104,120.66,DEV_N_683,ADDR_N_683,COMPLETED,0,0.0,LOW
ORD_ACC_N_683_4,ACC_N_683,2026-05-05T00:00:00,PROD_143,306.38,DEV_N_683,ADDR_N_683,COMPLETED,0,0.0,LOW
ORD_ACC_N_683_5,ACC_N_683,2026-07-05T00:00:00,PROD_148,380.29,DEV_N_683,ADDR_N_683,COMPLETED,0,0.0,LOW
ORD_ACC_N_683_6,ACC_N_683,2026-07-14T00:00:00,PROD_106,57.76,DEV_N_683,ADDR_N_683,COMPLETED,0,0.0,LOW
ORD_ACC_N_683_7,ACC_N_683,2026-07-26T00:00:00,PROD_101,134.72,DEV_N_683,ADDR_N_683,COMPLETED,0,0.0,LOW
ORD_ACC_N_683_8,ACC_N_683,2026-07-20T00:00:00,PROD_129,212.53,DEV_N_683,ADDR_N_683,COMPLETED,0,0.0,LOW
ORD_ACC_N_684_0,ACC_N_684,2026-07-07T00:00:00,PROD_111,423.44,DEV_N_684,ADDR_N_684,COMPLETED,0,0.0,LOW
ORD_ACC_N_684_1,ACC_N_684,2026-08-17T00:00:00,PROD_131,352.11,DEV_N_684,ADDR_N_684,COMPLETED,0,0.0,LOW
ORD_ACC_N_684_2,ACC_N_684,2026-06-25T00:00:00,PROD_122,112.37,DEV_N_684,ADDR_N_684,COMPLETED,0,0.0,LOW
ORD_ACC_N_684_3,ACC_N_684,2026-07-25T00:00:00,PROD_140,184.27,DEV_N_684,ADDR_N_684,COMPLETED,0,0.0,LOW
ORD_ACC_N_684_4,ACC_N_684,2026-08-26T00:00:00,PROD_140,403.13,DEV_N_684,ADDR_N_684,COMPLETED,0,0.0,LOW
ORD_ACC_N_684_5,ACC_N_684,2026-06-18T00:00:00,PROD_130,131.43,DEV_N_684,ADDR_N_684,COMPLETED,0,0.0,LOW
ORD_ACC_N_684_6,ACC_N_684,2026-07-18T00:00:00,PROD_143,417.82,DEV_N_684,ADDR_N_684,COMPLETED,0,0.0,LOW
ORD_ACC_N_684_7,ACC_N_684,2026-07-04T00:00:00,PROD_126,355.3,DEV_N_684,ADDR_N_684,COMPLETED,0,0.0,LOW
ORD_ACC_N_684_8,ACC_N_684,2026-07-02T00:00:00,PROD_126,109.51,DEV_N_684,ADDR_N_684,COMPLETED,0,0.0,LOW
ORD_ACC_N_685_0,ACC_N_685,2026-07-06T00:00:00,PROD_108,140.09,DEV_N_685,ADDR_N_685,COMPLETED,0,0.0,LOW
ORD_ACC_N_685_1,ACC_N_685,2026-06-07T00:00:00,PROD_127,172.38,DEV_N_685,ADDR_N_685,COMPLETED,0,0.0,LOW
ORD_ACC_N_685_2,ACC_N_685,2026-05-26T00:00:00,PROD_111,224.19,DEV_N_685,ADDR_N_685,COMPLETED,0,0.0,LOW
ORD_ACC_N_685_3,ACC_N_685,2026-08-28T00:00:00,PROD_132,266.57,DEV_N_685,ADDR_N_685,COMPLETED,0,0.0,LOW
ORD_ACC_N_686_0,ACC_N_686,2026-08-28T00:00:00,PROD_127,302.79,DEV_N_686,ADDR_N_686,COMPLETED,0,0.0,LOW
ORD_ACC_N_686_1,ACC_N_686,2026-07-03T00:00:00,PROD_115,60.24,DEV_N_686,ADDR_N_686,COMPLETED,0,0.0,LOW
ORD_ACC_N_686_2,ACC_N_686,2026-02-10T00:00:00,PROD_138,425.16,DEV_N_686,ADDR_N_686,COMPLETED,0,0.0,LOW
ORD_ACC_N_687_0,ACC_N_687,2026-07-31T00:00:00,PROD_102,471.69,DEV_N_687,ADDR_N_687,COMPLETED,0,0.0,LOW
ORD_ACC_N_687_1,ACC_N_687,2026-07-16T00:00:00,PROD_109,315.46,DEV_N_687,ADDR_N_687,COMPLETED,0,0.0,LOW
ORD_ACC_N_687_2,ACC_N_687,2026-07-19T00:00:00,PROD_114,357.87,DEV_N_687,ADDR_N_687,COMPLETED,0,0.0,LOW
ORD_ACC_N_687_3,ACC_N_687,2026-08-20T00:00:00,PROD_114,477.09,DEV_N_687,ADDR_N_687,COMPLETED,0,0.0,LOW
ORD_ACC_N_687_4,ACC_N_687,2026-07-27T00:00:00,PROD_132,274.68,DEV_N_687,ADDR_N_687,REFUNDED,1,0.0,LOW
ORD_ACC_N_687_5,ACC_N_687,2026-07-20T00:00:00,PROD_109,160.04,DEV_N_687,ADDR_N_687,COMPLETED,0,0.0,LOW
ORD_ACC_N_687_6,ACC_N_687,2026-07-24T00:00:00,PROD_123,411.64,DEV_N_687,ADDR_N_687,COMPLETED,0,0.0,LOW
ORD_ACC_N_688_0,ACC_N_688,2025-11-21T00:00:00,PROD_106,104.34,DEV_N_688,ADDR_N_688,COMPLETED,0,0.0,LOW
ORD_ACC_N_688_1,ACC_N_688,2026-04-23T00:00:00,PROD_123,83.61,DEV_N_688,ADDR_N_688,COMPLETED,0,0.0,LOW
ORD_ACC_N_688_2,ACC_N_688,2026-02-19T00:00:00,PROD_104,243.95,DEV_N_688,ADDR_N_688,COMPLETED,0,0.0,LOW
ORD_ACC_N_689_0,ACC_N_689,2026-04-02T00:00:00,PROD_116,31.66,DEV_N_689,ADDR_N_689,COMPLETED,0,0.0,LOW
ORD_ACC_N_689_1,ACC_N_689,2026-08-10T00:00:00,PROD_141,270.24,DEV_N_689,ADDR_N_689,COMPLETED,0,0.0,LOW
ORD_ACC_N_689_2,ACC_N_689,2026-06-29T00:00:00,PROD_114,229.22,DEV_N_689,ADDR_N_689,COMPLETED,0,0.0,LOW
ORD_ACC_N_689_3,ACC_N_689,2026-08-22T00:00:00,PROD_142,349.12,DEV_N_689,ADDR_N_689,COMPLETED,0,0.0,LOW
ORD_ACC_N_689_4,ACC_N_689,2026-04-30T00:00:00,PROD_106,252.15,DEV_N_689,ADDR_N_689,COMPLETED,0,0.0,LOW
ORD_ACC_N_690_0,ACC_N_690,2026-08-27T00:00:00,PROD_143,347.99,DEV_N_689,ADDR_N_689,COMPLETED,0,0.0,LOW
ORD_ACC_N_690_1,ACC_N_690,2026-08-27T00:00:00,PROD_121,207.12,DEV_N_689,ADDR_N_689,COMPLETED,0,0.0,LOW
ORD_ACC_N_690_2,ACC_N_690,2026-08-17T00:00:00,PROD_107,122.54,DEV_N_689,ADDR_N_689,COMPLETED,0,0.0,LOW
ORD_ACC_N_690_3,ACC_N_690,2026-08-27T00:00:00,PROD_103,348.95,DEV_N_689,ADDR_N_689,COMPLETED,0,0.0,LOW
ORD_ACC_N_690_4,ACC_N_690,2026-08-16T00:00:00,PROD_110,129.72,DEV_N_689,ADDR_N_689,COMPLETED,0,0.0,LOW
ORD_ACC_N_690_5,ACC_N_690,2026-08-14T00:00:00,PROD_104,138.17,DEV_N_689,ADDR_N_689,COMPLETED,0,0.0,LOW
ORD_ACC_N_690_6,ACC_N_690,2026-08-17T00:00:00,PROD_149,124.56,DEV_N_689,ADDR_N_689,COMPLETED,0,0.0,LOW
ORD_ACC_N_691_0,ACC_N_691,2026-08-28T00:00:00,PROD_143,192.31,DEV_N_691,ADDR_N_691,COMPLETED,0,0.0,LOW
ORD_ACC_N_691_1,ACC_N_691,2026-06-30T00:00:00,PROD_122,20.47,DEV_N_691,ADDR_N_691,COMPLETED,0,0.0,LOW
ORD_ACC_N_691_2,ACC_N_691,2026-08-21T00:00:00,PROD_116,199.12,DEV_N_691,ADDR_N_691,COMPLETED,0,0.0,LOW
ORD_ACC_N_691_3,ACC_N_691,2026-07-22T00:00:00,PROD_111,44.54,DEV_N_691,ADDR_N_691,COMPLETED,0,0.0,LOW
ORD_ACC_N_691_4,ACC_N_691,2026-08-15T00:00:00,PROD_133,392.53,DEV_N_691,ADDR_N_691,COMPLETED,0,0.0,LOW
ORD_ACC_N_691_5,ACC_N_691,2026-06-29T00:00:00,PROD_113,286.38,DEV_N_691,ADDR_N_691,REFUNDED,1,0.0,LOW
ORD_ACC_N_691_6,ACC_N_691,2026-08-24T00:00:00,PROD_125,101.65,DEV_N_691,ADDR_N_691,COMPLETED,0,0.0,LOW
ORD_ACC_N_691_7,ACC_N_691,2026-07-12T00:00:00,PROD_103,42.67,DEV_N_691,ADDR_N_691,COMPLETED,0,0.0,LOW
ORD_ACC_N_691_8,ACC_N_691,2026-08-30T00:00:00,PROD_113,310.2,DEV_N_691,ADDR_N_691,COMPLETED,0,0.0,LOW
ORD_ACC_N_691_9,ACC_N_691,2026-07-10T00:00:00,PROD_122,348.73,DEV_N_691,ADDR_N_691,COMPLETED,0,0.0,LOW
ORD_ACC_N_691_10,ACC_N_691,2026-08-23T00:00:00,PROD_115,277.51,DEV_N_691,ADDR_N_691,COMPLETED,0,0.0,LOW
ORD_ACC_N_691_11,ACC_N_691,2026-06-28T00:00:00,PROD_115,66.2,DEV_N_691,ADDR_N_691,COMPLETED,0,0.0,LOW
ORD_ACC_N_691_12,ACC_N_691,2026-08-15T00:00:00,PROD_148,234.28,DEV_N_691,ADDR_N_691,COMPLETED,0,0.0,LOW
ORD_ACC_N_692_0,ACC_N_692,2026-08-16T00:00:00,PROD_134,154.79,DEV_N_692,ADDR_N_692,COMPLETED,0,0.0,LOW
ORD_ACC_N_692_1,ACC_N_692,2026-08-21T00:00:00,PROD_134,91.47,DEV_N_692,ADDR_N_692,COMPLETED,0,0.0,LOW
ORD_ACC_N_692_2,ACC_N_692,2026-08-21T00:00:00,PROD_102,193.6,DEV_N_692,ADDR_N_692,COMPLETED,0,0.0,LOW
ORD_ACC_N_692_3,ACC_N_692,2026-07-15T00:00:00,PROD_148,114.55,DEV_N_692,ADDR_N_692,COMPLETED,0,0.0,LOW
ORD_ACC_N_693_0,ACC_N_693,2026-02-02T00:00:00,PROD_115,126.69,DEV_N_693,ADDR_N_693,COMPLETED,0,0.0,LOW
ORD_ACC_N_693_1,ACC_N_693,2026-07-18T00:00:00,PROD_115,331.29,DEV_N_693,ADDR_N_693,COMPLETED,0,0.0,LOW
ORD_ACC_N_694_0,ACC_N_694,2026-01-05T00:00:00,PROD_119,379.56,DEV_N_694,ADDR_N_694,COMPLETED,0,0.0,LOW
ORD_ACC_N_695_0,ACC_N_695,2026-07-15T00:00:00,PROD_108,42.16,DEV_N_695,ADDR_N_695,REFUNDED,1,0.0,LOW
ORD_ACC_N_695_1,ACC_N_695,2026-03-06T00:00:00,PROD_130,364.29,DEV_N_695,ADDR_N_695,COMPLETED,0,0.0,LOW
ORD_ACC_N_695_2,ACC_N_695,2026-05-07T00:00:00,PROD_135,74.79,DEV_N_695,ADDR_N_695,COMPLETED,0,0.0,LOW
ORD_ACC_N_695_3,ACC_N_695,2026-01-20T00:00:00,PROD_142,401.25,DEV_N_695,ADDR_N_695,COMPLETED,0,0.0,LOW
ORD_ACC_N_695_4,ACC_N_695,2026-01-29T00:00:00,PROD_113,311.19,DEV_N_695,ADDR_N_695,COMPLETED,0,0.0,LOW
ORD_ACC_N_695_5,ACC_N_695,2026-08-30T00:00:00,PROD_107,273.96,DEV_N_695,ADDR_N_695,COMPLETED,0,0.0,LOW
ORD_ACC_N_695_6,ACC_N_695,2026-02-20T00:00:00,PROD_141,58.64,DEV_N_695,ADDR_N_695,COMPLETED,0,0.0,LOW
ORD_ACC_N_695_7,ACC_N_695,2026-05-31T00:00:00,PROD_138,144.58,DEV_N_695,ADDR_N_695,COMPLETED,0,0.0,LOW
ORD_ACC_N_696_0,ACC_N_696,2026-07-12T00:00:00,PROD_107,185.18,DEV_N_696,ADDR_N_696,COMPLETED,0,0.0,LOW
ORD_ACC_N_696_1,ACC_N_696,2026-08-08T00:00:00,PROD_115,237.69,DEV_N_696,ADDR_N_696,COMPLETED,0,0.0,LOW
ORD_ACC_N_696_2,ACC_N_696,2026-07-05T00:00:00,PROD_144,372.49,DEV_N_696,ADDR_N_696,COMPLETED,0,0.0,LOW
ORD_ACC_N_696_3,ACC_N_696,2026-06-28T00:00:00,PROD_127,219.33,DEV_N_696,ADDR_N_696,COMPLETED,0,0.0,LOW
ORD_ACC_N_696_4,ACC_N_696,2026-06-18T00:00:00,PROD_147,190.1,DEV_N_696,ADDR_N_696,COMPLETED,0,0.0,LOW
ORD_ACC_N_696_5,ACC_N_696,2026-07-14T00:00:00,PROD_114,463.36,DEV_N_696,ADDR_N_696,COMPLETED,0,0.0,LOW
ORD_ACC_N_696_6,ACC_N_696,2026-07-15T00:00:00,PROD_106,194.46,DEV_N_696,ADDR_N_696,COMPLETED,0,0.0,LOW
ORD_ACC_N_696_7,ACC_N_696,2026-06-23T00:00:00,PROD_147,426.11,DEV_N_696,ADDR_N_696,COMPLETED,0,0.0,LOW
ORD_ACC_N_696_8,ACC_N_696,2026-08-26T00:00:00,PROD_143,99.62,DEV_N_696,ADDR_N_696,COMPLETED,0,0.0,LOW
ORD_ACC_N_696_9,ACC_N_696,2026-07-14T00:00:00,PROD_125,481.48,DEV_N_696,ADDR_N_696,COMPLETED,0,0.0,LOW
ORD_ACC_N_697_0,ACC_N_697,2026-07-08T00:00:00,PROD_118,118.3,DEV_N_697,ADDR_N_697,COMPLETED,0,0.0,LOW
ORD_ACC_N_697_1,ACC_N_697,2026-08-22T00:00:00,PROD_106,406.66,DEV_N_697,ADDR_N_697,COMPLETED,0,0.0,LOW
ORD_ACC_N_697_2,ACC_N_697,2026-08-09T00:00:00,PROD_111,320.58,DEV_N_697,ADDR_N_697,COMPLETED,0,0.0,LOW
ORD_ACC_N_697_3,ACC_N_697,2026-06-27T00:00:00,PROD_134,128.85,DEV_N_697,ADDR_N_697,COMPLETED,0,0.0,LOW
ORD_ACC_N_697_4,ACC_N_697,2026-08-05T00:00:00,PROD_130,445.84,DEV_N_697,ADDR_N_697,COMPLETED,0,0.0,LOW
ORD_ACC_N_697_5,ACC_N_697,2026-07-30T00:00:00,PROD_136,206.38,DEV_N_697,ADDR_N_697,COMPLETED,0,0.0,LOW
ORD_ACC_N_697_6,ACC_N_697,2026-06-17T00:00:00,PROD_101,265.05,DEV_N_697,ADDR_N_697,COMPLETED,0,0.0,LOW
ORD_ACC_N_697_7,ACC_N_697,2026-07-14T00:00:00,PROD_114,284.58,DEV_N_697,ADDR_N_697,COMPLETED,0,0.0,LOW
ORD_ACC_N_698_0,ACC_N_698,2026-08-14T00:00:00,PROD_141,125.55,DEV_N_698,ADDR_N_698,COMPLETED,0,0.0,LOW
ORD_ACC_N_698_1,ACC_N_698,2026-08-19T00:00:00,PROD_105,369.89,DEV_N_698,ADDR_N_698,COMPLETED,0,0.0,LOW
ORD_ACC_N_698_2,ACC_N_698,2026-08-13T00:00:00,PROD_109,488.25,DEV_N_698,ADDR_N_698,COMPLETED,0,0.0,LOW
ORD_ACC_N_698_3,ACC_N_698,2026-08-28T00:00:00,PROD_103,337.43,DEV_N_698,ADDR_N_698,COMPLETED,0,0.0,LOW
ORD_ACC_N_698_4,ACC_N_698,2026-08-21T00:00:00,PROD_102,307.19,DEV_N_698,ADDR_N_698,COMPLETED,0,0.0,LOW
ORD_ACC_N_699_0,ACC_N_699,2026-08-22T00:00:00,PROD_128,297.92,DEV_N_699,ADDR_N_699,COMPLETED,0,0.0,LOW
ORD_ACC_N_699_1,ACC_N_699,2026-08-23T00:00:00,PROD_107,266.51,DEV_N_699,ADDR_N_699,COMPLETED,0,0.0,LOW
ORD_ACC_N_699_2,ACC_N_699,2026-08-19T00:00:00,PROD_128,29.8,DEV_N_699,ADDR_N_699,COMPLETED,0,0.0,LOW
ORD_ACC_N_699_3,ACC_N_699,2026-08-06T00:00:00,PROD_130,332.96,DEV_N_699,ADDR_N_699,COMPLETED,0,0.0,LOW
ORD_ACC_N_699_4,ACC_N_699,2026-08-03T00:00:00,PROD_146,272.39,DEV_N_699,ADDR_N_699,COMPLETED,0,0.0,LOW
ORD_ACC_N_699_5,ACC_N_699,2026-08-15T00:00:00,PROD_118,419.66,DEV_N_699,ADDR_N_699,COMPLETED,0,0.0,LOW
ORD_ACC_N_699_6,ACC_N_699,2026-08-03T00:00:00,PROD_110,319.66,DEV_N_699,ADDR_N_699,COMPLETED,0,0.0,LOW
ORD_ACC_N_700_0,ACC_N_700,2026-08-16T00:00:00,PROD_126,72.98,DEV_N_699,ADDR_N_699,COMPLETED,0,0.0,LOW
ORD_ACC_N_700_1,ACC_N_700,2026-07-09T00:00:00,PROD_135,190.85,DEV_N_699,ADDR_N_699,COMPLETED,0,0.0,LOW
ORD_ACC_N_700_2,ACC_N_700,2026-08-18T00:00:00,PROD_100,497.55,DEV_N_699,ADDR_N_699,COMPLETED,0,0.0,LOW
ORD_ACC_N_700_3,ACC_N_700,2026-08-22T00:00:00,PROD_143,256.41,DEV_N_699,ADDR_N_699,COMPLETED,0,0.0,LOW
ORD_ACC_N_700_4,ACC_N_700,2026-07-10T00:00:00,PROD_126,433.55,DEV_N_699,ADDR_N_699,COMPLETED,0,0.0,LOW
ORD_ACC_N_700_5,ACC_N_700,2026-08-19T00:00:00,PROD_123,100.72,DEV_N_699,ADDR_N_699,COMPLETED,0,0.0,LOW
ORD_ACC_N_700_6,ACC_N_700,2026-07-05T00:00:00,PROD_148,412.63,DEV_N_699,ADDR_N_699,COMPLETED,0,0.0,LOW
ORD_ACC_N_700_7,ACC_N_700,2026-08-18T00:00:00,PROD_126,220.91,DEV_N_699,ADDR_N_699,COMPLETED,0,0.0,LOW
ORD_ACC_N_701_0,ACC_N_701,2026-07-26T00:00:00,PROD_113,62.57,DEV_N_701,ADDR_N_701,COMPLETED,0,0.0,LOW
ORD_ACC_N_701_1,ACC_N_701,2026-08-04T00:00:00,PROD_110,208.14,DEV_N_701,ADDR_N_701,COMPLETED,0,0.0,LOW
ORD_ACC_N_701_2,ACC_N_701,2026-07-04T00:00:00,PROD_100,386.53,DEV_N_701,ADDR_N_701,COMPLETED,0,0.0,LOW
ORD_ACC_N_701_3,ACC_N_701,2026-07-23T00:00:00,PROD_112,224.49,DEV_N_701,ADDR_N_701,COMPLETED,0,0.0,LOW
ORD_ACC_N_701_4,ACC_N_701,2026-07-04T00:00:00,PROD_144,206.73,DEV_N_701,ADDR_N_701,COMPLETED,0,0.0,LOW
ORD_ACC_N_701_5,ACC_N_701,2026-01-28T00:00:00,PROD_115,462.04,DEV_N_701,ADDR_N_701,COMPLETED,0,0.0,LOW
ORD_ACC_N_701_6,ACC_N_701,2026-01-03T00:00:00,PROD_117,314.68,DEV_N_701,ADDR_N_701,COMPLETED,0,0.0,LOW
ORD_ACC_N_701_7,ACC_N_701,2026-08-13T00:00:00,PROD_144,382.07,DEV_N_701,ADDR_N_701,REFUNDED,1,0.0,LOW
ORD_ACC_N_701_8,ACC_N_701,2026-04-29T00:00:00,PROD_122,248.59,DEV_N_701,ADDR_N_701,COMPLETED,0,0.0,LOW
ORD_ACC_N_701_9,ACC_N_701,2026-02-22T00:00:00,PROD_114,267.63,DEV_N_701,ADDR_N_701,COMPLETED,0,0.0,LOW
ORD_ACC_N_701_10,ACC_N_701,2026-01-28T00:00:00,PROD_115,453.83,DEV_N_701,ADDR_N_701,COMPLETED,0,0.0,LOW
ORD_ACC_N_701_11,ACC_N_701,2026-06-29T00:00:00,PROD_146,93.51,DEV_N_701,ADDR_N_701,COMPLETED,0,0.0,LOW
ORD_ACC_N_701_12,ACC_N_701,2026-06-14T00:00:00,PROD_121,89.84,DEV_N_701,ADDR_N_701,COMPLETED,0,0.0,LOW
ORD_ACC_N_701_13,ACC_N_701,2026-01-19T00:00:00,PROD_138,408.19,DEV_N_701,ADDR_N_701,COMPLETED,0,0.0,LOW
ORD_ACC_N_701_14,ACC_N_701,2026-03-19T00:00:00,PROD_140,287.67,DEV_N_701,ADDR_N_701,COMPLETED,0,0.0,LOW
ORD_ACC_N_702_0,ACC_N_702,2026-01-28T00:00:00,PROD_106,451.05,DEV_N_702,ADDR_N_702,COMPLETED,0,0.0,LOW
ORD_ACC_N_702_1,ACC_N_702,2026-05-27T00:00:00,PROD_144,214.79,DEV_N_702,ADDR_N_702,REFUNDED,1,0.0,LOW
ORD_ACC_N_702_2,ACC_N_702,2026-05-04T00:00:00,PROD_116,294.3,DEV_N_702,ADDR_N_702,COMPLETED,0,0.0,LOW
ORD_ACC_N_702_3,ACC_N_702,2026-05-17T00:00:00,PROD_120,367.2,DEV_N_702,ADDR_N_702,COMPLETED,0,0.0,LOW
ORD_ACC_N_702_4,ACC_N_702,2026-07-14T00:00:00,PROD_103,170.7,DEV_N_702,ADDR_N_702,COMPLETED,0,0.0,LOW
ORD_ACC_N_702_5,ACC_N_702,2026-04-29T00:00:00,PROD_130,24.16,DEV_N_702,ADDR_N_702,COMPLETED,0,0.0,LOW
ORD_ACC_N_702_6,ACC_N_702,2026-02-08T00:00:00,PROD_149,270.23,DEV_N_702,ADDR_N_702,COMPLETED,0,0.0,LOW
ORD_ACC_N_702_7,ACC_N_702,2026-08-08T00:00:00,PROD_142,332.29,DEV_N_702,ADDR_N_702,COMPLETED,0,0.0,LOW
ORD_ACC_N_702_8,ACC_N_702,2026-02-27T00:00:00,PROD_129,443.33,DEV_N_702,ADDR_N_702,COMPLETED,0,0.0,LOW
ORD_ACC_N_702_9,ACC_N_702,2026-04-11T00:00:00,PROD_147,459.04,DEV_N_702,ADDR_N_702,REFUNDED,1,0.0,LOW
ORD_ACC_N_702_10,ACC_N_702,2026-06-02T00:00:00,PROD_140,357.26,DEV_N_702,ADDR_N_702,COMPLETED,0,0.0,LOW
ORD_ACC_N_702_11,ACC_N_702,2026-03-16T00:00:00,PROD_105,332.41,DEV_N_702,ADDR_N_702,COMPLETED,0,0.0,LOW
ORD_ACC_N_702_12,ACC_N_702,2026-02-07T00:00:00,PROD_113,263.95,DEV_N_702,ADDR_N_702,COMPLETED,0,0.0,LOW
ORD_ACC_N_702_13,ACC_N_702,2026-01-03T00:00:00,PROD_101,112.21,DEV_N_702,ADDR_N_702,COMPLETED,0,0.0,LOW
ORD_ACC_N_703_0,ACC_N_703,2026-07-01T00:00:00,PROD_118,249.83,DEV_N_703,ADDR_N_703,COMPLETED,0,0.0,LOW
ORD_ACC_N_703_1,ACC_N_703,2025-09-04T00:00:00,PROD_141,461.54,DEV_N_703,ADDR_N_703,COMPLETED,0,0.0,LOW
ORD_ACC_N_703_2,ACC_N_703,2025-10-05T00:00:00,PROD_117,101.95,DEV_N_703,ADDR_N_703,COMPLETED,0,0.0,LOW
ORD_ACC_N_704_0,ACC_N_704,2025-12-06T00:00:00,PROD_114,442.19,DEV_N_704,ADDR_N_704,COMPLETED,0,0.0,LOW
ORD_ACC_N_704_1,ACC_N_704,2026-02-02T00:00:00,PROD_146,343.38,DEV_N_704,ADDR_N_704,COMPLETED,0,0.0,LOW
ORD_ACC_N_704_2,ACC_N_704,2026-01-21T00:00:00,PROD_106,170.08,DEV_N_704,ADDR_N_704,COMPLETED,0,0.0,LOW
ORD_ACC_N_704_3,ACC_N_704,2026-07-11T00:00:00,PROD_117,331.43,DEV_N_704,ADDR_N_704,COMPLETED,0,0.0,LOW
ORD_ACC_N_704_4,ACC_N_704,2026-04-02T00:00:00,PROD_117,385.17,DEV_N_704,ADDR_N_704,COMPLETED,0,0.0,LOW
ORD_ACC_N_704_5,ACC_N_704,2025-09-23T00:00:00,PROD_144,492.92,DEV_N_704,ADDR_N_704,REFUNDED,1,0.0,LOW
ORD_ACC_N_704_6,ACC_N_704,2026-02-24T00:00:00,PROD_128,23.51,DEV_N_704,ADDR_N_704,COMPLETED,0,0.0,LOW
ORD_ACC_N_704_7,ACC_N_704,2026-03-05T00:00:00,PROD_107,356.74,DEV_N_704,ADDR_N_704,COMPLETED,0,0.0,LOW
ORD_ACC_N_704_8,ACC_N_704,2026-01-25T00:00:00,PROD_126,335.54,DEV_N_704,ADDR_N_704,COMPLETED,0,0.0,LOW
ORD_ACC_N_704_9,ACC_N_704,2026-08-27T00:00:00,PROD_106,314.09,DEV_N_704,ADDR_N_704,COMPLETED,0,0.0,LOW
ORD_ACC_N_705_0,ACC_N_705,2026-05-25T00:00:00,PROD_104,318.08,DEV_N_705,ADDR_N_705,COMPLETED,0,0.0,LOW
ORD_ACC_N_705_1,ACC_N_705,2026-01-04T00:00:00,PROD_140,38.69,DEV_N_705,ADDR_N_705,COMPLETED,0,0.0,LOW
ORD_ACC_N_705_2,ACC_N_705,2026-03-31T00:00:00,PROD_143,422.61,DEV_N_705,ADDR_N_705,COMPLETED,0,0.0,LOW
ORD_ACC_N_705_3,ACC_N_705,2026-08-03T00:00:00,PROD_124,264.11,DEV_N_705,ADDR_N_705,COMPLETED,0,0.0,LOW
ORD_ACC_N_705_4,ACC_N_705,2026-07-26T00:00:00,PROD_124,33.04,DEV_N_705,ADDR_N_705,COMPLETED,0,0.0,LOW
ORD_ACC_N_705_5,ACC_N_705,2026-04-17T00:00:00,PROD_111,106.99,DEV_N_705,ADDR_N_705,COMPLETED,0,0.0,LOW
ORD_ACC_N_706_0,ACC_N_706,2026-04-30T00:00:00,PROD_127,250.54,DEV_N_706,ADDR_N_706,COMPLETED,0,0.0,LOW
ORD_ACC_N_706_1,ACC_N_706,2026-01-27T00:00:00,PROD_136,307.98,DEV_N_706,ADDR_N_706,COMPLETED,0,0.0,LOW
ORD_ACC_N_706_2,ACC_N_706,2026-05-04T00:00:00,PROD_136,131.22,DEV_N_706,ADDR_N_706,COMPLETED,0,0.0,LOW
ORD_ACC_N_707_0,ACC_N_707,2026-08-27T00:00:00,PROD_148,320.05,DEV_N_707,ADDR_N_707,COMPLETED,0,0.0,LOW
ORD_ACC_N_707_1,ACC_N_707,2026-07-24T00:00:00,PROD_114,344.87,DEV_N_707,ADDR_N_707,COMPLETED,0,0.0,LOW
ORD_ACC_N_707_2,ACC_N_707,2026-08-23T00:00:00,PROD_109,154.61,DEV_N_707,ADDR_N_707,COMPLETED,0,0.0,LOW
ORD_ACC_N_707_3,ACC_N_707,2026-08-31T00:00:00,PROD_132,201.7,DEV_N_707,ADDR_N_707,COMPLETED,0,0.0,LOW
ORD_ACC_N_707_4,ACC_N_707,2026-08-14T00:00:00,PROD_119,216.85,DEV_N_707,ADDR_N_707,COMPLETED,0,0.0,LOW
ORD_ACC_N_707_5,ACC_N_707,2026-07-28T00:00:00,PROD_116,310.16,DEV_N_707,ADDR_N_707,COMPLETED,0,0.0,LOW
ORD_ACC_N_707_6,ACC_N_707,2026-08-01T00:00:00,PROD_147,198.04,DEV_N_707,ADDR_N_707,COMPLETED,0,0.0,LOW
ORD_ACC_N_707_7,ACC_N_707,2026-08-07T00:00:00,PROD_146,229.37,DEV_N_707,ADDR_N_707,COMPLETED,0,0.0,LOW
ORD_ACC_N_707_8,ACC_N_707,2026-07-30T00:00:00,PROD_118,228.64,DEV_N_707,ADDR_N_707,COMPLETED,0,0.0,LOW
ORD_ACC_N_707_9,ACC_N_707,2026-08-13T00:00:00,PROD_124,139.56,DEV_N_707,ADDR_N_707,COMPLETED,0,0.0,LOW
ORD_ACC_N_707_10,ACC_N_707,2026-08-23T00:00:00,PROD_128,286.15,DEV_N_707,ADDR_N_707,COMPLETED,0,0.0,LOW
ORD_ACC_N_707_11,ACC_N_707,2026-08-18T00:00:00,PROD_136,183.21,DEV_N_707,ADDR_N_707,COMPLETED,0,0.0,LOW
ORD_ACC_N_707_12,ACC_N_707,2026-08-21T00:00:00,PROD_140,487.56,DEV_N_707,ADDR_N_707,COMPLETED,0,0.0,LOW
ORD_ACC_N_707_13,ACC_N_707,2026-07-11T00:00:00,PROD_117,318.3,DEV_N_707,ADDR_N_707,COMPLETED,0,0.0,LOW
ORD_ACC_N_708_0,ACC_N_708,2026-08-27T00:00:00,PROD_138,139.39,DEV_N_708,ADDR_N_708,COMPLETED,0,0.0,LOW
ORD_ACC_N_708_1,ACC_N_708,2026-04-08T00:00:00,PROD_106,176.84,DEV_N_708,ADDR_N_708,COMPLETED,0,0.0,LOW
ORD_ACC_N_708_2,ACC_N_708,2026-02-05T00:00:00,PROD_107,177.51,DEV_N_708,ADDR_N_708,COMPLETED,0,0.0,LOW
ORD_ACC_N_708_3,ACC_N_708,2025-12-07T00:00:00,PROD_137,116.68,DEV_N_708,ADDR_N_708,REFUNDED,1,0.0,LOW
ORD_ACC_N_708_4,ACC_N_708,2026-04-13T00:00:00,PROD_129,85.46,DEV_N_708,ADDR_N_708,COMPLETED,0,0.0,LOW
ORD_ACC_N_708_5,ACC_N_708,2026-04-13T00:00:00,PROD_139,493.26,DEV_N_708,ADDR_N_708,COMPLETED,0,0.0,LOW
ORD_ACC_N_708_6,ACC_N_708,2026-02-19T00:00:00,PROD_128,267.85,DEV_N_708,ADDR_N_708,COMPLETED,0,0.0,LOW
ORD_ACC_N_708_7,ACC_N_708,2025-11-29T00:00:00,PROD_101,313.42,DEV_N_708,ADDR_N_708,COMPLETED,0,0.0,LOW
ORD_ACC_N_708_8,ACC_N_708,2026-07-08T00:00:00,PROD_141,239.64,DEV_N_708,ADDR_N_708,COMPLETED,0,0.0,LOW
ORD_ACC_N_708_9,ACC_N_708,2026-01-22T00:00:00,PROD_116,300.44,DEV_N_708,ADDR_N_708,COMPLETED,0,0.0,LOW
ORD_ACC_N_708_10,ACC_N_708,2026-01-18T00:00:00,PROD_148,455.93,DEV_N_708,ADDR_N_708,COMPLETED,0,0.0,LOW
ORD_ACC_N_708_11,ACC_N_708,2025-12-06T00:00:00,PROD_145,145.14,DEV_N_708,ADDR_N_708,COMPLETED,0,0.0,LOW
ORD_ACC_N_708_12,ACC_N_708,2026-07-10T00:00:00,PROD_122,181.63,DEV_N_708,ADDR_N_708,COMPLETED,0,0.0,LOW
ORD_ACC_N_708_13,ACC_N_708,2026-01-22T00:00:00,PROD_121,369.39,DEV_N_708,ADDR_N_708,REFUNDED,1,0.0,LOW
ORD_ACC_N_709_0,ACC_N_709,2026-08-21T00:00:00,PROD_142,349.39,DEV_N_709,ADDR_N_709,COMPLETED,0,0.0,LOW
ORD_ACC_N_709_1,ACC_N_709,2026-04-20T00:00:00,PROD_111,290.23,DEV_N_709,ADDR_N_709,COMPLETED,0,0.0,LOW
ORD_ACC_N_709_2,ACC_N_709,2026-04-08T00:00:00,PROD_123,353.26,DEV_N_709,ADDR_N_709,COMPLETED,0,0.0,LOW
ORD_ACC_N_709_3,ACC_N_709,2026-01-21T00:00:00,PROD_117,296.23,DEV_N_709,ADDR_N_709,COMPLETED,0,0.0,LOW
ORD_ACC_N_709_4,ACC_N_709,2026-08-23T00:00:00,PROD_126,329.94,DEV_N_709,ADDR_N_709,COMPLETED,0,0.0,LOW
ORD_ACC_N_709_5,ACC_N_709,2026-05-06T00:00:00,PROD_108,252.55,DEV_N_709,ADDR_N_709,COMPLETED,0,0.0,LOW
ORD_ACC_N_709_6,ACC_N_709,2026-06-01T00:00:00,PROD_130,401.79,DEV_N_709,ADDR_N_709,COMPLETED,0,0.0,LOW
ORD_ACC_N_710_0,ACC_N_710,2026-03-15T00:00:00,PROD_102,404.74,DEV_N_709,ADDR_N_709,COMPLETED,0,0.0,LOW
ORD_ACC_N_710_1,ACC_N_710,2026-03-15T00:00:00,PROD_115,46.73,DEV_N_709,ADDR_N_709,COMPLETED,0,0.0,LOW
ORD_ACC_N_710_2,ACC_N_710,2026-03-19T00:00:00,PROD_127,438.22,DEV_N_709,ADDR_N_709,COMPLETED,0,0.0,LOW
ORD_ACC_N_711_0,ACC_N_711,2026-06-15T00:00:00,PROD_140,266.8,DEV_N_711,ADDR_N_711,COMPLETED,0,0.0,LOW
ORD_ACC_N_711_1,ACC_N_711,2026-02-18T00:00:00,PROD_118,382.82,DEV_N_711,ADDR_N_711,COMPLETED,0,0.0,LOW
ORD_ACC_N_711_2,ACC_N_711,2026-06-30T00:00:00,PROD_135,384.2,DEV_N_711,ADDR_N_711,COMPLETED,0,0.0,LOW
ORD_ACC_N_711_3,ACC_N_711,2026-03-13T00:00:00,PROD_122,204.97,DEV_N_711,ADDR_N_711,COMPLETED,0,0.0,LOW
ORD_ACC_N_711_4,ACC_N_711,2026-08-27T00:00:00,PROD_149,365.64,DEV_N_711,ADDR_N_711,COMPLETED,0,0.0,LOW
ORD_ACC_N_711_5,ACC_N_711,2026-02-17T00:00:00,PROD_124,87.83,DEV_N_711,ADDR_N_711,COMPLETED,0,0.0,LOW
ORD_ACC_N_711_6,ACC_N_711,2026-06-07T00:00:00,PROD_141,60.35,DEV_N_711,ADDR_N_711,COMPLETED,0,0.0,LOW
ORD_ACC_N_711_7,ACC_N_711,2026-08-31T00:00:00,PROD_132,384.36,DEV_N_711,ADDR_N_711,COMPLETED,0,0.0,LOW
ORD_ACC_N_711_8,ACC_N_711,2026-07-25T00:00:00,PROD_131,455.14,DEV_N_711,ADDR_N_711,COMPLETED,0,0.0,LOW
ORD_ACC_N_711_9,ACC_N_711,2026-06-03T00:00:00,PROD_103,271.61,DEV_N_711,ADDR_N_711,COMPLETED,0,0.0,LOW
ORD_ACC_N_711_10,ACC_N_711,2026-05-24T00:00:00,PROD_112,177.22,DEV_N_711,ADDR_N_711,COMPLETED,0,0.0,LOW
ORD_ACC_N_711_11,ACC_N_711,2026-07-07T00:00:00,PROD_113,141.79,DEV_N_711,ADDR_N_711,COMPLETED,0,0.0,LOW
ORD_ACC_N_711_12,ACC_N_711,2026-06-26T00:00:00,PROD_124,213.42,DEV_N_711,ADDR_N_711,COMPLETED,0,0.0,LOW
ORD_ACC_N_711_13,ACC_N_711,2026-07-03T00:00:00,PROD_109,70.38,DEV_N_711,ADDR_N_711,COMPLETED,0,0.0,LOW
ORD_ACC_N_712_0,ACC_N_712,2026-07-06T00:00:00,PROD_145,346.22,DEV_N_712,ADDR_N_712,COMPLETED,0,0.0,LOW
ORD_ACC_N_712_1,ACC_N_712,2026-07-05T00:00:00,PROD_128,443.74,DEV_N_712,ADDR_N_712,COMPLETED,0,0.0,LOW
ORD_ACC_N_712_2,ACC_N_712,2026-07-27T00:00:00,PROD_127,435.87,DEV_N_712,ADDR_N_712,COMPLETED,0,0.0,LOW
ORD_ACC_N_712_3,ACC_N_712,2026-06-06T00:00:00,PROD_115,218.47,DEV_N_712,ADDR_N_712,COMPLETED,0,0.0,LOW
ORD_ACC_N_712_4,ACC_N_712,2026-07-06T00:00:00,PROD_132,278.33,DEV_N_712,ADDR_N_712,COMPLETED,0,0.0,LOW
ORD_ACC_N_712_5,ACC_N_712,2026-05-08T00:00:00,PROD_138,456.56,DEV_N_712,ADDR_N_712,COMPLETED,0,0.0,LOW
ORD_ACC_N_713_0,ACC_N_713,2025-12-21T00:00:00,PROD_139,483.77,DEV_N_713,ADDR_N_713,COMPLETED,0,0.0,LOW
ORD_ACC_N_713_1,ACC_N_713,2026-04-07T00:00:00,PROD_132,332.03,DEV_N_713,ADDR_N_713,COMPLETED,0,0.0,LOW
ORD_ACC_N_713_2,ACC_N_713,2026-06-22T00:00:00,PROD_128,301.97,DEV_N_713,ADDR_N_713,COMPLETED,0,0.0,LOW
ORD_ACC_N_713_3,ACC_N_713,2026-04-24T00:00:00,PROD_148,441.53,DEV_N_713,ADDR_N_713,COMPLETED,0,0.0,LOW
ORD_ACC_N_713_4,ACC_N_713,2025-12-31T00:00:00,PROD_130,206.86,DEV_N_713,ADDR_N_713,COMPLETED,0,0.0,LOW
ORD_ACC_N_714_0,ACC_N_714,2026-08-27T00:00:00,PROD_126,30.81,DEV_N_714,ADDR_N_714,COMPLETED,0,0.0,LOW
ORD_ACC_N_714_1,ACC_N_714,2026-08-20T00:00:00,PROD_122,58.65,DEV_N_714,ADDR_N_714,COMPLETED,0,0.0,LOW
ORD_ACC_N_714_2,ACC_N_714,2026-08-22T00:00:00,PROD_130,62.37,DEV_N_714,ADDR_N_714,COMPLETED,0,0.0,LOW
ORD_ACC_N_714_3,ACC_N_714,2026-08-11T00:00:00,PROD_137,392.94,DEV_N_714,ADDR_N_714,COMPLETED,0,0.0,LOW
ORD_ACC_N_714_4,ACC_N_714,2026-08-30T00:00:00,PROD_117,328.81,DEV_N_714,ADDR_N_714,REFUNDED,1,0.0,LOW
ORD_ACC_N_715_0,ACC_N_715,2026-06-01T00:00:00,PROD_147,368.47,DEV_N_715,ADDR_N_715,COMPLETED,0,0.0,LOW
ORD_ACC_N_715_1,ACC_N_715,2026-02-28T00:00:00,PROD_121,146.43,DEV_N_715,ADDR_N_715,COMPLETED,0,0.0,LOW
ORD_ACC_N_715_2,ACC_N_715,2026-05-30T00:00:00,PROD_112,138.08,DEV_N_715,ADDR_N_715,COMPLETED,0,0.0,LOW
ORD_ACC_N_715_3,ACC_N_715,2026-05-18T00:00:00,PROD_143,226.32,DEV_N_715,ADDR_N_715,REFUNDED,1,0.0,LOW
ORD_ACC_N_715_4,ACC_N_715,2026-06-26T00:00:00,PROD_136,243.88,DEV_N_715,ADDR_N_715,COMPLETED,0,0.0,LOW
ORD_ACC_N_715_5,ACC_N_715,2026-08-14T00:00:00,PROD_119,48.77,DEV_N_715,ADDR_N_715,COMPLETED,0,0.0,LOW
ORD_ACC_N_715_6,ACC_N_715,2026-02-20T00:00:00,PROD_104,339.52,DEV_N_715,ADDR_N_715,COMPLETED,0,0.0,LOW
ORD_ACC_N_716_0,ACC_N_716,2025-10-29T00:00:00,PROD_125,260.89,DEV_N_716,ADDR_N_716,COMPLETED,0,0.0,LOW
ORD_ACC_N_716_1,ACC_N_716,2026-07-21T00:00:00,PROD_120,61.65,DEV_N_716,ADDR_N_716,COMPLETED,0,0.0,LOW
ORD_ACC_N_716_2,ACC_N_716,2026-05-13T00:00:00,PROD_117,379.46,DEV_N_716,ADDR_N_716,COMPLETED,0,0.0,LOW
ORD_ACC_N_716_3,ACC_N_716,2026-01-25T00:00:00,PROD_130,56.72,DEV_N_716,ADDR_N_716,COMPLETED,0,0.0,LOW
ORD_ACC_N_716_4,ACC_N_716,2026-01-26T00:00:00,PROD_148,463.19,DEV_N_716,ADDR_N_716,COMPLETED,0,0.0,LOW
ORD_ACC_N_716_5,ACC_N_716,2025-12-13T00:00:00,PROD_146,253.69,DEV_N_716,ADDR_N_716,REFUNDED,1,0.0,LOW
ORD_ACC_N_716_6,ACC_N_716,2026-02-02T00:00:00,PROD_124,211.95,DEV_N_716,ADDR_N_716,COMPLETED,0,0.0,LOW
ORD_ACC_N_716_7,ACC_N_716,2026-06-17T00:00:00,PROD_123,359.92,DEV_N_716,ADDR_N_716,REFUNDED,1,0.0,LOW
ORD_ACC_N_716_8,ACC_N_716,2026-02-06T00:00:00,PROD_123,184.68,DEV_N_716,ADDR_N_716,COMPLETED,0,0.0,LOW
ORD_ACC_N_716_9,ACC_N_716,2025-12-05T00:00:00,PROD_145,328.11,DEV_N_716,ADDR_N_716,COMPLETED,0,0.0,LOW
ORD_ACC_N_716_10,ACC_N_716,2026-05-04T00:00:00,PROD_111,351.99,DEV_N_716,ADDR_N_716,REFUNDED,1,0.0,LOW
ORD_ACC_N_716_11,ACC_N_716,2025-12-20T00:00:00,PROD_101,222.95,DEV_N_716,ADDR_N_716,COMPLETED,0,0.0,LOW
ORD_ACC_N_717_0,ACC_N_717,2026-04-30T00:00:00,PROD_127,346.6,DEV_N_717,ADDR_N_717,COMPLETED,0,0.0,LOW
ORD_ACC_N_717_1,ACC_N_717,2026-07-23T00:00:00,PROD_104,52.2,DEV_N_717,ADDR_N_717,COMPLETED,0,0.0,LOW
ORD_ACC_N_717_2,ACC_N_717,2026-08-09T00:00:00,PROD_119,275.33,DEV_N_717,ADDR_N_717,COMPLETED,0,0.0,LOW
ORD_ACC_N_717_3,ACC_N_717,2026-06-14T00:00:00,PROD_135,236.51,DEV_N_717,ADDR_N_717,COMPLETED,0,0.0,LOW
ORD_ACC_N_717_4,ACC_N_717,2026-08-08T00:00:00,PROD_132,141.6,DEV_N_717,ADDR_N_717,COMPLETED,0,0.0,LOW
ORD_ACC_N_717_5,ACC_N_717,2026-07-20T00:00:00,PROD_119,145.35,DEV_N_717,ADDR_N_717,COMPLETED,0,0.0,LOW
ORD_ACC_N_717_6,ACC_N_717,2026-08-31T00:00:00,PROD_118,110.23,DEV_N_717,ADDR_N_717,COMPLETED,0,0.0,LOW
ORD_ACC_N_717_7,ACC_N_717,2026-08-27T00:00:00,PROD_143,466.41,DEV_N_717,ADDR_N_717,COMPLETED,0,0.0,LOW
ORD_ACC_N_717_8,ACC_N_717,2026-07-05T00:00:00,PROD_114,395.88,DEV_N_717,ADDR_N_717,COMPLETED,0,0.0,LOW
ORD_ACC_N_717_9,ACC_N_717,2026-08-10T00:00:00,PROD_144,277.89,DEV_N_717,ADDR_N_717,COMPLETED,0,0.0,LOW
ORD_ACC_N_717_10,ACC_N_717,2026-05-18T00:00:00,PROD_131,168.85,DEV_N_717,ADDR_N_717,COMPLETED,0,0.0,LOW
ORD_ACC_N_717_11,ACC_N_717,2026-06-15T00:00:00,PROD_113,65.85,DEV_N_717,ADDR_N_717,COMPLETED,0,0.0,LOW
ORD_ACC_N_717_12,ACC_N_717,2026-08-12T00:00:00,PROD_109,262.63,DEV_N_717,ADDR_N_717,COMPLETED,0,0.0,LOW
ORD_ACC_N_717_13,ACC_N_717,2026-04-22T00:00:00,PROD_126,199.47,DEV_N_717,ADDR_N_717,COMPLETED,0,0.0,LOW
ORD_ACC_N_718_0,ACC_N_718,2026-07-22T00:00:00,PROD_133,187.65,DEV_N_718,ADDR_N_718,COMPLETED,0,0.0,LOW
ORD_ACC_N_718_1,ACC_N_718,2026-02-26T00:00:00,PROD_131,326.09,DEV_N_718,ADDR_N_718,COMPLETED,0,0.0,LOW
ORD_ACC_N_718_2,ACC_N_718,2026-03-17T00:00:00,PROD_139,184.99,DEV_N_718,ADDR_N_718,COMPLETED,0,0.0,LOW
ORD_ACC_N_718_3,ACC_N_718,2025-12-07T00:00:00,PROD_104,165.72,DEV_N_718,ADDR_N_718,COMPLETED,0,0.0,LOW
ORD_ACC_N_718_4,ACC_N_718,2026-02-20T00:00:00,PROD_107,178.54,DEV_N_718,ADDR_N_718,COMPLETED,0,0.0,LOW
ORD_ACC_N_718_5,ACC_N_718,2026-01-08T00:00:00,PROD_113,185.68,DEV_N_718,ADDR_N_718,COMPLETED,0,0.0,LOW
ORD_ACC_N_718_6,ACC_N_718,2026-05-18T00:00:00,PROD_114,472.38,DEV_N_718,ADDR_N_718,COMPLETED,0,0.0,LOW
ORD_ACC_N_718_7,ACC_N_718,2025-12-02T00:00:00,PROD_135,385.86,DEV_N_718,ADDR_N_718,COMPLETED,0,0.0,LOW
ORD_ACC_N_718_8,ACC_N_718,2026-08-03T00:00:00,PROD_104,496.52,DEV_N_718,ADDR_N_718,COMPLETED,0,0.0,LOW
ORD_ACC_N_718_9,ACC_N_718,2026-02-15T00:00:00,PROD_138,110.76,DEV_N_718,ADDR_N_718,COMPLETED,0,0.0,LOW
ORD_ACC_N_718_10,ACC_N_718,2026-03-25T00:00:00,PROD_138,459.07,DEV_N_718,ADDR_N_718,COMPLETED,0,0.0,LOW
ORD_ACC_N_718_11,ACC_N_718,2026-01-06T00:00:00,PROD_148,377.39,DEV_N_718,ADDR_N_718,COMPLETED,0,0.0,LOW
ORD_ACC_N_718_12,ACC_N_718,2026-07-10T00:00:00,PROD_109,103.23,DEV_N_718,ADDR_N_718,COMPLETED,0,0.0,LOW
ORD_ACC_N_718_13,ACC_N_718,2026-05-25T00:00:00,PROD_118,161.69,DEV_N_718,ADDR_N_718,COMPLETED,0,0.0,LOW
ORD_ACC_N_719_0,ACC_N_719,2026-08-16T00:00:00,PROD_122,60.25,DEV_N_719,ADDR_N_719,COMPLETED,0,0.0,LOW
ORD_ACC_N_719_1,ACC_N_719,2026-08-19T00:00:00,PROD_120,427.51,DEV_N_719,ADDR_N_719,COMPLETED,0,0.0,LOW
ORD_ACC_N_719_2,ACC_N_719,2026-08-29T00:00:00,PROD_118,111.11,DEV_N_719,ADDR_N_719,COMPLETED,0,0.0,LOW
ORD_ACC_N_719_3,ACC_N_719,2026-08-03T00:00:00,PROD_145,231.66,DEV_N_719,ADDR_N_719,COMPLETED,0,0.0,LOW
ORD_ACC_N_720_0,ACC_N_720,2026-08-05T00:00:00,PROD_142,193.07,DEV_N_719,ADDR_N_719,COMPLETED,0,0.0,LOW
ORD_ACC_N_720_1,ACC_N_720,2026-08-11T00:00:00,PROD_145,239.18,DEV_N_719,ADDR_N_719,COMPLETED,0,0.0,LOW
ORD_ACC_N_720_2,ACC_N_720,2026-08-16T00:00:00,PROD_119,379.67,DEV_N_719,ADDR_N_719,COMPLETED,0,0.0,LOW
ORD_ACC_N_720_3,ACC_N_720,2026-08-20T00:00:00,PROD_126,306.87,DEV_N_719,ADDR_N_719,COMPLETED,0,0.0,LOW
ORD_ACC_N_720_4,ACC_N_720,2026-08-14T00:00:00,PROD_119,183.8,DEV_N_719,ADDR_N_719,COMPLETED,0,0.0,LOW
ORD_ACC_N_720_5,ACC_N_720,2026-08-25T00:00:00,PROD_144,31.0,DEV_N_719,ADDR_N_719,COMPLETED,0,0.0,LOW
ORD_ACC_N_720_6,ACC_N_720,2026-08-07T00:00:00,PROD_103,351.21,DEV_N_719,ADDR_N_719,COMPLETED,0,0.0,LOW
ORD_ACC_N_720_7,ACC_N_720,2026-08-23T00:00:00,PROD_147,96.82,DEV_N_719,ADDR_N_719,COMPLETED,0,0.0,LOW
ORD_ACC_N_720_8,ACC_N_720,2026-08-06T00:00:00,PROD_132,277.06,DEV_N_719,ADDR_N_719,COMPLETED,0,0.0,LOW
ORD_ACC_N_720_9,ACC_N_720,2026-08-22T00:00:00,PROD_131,349.77,DEV_N_719,ADDR_N_719,COMPLETED,0,0.0,LOW
ORD_ACC_N_721_0,ACC_N_721,2026-06-05T00:00:00,PROD_139,332.18,DEV_N_721,ADDR_N_721,COMPLETED,0,0.0,LOW
ORD_ACC_N_721_1,ACC_N_721,2026-02-17T00:00:00,PROD_112,478.21,DEV_N_721,ADDR_N_721,REFUNDED,1,0.0,LOW
ORD_ACC_N_721_2,ACC_N_721,2025-11-11T00:00:00,PROD_147,403.82,DEV_N_721,ADDR_N_721,COMPLETED,0,0.0,LOW
ORD_ACC_N_721_3,ACC_N_721,2026-08-26T00:00:00,PROD_142,185.73,DEV_N_721,ADDR_N_721,COMPLETED,0,0.0,LOW
ORD_ACC_N_721_4,ACC_N_721,2025-12-22T00:00:00,PROD_140,82.16,DEV_N_721,ADDR_N_721,COMPLETED,0,0.0,LOW
ORD_ACC_N_721_5,ACC_N_721,2026-08-06T00:00:00,PROD_101,357.66,DEV_N_721,ADDR_N_721,COMPLETED,0,0.0,LOW
ORD_ACC_N_721_6,ACC_N_721,2025-10-05T00:00:00,PROD_117,337.28,DEV_N_721,ADDR_N_721,COMPLETED,0,0.0,LOW
ORD_ACC_N_722_0,ACC_N_722,2026-04-27T00:00:00,PROD_112,372.81,DEV_N_722,ADDR_N_722,COMPLETED,0,0.0,LOW
ORD_ACC_N_722_1,ACC_N_722,2026-05-05T00:00:00,PROD_122,470.85,DEV_N_722,ADDR_N_722,COMPLETED,0,0.0,LOW
ORD_ACC_N_722_2,ACC_N_722,2026-06-17T00:00:00,PROD_102,180.65,DEV_N_722,ADDR_N_722,COMPLETED,0,0.0,LOW
ORD_ACC_N_722_3,ACC_N_722,2026-03-11T00:00:00,PROD_141,498.01,DEV_N_722,ADDR_N_722,COMPLETED,0,0.0,LOW
ORD_ACC_N_722_4,ACC_N_722,2026-03-04T00:00:00,PROD_133,466.28,DEV_N_722,ADDR_N_722,COMPLETED,0,0.0,LOW
ORD_ACC_N_722_5,ACC_N_722,2026-08-27T00:00:00,PROD_135,406.89,DEV_N_722,ADDR_N_722,REFUNDED,1,0.0,LOW
ORD_ACC_N_722_6,ACC_N_722,2026-07-16T00:00:00,PROD_122,145.83,DEV_N_722,ADDR_N_722,COMPLETED,0,0.0,LOW
ORD_ACC_N_722_7,ACC_N_722,2026-05-01T00:00:00,PROD_125,146.48,DEV_N_722,ADDR_N_722,COMPLETED,0,0.0,LOW
ORD_ACC_N_722_8,ACC_N_722,2026-06-05T00:00:00,PROD_116,40.0,DEV_N_722,ADDR_N_722,COMPLETED,0,0.0,LOW
ORD_ACC_N_722_9,ACC_N_722,2026-03-22T00:00:00,PROD_132,261.28,DEV_N_722,ADDR_N_722,COMPLETED,0,0.0,LOW
ORD_ACC_N_723_0,ACC_N_723,2026-03-08T00:00:00,PROD_124,144.6,DEV_N_723,ADDR_N_723,REFUNDED,1,0.0,LOW
ORD_ACC_N_723_1,ACC_N_723,2026-05-13T00:00:00,PROD_135,406.52,DEV_N_723,ADDR_N_723,COMPLETED,0,0.0,LOW
ORD_ACC_N_723_2,ACC_N_723,2026-04-18T00:00:00,PROD_146,264.16,DEV_N_723,ADDR_N_723,COMPLETED,0,0.0,LOW
ORD_ACC_N_723_3,ACC_N_723,2026-06-04T00:00:00,PROD_139,224.27,DEV_N_723,ADDR_N_723,COMPLETED,0,0.0,LOW
ORD_ACC_N_723_4,ACC_N_723,2026-01-31T00:00:00,PROD_142,134.07,DEV_N_723,ADDR_N_723,COMPLETED,0,0.0,LOW
ORD_ACC_N_723_5,ACC_N_723,2026-05-17T00:00:00,PROD_108,330.63,DEV_N_723,ADDR_N_723,COMPLETED,0,0.0,LOW
ORD_ACC_N_723_6,ACC_N_723,2026-08-26T00:00:00,PROD_146,444.67,DEV_N_723,ADDR_N_723,COMPLETED,0,0.0,LOW
ORD_ACC_N_724_0,ACC_N_724,2026-08-27T00:00:00,PROD_137,462.61,DEV_N_724,ADDR_N_724,COMPLETED,0,0.0,LOW
ORD_ACC_N_724_1,ACC_N_724,2026-01-15T00:00:00,PROD_136,453.22,DEV_N_724,ADDR_N_724,COMPLETED,0,0.0,LOW
ORD_ACC_N_724_2,ACC_N_724,2026-08-24T00:00:00,PROD_121,122.87,DEV_N_724,ADDR_N_724,REFUNDED,1,0.0,LOW
ORD_ACC_N_724_3,ACC_N_724,2025-12-08T00:00:00,PROD_120,301.69,DEV_N_724,ADDR_N_724,COMPLETED,0,0.0,LOW
ORD_ACC_N_724_4,ACC_N_724,2025-11-18T00:00:00,PROD_118,100.87,DEV_N_724,ADDR_N_724,COMPLETED,0,0.0,LOW
ORD_ACC_N_724_5,ACC_N_724,2026-07-25T00:00:00,PROD_116,302.78,DEV_N_724,ADDR_N_724,COMPLETED,0,0.0,LOW
ORD_ACC_N_724_6,ACC_N_724,2025-11-16T00:00:00,PROD_114,370.92,DEV_N_724,ADDR_N_724,COMPLETED,0,0.0,LOW
ORD_ACC_N_725_0,ACC_N_725,2026-04-10T00:00:00,PROD_105,134.9,DEV_N_725,ADDR_N_725,COMPLETED,0,0.0,LOW
ORD_ACC_N_725_1,ACC_N_725,2026-05-02T00:00:00,PROD_136,123.23,DEV_N_725,ADDR_N_725,COMPLETED,0,0.0,LOW
ORD_ACC_N_725_2,ACC_N_725,2026-02-26T00:00:00,PROD_125,126.11,DEV_N_725,ADDR_N_725,COMPLETED,0,0.0,LOW
ORD_ACC_N_726_0,ACC_N_726,2026-08-23T00:00:00,PROD_133,142.81,DEV_N_726,ADDR_N_726,COMPLETED,0,0.0,LOW
ORD_ACC_N_726_1,ACC_N_726,2026-08-18T00:00:00,PROD_126,320.86,DEV_N_726,ADDR_N_726,COMPLETED,0,0.0,LOW
ORD_ACC_N_726_2,ACC_N_726,2026-08-25T00:00:00,PROD_110,350.61,DEV_N_726,ADDR_N_726,COMPLETED,0,0.0,LOW
ORD_ACC_N_726_3,ACC_N_726,2026-08-19T00:00:00,PROD_142,338.5,DEV_N_726,ADDR_N_726,COMPLETED,0,0.0,LOW
ORD_ACC_N_726_4,ACC_N_726,2026-08-18T00:00:00,PROD_110,445.23,DEV_N_726,ADDR_N_726,COMPLETED,0,0.0,LOW
ORD_ACC_N_726_5,ACC_N_726,2026-08-31T00:00:00,PROD_113,384.87,DEV_N_726,ADDR_N_726,COMPLETED,0,0.0,LOW
ORD_ACC_N_726_6,ACC_N_726,2026-08-28T00:00:00,PROD_132,199.29,DEV_N_726,ADDR_N_726,REFUNDED,1,0.0,LOW
ORD_ACC_N_726_7,ACC_N_726,2026-08-25T00:00:00,PROD_127,276.89,DEV_N_726,ADDR_N_726,COMPLETED,0,0.0,LOW
ORD_ACC_N_726_8,ACC_N_726,2026-08-25T00:00:00,PROD_139,326.79,DEV_N_726,ADDR_N_726,COMPLETED,0,0.0,LOW
ORD_ACC_N_726_9,ACC_N_726,2026-08-27T00:00:00,PROD_130,175.49,DEV_N_726,ADDR_N_726,COMPLETED,0,0.0,LOW
ORD_ACC_N_726_10,ACC_N_726,2026-08-20T00:00:00,PROD_136,154.75,DEV_N_726,ADDR_N_726,COMPLETED,0,0.0,LOW
ORD_ACC_N_726_11,ACC_N_726,2026-08-26T00:00:00,PROD_140,90.35,DEV_N_726,ADDR_N_726,COMPLETED,0,0.0,LOW
ORD_ACC_N_726_12,ACC_N_726,2026-08-30T00:00:00,PROD_122,470.06,DEV_N_726,ADDR_N_726,COMPLETED,0,0.0,LOW
ORD_ACC_N_727_0,ACC_N_727,2026-06-11T00:00:00,PROD_131,463.41,DEV_N_727,ADDR_N_727,COMPLETED,0,0.0,LOW
ORD_ACC_N_727_1,ACC_N_727,2025-11-29T00:00:00,PROD_105,360.1,DEV_N_727,ADDR_N_727,COMPLETED,0,0.0,LOW
ORD_ACC_N_727_2,ACC_N_727,2026-04-04T00:00:00,PROD_110,485.95,DEV_N_727,ADDR_N_727,COMPLETED,0,0.0,LOW
ORD_ACC_N_727_3,ACC_N_727,2026-01-16T00:00:00,PROD_147,175.15,DEV_N_727,ADDR_N_727,COMPLETED,0,0.0,LOW
ORD_ACC_N_727_4,ACC_N_727,2025-10-20T00:00:00,PROD_121,317.03,DEV_N_727,ADDR_N_727,COMPLETED,0,0.0,LOW
ORD_ACC_N_727_5,ACC_N_727,2026-04-16T00:00:00,PROD_120,314.3,DEV_N_727,ADDR_N_727,COMPLETED,0,0.0,LOW
ORD_ACC_N_727_6,ACC_N_727,2026-03-01T00:00:00,PROD_107,393.75,DEV_N_727,ADDR_N_727,COMPLETED,0,0.0,LOW
ORD_ACC_N_727_7,ACC_N_727,2026-02-06T00:00:00,PROD_115,231.49,DEV_N_727,ADDR_N_727,COMPLETED,0,0.0,LOW
ORD_ACC_N_727_8,ACC_N_727,2026-08-06T00:00:00,PROD_147,291.55,DEV_N_727,ADDR_N_727,COMPLETED,0,0.0,LOW
ORD_ACC_N_727_9,ACC_N_727,2026-05-29T00:00:00,PROD_112,49.29,DEV_N_727,ADDR_N_727,COMPLETED,0,0.0,LOW
ORD_ACC_N_727_10,ACC_N_727,2026-07-19T00:00:00,PROD_130,384.13,DEV_N_727,ADDR_N_727,COMPLETED,0,0.0,LOW
ORD_ACC_N_728_0,ACC_N_728,2026-07-27T00:00:00,PROD_148,89.4,DEV_N_728,ADDR_N_728,COMPLETED,0,0.0,LOW
ORD_ACC_N_728_1,ACC_N_728,2026-05-28T00:00:00,PROD_138,123.18,DEV_N_728,ADDR_N_728,COMPLETED,0,0.0,LOW
ORD_ACC_N_728_2,ACC_N_728,2026-07-01T00:00:00,PROD_136,203.15,DEV_N_728,ADDR_N_728,COMPLETED,0,0.0,LOW
ORD_ACC_N_728_3,ACC_N_728,2026-07-30T00:00:00,PROD_105,229.23,DEV_N_728,ADDR_N_728,COMPLETED,0,0.0,LOW
ORD_ACC_N_728_4,ACC_N_728,2026-08-27T00:00:00,PROD_112,151.81,DEV_N_728,ADDR_N_728,COMPLETED,0,0.0,LOW
ORD_ACC_N_728_5,ACC_N_728,2026-06-22T00:00:00,PROD_121,22.4,DEV_N_728,ADDR_N_728,COMPLETED,0,0.0,LOW
ORD_ACC_N_728_6,ACC_N_728,2026-07-06T00:00:00,PROD_133,378.92,DEV_N_728,ADDR_N_728,COMPLETED,0,0.0,LOW
ORD_ACC_N_728_7,ACC_N_728,2026-07-11T00:00:00,PROD_122,493.65,DEV_N_728,ADDR_N_728,COMPLETED,0,0.0,LOW
ORD_ACC_N_728_8,ACC_N_728,2026-07-29T00:00:00,PROD_122,150.83,DEV_N_728,ADDR_N_728,COMPLETED,0,0.0,LOW
ORD_ACC_N_728_9,ACC_N_728,2026-06-18T00:00:00,PROD_139,94.04,DEV_N_728,ADDR_N_728,COMPLETED,0,0.0,LOW
ORD_ACC_N_728_10,ACC_N_728,2026-06-30T00:00:00,PROD_125,430.78,DEV_N_728,ADDR_N_728,COMPLETED,0,0.0,LOW
ORD_ACC_N_728_11,ACC_N_728,2026-06-29T00:00:00,PROD_147,85.3,DEV_N_728,ADDR_N_728,COMPLETED,0,0.0,LOW
ORD_ACC_N_728_12,ACC_N_728,2026-07-12T00:00:00,PROD_119,464.09,DEV_N_728,ADDR_N_728,COMPLETED,0,0.0,LOW
ORD_ACC_N_728_13,ACC_N_728,2026-06-19T00:00:00,PROD_109,50.22,DEV_N_728,ADDR_N_728,COMPLETED,0,0.0,LOW
ORD_ACC_N_728_14,ACC_N_728,2026-07-18T00:00:00,PROD_143,216.21,DEV_N_728,ADDR_N_728,COMPLETED,0,0.0,LOW
ORD_ACC_N_729_0,ACC_N_729,2026-08-10T00:00:00,PROD_122,101.94,DEV_N_729,ADDR_N_729,COMPLETED,0,0.0,LOW
ORD_ACC_N_729_1,ACC_N_729,2026-05-12T00:00:00,PROD_143,287.4,DEV_N_729,ADDR_N_729,COMPLETED,0,0.0,LOW
ORD_ACC_N_729_2,ACC_N_729,2026-01-11T00:00:00,PROD_108,183.29,DEV_N_729,ADDR_N_729,COMPLETED,0,0.0,LOW
ORD_ACC_N_729_3,ACC_N_729,2026-06-11T00:00:00,PROD_113,205.41,DEV_N_729,ADDR_N_729,COMPLETED,0,0.0,LOW
ORD_ACC_N_729_4,ACC_N_729,2026-02-23T00:00:00,PROD_117,210.88,DEV_N_729,ADDR_N_729,COMPLETED,0,0.0,LOW
ORD_ACC_N_729_5,ACC_N_729,2026-02-10T00:00:00,PROD_149,21.21,DEV_N_729,ADDR_N_729,COMPLETED,0,0.0,LOW
ORD_ACC_N_730_0,ACC_N_730,2026-03-09T00:00:00,PROD_136,59.45,DEV_N_729,ADDR_N_729,COMPLETED,0,0.0,LOW
ORD_ACC_N_730_1,ACC_N_730,2026-07-11T00:00:00,PROD_130,311.43,DEV_N_729,ADDR_N_729,COMPLETED,0,0.0,LOW
ORD_ACC_N_730_2,ACC_N_730,2026-02-23T00:00:00,PROD_144,52.89,DEV_N_729,ADDR_N_729,COMPLETED,0,0.0,LOW
ORD_ACC_N_730_3,ACC_N_730,2026-03-31T00:00:00,PROD_149,66.07,DEV_N_729,ADDR_N_729,COMPLETED,0,0.0,LOW
ORD_ACC_N_730_4,ACC_N_730,2026-03-11T00:00:00,PROD_117,118.88,DEV_N_729,ADDR_N_729,COMPLETED,0,0.0,LOW
ORD_ACC_N_730_5,ACC_N_730,2026-06-01T00:00:00,PROD_115,269.61,DEV_N_729,ADDR_N_729,COMPLETED,0,0.0,LOW
ORD_ACC_N_730_6,ACC_N_730,2026-03-12T00:00:00,PROD_128,338.22,DEV_N_729,ADDR_N_729,COMPLETED,0,0.0,LOW
ORD_ACC_N_730_7,ACC_N_730,2026-01-21T00:00:00,PROD_137,188.24,DEV_N_729,ADDR_N_729,COMPLETED,0,0.0,LOW
ORD_ACC_N_730_8,ACC_N_730,2025-12-28T00:00:00,PROD_146,29.0,DEV_N_729,ADDR_N_729,COMPLETED,0,0.0,LOW
ORD_ACC_N_730_9,ACC_N_730,2026-04-19T00:00:00,PROD_140,331.35,DEV_N_729,ADDR_N_729,COMPLETED,0,0.0,LOW
ORD_ACC_N_730_10,ACC_N_730,2026-05-10T00:00:00,PROD_130,492.32,DEV_N_729,ADDR_N_729,COMPLETED,0,0.0,LOW
ORD_ACC_N_730_11,ACC_N_730,2026-07-10T00:00:00,PROD_136,181.42,DEV_N_729,ADDR_N_729,COMPLETED,0,0.0,LOW
ORD_ACC_N_730_12,ACC_N_730,2026-06-20T00:00:00,PROD_117,368.44,DEV_N_729,ADDR_N_729,COMPLETED,0,0.0,LOW
ORD_ACC_N_730_13,ACC_N_730,2026-08-04T00:00:00,PROD_144,253.7,DEV_N_729,ADDR_N_729,COMPLETED,0,0.0,LOW
ORD_ACC_N_731_0,ACC_N_731,2026-08-03T00:00:00,PROD_129,185.97,DEV_N_731,ADDR_N_731,COMPLETED,0,0.0,LOW
ORD_ACC_N_731_1,ACC_N_731,2026-07-31T00:00:00,PROD_107,497.17,DEV_N_731,ADDR_N_731,COMPLETED,0,0.0,LOW
ORD_ACC_N_731_2,ACC_N_731,2026-06-07T00:00:00,PROD_114,328.86,DEV_N_731,ADDR_N_731,COMPLETED,0,0.0,LOW
ORD_ACC_N_731_3,ACC_N_731,2026-03-27T00:00:00,PROD_104,481.25,DEV_N_731,ADDR_N_731,COMPLETED,0,0.0,LOW
ORD_ACC_N_731_4,ACC_N_731,2026-04-16T00:00:00,PROD_123,252.2,DEV_N_731,ADDR_N_731,COMPLETED,0,0.0,LOW
ORD_ACC_N_731_5,ACC_N_731,2026-04-25T00:00:00,PROD_114,181.65,DEV_N_731,ADDR_N_731,COMPLETED,0,0.0,LOW
ORD_ACC_N_731_6,ACC_N_731,2026-06-23T00:00:00,PROD_131,331.12,DEV_N_731,ADDR_N_731,COMPLETED,0,0.0,LOW
ORD_ACC_N_731_7,ACC_N_731,2026-08-07T00:00:00,PROD_141,208.88,DEV_N_731,ADDR_N_731,COMPLETED,0,0.0,LOW
ORD_ACC_N_731_8,ACC_N_731,2026-05-04T00:00:00,PROD_109,122.72,DEV_N_731,ADDR_N_731,COMPLETED,0,0.0,LOW
ORD_ACC_N_731_9,ACC_N_731,2026-07-25T00:00:00,PROD_122,277.48,DEV_N_731,ADDR_N_731,COMPLETED,0,0.0,LOW
ORD_ACC_N_731_10,ACC_N_731,2026-08-27T00:00:00,PROD_137,420.32,DEV_N_731,ADDR_N_731,COMPLETED,0,0.0,LOW
ORD_ACC_N_731_11,ACC_N_731,2026-04-29T00:00:00,PROD_131,378.48,DEV_N_731,ADDR_N_731,COMPLETED,0,0.0,LOW
ORD_ACC_N_731_12,ACC_N_731,2026-04-25T00:00:00,PROD_102,66.91,DEV_N_731,ADDR_N_731,COMPLETED,0,0.0,LOW
ORD_ACC_N_731_13,ACC_N_731,2026-04-18T00:00:00,PROD_140,391.24,DEV_N_731,ADDR_N_731,COMPLETED,0,0.0,LOW
ORD_ACC_N_732_0,ACC_N_732,2026-08-10T00:00:00,PROD_141,134.4,DEV_N_732,ADDR_N_732,COMPLETED,0,0.0,LOW
ORD_ACC_N_732_1,ACC_N_732,2026-07-06T00:00:00,PROD_106,20.9,DEV_N_732,ADDR_N_732,REFUNDED,1,0.0,LOW
ORD_ACC_N_732_2,ACC_N_732,2026-05-20T00:00:00,PROD_140,304.59,DEV_N_732,ADDR_N_732,COMPLETED,0,0.0,LOW
ORD_ACC_N_732_3,ACC_N_732,2026-07-30T00:00:00,PROD_137,370.18,DEV_N_732,ADDR_N_732,COMPLETED,0,0.0,LOW
ORD_ACC_N_732_4,ACC_N_732,2026-05-31T00:00:00,PROD_115,408.49,DEV_N_732,ADDR_N_732,COMPLETED,0,0.0,LOW
ORD_ACC_N_732_5,ACC_N_732,2026-08-16T00:00:00,PROD_136,286.87,DEV_N_732,ADDR_N_732,COMPLETED,0,0.0,LOW
ORD_ACC_N_732_6,ACC_N_732,2026-08-26T00:00:00,PROD_118,268.74,DEV_N_732,ADDR_N_732,COMPLETED,0,0.0,LOW
ORD_ACC_N_733_0,ACC_N_733,2026-07-31T00:00:00,PROD_124,241.51,DEV_N_733,ADDR_N_733,COMPLETED,0,0.0,LOW
ORD_ACC_N_734_0,ACC_N_734,2026-08-17T00:00:00,PROD_142,187.01,DEV_N_734,ADDR_N_734,COMPLETED,0,0.01,LOW
ORD_ACC_N_734_1,ACC_N_734,2026-08-28T00:00:00,PROD_124,230.4,DEV_N_734,ADDR_N_734,REFUNDED,1,0.01,LOW
ORD_ACC_N_735_0,ACC_N_735,2025-11-10T00:00:00,PROD_144,36.05,DEV_N_735,ADDR_N_735,COMPLETED,0,0.0,LOW
ORD_ACC_N_735_1,ACC_N_735,2026-06-01T00:00:00,PROD_143,473.2,DEV_N_735,ADDR_N_735,COMPLETED,0,0.0,LOW
ORD_ACC_N_735_2,ACC_N_735,2026-02-09T00:00:00,PROD_147,453.86,DEV_N_735,ADDR_N_735,COMPLETED,0,0.0,LOW
ORD_ACC_N_735_3,ACC_N_735,2025-11-08T00:00:00,PROD_135,409.0,DEV_N_735,ADDR_N_735,COMPLETED,0,0.0,LOW
ORD_ACC_N_735_4,ACC_N_735,2026-01-26T00:00:00,PROD_122,233.68,DEV_N_735,ADDR_N_735,COMPLETED,0,0.0,LOW
ORD_ACC_N_736_0,ACC_N_736,2026-07-01T00:00:00,PROD_122,196.65,DEV_N_736,ADDR_N_736,COMPLETED,0,0.0,LOW
ORD_ACC_N_736_1,ACC_N_736,2026-04-01T00:00:00,PROD_129,215.61,DEV_N_736,ADDR_N_736,COMPLETED,0,0.0,LOW
ORD_ACC_N_736_2,ACC_N_736,2026-07-28T00:00:00,PROD_149,276.31,DEV_N_736,ADDR_N_736,COMPLETED,0,0.0,LOW
ORD_ACC_N_736_3,ACC_N_736,2026-07-08T00:00:00,PROD_106,130.63,DEV_N_736,ADDR_N_736,COMPLETED,0,0.0,LOW
ORD_ACC_N_736_4,ACC_N_736,2026-03-28T00:00:00,PROD_103,23.5,DEV_N_736,ADDR_N_736,COMPLETED,0,0.0,LOW
ORD_ACC_N_736_5,ACC_N_736,2026-05-04T00:00:00,PROD_131,457.17,DEV_N_736,ADDR_N_736,COMPLETED,0,0.0,LOW
ORD_ACC_N_736_6,ACC_N_736,2026-03-27T00:00:00,PROD_143,128.82,DEV_N_736,ADDR_N_736,COMPLETED,0,0.0,LOW
ORD_ACC_N_736_7,ACC_N_736,2026-06-12T00:00:00,PROD_136,250.3,DEV_N_736,ADDR_N_736,COMPLETED,0,0.0,LOW
ORD_ACC_N_737_0,ACC_N_737,2026-02-03T00:00:00,PROD_117,444.53,DEV_N_737,ADDR_N_737,COMPLETED,0,0.0,LOW
ORD_ACC_N_737_1,ACC_N_737,2026-08-26T00:00:00,PROD_142,114.09,DEV_N_737,ADDR_N_737,COMPLETED,0,0.0,LOW
ORD_ACC_N_737_2,ACC_N_737,2026-03-14T00:00:00,PROD_146,44.74,DEV_N_737,ADDR_N_737,COMPLETED,0,0.0,LOW
ORD_ACC_N_737_3,ACC_N_737,2026-02-07T00:00:00,PROD_123,194.82,DEV_N_737,ADDR_N_737,COMPLETED,0,0.0,LOW
ORD_ACC_N_737_4,ACC_N_737,2026-02-04T00:00:00,PROD_132,93.62,DEV_N_737,ADDR_N_737,COMPLETED,0,0.0,LOW
ORD_ACC_N_737_5,ACC_N_737,2026-01-26T00:00:00,PROD_142,184.5,DEV_N_737,ADDR_N_737,COMPLETED,0,0.0,LOW
ORD_ACC_N_737_6,ACC_N_737,2026-07-02T00:00:00,PROD_137,450.52,DEV_N_737,ADDR_N_737,COMPLETED,0,0.0,LOW
ORD_ACC_N_737_7,ACC_N_737,2026-03-03T00:00:00,PROD_132,393.63,DEV_N_737,ADDR_N_737,COMPLETED,0,0.0,LOW
ORD_ACC_N_737_8,ACC_N_737,2026-05-24T00:00:00,PROD_105,226.0,DEV_N_737,ADDR_N_737,COMPLETED,0,0.0,LOW
ORD_ACC_N_737_9,ACC_N_737,2026-03-12T00:00:00,PROD_110,81.64,DEV_N_737,ADDR_N_737,COMPLETED,0,0.0,LOW
ORD_ACC_N_737_10,ACC_N_737,2026-06-25T00:00:00,PROD_110,320.78,DEV_N_737,ADDR_N_737,COMPLETED,0,0.0,LOW
ORD_ACC_N_737_11,ACC_N_737,2026-08-10T00:00:00,PROD_141,463.17,DEV_N_737,ADDR_N_737,COMPLETED,0,0.0,LOW
ORD_ACC_N_737_12,ACC_N_737,2026-04-08T00:00:00,PROD_121,406.89,DEV_N_737,ADDR_N_737,COMPLETED,0,0.0,LOW
ORD_ACC_N_738_0,ACC_N_738,2026-06-11T00:00:00,PROD_140,236.72,DEV_N_738,ADDR_N_738,COMPLETED,0,0.0,LOW
ORD_ACC_N_738_1,ACC_N_738,2026-05-27T00:00:00,PROD_111,459.06,DEV_N_738,ADDR_N_738,COMPLETED,0,0.0,LOW
ORD_ACC_N_738_2,ACC_N_738,2026-06-11T00:00:00,PROD_107,154.48,DEV_N_738,ADDR_N_738,COMPLETED,0,0.0,LOW
ORD_ACC_N_738_3,ACC_N_738,2026-08-07T00:00:00,PROD_142,402.7,DEV_N_738,ADDR_N_738,COMPLETED,0,0.0,LOW
ORD_ACC_N_738_4,ACC_N_738,2026-08-10T00:00:00,PROD_112,122.64,DEV_N_738,ADDR_N_738,COMPLETED,0,0.0,LOW
ORD_ACC_N_738_5,ACC_N_738,2026-08-27T00:00:00,PROD_113,349.83,DEV_N_738,ADDR_N_738,COMPLETED,0,0.0,LOW
ORD_ACC_N_738_6,ACC_N_738,2026-03-19T00:00:00,PROD_137,328.86,DEV_N_738,ADDR_N_738,COMPLETED,0,0.0,LOW
ORD_ACC_N_739_0,ACC_N_739,2026-02-28T00:00:00,PROD_106,225.84,DEV_N_739,ADDR_N_739,COMPLETED,0,0.0,LOW
ORD_ACC_N_739_1,ACC_N_739,2026-02-13T00:00:00,PROD_105,450.95,DEV_N_739,ADDR_N_739,COMPLETED,0,0.0,LOW
ORD_ACC_N_739_2,ACC_N_739,2026-05-26T00:00:00,PROD_104,341.97,DEV_N_739,ADDR_N_739,COMPLETED,0,0.0,LOW
ORD_ACC_N_739_3,ACC_N_739,2026-03-15T00:00:00,PROD_120,270.67,DEV_N_739,ADDR_N_739,COMPLETED,0,0.0,LOW
ORD_ACC_N_739_4,ACC_N_739,2026-08-16T00:00:00,PROD_128,451.71,DEV_N_739,ADDR_N_739,COMPLETED,0,0.0,LOW
ORD_ACC_N_739_5,ACC_N_739,2026-04-15T00:00:00,PROD_112,119.39,DEV_N_739,ADDR_N_739,COMPLETED,0,0.0,LOW
ORD_ACC_N_739_6,ACC_N_739,2026-04-23T00:00:00,PROD_118,251.21,DEV_N_739,ADDR_N_739,COMPLETED,0,0.0,LOW
ORD_ACC_N_739_7,ACC_N_739,2026-01-11T00:00:00,PROD_100,251.79,DEV_N_739,ADDR_N_739,COMPLETED,0,0.0,LOW
ORD_ACC_N_739_8,ACC_N_739,2026-03-15T00:00:00,PROD_134,339.21,DEV_N_739,ADDR_N_739,COMPLETED,0,0.0,LOW
ORD_ACC_N_739_9,ACC_N_739,2026-02-14T00:00:00,PROD_138,243.22,DEV_N_739,ADDR_N_739,COMPLETED,0,0.0,LOW
ORD_ACC_N_739_10,ACC_N_739,2026-08-31T00:00:00,PROD_144,251.93,DEV_N_739,ADDR_N_739,COMPLETED,0,0.0,LOW
ORD_ACC_N_739_11,ACC_N_739,2026-03-22T00:00:00,PROD_131,219.7,DEV_N_739,ADDR_N_739,COMPLETED,0,0.0,LOW
ORD_ACC_N_739_12,ACC_N_739,2026-08-21T00:00:00,PROD_133,155.33,DEV_N_739,ADDR_N_739,COMPLETED,0,0.0,LOW
ORD_ACC_N_739_13,ACC_N_739,2026-04-10T00:00:00,PROD_132,43.68,DEV_N_739,ADDR_N_739,COMPLETED,0,0.0,LOW
ORD_ACC_N_740_0,ACC_N_740,2026-08-09T00:00:00,PROD_110,128.57,DEV_N_739,ADDR_N_739,COMPLETED,0,0.0,LOW
ORD_ACC_N_740_1,ACC_N_740,2026-04-01T00:00:00,PROD_116,334.08,DEV_N_739,ADDR_N_739,COMPLETED,0,0.0,LOW
ORD_ACC_N_740_2,ACC_N_740,2026-01-24T00:00:00,PROD_139,244.29,DEV_N_739,ADDR_N_739,COMPLETED,0,0.0,LOW
ORD_ACC_N_740_3,ACC_N_740,2026-02-07T00:00:00,PROD_143,37.76,DEV_N_739,ADDR_N_739,COMPLETED,0,0.0,LOW
ORD_ACC_N_741_0,ACC_N_741,2026-08-21T00:00:00,PROD_136,205.71,DEV_N_741,ADDR_N_741,COMPLETED,0,0.0,LOW
ORD_ACC_N_741_1,ACC_N_741,2025-11-15T00:00:00,PROD_141,365.27,DEV_N_741,ADDR_N_741,COMPLETED,0,0.0,LOW
ORD_ACC_N_741_2,ACC_N_741,2026-05-06T00:00:00,PROD_142,163.22,DEV_N_741,ADDR_N_741,COMPLETED,0,0.0,LOW
ORD_ACC_N_741_3,ACC_N_741,2025-10-30T00:00:00,PROD_135,236.3,DEV_N_741,ADDR_N_741,COMPLETED,0,0.0,LOW
ORD_ACC_N_741_4,ACC_N_741,2026-02-21T00:00:00,PROD_125,288.15,DEV_N_741,ADDR_N_741,COMPLETED,0,0.0,LOW
ORD_ACC_N_741_5,ACC_N_741,2026-06-20T00:00:00,PROD_100,298.2,DEV_N_741,ADDR_N_741,COMPLETED,0,0.0,LOW
ORD_ACC_N_741_6,ACC_N_741,2026-04-12T00:00:00,PROD_115,104.07,DEV_N_741,ADDR_N_741,COMPLETED,0,0.0,LOW
ORD_ACC_N_741_7,ACC_N_741,2025-10-29T00:00:00,PROD_146,139.5,DEV_N_741,ADDR_N_741,COMPLETED,0,0.0,LOW
ORD_ACC_N_741_8,ACC_N_741,2026-03-10T00:00:00,PROD_100,477.25,DEV_N_741,ADDR_N_741,COMPLETED,0,0.0,LOW
ORD_ACC_N_741_9,ACC_N_741,2026-06-03T00:00:00,PROD_148,74.28,DEV_N_741,ADDR_N_741,COMPLETED,0,0.0,LOW
ORD_ACC_N_741_10,ACC_N_741,2025-11-23T00:00:00,PROD_117,359.76,DEV_N_741,ADDR_N_741,COMPLETED,0,0.0,LOW
ORD_ACC_N_742_0,ACC_N_742,2026-08-18T00:00:00,PROD_112,424.66,DEV_N_742,ADDR_N_742,COMPLETED,0,0.0,LOW
ORD_ACC_N_742_1,ACC_N_742,2026-08-23T00:00:00,PROD_119,130.78,DEV_N_742,ADDR_N_742,COMPLETED,0,0.0,LOW
ORD_ACC_N_742_2,ACC_N_742,2026-08-21T00:00:00,PROD_100,422.81,DEV_N_742,ADDR_N_742,COMPLETED,0,0.0,LOW
ORD_ACC_N_743_0,ACC_N_743,2026-07-01T00:00:00,PROD_105,444.99,DEV_N_743,ADDR_N_743,COMPLETED,0,0.0,LOW
ORD_ACC_N_743_1,ACC_N_743,2026-06-13T00:00:00,PROD_136,182.27,DEV_N_743,ADDR_N_743,COMPLETED,0,0.0,LOW
ORD_ACC_N_743_2,ACC_N_743,2026-03-08T00:00:00,PROD_110,358.89,DEV_N_743,ADDR_N_743,COMPLETED,0,0.0,LOW
ORD_ACC_N_743_3,ACC_N_743,2026-06-15T00:00:00,PROD_105,42.6,DEV_N_743,ADDR_N_743,COMPLETED,0,0.0,LOW
ORD_ACC_N_743_4,ACC_N_743,2026-04-14T00:00:00,PROD_121,137.38,DEV_N_743,ADDR_N_743,COMPLETED,0,0.0,LOW
ORD_ACC_N_743_5,ACC_N_743,2026-04-22T00:00:00,PROD_130,476.73,DEV_N_743,ADDR_N_743,COMPLETED,0,0.0,LOW
ORD_ACC_N_743_6,ACC_N_743,2026-04-05T00:00:00,PROD_148,25.73,DEV_N_743,ADDR_N_743,COMPLETED,0,0.0,LOW
ORD_ACC_N_743_7,ACC_N_743,2026-05-07T00:00:00,PROD_105,67.98,DEV_N_743,ADDR_N_743,COMPLETED,0,0.0,LOW
ORD_ACC_N_744_0,ACC_N_744,2026-08-30T00:00:00,PROD_103,185.79,DEV_N_744,ADDR_N_744,COMPLETED,0,0.0,LOW
ORD_ACC_N_744_1,ACC_N_744,2026-08-22T00:00:00,PROD_144,55.38,DEV_N_744,ADDR_N_744,COMPLETED,0,0.0,LOW
ORD_ACC_N_744_2,ACC_N_744,2026-08-31T00:00:00,PROD_116,178.38,DEV_N_744,ADDR_N_744,COMPLETED,0,0.0,LOW
ORD_ACC_N_744_3,ACC_N_744,2026-08-24T00:00:00,PROD_137,385.17,DEV_N_744,ADDR_N_744,COMPLETED,0,0.0,LOW
ORD_ACC_N_745_0,ACC_N_745,2026-07-05T00:00:00,PROD_148,204.89,DEV_N_745,ADDR_N_745,COMPLETED,0,0.0,LOW
ORD_ACC_N_745_1,ACC_N_745,2026-07-04T00:00:00,PROD_129,386.7,DEV_N_745,ADDR_N_745,COMPLETED,0,0.0,LOW
ORD_ACC_N_745_2,ACC_N_745,2026-05-14T00:00:00,PROD_114,49.11,DEV_N_745,ADDR_N_745,COMPLETED,0,0.0,LOW
ORD_ACC_N_745_3,ACC_N_745,2026-07-21T00:00:00,PROD_145,472.04,DEV_N_745,ADDR_N_745,COMPLETED,0,0.0,LOW
ORD_ACC_N_746_0,ACC_N_746,2026-03-22T00:00:00,PROD_105,340.78,DEV_N_746,ADDR_N_746,COMPLETED,0,0.0,LOW
ORD_ACC_N_746_1,ACC_N_746,2026-02-18T00:00:00,PROD_111,133.44,DEV_N_746,ADDR_N_746,COMPLETED,0,0.0,LOW
ORD_ACC_N_746_2,ACC_N_746,2026-04-05T00:00:00,PROD_146,399.8,DEV_N_746,ADDR_N_746,COMPLETED,0,0.0,LOW
ORD_ACC_N_746_3,ACC_N_746,2026-06-07T00:00:00,PROD_116,457.96,DEV_N_746,ADDR_N_746,COMPLETED,0,0.0,LOW
ORD_ACC_N_746_4,ACC_N_746,2026-08-02T00:00:00,PROD_117,394.15,DEV_N_746,ADDR_N_746,COMPLETED,0,0.0,LOW
ORD_ACC_N_746_5,ACC_N_746,2026-01-24T00:00:00,PROD_128,40.73,DEV_N_746,ADDR_N_746,COMPLETED,0,0.0,LOW
ORD_ACC_N_746_6,ACC_N_746,2026-01-28T00:00:00,PROD_122,76.19,DEV_N_746,ADDR_N_746,COMPLETED,0,0.0,LOW
ORD_ACC_N_746_7,ACC_N_746,2026-08-26T00:00:00,PROD_110,431.09,DEV_N_746,ADDR_N_746,COMPLETED,0,0.0,LOW
ORD_ACC_N_746_8,ACC_N_746,2026-08-18T00:00:00,PROD_137,238.41,DEV_N_746,ADDR_N_746,COMPLETED,0,0.0,LOW
ORD_ACC_N_746_9,ACC_N_746,2026-02-03T00:00:00,PROD_130,298.27,DEV_N_746,ADDR_N_746,COMPLETED,0,0.0,LOW
ORD_ACC_N_746_10,ACC_N_746,2026-01-31T00:00:00,PROD_130,76.34,DEV_N_746,ADDR_N_746,COMPLETED,0,0.0,LOW
ORD_ACC_N_747_0,ACC_N_747,2026-06-14T00:00:00,PROD_143,442.93,DEV_N_747,ADDR_N_747,COMPLETED,0,0.0,LOW
ORD_ACC_N_747_1,ACC_N_747,2026-05-16T00:00:00,PROD_136,183.88,DEV_N_747,ADDR_N_747,COMPLETED,0,0.0,LOW
ORD_ACC_N_747_2,ACC_N_747,2026-07-24T00:00:00,PROD_113,99.88,DEV_N_747,ADDR_N_747,COMPLETED,0,0.0,LOW
ORD_ACC_N_747_3,ACC_N_747,2026-04-24T00:00:00,PROD_143,182.17,DEV_N_747,ADDR_N_747,COMPLETED,0,0.0,LOW
ORD_ACC_N_747_4,ACC_N_747,2026-02-18T00:00:00,PROD_132,117.54,DEV_N_747,ADDR_N_747,REFUNDED,1,0.0,LOW
ORD_ACC_N_747_5,ACC_N_747,2026-04-18T00:00:00,PROD_100,431.97,DEV_N_747,ADDR_N_747,COMPLETED,0,0.0,LOW
ORD_ACC_N_747_6,ACC_N_747,2026-05-26T00:00:00,PROD_111,367.31,DEV_N_747,ADDR_N_747,COMPLETED,0,0.0,LOW
ORD_ACC_N_748_0,ACC_N_748,2026-07-29T00:00:00,PROD_135,83.46,DEV_N_748,ADDR_N_748,COMPLETED,0,0.0,LOW
ORD_ACC_N_748_1,ACC_N_748,2026-08-29T00:00:00,PROD_128,319.9,DEV_N_748,ADDR_N_748,COMPLETED,0,0.0,LOW
ORD_ACC_N_748_2,ACC_N_748,2026-08-03T00:00:00,PROD_148,306.15,DEV_N_748,ADDR_N_748,COMPLETED,0,0.0,LOW
ORD_ACC_N_748_3,ACC_N_748,2026-07-26T00:00:00,PROD_109,291.2,DEV_N_748,ADDR_N_748,COMPLETED,0,0.0,LOW
ORD_ACC_N_749_0,ACC_N_749,2026-07-03T00:00:00,PROD_148,302.84,DEV_N_749,ADDR_N_749,COMPLETED,0,0.0,LOW
ORD_ACC_N_749_1,ACC_N_749,2026-08-23T00:00:00,PROD_128,341.64,DEV_N_749,ADDR_N_749,COMPLETED,0,0.0,LOW
ORD_ACC_N_749_2,ACC_N_749,2026-07-17T00:00:00,PROD_126,79.14,DEV_N_749,ADDR_N_749,COMPLETED,0,0.0,LOW
ORD_ACC_N_749_3,ACC_N_749,2026-08-08T00:00:00,PROD_134,337.13,DEV_N_749,ADDR_N_749,REFUNDED,1,0.0,LOW
ORD_ACC_N_749_4,ACC_N_749,2026-08-06T00:00:00,PROD_149,98.7,DEV_N_749,ADDR_N_749,COMPLETED,0,0.0,LOW
ORD_ACC_N_749_5,ACC_N_749,2026-08-25T00:00:00,PROD_137,398.14,DEV_N_749,ADDR_N_749,COMPLETED,0,0.0,LOW
ORD_ACC_N_749_6,ACC_N_749,2026-07-30T00:00:00,PROD_125,154.36,DEV_N_749,ADDR_N_749,REFUNDED,1,0.0,LOW
ORD_ACC_N_749_7,ACC_N_749,2026-06-20T00:00:00,PROD_114,492.76,DEV_N_749,ADDR_N_749,COMPLETED,0,0.0,LOW
ORD_ACC_N_750_0,ACC_N_750,2026-06-04T00:00:00,PROD_128,334.1,DEV_N_749,ADDR_N_749,COMPLETED,0,0.0,LOW
ORD_ACC_N_750_1,ACC_N_750,2026-05-23T00:00:00,PROD_119,175.1,DEV_N_749,ADDR_N_749,COMPLETED,0,0.0,LOW
ORD_ACC_N_750_2,ACC_N_750,2026-07-28T00:00:00,PROD_145,262.81,DEV_N_749,ADDR_N_749,COMPLETED,0,0.0,LOW
ORD_ACC_N_750_3,ACC_N_750,2026-08-23T00:00:00,PROD_116,397.03,DEV_N_749,ADDR_N_749,COMPLETED,0,0.0,LOW
ORD_ACC_N_750_4,ACC_N_750,2026-04-18T00:00:00,PROD_118,445.17,DEV_N_749,ADDR_N_749,COMPLETED,0,0.0,LOW
ORD_ACC_N_750_5,ACC_N_750,2026-05-01T00:00:00,PROD_106,394.34,DEV_N_749,ADDR_N_749,COMPLETED,0,0.0,LOW
ORD_ACC_N_750_6,ACC_N_750,2026-04-05T00:00:00,PROD_133,323.24,DEV_N_749,ADDR_N_749,COMPLETED,0,0.0,LOW
ORD_ACC_N_750_7,ACC_N_750,2026-06-27T00:00:00,PROD_119,100.02,DEV_N_749,ADDR_N_749,COMPLETED,0,0.0,LOW
ORD_ACC_N_750_8,ACC_N_750,2026-04-18T00:00:00,PROD_128,405.04,DEV_N_749,ADDR_N_749,COMPLETED,0,0.0,LOW
ORD_ACC_N_750_9,ACC_N_750,2026-02-18T00:00:00,PROD_123,496.81,DEV_N_749,ADDR_N_749,COMPLETED,0,0.0,LOW
ORD_ACC_N_751_0,ACC_N_751,2026-08-14T00:00:00,PROD_135,432.63,DEV_N_751,ADDR_N_751,COMPLETED,0,0.0,LOW
ORD_ACC_N_751_1,ACC_N_751,2026-08-11T00:00:00,PROD_101,481.08,DEV_N_751,ADDR_N_751,COMPLETED,0,0.0,LOW
ORD_ACC_N_751_2,ACC_N_751,2026-08-30T00:00:00,PROD_108,129.77,DEV_N_751,ADDR_N_751,COMPLETED,0,0.0,LOW
ORD_ACC_N_751_3,ACC_N_751,2026-08-28T00:00:00,PROD_130,139.57,DEV_N_751,ADDR_N_751,COMPLETED,0,0.0,LOW
ORD_ACC_N_751_4,ACC_N_751,2026-08-29T00:00:00,PROD_120,318.29,DEV_N_751,ADDR_N_751,COMPLETED,0,0.0,LOW
ORD_ACC_N_751_5,ACC_N_751,2026-08-19T00:00:00,PROD_137,482.94,DEV_N_751,ADDR_N_751,COMPLETED,0,0.0,LOW
ORD_ACC_N_751_6,ACC_N_751,2026-08-10T00:00:00,PROD_136,83.22,DEV_N_751,ADDR_N_751,COMPLETED,0,0.0,LOW
ORD_ACC_N_751_7,ACC_N_751,2026-08-07T00:00:00,PROD_133,252.34,DEV_N_751,ADDR_N_751,COMPLETED,0,0.0,LOW
ORD_ACC_N_752_0,ACC_N_752,2026-05-21T00:00:00,PROD_110,355.84,DEV_N_752,ADDR_N_752,COMPLETED,0,0.0,LOW
ORD_ACC_N_752_1,ACC_N_752,2026-06-20T00:00:00,PROD_136,193.9,DEV_N_752,ADDR_N_752,COMPLETED,0,0.0,LOW
ORD_ACC_N_752_2,ACC_N_752,2026-07-02T00:00:00,PROD_119,459.54,DEV_N_752,ADDR_N_752,COMPLETED,0,0.0,LOW
ORD_ACC_N_752_3,ACC_N_752,2026-08-17T00:00:00,PROD_148,225.01,DEV_N_752,ADDR_N_752,COMPLETED,0,0.0,LOW
ORD_ACC_N_752_4,ACC_N_752,2026-06-23T00:00:00,PROD_100,287.22,DEV_N_752,ADDR_N_752,REFUNDED,1,0.0,LOW
ORD_ACC_N_752_5,ACC_N_752,2026-08-21T00:00:00,PROD_131,356.76,DEV_N_752,ADDR_N_752,COMPLETED,0,0.0,LOW
ORD_ACC_N_752_6,ACC_N_752,2026-07-19T00:00:00,PROD_101,348.69,DEV_N_752,ADDR_N_752,COMPLETED,0,0.0,LOW
ORD_ACC_N_752_7,ACC_N_752,2026-06-05T00:00:00,PROD_148,96.42,DEV_N_752,ADDR_N_752,COMPLETED,0,0.0,LOW
ORD_ACC_N_752_8,ACC_N_752,2026-08-21T00:00:00,PROD_119,367.12,DEV_N_752,ADDR_N_752,COMPLETED,0,0.0,LOW
ORD_ACC_N_752_9,ACC_N_752,2026-07-28T00:00:00,PROD_131,52.08,DEV_N_752,ADDR_N_752,COMPLETED,0,0.0,LOW
ORD_ACC_N_752_10,ACC_N_752,2026-08-14T00:00:00,PROD_103,336.1,DEV_N_752,ADDR_N_752,COMPLETED,0,0.0,LOW
ORD_ACC_N_752_11,ACC_N_752,2026-07-11T00:00:00,PROD_120,219.23,DEV_N_752,ADDR_N_752,COMPLETED,0,0.0,LOW
ORD_ACC_N_752_12,ACC_N_752,2026-05-24T00:00:00,PROD_143,66.88,DEV_N_752,ADDR_N_752,COMPLETED,0,0.0,LOW
ORD_ACC_N_752_13,ACC_N_752,2026-07-05T00:00:00,PROD_103,141.37,DEV_N_752,ADDR_N_752,COMPLETED,0,0.0,LOW
ORD_ACC_N_753_0,ACC_N_753,2026-04-30T00:00:00,PROD_118,276.59,DEV_N_753,ADDR_N_753,COMPLETED,0,0.0,LOW
ORD_ACC_N_754_0,ACC_N_754,2026-08-30T00:00:00,PROD_131,294.98,DEV_N_754,ADDR_N_754,COMPLETED,0,0.0,LOW
ORD_ACC_N_754_1,ACC_N_754,2026-08-01T00:00:00,PROD_134,350.62,DEV_N_754,ADDR_N_754,COMPLETED,0,0.0,LOW
ORD_ACC_N_754_2,ACC_N_754,2026-07-08T00:00:00,PROD_116,43.51,DEV_N_754,ADDR_N_754,COMPLETED,0,0.0,LOW
ORD_ACC_N_754_3,ACC_N_754,2026-07-05T00:00:00,PROD_108,489.36,DEV_N_754,ADDR_N_754,COMPLETED,0,0.0,LOW
ORD_ACC_N_755_0,ACC_N_755,2026-04-16T00:00:00,PROD_132,375.93,DEV_N_755,ADDR_N_755,COMPLETED,0,0.0,LOW
ORD_ACC_N_755_1,ACC_N_755,2026-01-08T00:00:00,PROD_146,23.34,DEV_N_755,ADDR_N_755,COMPLETED,0,0.0,LOW
ORD_ACC_N_756_0,ACC_N_756,2025-12-20T00:00:00,PROD_130,312.47,DEV_N_756,ADDR_N_756,COMPLETED,0,0.0,LOW
ORD_ACC_N_756_1,ACC_N_756,2026-08-17T00:00:00,PROD_136,316.36,DEV_N_756,ADDR_N_756,COMPLETED,0,0.0,LOW
ORD_ACC_N_756_2,ACC_N_756,2026-08-08T00:00:00,PROD_135,77.2,DEV_N_756,ADDR_N_756,COMPLETED,0,0.0,LOW
ORD_ACC_N_756_3,ACC_N_756,2026-06-28T00:00:00,PROD_136,134.37,DEV_N_756,ADDR_N_756,COMPLETED,0,0.0,LOW
ORD_ACC_N_756_4,ACC_N_756,2026-08-30T00:00:00,PROD_112,419.04,DEV_N_756,ADDR_N_756,COMPLETED,0,0.0,LOW
ORD_ACC_N_756_5,ACC_N_756,2026-03-10T00:00:00,PROD_106,262.65,DEV_N_756,ADDR_N_756,COMPLETED,0,0.0,LOW
ORD_ACC_N_756_6,ACC_N_756,2025-11-30T00:00:00,PROD_123,483.04,DEV_N_756,ADDR_N_756,COMPLETED,0,0.0,LOW
ORD_ACC_N_757_0,ACC_N_757,2026-07-08T00:00:00,PROD_141,424.31,DEV_N_757,ADDR_N_757,COMPLETED,0,0.0,LOW
ORD_ACC_N_757_1,ACC_N_757,2026-08-21T00:00:00,PROD_101,155.56,DEV_N_757,ADDR_N_757,COMPLETED,0,0.0,LOW
ORD_ACC_N_758_0,ACC_N_758,2026-05-06T00:00:00,PROD_119,165.3,DEV_N_758,ADDR_N_758,COMPLETED,0,0.0,LOW
ORD_ACC_N_758_1,ACC_N_758,2026-06-16T00:00:00,PROD_115,289.42,DEV_N_758,ADDR_N_758,COMPLETED,0,0.0,LOW
ORD_ACC_N_758_2,ACC_N_758,2026-05-18T00:00:00,PROD_138,96.06,DEV_N_758,ADDR_N_758,COMPLETED,0,0.0,LOW
ORD_ACC_N_758_3,ACC_N_758,2026-04-21T00:00:00,PROD_104,464.32,DEV_N_758,ADDR_N_758,COMPLETED,0,0.0,LOW
ORD_ACC_N_758_4,ACC_N_758,2026-06-16T00:00:00,PROD_130,333.5,DEV_N_758,ADDR_N_758,COMPLETED,0,0.0,LOW
ORD_ACC_N_758_5,ACC_N_758,2026-07-02T00:00:00,PROD_145,384.67,DEV_N_758,ADDR_N_758,COMPLETED,0,0.0,LOW
ORD_ACC_N_758_6,ACC_N_758,2026-05-01T00:00:00,PROD_119,102.49,DEV_N_758,ADDR_N_758,COMPLETED,0,0.0,LOW
ORD_ACC_N_758_7,ACC_N_758,2026-03-22T00:00:00,PROD_121,166.74,DEV_N_758,ADDR_N_758,COMPLETED,0,0.0,LOW
ORD_ACC_N_758_8,ACC_N_758,2026-03-25T00:00:00,PROD_110,450.43,DEV_N_758,ADDR_N_758,COMPLETED,0,0.0,LOW
ORD_ACC_N_758_9,ACC_N_758,2026-05-27T00:00:00,PROD_125,193.71,DEV_N_758,ADDR_N_758,COMPLETED,0,0.0,LOW
ORD_ACC_N_758_10,ACC_N_758,2026-07-05T00:00:00,PROD_141,449.28,DEV_N_758,ADDR_N_758,COMPLETED,0,0.0,LOW
ORD_ACC_N_758_11,ACC_N_758,2026-07-22T00:00:00,PROD_148,314.42,DEV_N_758,ADDR_N_758,COMPLETED,0,0.0,LOW
ORD_ACC_N_758_12,ACC_N_758,2026-06-23T00:00:00,PROD_141,465.49,DEV_N_758,ADDR_N_758,COMPLETED,0,0.0,LOW
ORD_ACC_N_758_13,ACC_N_758,2026-07-30T00:00:00,PROD_126,160.65,DEV_N_758,ADDR_N_758,COMPLETED,0,0.0,LOW
ORD_ACC_N_759_0,ACC_N_759,2026-08-06T00:00:00,PROD_104,292.46,DEV_N_759,ADDR_N_759,REFUNDED,1,0.0,LOW
ORD_ACC_N_760_0,ACC_N_760,2025-12-30T00:00:00,PROD_110,219.3,DEV_N_759,ADDR_N_759,COMPLETED,0,0.0,LOW
ORD_ACC_N_760_1,ACC_N_760,2026-02-17T00:00:00,PROD_108,353.37,DEV_N_759,ADDR_N_759,COMPLETED,0,0.0,LOW
ORD_ACC_N_760_2,ACC_N_760,2026-02-25T00:00:00,PROD_102,145.62,DEV_N_759,ADDR_N_759,COMPLETED,0,0.0,LOW
ORD_ACC_N_760_3,ACC_N_760,2026-02-01T00:00:00,PROD_138,395.31,DEV_N_759,ADDR_N_759,COMPLETED,0,0.0,LOW
ORD_ACC_N_761_0,ACC_N_761,2026-08-16T00:00:00,PROD_109,457.94,DEV_N_761,ADDR_N_761,COMPLETED,0,0.0,LOW
ORD_ACC_N_761_1,ACC_N_761,2026-07-01T00:00:00,PROD_148,72.19,DEV_N_761,ADDR_N_761,COMPLETED,0,0.0,LOW
ORD_ACC_N_761_2,ACC_N_761,2026-07-15T00:00:00,PROD_104,413.4,DEV_N_761,ADDR_N_761,COMPLETED,0,0.0,LOW
ORD_ACC_N_761_3,ACC_N_761,2026-04-28T00:00:00,PROD_136,480.8,DEV_N_761,ADDR_N_761,COMPLETED,0,0.0,LOW
ORD_ACC_N_761_4,ACC_N_761,2026-08-29T00:00:00,PROD_108,324.38,DEV_N_761,ADDR_N_761,COMPLETED,0,0.0,LOW
ORD_ACC_N_761_5,ACC_N_761,2026-07-05T00:00:00,PROD_133,124.37,DEV_N_761,ADDR_N_761,COMPLETED,0,0.0,LOW
ORD_ACC_N_761_6,ACC_N_761,2026-05-09T00:00:00,PROD_136,404.54,DEV_N_761,ADDR_N_761,COMPLETED,0,0.0,LOW
ORD_ACC_N_761_7,ACC_N_761,2026-06-30T00:00:00,PROD_141,420.35,DEV_N_761,ADDR_N_761,COMPLETED,0,0.0,LOW
ORD_ACC_N_761_8,ACC_N_761,2026-05-17T00:00:00,PROD_130,348.51,DEV_N_761,ADDR_N_761,COMPLETED,0,0.0,LOW
ORD_ACC_N_761_9,ACC_N_761,2026-08-10T00:00:00,PROD_138,491.81,DEV_N_761,ADDR_N_761,COMPLETED,0,0.0,LOW
ORD_ACC_N_761_10,ACC_N_761,2026-07-19T00:00:00,PROD_110,99.76,DEV_N_761,ADDR_N_761,COMPLETED,0,0.0,LOW
ORD_ACC_N_761_11,ACC_N_761,2026-05-04T00:00:00,PROD_120,369.73,DEV_N_761,ADDR_N_761,COMPLETED,0,0.0,LOW
ORD_ACC_N_761_12,ACC_N_761,2026-08-21T00:00:00,PROD_136,365.46,DEV_N_761,ADDR_N_761,COMPLETED,0,0.0,LOW
ORD_ACC_N_761_13,ACC_N_761,2026-08-22T00:00:00,PROD_127,357.52,DEV_N_761,ADDR_N_761,COMPLETED,0,0.0,LOW
ORD_ACC_N_761_14,ACC_N_761,2026-05-07T00:00:00,PROD_141,215.16,DEV_N_761,ADDR_N_761,COMPLETED,0,0.0,LOW
ORD_ACC_N_762_0,ACC_N_762,2026-05-08T00:00:00,PROD_147,261.55,DEV_N_762,ADDR_N_762,COMPLETED,0,0.0,LOW
ORD_ACC_N_762_1,ACC_N_762,2026-06-11T00:00:00,PROD_145,144.71,DEV_N_762,ADDR_N_762,COMPLETED,0,0.0,LOW
ORD_ACC_N_762_2,ACC_N_762,2026-07-17T00:00:00,PROD_139,327.82,DEV_N_762,ADDR_N_762,COMPLETED,0,0.0,LOW
ORD_ACC_N_763_0,ACC_N_763,2026-07-31T00:00:00,PROD_123,372.66,DEV_N_763,ADDR_N_763,COMPLETED,0,0.0,LOW
ORD_ACC_N_763_1,ACC_N_763,2025-11-12T00:00:00,PROD_114,127.82,DEV_N_763,ADDR_N_763,COMPLETED,0,0.0,LOW
ORD_ACC_N_763_2,ACC_N_763,2026-02-08T00:00:00,PROD_113,301.99,DEV_N_763,ADDR_N_763,COMPLETED,0,0.0,LOW
ORD_ACC_N_764_0,ACC_N_764,2026-06-04T00:00:00,PROD_135,186.44,DEV_N_764,ADDR_N_764,COMPLETED,0,0.0,LOW
ORD_ACC_N_764_1,ACC_N_764,2026-07-20T00:00:00,PROD_132,239.2,DEV_N_764,ADDR_N_764,COMPLETED,0,0.0,LOW
ORD_ACC_N_764_2,ACC_N_764,2026-08-03T00:00:00,PROD_114,138.21,DEV_N_764,ADDR_N_764,COMPLETED,0,0.0,LOW
ORD_ACC_N_764_3,ACC_N_764,2026-07-19T00:00:00,PROD_143,139.31,DEV_N_764,ADDR_N_764,COMPLETED,0,0.0,LOW
ORD_ACC_N_764_4,ACC_N_764,2026-08-25T00:00:00,PROD_119,106.78,DEV_N_764,ADDR_N_764,COMPLETED,0,0.0,LOW
ORD_ACC_N_764_5,ACC_N_764,2026-08-09T00:00:00,PROD_116,93.21,DEV_N_764,ADDR_N_764,COMPLETED,0,0.0,LOW
ORD_ACC_N_764_6,ACC_N_764,2026-06-11T00:00:00,PROD_145,293.63,DEV_N_764,ADDR_N_764,COMPLETED,0,0.0,LOW
ORD_ACC_N_764_7,ACC_N_764,2026-08-11T00:00:00,PROD_102,46.38,DEV_N_764,ADDR_N_764,COMPLETED,0,0.0,LOW
ORD_ACC_N_764_8,ACC_N_764,2026-08-22T00:00:00,PROD_108,211.89,DEV_N_764,ADDR_N_764,COMPLETED,0,0.0,LOW
ORD_ACC_N_764_9,ACC_N_764,2026-08-19T00:00:00,PROD_105,413.05,DEV_N_764,ADDR_N_764,COMPLETED,0,0.0,LOW
ORD_ACC_N_764_10,ACC_N_764,2026-07-17T00:00:00,PROD_103,175.65,DEV_N_764,ADDR_N_764,COMPLETED,0,0.0,LOW
ORD_ACC_N_764_11,ACC_N_764,2026-07-28T00:00:00,PROD_117,324.34,DEV_N_764,ADDR_N_764,COMPLETED,0,0.0,LOW
ORD_ACC_N_764_12,ACC_N_764,2026-08-12T00:00:00,PROD_143,449.77,DEV_N_764,ADDR_N_764,COMPLETED,0,0.0,LOW
ORD_ACC_N_765_0,ACC_N_765,2026-06-14T00:00:00,PROD_110,54.18,DEV_N_765,ADDR_N_765,COMPLETED,0,0.0,LOW
ORD_ACC_N_765_1,ACC_N_765,2026-05-28T00:00:00,PROD_114,430.81,DEV_N_765,ADDR_N_765,COMPLETED,0,0.0,LOW
ORD_ACC_N_765_2,ACC_N_765,2026-08-22T00:00:00,PROD_104,471.86,DEV_N_765,ADDR_N_765,COMPLETED,0,0.0,LOW
ORD_ACC_N_765_3,ACC_N_765,2026-08-08T00:00:00,PROD_146,425.35,DEV_N_765,ADDR_N_765,COMPLETED,0,0.0,LOW
ORD_ACC_N_765_4,ACC_N_765,2026-08-26T00:00:00,PROD_146,187.66,DEV_N_765,ADDR_N_765,COMPLETED,0,0.0,LOW
ORD_ACC_N_765_5,ACC_N_765,2026-03-28T00:00:00,PROD_104,481.28,DEV_N_765,ADDR_N_765,COMPLETED,0,0.0,LOW
ORD_ACC_N_765_6,ACC_N_765,2026-03-02T00:00:00,PROD_144,439.75,DEV_N_765,ADDR_N_765,COMPLETED,0,0.0,LOW
ORD_ACC_N_766_0,ACC_N_766,2026-04-26T00:00:00,PROD_125,475.71,DEV_N_766,ADDR_N_766,COMPLETED,0,0.0,LOW
ORD_ACC_N_766_1,ACC_N_766,2026-07-03T00:00:00,PROD_141,103.37,DEV_N_766,ADDR_N_766,COMPLETED,0,0.0,LOW
ORD_ACC_N_766_2,ACC_N_766,2026-06-21T00:00:00,PROD_127,216.6,DEV_N_766,ADDR_N_766,REFUNDED,1,0.0,LOW
ORD_ACC_N_766_3,ACC_N_766,2026-07-28T00:00:00,PROD_142,425.78,DEV_N_766,ADDR_N_766,COMPLETED,0,0.0,LOW
ORD_ACC_N_766_4,ACC_N_766,2026-03-16T00:00:00,PROD_127,195.05,DEV_N_766,ADDR_N_766,COMPLETED,0,0.0,LOW
ORD_ACC_N_766_5,ACC_N_766,2026-06-12T00:00:00,PROD_100,83.08,DEV_N_766,ADDR_N_766,COMPLETED,0,0.0,LOW
ORD_ACC_N_767_0,ACC_N_767,2026-06-12T00:00:00,PROD_120,39.94,DEV_N_767,ADDR_N_767,COMPLETED,0,0.0,LOW
ORD_ACC_N_767_1,ACC_N_767,2026-04-10T00:00:00,PROD_122,336.57,DEV_N_767,ADDR_N_767,COMPLETED,0,0.0,LOW
ORD_ACC_N_768_0,ACC_N_768,2026-01-08T00:00:00,PROD_143,441.09,DEV_N_768,ADDR_N_768,COMPLETED,0,0.0,LOW
ORD_ACC_N_768_1,ACC_N_768,2026-01-27T00:00:00,PROD_102,31.51,DEV_N_768,ADDR_N_768,COMPLETED,0,0.0,LOW
ORD_ACC_N_768_2,ACC_N_768,2026-08-12T00:00:00,PROD_118,72.47,DEV_N_768,ADDR_N_768,COMPLETED,0,0.0,LOW
ORD_ACC_N_768_3,ACC_N_768,2026-07-13T00:00:00,PROD_138,427.8,DEV_N_768,ADDR_N_768,COMPLETED,0,0.0,LOW
ORD_ACC_N_768_4,ACC_N_768,2025-12-26T00:00:00,PROD_135,418.91,DEV_N_768,ADDR_N_768,COMPLETED,0,0.0,LOW
ORD_ACC_N_768_5,ACC_N_768,2025-11-29T00:00:00,PROD_125,305.07,DEV_N_768,ADDR_N_768,REFUNDED,1,0.0,LOW
ORD_ACC_N_768_6,ACC_N_768,2026-04-29T00:00:00,PROD_132,286.33,DEV_N_768,ADDR_N_768,COMPLETED,0,0.0,LOW
ORD_ACC_N_768_7,ACC_N_768,2025-11-30T00:00:00,PROD_143,372.25,DEV_N_768,ADDR_N_768,COMPLETED,0,0.0,LOW
ORD_ACC_N_769_0,ACC_N_769,2026-04-01T00:00:00,PROD_102,41.96,DEV_N_769,ADDR_N_769,COMPLETED,0,0.0,LOW
ORD_ACC_N_769_1,ACC_N_769,2026-05-26T00:00:00,PROD_135,180.35,DEV_N_769,ADDR_N_769,COMPLETED,0,0.0,LOW
ORD_ACC_N_769_2,ACC_N_769,2026-02-18T00:00:00,PROD_133,96.95,DEV_N_769,ADDR_N_769,COMPLETED,0,0.0,LOW
ORD_ACC_N_769_3,ACC_N_769,2026-08-28T00:00:00,PROD_131,250.0,DEV_N_769,ADDR_N_769,COMPLETED,0,0.0,LOW
ORD_ACC_N_769_4,ACC_N_769,2026-02-02T00:00:00,PROD_135,20.85,DEV_N_769,ADDR_N_769,COMPLETED,0,0.0,LOW
ORD_ACC_N_769_5,ACC_N_769,2026-03-12T00:00:00,PROD_128,341.01,DEV_N_769,ADDR_N_769,COMPLETED,0,0.0,LOW
ORD_ACC_N_769_6,ACC_N_769,2026-03-23T00:00:00,PROD_126,112.71,DEV_N_769,ADDR_N_769,COMPLETED,0,0.0,LOW
ORD_ACC_N_769_7,ACC_N_769,2026-08-27T00:00:00,PROD_146,243.73,DEV_N_769,ADDR_N_769,COMPLETED,0,0.0,LOW
ORD_ACC_N_769_8,ACC_N_769,2026-04-17T00:00:00,PROD_138,126.53,DEV_N_769,ADDR_N_769,COMPLETED,0,0.0,LOW
ORD_ACC_N_769_9,ACC_N_769,2026-04-20T00:00:00,PROD_136,384.91,DEV_N_769,ADDR_N_769,COMPLETED,0,0.0,LOW
ORD_ACC_N_769_10,ACC_N_769,2026-08-05T00:00:00,PROD_118,327.94,DEV_N_769,ADDR_N_769,COMPLETED,0,0.0,LOW
ORD_ACC_N_769_11,ACC_N_769,2026-04-13T00:00:00,PROD_105,118.12,DEV_N_769,ADDR_N_769,COMPLETED,0,0.0,LOW
ORD_ACC_N_769_12,ACC_N_769,2026-05-24T00:00:00,PROD_127,250.79,DEV_N_769,ADDR_N_769,COMPLETED,0,0.0,LOW
ORD_ACC_N_769_13,ACC_N_769,2026-04-19T00:00:00,PROD_123,267.25,DEV_N_769,ADDR_N_769,COMPLETED,0,0.0,LOW
ORD_ACC_N_769_14,ACC_N_769,2026-01-21T00:00:00,PROD_106,289.37,DEV_N_769,ADDR_N_769,COMPLETED,0,0.0,LOW
ORD_ACC_N_770_0,ACC_N_770,2026-06-02T00:00:00,PROD_138,226.93,DEV_N_769,ADDR_N_769,COMPLETED,0,0.0,LOW
ORD_ACC_N_770_1,ACC_N_770,2026-02-02T00:00:00,PROD_115,213.04,DEV_N_769,ADDR_N_769,COMPLETED,0,0.0,LOW
ORD_ACC_N_770_2,ACC_N_770,2026-04-25T00:00:00,PROD_128,43.43,DEV_N_769,ADDR_N_769,COMPLETED,0,0.0,LOW
ORD_ACC_N_770_3,ACC_N_770,2026-04-03T00:00:00,PROD_102,467.36,DEV_N_769,ADDR_N_769,REFUNDED,1,0.0,LOW
ORD_ACC_N_770_4,ACC_N_770,2026-04-18T00:00:00,PROD_121,420.75,DEV_N_769,ADDR_N_769,COMPLETED,0,0.0,LOW
ORD_ACC_N_771_0,ACC_N_771,2026-05-03T00:00:00,PROD_115,357.68,DEV_N_771,ADDR_N_771,COMPLETED,0,0.0,LOW
ORD_ACC_N_771_1,ACC_N_771,2026-07-11T00:00:00,PROD_135,67.72,DEV_N_771,ADDR_N_771,COMPLETED,0,0.0,LOW
ORD_ACC_N_771_2,ACC_N_771,2026-08-04T00:00:00,PROD_126,304.11,DEV_N_771,ADDR_N_771,COMPLETED,0,0.0,LOW
ORD_ACC_N_771_3,ACC_N_771,2026-05-28T00:00:00,PROD_109,155.92,DEV_N_771,ADDR_N_771,COMPLETED,0,0.0,LOW
ORD_ACC_N_771_4,ACC_N_771,2026-08-05T00:00:00,PROD_108,88.92,DEV_N_771,ADDR_N_771,COMPLETED,0,0.0,LOW
ORD_ACC_N_771_5,ACC_N_771,2026-06-18T00:00:00,PROD_103,181.77,DEV_N_771,ADDR_N_771,REFUNDED,1,0.0,LOW
ORD_ACC_N_771_6,ACC_N_771,2026-08-23T00:00:00,PROD_102,263.49,DEV_N_771,ADDR_N_771,COMPLETED,0,0.0,LOW
ORD_ACC_N_771_7,ACC_N_771,2026-07-09T00:00:00,PROD_140,292.65,DEV_N_771,ADDR_N_771,COMPLETED,0,0.0,LOW
ORD_ACC_N_771_8,ACC_N_771,2026-07-02T00:00:00,PROD_119,269.81,DEV_N_771,ADDR_N_771,COMPLETED,0,0.0,LOW
ORD_ACC_N_771_9,ACC_N_771,2026-08-07T00:00:00,PROD_149,208.03,DEV_N_771,ADDR_N_771,REFUNDED,1,0.0,LOW
ORD_ACC_N_771_10,ACC_N_771,2026-07-06T00:00:00,PROD_101,390.77,DEV_N_771,ADDR_N_771,COMPLETED,0,0.0,LOW
ORD_ACC_N_771_11,ACC_N_771,2026-08-11T00:00:00,PROD_139,159.7,DEV_N_771,ADDR_N_771,COMPLETED,0,0.0,LOW
ORD_ACC_N_771_12,ACC_N_771,2026-07-05T00:00:00,PROD_145,493.24,DEV_N_771,ADDR_N_771,COMPLETED,0,0.0,LOW
ORD_ACC_N_772_0,ACC_N_772,2026-07-10T00:00:00,PROD_148,170.76,DEV_N_772,ADDR_N_772,COMPLETED,0,0.0,LOW
ORD_ACC_N_772_1,ACC_N_772,2026-08-12T00:00:00,PROD_112,265.75,DEV_N_772,ADDR_N_772,COMPLETED,0,0.0,LOW
ORD_ACC_N_772_2,ACC_N_772,2026-08-19T00:00:00,PROD_110,270.5,DEV_N_772,ADDR_N_772,COMPLETED,0,0.0,LOW
ORD_ACC_N_772_3,ACC_N_772,2026-07-19T00:00:00,PROD_140,94.5,DEV_N_772,ADDR_N_772,COMPLETED,0,0.0,LOW
ORD_ACC_N_772_4,ACC_N_772,2026-08-24T00:00:00,PROD_102,22.01,DEV_N_772,ADDR_N_772,COMPLETED,0,0.0,LOW
ORD_ACC_N_772_5,ACC_N_772,2026-08-03T00:00:00,PROD_123,450.39,DEV_N_772,ADDR_N_772,COMPLETED,0,0.0,LOW
ORD_ACC_N_772_6,ACC_N_772,2026-07-03T00:00:00,PROD_106,236.77,DEV_N_772,ADDR_N_772,COMPLETED,0,0.0,LOW
ORD_ACC_N_772_7,ACC_N_772,2026-07-16T00:00:00,PROD_136,57.83,DEV_N_772,ADDR_N_772,COMPLETED,0,0.0,LOW
ORD_ACC_N_773_0,ACC_N_773,2026-04-21T00:00:00,PROD_132,428.4,DEV_N_773,ADDR_N_773,COMPLETED,0,0.0,LOW
ORD_ACC_N_773_1,ACC_N_773,2026-06-06T00:00:00,PROD_102,53.34,DEV_N_773,ADDR_N_773,COMPLETED,0,0.0,LOW
ORD_ACC_N_774_0,ACC_N_774,2026-08-08T00:00:00,PROD_133,124.4,DEV_N_774,ADDR_N_774,COMPLETED,0,0.0,LOW
ORD_ACC_N_774_1,ACC_N_774,2026-07-25T00:00:00,PROD_139,390.24,DEV_N_774,ADDR_N_774,COMPLETED,0,0.0,LOW
ORD_ACC_N_774_2,ACC_N_774,2026-07-14T00:00:00,PROD_120,403.84,DEV_N_774,ADDR_N_774,COMPLETED,0,0.0,LOW
ORD_ACC_N_774_3,ACC_N_774,2026-07-02T00:00:00,PROD_135,207.64,DEV_N_774,ADDR_N_774,COMPLETED,0,0.0,LOW
ORD_ACC_N_774_4,ACC_N_774,2026-07-24T00:00:00,PROD_110,165.41,DEV_N_774,ADDR_N_774,REFUNDED,1,0.0,LOW
ORD_ACC_N_774_5,ACC_N_774,2026-08-12T00:00:00,PROD_125,140.51,DEV_N_774,ADDR_N_774,COMPLETED,0,0.0,LOW
ORD_ACC_N_774_6,ACC_N_774,2026-08-22T00:00:00,PROD_129,137.27,DEV_N_774,ADDR_N_774,COMPLETED,0,0.0,LOW
ORD_ACC_N_774_7,ACC_N_774,2026-07-24T00:00:00,PROD_104,196.16,DEV_N_774,ADDR_N_774,COMPLETED,0,0.0,LOW
ORD_ACC_N_774_8,ACC_N_774,2026-08-27T00:00:00,PROD_124,353.82,DEV_N_774,ADDR_N_774,COMPLETED,0,0.0,LOW
ORD_ACC_N_774_9,ACC_N_774,2026-08-16T00:00:00,PROD_138,461.64,DEV_N_774,ADDR_N_774,COMPLETED,0,0.0,LOW
ORD_ACC_N_774_10,ACC_N_774,2026-07-10T00:00:00,PROD_116,23.07,DEV_N_774,ADDR_N_774,COMPLETED,0,0.0,LOW
ORD_ACC_N_774_11,ACC_N_774,2026-08-20T00:00:00,PROD_147,439.21,DEV_N_774,ADDR_N_774,COMPLETED,0,0.0,LOW
ORD_ACC_N_774_12,ACC_N_774,2026-08-18T00:00:00,PROD_139,411.0,DEV_N_774,ADDR_N_774,COMPLETED,0,0.0,LOW
ORD_ACC_N_774_13,ACC_N_774,2026-07-22T00:00:00,PROD_142,426.56,DEV_N_774,ADDR_N_774,COMPLETED,0,0.0,LOW
ORD_ACC_N_775_0,ACC_N_775,2026-07-24T00:00:00,PROD_135,368.61,DEV_N_775,ADDR_N_775,COMPLETED,0,0.0,LOW
ORD_ACC_N_775_1,ACC_N_775,2026-07-25T00:00:00,PROD_116,50.43,DEV_N_775,ADDR_N_775,REFUNDED,1,0.0,LOW
ORD_ACC_N_775_2,ACC_N_775,2026-08-20T00:00:00,PROD_106,115.04,DEV_N_775,ADDR_N_775,COMPLETED,0,0.0,LOW
ORD_ACC_N_775_3,ACC_N_775,2026-06-21T00:00:00,PROD_121,324.07,DEV_N_775,ADDR_N_775,COMPLETED,0,0.0,LOW
ORD_ACC_N_775_4,ACC_N_775,2026-08-02T00:00:00,PROD_128,95.15,DEV_N_775,ADDR_N_775,COMPLETED,0,0.0,LOW
ORD_ACC_N_775_5,ACC_N_775,2026-08-31T00:00:00,PROD_132,168.66,DEV_N_775,ADDR_N_775,COMPLETED,0,0.0,LOW
ORD_ACC_N_775_6,ACC_N_775,2026-07-09T00:00:00,PROD_103,20.65,DEV_N_775,ADDR_N_775,COMPLETED,0,0.0,LOW
ORD_ACC_N_775_7,ACC_N_775,2026-07-04T00:00:00,PROD_132,68.04,DEV_N_775,ADDR_N_775,COMPLETED,0,0.0,LOW
ORD_ACC_N_775_8,ACC_N_775,2026-06-25T00:00:00,PROD_106,122.09,DEV_N_775,ADDR_N_775,REFUNDED,1,0.0,LOW
ORD_ACC_N_775_9,ACC_N_775,2026-07-13T00:00:00,PROD_148,150.45,DEV_N_775,ADDR_N_775,COMPLETED,0,0.0,LOW
ORD_ACC_N_775_10,ACC_N_775,2026-07-04T00:00:00,PROD_138,177.5,DEV_N_775,ADDR_N_775,COMPLETED,0,0.0,LOW
ORD_ACC_N_775_11,ACC_N_775,2026-08-25T00:00:00,PROD_114,238.4,DEV_N_775,ADDR_N_775,COMPLETED,0,0.0,LOW
ORD_ACC_N_775_12,ACC_N_775,2026-07-05T00:00:00,PROD_137,147.45,DEV_N_775,ADDR_N_775,COMPLETED,0,0.0,LOW
ORD_ACC_N_775_13,ACC_N_775,2026-06-25T00:00:00,PROD_114,235.89,DEV_N_775,ADDR_N_775,COMPLETED,0,0.0,LOW
ORD_ACC_N_775_14,ACC_N_775,2026-06-15T00:00:00,PROD_147,71.14,DEV_N_775,ADDR_N_775,COMPLETED,0,0.0,LOW
ORD_ACC_N_776_0,ACC_N_776,2026-07-15T00:00:00,PROD_119,411.59,DEV_N_776,ADDR_N_776,COMPLETED,0,0.0,LOW
ORD_ACC_N_776_1,ACC_N_776,2026-08-30T00:00:00,PROD_110,420.06,DEV_N_776,ADDR_N_776,REFUNDED,1,0.0,LOW
ORD_ACC_N_777_0,ACC_N_777,2026-08-15T00:00:00,PROD_122,357.36,DEV_N_777,ADDR_N_777,COMPLETED,0,0.0,LOW
ORD_ACC_N_777_1,ACC_N_777,2026-05-22T00:00:00,PROD_102,135.89,DEV_N_777,ADDR_N_777,COMPLETED,0,0.0,LOW
ORD_ACC_N_777_2,ACC_N_777,2026-08-25T00:00:00,PROD_141,498.3,DEV_N_777,ADDR_N_777,COMPLETED,0,0.0,LOW
ORD_ACC_N_777_3,ACC_N_777,2026-06-17T00:00:00,PROD_120,215.36,DEV_N_777,ADDR_N_777,COMPLETED,0,0.0,LOW
ORD_ACC_N_778_0,ACC_N_778,2026-05-24T00:00:00,PROD_117,466.89,DEV_N_778,ADDR_N_778,REFUNDED,1,0.0,LOW
ORD_ACC_N_779_0,ACC_N_779,2026-01-06T00:00:00,PROD_124,307.73,DEV_N_779,ADDR_N_779,COMPLETED,0,0.0,LOW
ORD_ACC_N_779_1,ACC_N_779,2025-12-09T00:00:00,PROD_133,303.65,DEV_N_779,ADDR_N_779,COMPLETED,0,0.0,LOW
ORD_ACC_N_779_2,ACC_N_779,2026-01-04T00:00:00,PROD_125,25.82,DEV_N_779,ADDR_N_779,COMPLETED,0,0.0,LOW
ORD_ACC_N_779_3,ACC_N_779,2026-08-19T00:00:00,PROD_129,494.35,DEV_N_779,ADDR_N_779,COMPLETED,0,0.0,LOW
ORD_ACC_N_779_4,ACC_N_779,2026-08-29T00:00:00,PROD_148,381.68,DEV_N_779,ADDR_N_779,COMPLETED,0,0.0,LOW
ORD_ACC_N_779_5,ACC_N_779,2025-12-28T00:00:00,PROD_138,170.34,DEV_N_779,ADDR_N_779,COMPLETED,0,0.0,LOW
ORD_ACC_N_779_6,ACC_N_779,2026-05-20T00:00:00,PROD_128,411.62,DEV_N_779,ADDR_N_779,COMPLETED,0,0.0,LOW
ORD_ACC_N_780_0,ACC_N_780,2026-07-03T00:00:00,PROD_136,444.78,DEV_N_779,ADDR_N_779,COMPLETED,0,0.0,LOW
ORD_ACC_N_780_1,ACC_N_780,2026-07-09T00:00:00,PROD_139,44.99,DEV_N_779,ADDR_N_779,REFUNDED,1,0.0,LOW
ORD_ACC_N_781_0,ACC_N_781,2026-08-13T00:00:00,PROD_122,160.99,DEV_N_781,ADDR_N_781,COMPLETED,0,0.0,LOW
ORD_ACC_N_781_1,ACC_N_781,2026-07-08T00:00:00,PROD_114,304.12,DEV_N_781,ADDR_N_781,COMPLETED,0,0.0,LOW
ORD_ACC_N_781_2,ACC_N_781,2026-08-17T00:00:00,PROD_142,339.48,DEV_N_781,ADDR_N_781,COMPLETED,0,0.0,LOW
ORD_ACC_N_781_3,ACC_N_781,2026-07-16T00:00:00,PROD_121,215.44,DEV_N_781,ADDR_N_781,COMPLETED,0,0.0,LOW
ORD_ACC_N_781_4,ACC_N_781,2026-08-21T00:00:00,PROD_130,129.83,DEV_N_781,ADDR_N_781,COMPLETED,0,0.0,LOW
ORD_ACC_N_782_0,ACC_N_782,2026-08-02T00:00:00,PROD_148,192.89,DEV_N_782,ADDR_N_782,COMPLETED,0,0.0,LOW
ORD_ACC_N_782_1,ACC_N_782,2026-07-23T00:00:00,PROD_137,316.25,DEV_N_782,ADDR_N_782,COMPLETED,0,0.0,LOW
ORD_ACC_N_782_2,ACC_N_782,2026-07-13T00:00:00,PROD_113,320.72,DEV_N_782,ADDR_N_782,COMPLETED,0,0.0,LOW
ORD_ACC_N_782_3,ACC_N_782,2026-06-01T00:00:00,PROD_130,73.6,DEV_N_782,ADDR_N_782,COMPLETED,0,0.0,LOW
ORD_ACC_N_782_4,ACC_N_782,2026-08-01T00:00:00,PROD_136,69.81,DEV_N_782,ADDR_N_782,COMPLETED,0,0.0,LOW
ORD_ACC_N_782_5,ACC_N_782,2026-05-26T00:00:00,PROD_117,225.23,DEV_N_782,ADDR_N_782,COMPLETED,0,0.0,LOW
ORD_ACC_N_782_6,ACC_N_782,2026-06-29T00:00:00,PROD_112,364.48,DEV_N_782,ADDR_N_782,COMPLETED,0,0.0,LOW
ORD_ACC_N_782_7,ACC_N_782,2026-05-18T00:00:00,PROD_121,187.52,DEV_N_782,ADDR_N_782,COMPLETED,0,0.0,LOW
ORD_ACC_N_782_8,ACC_N_782,2026-05-17T00:00:00,PROD_142,318.43,DEV_N_782,ADDR_N_782,COMPLETED,0,0.0,LOW
ORD_ACC_N_782_9,ACC_N_782,2026-06-22T00:00:00,PROD_144,237.55,DEV_N_782,ADDR_N_782,COMPLETED,0,0.0,LOW
ORD_ACC_N_782_10,ACC_N_782,2026-08-01T00:00:00,PROD_107,151.27,DEV_N_782,ADDR_N_782,COMPLETED,0,0.0,LOW
ORD_ACC_N_782_11,ACC_N_782,2026-05-06T00:00:00,PROD_102,312.3,DEV_N_782,ADDR_N_782,COMPLETED,0,0.0,LOW
ORD_ACC_N_783_0,ACC_N_783,2026-08-26T00:00:00,PROD_114,288.42,DEV_N_783,ADDR_N_783,COMPLETED,0,0.0,LOW
ORD_ACC_N_783_1,ACC_N_783,2026-08-24T00:00:00,PROD_145,311.61,DEV_N_783,ADDR_N_783,COMPLETED,0,0.0,LOW
ORD_ACC_N_783_2,ACC_N_783,2026-08-25T00:00:00,PROD_144,85.4,DEV_N_783,ADDR_N_783,REFUNDED,1,0.0,LOW
ORD_ACC_N_783_3,ACC_N_783,2026-08-22T00:00:00,PROD_148,110.23,DEV_N_783,ADDR_N_783,COMPLETED,0,0.0,LOW
ORD_ACC_N_783_4,ACC_N_783,2026-08-25T00:00:00,PROD_137,165.08,DEV_N_783,ADDR_N_783,COMPLETED,0,0.0,LOW
ORD_ACC_N_783_5,ACC_N_783,2026-08-20T00:00:00,PROD_118,306.07,DEV_N_783,ADDR_N_783,REFUNDED,1,0.0,LOW
ORD_ACC_N_784_0,ACC_N_784,2026-05-05T00:00:00,PROD_142,307.66,DEV_N_784,ADDR_N_784,COMPLETED,0,0.0,LOW
ORD_ACC_N_785_0,ACC_N_785,2026-01-28T00:00:00,PROD_125,491.45,DEV_N_785,ADDR_N_785,COMPLETED,0,0.0,LOW
ORD_ACC_N_785_1,ACC_N_785,2025-12-30T00:00:00,PROD_123,378.73,DEV_N_785,ADDR_N_785,COMPLETED,0,0.0,LOW
ORD_ACC_N_785_2,ACC_N_785,2026-07-30T00:00:00,PROD_103,310.08,DEV_N_785,ADDR_N_785,COMPLETED,0,0.0,LOW
ORD_ACC_N_785_3,ACC_N_785,2026-08-25T00:00:00,PROD_103,318.15,DEV_N_785,ADDR_N_785,COMPLETED,0,0.0,LOW
ORD_ACC_N_785_4,ACC_N_785,2026-08-19T00:00:00,PROD_107,340.07,DEV_N_785,ADDR_N_785,COMPLETED,0,0.0,LOW
ORD_ACC_N_785_5,ACC_N_785,2026-08-10T00:00:00,PROD_126,412.63,DEV_N_785,ADDR_N_785,COMPLETED,0,0.0,LOW
ORD_ACC_N_785_6,ACC_N_785,2026-01-27T00:00:00,PROD_116,301.0,DEV_N_785,ADDR_N_785,COMPLETED,0,0.0,LOW
ORD_ACC_N_785_7,ACC_N_785,2025-12-27T00:00:00,PROD_132,390.23,DEV_N_785,ADDR_N_785,COMPLETED,0,0.0,LOW
ORD_ACC_N_785_8,ACC_N_785,2026-07-27T00:00:00,PROD_100,474.83,DEV_N_785,ADDR_N_785,COMPLETED,0,0.0,LOW
ORD_ACC_N_785_9,ACC_N_785,2026-03-12T00:00:00,PROD_141,375.14,DEV_N_785,ADDR_N_785,COMPLETED,0,0.0,LOW
ORD_ACC_N_785_10,ACC_N_785,2026-04-18T00:00:00,PROD_124,429.77,DEV_N_785,ADDR_N_785,COMPLETED,0,0.0,LOW
ORD_ACC_N_785_11,ACC_N_785,2026-03-25T00:00:00,PROD_145,44.59,DEV_N_785,ADDR_N_785,COMPLETED,0,0.0,LOW
ORD_ACC_N_786_0,ACC_N_786,2026-07-30T00:00:00,PROD_104,114.39,DEV_N_786,ADDR_N_786,COMPLETED,0,0.0,LOW
ORD_ACC_N_786_1,ACC_N_786,2026-06-25T00:00:00,PROD_131,339.35,DEV_N_786,ADDR_N_786,COMPLETED,0,0.0,LOW
ORD_ACC_N_786_2,ACC_N_786,2026-03-24T00:00:00,PROD_123,137.61,DEV_N_786,ADDR_N_786,COMPLETED,0,0.0,LOW
ORD_ACC_N_786_3,ACC_N_786,2026-02-27T00:00:00,PROD_108,221.12,DEV_N_786,ADDR_N_786,COMPLETED,0,0.0,LOW
ORD_ACC_N_786_4,ACC_N_786,2026-02-15T00:00:00,PROD_108,495.83,DEV_N_786,ADDR_N_786,COMPLETED,0,0.0,LOW
ORD_ACC_N_786_5,ACC_N_786,2026-05-18T00:00:00,PROD_146,122.39,DEV_N_786,ADDR_N_786,COMPLETED,0,0.0,LOW
ORD_ACC_N_786_6,ACC_N_786,2026-02-02T00:00:00,PROD_104,157.96,DEV_N_786,ADDR_N_786,COMPLETED,0,0.0,LOW
ORD_ACC_N_786_7,ACC_N_786,2026-01-31T00:00:00,PROD_116,33.95,DEV_N_786,ADDR_N_786,COMPLETED,0,0.0,LOW
ORD_ACC_N_787_0,ACC_N_787,2026-01-20T00:00:00,PROD_112,311.62,DEV_N_787,ADDR_N_787,COMPLETED,0,0.0,LOW
ORD_ACC_N_787_1,ACC_N_787,2025-10-15T00:00:00,PROD_129,312.55,DEV_N_787,ADDR_N_787,COMPLETED,0,0.0,LOW
ORD_ACC_N_787_2,ACC_N_787,2026-04-13T00:00:00,PROD_114,27.18,DEV_N_787,ADDR_N_787,COMPLETED,0,0.0,LOW
ORD_ACC_N_787_3,ACC_N_787,2025-09-24T00:00:00,PROD_114,52.51,DEV_N_787,ADDR_N_787,COMPLETED,0,0.0,LOW
ORD_ACC_N_787_4,ACC_N_787,2026-03-09T00:00:00,PROD_109,87.16,DEV_N_787,ADDR_N_787,COMPLETED,0,0.0,LOW
ORD_ACC_N_787_5,ACC_N_787,2026-01-11T00:00:00,PROD_138,457.52,DEV_N_787,ADDR_N_787,COMPLETED,0,0.0,LOW
ORD_ACC_N_787_6,ACC_N_787,2026-01-07T00:00:00,PROD_139,299.92,DEV_N_787,ADDR_N_787,COMPLETED,0,0.0,LOW
ORD_ACC_N_787_7,ACC_N_787,2026-03-20T00:00:00,PROD_111,425.92,DEV_N_787,ADDR_N_787,COMPLETED,0,0.0,LOW
ORD_ACC_N_787_8,ACC_N_787,2026-05-29T00:00:00,PROD_116,455.36,DEV_N_787,ADDR_N_787,COMPLETED,0,0.0,LOW
ORD_ACC_N_787_9,ACC_N_787,2026-03-30T00:00:00,PROD_115,348.22,DEV_N_787,ADDR_N_787,COMPLETED,0,0.0,LOW
ORD_ACC_N_787_10,ACC_N_787,2025-09-05T00:00:00,PROD_107,370.23,DEV_N_787,ADDR_N_787,COMPLETED,0,0.0,LOW
ORD_ACC_N_788_0,ACC_N_788,2026-08-17T00:00:00,PROD_101,125.98,DEV_N_788,ADDR_N_788,COMPLETED,0,0.0,LOW
ORD_ACC_N_788_1,ACC_N_788,2026-07-17T00:00:00,PROD_131,269.47,DEV_N_788,ADDR_N_788,COMPLETED,0,0.0,LOW
ORD_ACC_N_788_2,ACC_N_788,2026-08-26T00:00:00,PROD_122,423.64,DEV_N_788,ADDR_N_788,COMPLETED,0,0.0,LOW
ORD_ACC_N_788_3,ACC_N_788,2026-07-19T00:00:00,PROD_149,336.76,DEV_N_788,ADDR_N_788,COMPLETED,0,0.0,LOW
ORD_ACC_N_788_4,ACC_N_788,2026-07-18T00:00:00,PROD_133,446.61,DEV_N_788,ADDR_N_788,COMPLETED,0,0.0,LOW
ORD_ACC_N_789_0,ACC_N_789,2026-06-05T00:00:00,PROD_144,462.7,DEV_N_789,ADDR_N_789,COMPLETED,0,0.0,LOW
ORD_ACC_N_790_0,ACC_N_790,2026-08-23T00:00:00,PROD_129,478.17,DEV_N_789,ADDR_N_789,COMPLETED,0,0.0,LOW
ORD_ACC_N_790_1,ACC_N_790,2026-08-28T00:00:00,PROD_125,217.98,DEV_N_789,ADDR_N_789,COMPLETED,0,0.0,LOW
ORD_ACC_N_790_2,ACC_N_790,2026-08-31T00:00:00,PROD_132,123.85,DEV_N_789,ADDR_N_789,COMPLETED,0,0.0,LOW
ORD_ACC_N_790_3,ACC_N_790,2026-08-29T00:00:00,PROD_139,276.89,DEV_N_789,ADDR_N_789,REFUNDED,1,0.0,LOW
ORD_ACC_N_790_4,ACC_N_790,2026-08-16T00:00:00,PROD_129,244.84,DEV_N_789,ADDR_N_789,COMPLETED,0,0.0,LOW
ORD_ACC_N_790_5,ACC_N_790,2026-08-25T00:00:00,PROD_131,308.79,DEV_N_789,ADDR_N_789,COMPLETED,0,0.0,LOW
ORD_ACC_N_790_6,ACC_N_790,2026-08-21T00:00:00,PROD_141,386.55,DEV_N_789,ADDR_N_789,COMPLETED,0,0.0,LOW
ORD_ACC_N_790_7,ACC_N_790,2026-08-23T00:00:00,PROD_105,365.51,DEV_N_789,ADDR_N_789,COMPLETED,0,0.0,LOW
ORD_ACC_N_790_8,ACC_N_790,2026-08-29T00:00:00,PROD_125,250.15,DEV_N_789,ADDR_N_789,COMPLETED,0,0.0,LOW
ORD_ACC_N_790_9,ACC_N_790,2026-08-31T00:00:00,PROD_109,124.84,DEV_N_789,ADDR_N_789,COMPLETED,0,0.0,LOW
ORD_ACC_N_790_10,ACC_N_790,2026-08-19T00:00:00,PROD_127,479.76,DEV_N_789,ADDR_N_789,COMPLETED,0,0.0,LOW
ORD_ACC_N_790_11,ACC_N_790,2026-08-28T00:00:00,PROD_118,96.95,DEV_N_789,ADDR_N_789,COMPLETED,0,0.0,LOW
ORD_ACC_N_791_0,ACC_N_791,2026-08-28T00:00:00,PROD_123,402.31,DEV_N_791,ADDR_N_791,COMPLETED,0,0.0,LOW
ORD_ACC_N_791_1,ACC_N_791,2026-07-31T00:00:00,PROD_144,35.4,DEV_N_791,ADDR_N_791,COMPLETED,0,0.0,LOW
ORD_ACC_N_791_2,ACC_N_791,2026-06-19T00:00:00,PROD_140,482.72,DEV_N_791,ADDR_N_791,COMPLETED,0,0.0,LOW
ORD_ACC_N_791_3,ACC_N_791,2026-08-14T00:00:00,PROD_110,265.41,DEV_N_791,ADDR_N_791,COMPLETED,0,0.0,LOW
ORD_ACC_N_792_0,ACC_N_792,2026-08-16T00:00:00,PROD_112,347.82,DEV_N_792,ADDR_N_792,COMPLETED,0,0.0,LOW
ORD_ACC_N_792_1,ACC_N_792,2026-08-26T00:00:00,PROD_127,325.6,DEV_N_792,ADDR_N_792,COMPLETED,0,0.0,LOW
ORD_ACC_N_792_2,ACC_N_792,2026-08-07T00:00:00,PROD_109,461.43,DEV_N_792,ADDR_N_792,COMPLETED,0,0.0,LOW
ORD_ACC_N_792_3,ACC_N_792,2026-08-31T00:00:00,PROD_139,246.53,DEV_N_792,ADDR_N_792,REFUNDED,1,0.0,LOW
ORD_ACC_N_792_4,ACC_N_792,2026-08-14T00:00:00,PROD_116,161.56,DEV_N_792,ADDR_N_792,COMPLETED,0,0.0,LOW
ORD_ACC_N_792_5,ACC_N_792,2026-08-18T00:00:00,PROD_139,347.3,DEV_N_792,ADDR_N_792,COMPLETED,0,0.0,LOW
ORD_ACC_N_792_6,ACC_N_792,2026-08-07T00:00:00,PROD_120,446.25,DEV_N_792,ADDR_N_792,COMPLETED,0,0.0,LOW
ORD_ACC_N_792_7,ACC_N_792,2026-08-26T00:00:00,PROD_122,319.86,DEV_N_792,ADDR_N_792,COMPLETED,0,0.0,LOW
ORD_ACC_N_792_8,ACC_N_792,2026-08-29T00:00:00,PROD_123,348.53,DEV_N_792,ADDR_N_792,REFUNDED,1,0.0,LOW
ORD_ACC_N_792_9,ACC_N_792,2026-08-15T00:00:00,PROD_134,75.12,DEV_N_792,ADDR_N_792,COMPLETED,0,0.0,LOW
ORD_ACC_N_792_10,ACC_N_792,2026-08-09T00:00:00,PROD_111,81.87,DEV_N_792,ADDR_N_792,COMPLETED,0,0.0,LOW
ORD_ACC_N_792_11,ACC_N_792,2026-08-09T00:00:00,PROD_100,42.88,DEV_N_792,ADDR_N_792,COMPLETED,0,0.0,LOW
ORD_ACC_N_792_12,ACC_N_792,2026-08-27T00:00:00,PROD_109,81.92,DEV_N_792,ADDR_N_792,COMPLETED,0,0.0,LOW
ORD_ACC_N_792_13,ACC_N_792,2026-08-24T00:00:00,PROD_142,21.35,DEV_N_792,ADDR_N_792,COMPLETED,0,0.0,LOW
ORD_ACC_N_792_14,ACC_N_792,2026-08-10T00:00:00,PROD_117,88.33,DEV_N_792,ADDR_N_792,COMPLETED,0,0.0,LOW
ORD_ACC_N_793_0,ACC_N_793,2026-02-06T00:00:00,PROD_127,118.26,DEV_N_793,ADDR_N_793,COMPLETED,0,0.0,LOW
ORD_ACC_N_793_1,ACC_N_793,2026-07-26T00:00:00,PROD_138,427.72,DEV_N_793,ADDR_N_793,COMPLETED,0,0.0,LOW
ORD_ACC_N_793_2,ACC_N_793,2026-01-20T00:00:00,PROD_107,219.46,DEV_N_793,ADDR_N_793,COMPLETED,0,0.0,LOW
ORD_ACC_N_793_3,ACC_N_793,2026-01-28T00:00:00,PROD_124,451.93,DEV_N_793,ADDR_N_793,COMPLETED,0,0.0,LOW
ORD_ACC_N_793_4,ACC_N_793,2026-05-03T00:00:00,PROD_115,368.9,DEV_N_793,ADDR_N_793,COMPLETED,0,0.0,LOW
ORD_ACC_N_793_5,ACC_N_793,2026-01-24T00:00:00,PROD_116,20.69,DEV_N_793,ADDR_N_793,COMPLETED,0,0.0,LOW
ORD_ACC_N_794_0,ACC_N_794,2026-08-28T00:00:00,PROD_129,229.23,DEV_N_794,ADDR_N_794,COMPLETED,0,0.0,LOW
ORD_ACC_N_794_1,ACC_N_794,2026-08-31T00:00:00,PROD_147,349.17,DEV_N_794,ADDR_N_794,COMPLETED,0,0.0,LOW
ORD_ACC_N_794_2,ACC_N_794,2026-08-14T00:00:00,PROD_141,33.19,DEV_N_794,ADDR_N_794,COMPLETED,0,0.0,LOW
ORD_ACC_N_794_3,ACC_N_794,2026-08-16T00:00:00,PROD_126,215.46,DEV_N_794,ADDR_N_794,COMPLETED,0,0.0,LOW
ORD_ACC_N_794_4,ACC_N_794,2026-08-15T00:00:00,PROD_106,21.72,DEV_N_794,ADDR_N_794,COMPLETED,0,0.0,LOW
ORD_ACC_N_794_5,ACC_N_794,2026-08-20T00:00:00,PROD_141,22.91,DEV_N_794,ADDR_N_794,COMPLETED,0,0.0,LOW
ORD_ACC_N_794_6,ACC_N_794,2026-08-18T00:00:00,PROD_126,315.33,DEV_N_794,ADDR_N_794,COMPLETED,0,0.0,LOW
ORD_ACC_N_795_0,ACC_N_795,2026-07-20T00:00:00,PROD_123,421.5,DEV_N_795,ADDR_N_795,COMPLETED,0,0.0,LOW
ORD_ACC_N_795_1,ACC_N_795,2026-06-03T00:00:00,PROD_142,137.38,DEV_N_795,ADDR_N_795,COMPLETED,0,0.0,LOW
ORD_ACC_N_796_0,ACC_N_796,2026-07-30T00:00:00,PROD_129,421.98,DEV_N_796,ADDR_N_796,COMPLETED,0,0.0,LOW
ORD_ACC_N_796_1,ACC_N_796,2026-08-12T00:00:00,PROD_147,132.81,DEV_N_796,ADDR_N_796,COMPLETED,0,0.0,LOW
ORD_ACC_N_796_2,ACC_N_796,2026-08-12T00:00:00,PROD_121,258.53,DEV_N_796,ADDR_N_796,COMPLETED,0,0.0,LOW
ORD_ACC_N_796_3,ACC_N_796,2026-08-08T00:00:00,PROD_107,42.43,DEV_N_796,ADDR_N_796,COMPLETED,0,0.0,LOW
ORD_ACC_N_796_4,ACC_N_796,2026-08-21T00:00:00,PROD_143,412.19,DEV_N_796,ADDR_N_796,COMPLETED,0,0.0,LOW
ORD_ACC_N_796_5,ACC_N_796,2026-08-20T00:00:00,PROD_135,242.24,DEV_N_796,ADDR_N_796,COMPLETED,0,0.0,LOW
ORD_ACC_N_797_0,ACC_N_797,2026-08-26T00:00:00,PROD_117,126.1,DEV_N_797,ADDR_N_797,COMPLETED,0,0.0,LOW
ORD_ACC_N_797_1,ACC_N_797,2026-06-17T00:00:00,PROD_116,28.97,DEV_N_797,ADDR_N_797,COMPLETED,0,0.0,LOW
ORD_ACC_N_797_2,ACC_N_797,2026-06-24T00:00:00,PROD_145,447.63,DEV_N_797,ADDR_N_797,COMPLETED,0,0.0,LOW
ORD_ACC_N_797_3,ACC_N_797,2026-07-02T00:00:00,PROD_104,76.51,DEV_N_797,ADDR_N_797,COMPLETED,0,0.0,LOW
ORD_ACC_N_797_4,ACC_N_797,2026-08-15T00:00:00,PROD_114,105.48,DEV_N_797,ADDR_N_797,COMPLETED,0,0.0,LOW
ORD_ACC_N_797_5,ACC_N_797,2026-06-03T00:00:00,PROD_118,177.67,DEV_N_797,ADDR_N_797,COMPLETED,0,0.0,LOW
ORD_ACC_N_797_6,ACC_N_797,2026-06-16T00:00:00,PROD_147,442.06,DEV_N_797,ADDR_N_797,REFUNDED,1,0.0,LOW
ORD_ACC_N_798_0,ACC_N_798,2026-06-10T00:00:00,PROD_105,233.56,DEV_N_798,ADDR_N_798,COMPLETED,0,0.0,LOW
ORD_ACC_N_798_1,ACC_N_798,2026-03-10T00:00:00,PROD_137,110.42,DEV_N_798,ADDR_N_798,COMPLETED,0,0.0,LOW
ORD_ACC_N_798_2,ACC_N_798,2026-07-05T00:00:00,PROD_121,28.79,DEV_N_798,ADDR_N_798,COMPLETED,0,0.0,LOW
ORD_ACC_N_798_3,ACC_N_798,2026-05-18T00:00:00,PROD_116,486.35,DEV_N_798,ADDR_N_798,COMPLETED,0,0.0,LOW
ORD_ACC_N_798_4,ACC_N_798,2026-02-16T00:00:00,PROD_124,436.63,DEV_N_798,ADDR_N_798,COMPLETED,0,0.0,LOW
ORD_ACC_N_798_5,ACC_N_798,2026-04-13T00:00:00,PROD_122,293.59,DEV_N_798,ADDR_N_798,COMPLETED,0,0.0,LOW
ORD_ACC_N_798_6,ACC_N_798,2026-04-07T00:00:00,PROD_148,243.08,DEV_N_798,ADDR_N_798,COMPLETED,0,0.0,LOW
ORD_ACC_N_798_7,ACC_N_798,2026-06-03T00:00:00,PROD_111,336.46,DEV_N_798,ADDR_N_798,COMPLETED,0,0.0,LOW
ORD_ACC_N_799_0,ACC_N_799,2026-07-14T00:00:00,PROD_124,360.47,DEV_N_799,ADDR_N_799,COMPLETED,0,0.0,LOW
ORD_ACC_N_799_1,ACC_N_799,2026-08-31T00:00:00,PROD_129,459.4,DEV_N_799,ADDR_N_799,COMPLETED,0,0.0,LOW
ORD_ACC_N_799_2,ACC_N_799,2026-06-05T00:00:00,PROD_132,379.2,DEV_N_799,ADDR_N_799,COMPLETED,0,0.0,LOW
ORD_ACC_N_799_3,ACC_N_799,2026-05-10T00:00:00,PROD_114,267.78,DEV_N_799,ADDR_N_799,COMPLETED,0,0.0,LOW
ORD_ACC_A_0_0,ACC_A_0,2026-08-20T00:00:00,PROD_117,1271.94,DEV_A_0,ADDR_A_0,REFUNDED,1,1.0,HIGH
ORD_ACC_A_0_1,ACC_A_0,2026-08-24T00:00:00,PROD_117,247.19,DEV_A_0,ADDR_A_0,COMPLETED,0,1.0,HIGH
ORD_ACC_A_0_2,ACC_A_0,2026-08-25T00:00:00,PROD_114,1409.06,DEV_A_0,ADDR_A_0,COMPLETED,0,1.0,HIGH
ORD_ACC_A_0_3,ACC_A_0,2026-08-28T00:00:00,PROD_117,829.22,DEV_A_0,ADDR_A_0,REFUNDED,1,1.0,HIGH
ORD_ACC_A_0_4,ACC_A_0,2026-08-17T00:00:00,PROD_135,1260.22,DEV_A_0,ADDR_A_0,REFUNDED,1,1.0,HIGH
ORD_ACC_A_0_5,ACC_A_0,2026-08-23T00:00:00,PROD_149,1012.75,DEV_A_0,ADDR_A_0,REFUNDED,1,1.0,HIGH
ORD_ACC_A_0_6,ACC_A_0,2026-08-22T00:00:00,PROD_117,754.38,DEV_A_0,ADDR_A_0,REFUNDED,1,1.0,HIGH
ORD_ACC_A_0_7,ACC_A_0,2026-08-21T00:00:00,PROD_117,105.7,DEV_A_0,ADDR_A_0,REFUNDED,1,1.0,HIGH
ORD_ACC_A_0_8,ACC_A_0,2026-08-19T00:00:00,PROD_142,487.37,DEV_A_0,ADDR_A_0,REFUNDED,1,1.0,HIGH
ORD_ACC_A_0_9,ACC_A_0,2026-08-18T00:00:00,PROD_102,1219.96,DEV_A_0,ADDR_A_0,REFUNDED,1,1.0,HIGH
ORD_ACC_A_0_10,ACC_A_0,2026-08-25T00:00:00,PROD_108,914.14,DEV_A_0,ADDR_A_0,REFUNDED,1,1.0,HIGH
ORD_ACC_A_0_11,ACC_A_0,2026-08-21T00:00:00,PROD_117,1179.66,DEV_A_0,ADDR_A_0,REFUNDED,1,1.0,HIGH
ORD_ACC_A_1_0,ACC_A_1,2026-08-31T00:00:00,PROD_117,1411.36,DEV_A_0,ADDR_A_ALT_2,REFUNDED,1,1.0,HIGH
ORD_ACC_A_1_1,ACC_A_1,2026-08-29T00:00:00,PROD_147,1436.73,DEV_A_0,ADDR_A_ALT_2,REFUNDED,1,1.0,HIGH
ORD_ACC_A_1_2,ACC_A_1,2026-08-28T00:00:00,PROD_117,1237.32,DEV_A_0,ADDR_A_ALT_2,REFUNDED,1,1.0,HIGH
ORD_ACC_A_1_3,ACC_A_1,2026-08-29T00:00:00,PROD_117,808.79,DEV_A_0,ADDR_A_ALT_2,REFUNDED,1,1.0,HIGH
ORD_ACC_A_1_4,ACC_A_1,2026-08-28T00:00:00,PROD_104,561.81,DEV_A_0,ADDR_A_ALT_2,REFUNDED,1,1.0,HIGH
ORD_ACC_A_1_5,ACC_A_1,2026-08-28T00:00:00,PROD_117,836.75,DEV_A_0,ADDR_A_ALT_2,COMPLETED,0,1.0,HIGH
ORD_ACC_A_1_6,ACC_A_1,2026-08-29T00:00:00,PROD_113,1048.07,DEV_A_0,ADDR_A_ALT_2,REFUNDED,1,1.0,HIGH
ORD_ACC_A_1_7,ACC_A_1,2026-08-28T00:00:00,PROD_117,1013.02,DEV_A_0,ADDR_A_ALT_2,REFUNDED,1,1.0,HIGH
ORD_ACC_A_1_8,ACC_A_1,2026-08-28T00:00:00,PROD_140,1440.22,DEV_A_0,ADDR_A_ALT_2,REFUNDED,1,1.0,HIGH
ORD_ACC_A_1_9,ACC_A_1,2026-08-29T00:00:00,PROD_117,1020.62,DEV_A_0,ADDR_A_ALT_2,REFUNDED,1,1.0,HIGH
ORD_ACC_A_1_10,ACC_A_1,2026-08-28T00:00:00,PROD_117,917.42,DEV_A_0,ADDR_A_ALT_2,REFUNDED,1,1.0,HIGH
ORD_ACC_A_1_11,ACC_A_1,2026-08-29T00:00:00,PROD_117,119.12,DEV_A_0,ADDR_A_ALT_2,COMPLETED,0,1.0,HIGH
ORD_ACC_A_1_12,ACC_A_1,2026-08-29T00:00:00,PROD_117,281.85,DEV_A_0,ADDR_A_ALT_2,REFUNDED,1,1.0,HIGH
ORD_ACC_A_1_13,ACC_A_1,2026-08-30T00:00:00,PROD_143,413.89,DEV_A_0,ADDR_A_ALT_2,REFUNDED,1,1.0,HIGH
ORD_ACC_A_1_14,ACC_A_1,2026-08-29T00:00:00,PROD_117,373.79,DEV_A_0,ADDR_A_ALT_2,REFUNDED,1,1.0,HIGH
ORD_ACC_A_1_15,ACC_A_1,2026-08-31T00:00:00,PROD_117,498.64,DEV_A_0,ADDR_A_ALT_2,REFUNDED,1,1.0,HIGH
ORD_ACC_A_1_16,ACC_A_1,2026-08-30T00:00:00,PROD_117,295.52,DEV_A_0,ADDR_A_ALT_2,REFUNDED,1,1.0,HIGH
ORD_ACC_A_2_0,ACC_A_2,2026-08-22T00:00:00,PROD_117,440.24,DEV_A_0,ADDR_A_0,REFUNDED,1,1.0,HIGH
ORD_ACC_A_2_1,ACC_A_2,2026-08-31T00:00:00,PROD_117,1378.55,DEV_A_0,ADDR_A_0,REFUNDED,1,1.0,HIGH
ORD_ACC_A_2_2,ACC_A_2,2026-08-24T00:00:00,PROD_116,452.07,DEV_A_0,ADDR_A_0,REFUNDED,1,1.0,HIGH
ORD_ACC_A_2_3,ACC_A_2,2026-08-22T00:00:00,PROD_117,483.73,DEV_A_0,ADDR_A_0,REFUNDED,1,1.0,HIGH
ORD_ACC_A_2_4,ACC_A_2,2026-08-30T00:00:00,PROD_117,871.42,DEV_A_0,ADDR_A_0,REFUNDED,1,1.0,HIGH
ORD_ACC_A_2_5,ACC_A_2,2026-08-21T00:00:00,PROD_100,306.46,DEV_A_0,ADDR_A_0,REFUNDED,1,1.0,HIGH
ORD_ACC_A_3_0,ACC_A_3,2026-08-30T00:00:00,PROD_117,1317.03,DEV_A_0,ADDR_A_0,COMPLETED,0,1.0,HIGH
ORD_ACC_A_3_1,ACC_A_3,2026-08-30T00:00:00,PROD_117,1018.7,DEV_A_0,ADDR_A_0,REFUNDED,1,1.0,HIGH
ORD_ACC_A_3_2,ACC_A_3,2026-08-29T00:00:00,PROD_117,686.94,DEV_A_0,ADDR_A_0,REFUNDED,1,1.0,HIGH
ORD_ACC_A_3_3,ACC_A_3,2026-08-29T00:00:00,PROD_137,619.37,DEV_A_0,ADDR_A_0,REFUNDED,1,1.0,HIGH
ORD_ACC_A_3_4,ACC_A_3,2026-08-31T00:00:00,PROD_127,276.5,DEV_A_0,ADDR_A_0,REFUNDED,1,1.0,HIGH
ORD_ACC_A_3_5,ACC_A_3,2026-08-28T00:00:00,PROD_117,797.79,DEV_A_0,ADDR_A_0,REFUNDED,1,1.0,HIGH
ORD_ACC_A_3_6,ACC_A_3,2026-08-30T00:00:00,PROD_117,424.92,DEV_A_0,ADDR_A_0,REFUNDED,1,1.0,HIGH
ORD_ACC_A_3_7,ACC_A_3,2026-08-31T00:00:00,PROD_117,467.99,DEV_A_0,ADDR_A_0,REFUNDED,1,1.0,HIGH
ORD_ACC_A_3_8,ACC_A_3,2026-08-30T00:00:00,PROD_117,660.43,DEV_A_0,ADDR_A_0,REFUNDED,1,1.0,HIGH
ORD_ACC_A_4_0,ACC_A_4,2026-08-31T00:00:00,PROD_117,309.53,DEV_A_ALT_5,ADDR_A_0,REFUNDED,1,1.0,HIGH
ORD_ACC_A_4_1,ACC_A_4,2026-08-31T00:00:00,PROD_117,660.58,DEV_A_ALT_5,ADDR_A_0,REFUNDED,1,1.0,HIGH
ORD_ACC_A_4_2,ACC_A_4,2026-08-31T00:00:00,PROD_143,133.26,DEV_A_ALT_5,ADDR_A_0,REFUNDED,1,1.0,HIGH
ORD_ACC_A_4_3,ACC_A_4,2026-08-31T00:00:00,PROD_116,154.14,DEV_A_ALT_5,ADDR_A_0,REFUNDED,1,1.0,HIGH
ORD_ACC_A_4_4,ACC_A_4,2026-08-31T00:00:00,PROD_107,739.93,DEV_A_ALT_5,ADDR_A_0,REFUNDED,1,1.0,HIGH
ORD_ACC_A_4_5,ACC_A_4,2026-08-31T00:00:00,PROD_117,1119.36,DEV_A_ALT_5,ADDR_A_0,REFUNDED,1,1.0,HIGH
ORD_ACC_A_4_6,ACC_A_4,2026-08-31T00:00:00,PROD_147,923.43,DEV_A_ALT_5,ADDR_A_0,REFUNDED,1,1.0,HIGH
ORD_ACC_A_4_7,ACC_A_4,2026-08-31T00:00:00,PROD_117,1196.48,DEV_A_ALT_5,ADDR_A_0,REFUNDED,1,1.0,HIGH
ORD_ACC_A_4_8,ACC_A_4,2026-08-31T00:00:00,PROD_117,134.85,DEV_A_ALT_5,ADDR_A_0,REFUNDED,1,1.0,HIGH
ORD_ACC_A_4_9,ACC_A_4,2026-08-31T00:00:00,PROD_117,1312.25,DEV_A_ALT_5,ADDR_A_0,COMPLETED,0,1.0,HIGH
ORD_ACC_A_5_0,ACC_A_5,2026-08-29T00:00:00,PROD_117,735.64,DEV_A_0,ADDR_A_0,REFUNDED,1,1.0,HIGH
ORD_ACC_A_5_1,ACC_A_5,2026-08-24T00:00:00,PROD_117,1129.47,DEV_A_0,ADDR_A_0,REFUNDED,1,1.0,HIGH
ORD_ACC_A_5_2,ACC_A_5,2026-08-17T00:00:00,PROD_117,866.5,DEV_A_0,ADDR_A_0,REFUNDED,1,1.0,HIGH
ORD_ACC_A_5_3,ACC_A_5,2026-08-29T00:00:00,PROD_117,1070.16,DEV_A_0,ADDR_A_0,REFUNDED,1,1.0,HIGH
ORD_ACC_A_5_4,ACC_A_5,2026-08-30T00:00:00,PROD_135,1473.19,DEV_A_0,ADDR_A_0,REFUNDED,1,1.0,HIGH
ORD_ACC_A_5_5,ACC_A_5,2026-08-17T00:00:00,PROD_117,507.59,DEV_A_0,ADDR_A_0,REFUNDED,1,1.0,HIGH
ORD_ACC_A_5_6,ACC_A_5,2026-08-29T00:00:00,PROD_117,1136.91,DEV_A_0,ADDR_A_0,REFUNDED,1,1.0,HIGH
ORD_ACC_A_5_7,ACC_A_5,2026-08-18T00:00:00,PROD_117,1069.65,DEV_A_0,ADDR_A_0,REFUNDED,1,1.0,HIGH
ORD_ACC_A_5_8,ACC_A_5,2026-08-24T00:00:00,PROD_121,317.88,DEV_A_0,ADDR_A_0,REFUNDED,1,1.0,HIGH
ORD_ACC_A_5_9,ACC_A_5,2026-08-26T00:00:00,PROD_117,745.44,DEV_A_0,ADDR_A_0,REFUNDED,1,1.0,HIGH
ORD_ACC_A_5_10,ACC_A_5,2026-08-24T00:00:00,PROD_117,792.75,DEV_A_0,ADDR_A_0,COMPLETED,0,1.0,HIGH
ORD_ACC_A_5_11,ACC_A_5,2026-08-24T00:00:00,PROD_117,105.04,DEV_A_0,ADDR_A_0,REFUNDED,1,1.0,HIGH
ORD_ACC_A_5_12,ACC_A_5,2026-08-26T00:00:00,PROD_127,769.97,DEV_A_0,ADDR_A_0,REFUNDED,1,1.0,HIGH
ORD_ACC_A_6_0,ACC_A_6,2026-08-17T00:00:00,PROD_117,314.41,DEV_A_0,ADDR_A_0,REFUNDED,1,1.0,HIGH
ORD_ACC_A_6_1,ACC_A_6,2026-08-19T00:00:00,PROD_125,938.23,DEV_A_0,ADDR_A_0,REFUNDED,1,1.0,HIGH
ORD_ACC_A_6_2,ACC_A_6,2026-08-20T00:00:00,PROD_117,1001.46,DEV_A_0,ADDR_A_0,REFUNDED,1,1.0,HIGH
ORD_ACC_A_6_3,ACC_A_6,2026-08-31T00:00:00,PROD_117,578.24,DEV_A_0,ADDR_A_0,COMPLETED,0,1.0,HIGH
ORD_ACC_A_6_4,ACC_A_6,2026-08-23T00:00:00,PROD_117,1418.11,DEV_A_0,ADDR_A_0,REFUNDED,1,1.0,HIGH
ORD_ACC_A_6_5,ACC_A_6,2026-08-23T00:00:00,PROD_117,821.44,DEV_A_0,ADDR_A_0,REFUNDED,1,1.0,HIGH
ORD_ACC_A_6_6,ACC_A_6,2026-08-25T00:00:00,PROD_123,527.86,DEV_A_0,ADDR_A_0,REFUNDED,1,1.0,HIGH
ORD_ACC_A_6_7,ACC_A_6,2026-08-29T00:00:00,PROD_111,752.7,DEV_A_0,ADDR_A_0,REFUNDED,1,1.0,HIGH
ORD_ACC_A_6_8,ACC_A_6,2026-08-29T00:00:00,PROD_143,879.3,DEV_A_0,ADDR_A_0,REFUNDED,1,1.0,HIGH
ORD_ACC_A_6_9,ACC_A_6,2026-08-30T00:00:00,PROD_117,1273.84,DEV_A_0,ADDR_A_0,REFUNDED,1,1.0,HIGH
ORD_ACC_A_6_10,ACC_A_6,2026-08-22T00:00:00,PROD_117,878.91,DEV_A_0,ADDR_A_0,REFUNDED,1,1.0,HIGH
ORD_ACC_A_6_11,ACC_A_6,2026-08-31T00:00:00,PROD_117,1403.35,DEV_A_0,ADDR_A_0,REFUNDED,1,1.0,HIGH
ORD_ACC_A_6_12,ACC_A_6,2026-08-24T00:00:00,PROD_117,1321.11,DEV_A_0,ADDR_A_0,REFUNDED,1,1.0,HIGH
ORD_ACC_A_6_13,ACC_A_6,2026-08-24T00:00:00,PROD_117,1008.41,DEV_A_0,ADDR_A_0,REFUNDED,1,1.0,HIGH
ORD_ACC_A_6_14,ACC_A_6,2026-08-31T00:00:00,PROD_137,498.97,DEV_A_0,ADDR_A_0,REFUNDED,1,1.0,HIGH
ORD_ACC_A_6_15,ACC_A_6,2026-08-20T00:00:00,PROD_117,719.69,DEV_A_0,ADDR_A_0,REFUNDED,1,1.0,HIGH
ORD_ACC_A_6_16,ACC_A_6,2026-08-25T00:00:00,PROD_105,216.53,DEV_A_0,ADDR_A_0,REFUNDED,1,1.0,HIGH
ORD_ACC_A_6_17,ACC_A_6,2026-08-17T00:00:00,PROD_117,1260.15,DEV_A_0,ADDR_A_0,COMPLETED,0,1.0,HIGH
ORD_ACC_A_6_18,ACC_A_6,2026-08-24T00:00:00,PROD_117,171.39,DEV_A_0,ADDR_A_0,REFUNDED,1,1.0,HIGH
ORD_ACC_A_7_0,ACC_A_7,2026-08-30T00:00:00,PROD_117,1031.17,DEV_A_0,ADDR_A_0,REFUNDED,1,1.0,HIGH
ORD_ACC_A_7_1,ACC_A_7,2026-08-31T00:00:00,PROD_117,145.88,DEV_A_0,ADDR_A_0,REFUNDED,1,1.0,HIGH
ORD_ACC_A_7_2,ACC_A_7,2026-08-30T00:00:00,PROD_117,1366.25,DEV_A_0,ADDR_A_0,REFUNDED,1,1.0,HIGH
ORD_ACC_A_7_3,ACC_A_7,2026-08-30T00:00:00,PROD_117,996.01,DEV_A_0,ADDR_A_0,COMPLETED,0,1.0,HIGH
ORD_ACC_A_7_4,ACC_A_7,2026-08-30T00:00:00,PROD_122,1147.43,DEV_A_0,ADDR_A_0,REFUNDED,1,1.0,HIGH
ORD_ACC_A_7_5,ACC_A_7,2026-08-30T00:00:00,PROD_116,1028.35,DEV_A_0,ADDR_A_0,REFUNDED,1,1.0,HIGH
ORD_ACC_A_7_6,ACC_A_7,2026-08-31T00:00:00,PROD_117,493.79,DEV_A_0,ADDR_A_0,REFUNDED,1,1.0,HIGH
ORD_ACC_A_7_7,ACC_A_7,2026-08-30T00:00:00,PROD_123,508.41,DEV_A_0,ADDR_A_0,COMPLETED,0,1.0,HIGH
ORD_ACC_A_7_8,ACC_A_7,2026-08-31T00:00:00,PROD_117,1360.64,DEV_A_0,ADDR_A_0,COMPLETED,0,1.0,HIGH
ORD_ACC_A_8_0,ACC_A_8,2026-08-19T00:00:00,PROD_149,693.25,DEV_A_ALT_9,ADDR_A_ALT_9,REFUNDED,1,1.0,HIGH
ORD_ACC_A_8_1,ACC_A_8,2026-08-25T00:00:00,PROD_149,847.0,DEV_A_ALT_9,ADDR_A_ALT_9,REFUNDED,1,1.0,HIGH
ORD_ACC_A_8_2,ACC_A_8,2026-08-18T00:00:00,PROD_129,842.27,DEV_A_ALT_9,ADDR_A_ALT_9,REFUNDED,1,1.0,HIGH
ORD_ACC_A_8_3,ACC_A_8,2026-08-22T00:00:00,PROD_117,1020.22,DEV_A_ALT_9,ADDR_A_ALT_9,REFUNDED,1,1.0,HIGH
ORD_ACC_A_8_4,ACC_A_8,2026-08-23T00:00:00,PROD_117,812.8,DEV_A_ALT_9,ADDR_A_ALT_9,REFUNDED,1,1.0,HIGH
ORD_ACC_A_8_5,ACC_A_8,2026-08-23T00:00:00,PROD_132,181.64,DEV_A_ALT_9,ADDR_A_ALT_9,COMPLETED,0,1.0,HIGH
ORD_ACC_A_8_6,ACC_A_8,2026-08-25T00:00:00,PROD_117,339.28,DEV_A_ALT_9,ADDR_A_ALT_9,REFUNDED,1,1.0,HIGH
ORD_ACC_A_8_7,ACC_A_8,2026-08-27T00:00:00,PROD_117,471.75,DEV_A_ALT_9,ADDR_A_ALT_9,REFUNDED,1,1.0,HIGH
ORD_ACC_A_8_8,ACC_A_8,2026-08-28T00:00:00,PROD_117,355.72,DEV_A_ALT_9,ADDR_A_ALT_9,REFUNDED,1,1.0,HIGH
ORD_ACC_A_8_9,ACC_A_8,2026-08-24T00:00:00,PROD_105,1131.29,DEV_A_ALT_9,ADDR_A_ALT_9,REFUNDED,1,1.0,HIGH
ORD_ACC_A_8_10,ACC_A_8,2026-08-17T00:00:00,PROD_117,1081.59,DEV_A_ALT_9,ADDR_A_ALT_9,REFUNDED,1,1.0,HIGH
ORD_ACC_A_8_11,ACC_A_8,2026-08-23T00:00:00,PROD_139,450.4,DEV_A_ALT_9,ADDR_A_ALT_9,REFUNDED,1,1.0,HIGH
ORD_ACC_A_8_12,ACC_A_8,2026-08-22T00:00:00,PROD_117,411.32,DEV_A_ALT_9,ADDR_A_ALT_9,REFUNDED,1,1.0,HIGH
ORD_ACC_A_8_13,ACC_A_8,2026-08-30T00:00:00,PROD_129,800.11,DEV_A_ALT_9,ADDR_A_ALT_9,REFUNDED,1,1.0,HIGH
ORD_ACC_A_8_14,ACC_A_8,2026-08-21T00:00:00,PROD_117,485.0,DEV_A_ALT_9,ADDR_A_ALT_9,COMPLETED,0,1.0,HIGH
ORD_ACC_A_8_15,ACC_A_8,2026-08-17T00:00:00,PROD_117,1163.1,DEV_A_ALT_9,ADDR_A_ALT_9,COMPLETED,0,1.0,HIGH
ORD_ACC_A_8_16,ACC_A_8,2026-08-18T00:00:00,PROD_117,686.03,DEV_A_ALT_9,ADDR_A_ALT_9,REFUNDED,1,1.0,HIGH
ORD_ACC_A_8_17,ACC_A_8,2026-08-21T00:00:00,PROD_118,1405.4,DEV_A_ALT_9,ADDR_A_ALT_9,REFUNDED,1,1.0,HIGH
ORD_ACC_A_8_18,ACC_A_8,2026-08-18T00:00:00,PROD_135,904.22,DEV_A_ALT_9,ADDR_A_ALT_9,COMPLETED,0,1.0,HIGH
ORD_ACC_A_9_0,ACC_A_9,2026-08-30T00:00:00,PROD_117,1460.44,DEV_A_ALT_10,ADDR_A_0,REFUNDED,1,1.0,HIGH
ORD_ACC_A_9_1,ACC_A_9,2026-08-30T00:00:00,PROD_117,641.24,DEV_A_ALT_10,ADDR_A_0,REFUNDED,1,1.0,HIGH
ORD_ACC_A_9_2,ACC_A_9,2026-08-31T00:00:00,PROD_117,774.49,DEV_A_ALT_10,ADDR_A_0,REFUNDED,1,1.0,HIGH
ORD_ACC_A_9_3,ACC_A_9,2026-08-31T00:00:00,PROD_117,212.85,DEV_A_ALT_10,ADDR_A_0,REFUNDED,1,1.0,HIGH
ORD_ACC_A_9_4,ACC_A_9,2026-08-30T00:00:00,PROD_117,849.47,DEV_A_ALT_10,ADDR_A_0,REFUNDED,1,1.0,HIGH
ORD_ACC_A_9_5,ACC_A_9,2026-08-29T00:00:00,PROD_117,1265.05,DEV_A_ALT_10,ADDR_A_0,REFUNDED,1,1.0,HIGH
ORD_ACC_A_9_6,ACC_A_9,2026-08-29T00:00:00,PROD_117,1387.28,DEV_A_ALT_10,ADDR_A_0,REFUNDED,1,1.0,HIGH
ORD_ACC_A_9_7,ACC_A_9,2026-08-30T00:00:00,PROD_117,562.9,DEV_A_ALT_10,ADDR_A_0,REFUNDED,1,1.0,HIGH
ORD_ACC_A_9_8,ACC_A_9,2026-08-30T00:00:00,PROD_117,1453.07,DEV_A_ALT_10,ADDR_A_0,REFUNDED,1,1.0,HIGH
ORD_ACC_A_9_9,ACC_A_9,2026-08-29T00:00:00,PROD_126,1409.87,DEV_A_ALT_10,ADDR_A_0,COMPLETED,0,1.0,HIGH
ORD_ACC_A_9_10,ACC_A_9,2026-08-31T00:00:00,PROD_117,1067.76,DEV_A_ALT_10,ADDR_A_0,COMPLETED,0,1.0,HIGH
ORD_ACC_A_9_11,ACC_A_9,2026-08-29T00:00:00,PROD_117,735.15,DEV_A_ALT_10,ADDR_A_0,REFUNDED,1,1.0,HIGH
ORD_ACC_A_9_12,ACC_A_9,2026-08-30T00:00:00,PROD_117,627.63,DEV_A_ALT_10,ADDR_A_0,REFUNDED,1,1.0,HIGH
ORD_ACC_A_9_13,ACC_A_9,2026-08-31T00:00:00,PROD_117,1276.41,DEV_A_ALT_10,ADDR_A_0,REFUNDED,1,1.0,HIGH
ORD_ACC_A_10_0,ACC_A_10,2026-08-30T00:00:00,PROD_117,1389.57,DEV_A_0,ADDR_A_0,REFUNDED,1,1.0,HIGH
ORD_ACC_A_10_1,ACC_A_10,2026-08-29T00:00:00,PROD_117,1087.35,DEV_A_0,ADDR_A_0,REFUNDED,1,1.0,HIGH
ORD_ACC_A_10_2,ACC_A_10,2026-08-24T00:00:00,PROD_117,139.51,DEV_A_0,ADDR_A_0,REFUNDED,1,1.0,HIGH
ORD_ACC_A_10_3,ACC_A_10,2026-08-26T00:00:00,PROD_117,1454.92,DEV_A_0,ADDR_A_0,REFUNDED,1,1.0,HIGH
ORD_ACC_A_10_4,ACC_A_10,2026-08-24T00:00:00,PROD_117,989.93,DEV_A_0,ADDR_A_0,REFUNDED,1,1.0,HIGH
ORD_ACC_A_10_5,ACC_A_10,2026-08-24T00:00:00,PROD_141,1444.31,DEV_A_0,ADDR_A_0,REFUNDED,1,1.0,HIGH
ORD_ACC_A_10_6,ACC_A_10,2026-08-30T00:00:00,PROD_117,851.65,DEV_A_0,ADDR_A_0,REFUNDED,1,1.0,HIGH
ORD_ACC_A_10_7,ACC_A_10,2026-08-24T00:00:00,PROD_117,1321.09,DEV_A_0,ADDR_A_0,REFUNDED,1,1.0,HIGH
ORD_ACC_A_10_8,ACC_A_10,2026-08-30T00:00:00,PROD_117,282.08,DEV_A_0,ADDR_A_0,REFUNDED,1,1.0,HIGH
ORD_ACC_A_10_9,ACC_A_10,2026-08-24T00:00:00,PROD_134,862.34,DEV_A_0,ADDR_A_0,REFUNDED,1,1.0,HIGH
ORD_ACC_A_10_10,ACC_A_10,2026-08-25T00:00:00,PROD_122,682.67,DEV_A_0,ADDR_A_0,REFUNDED,1,1.0,HIGH
ORD_ACC_A_10_11,ACC_A_10,2026-08-23T00:00:00,PROD_117,661.88,DEV_A_0,ADDR_A_0,REFUNDED,1,1.0,HIGH
ORD_ACC_A_10_12,ACC_A_10,2026-08-30T00:00:00,PROD_117,832.04,DEV_A_0,ADDR_A_0,REFUNDED,1,1.0,HIGH
ORD_ACC_A_10_13,ACC_A_10,2026-08-26T00:00:00,PROD_133,295.31,DEV_A_0,ADDR_A_0,COMPLETED,0,1.0,HIGH
ORD_ACC_A_10_14,ACC_A_10,2026-08-20T00:00:00,PROD_117,856.41,DEV_A_0,ADDR_A_0,REFUNDED,1,1.0,HIGH
ORD_ACC_A_10_15,ACC_A_10,2026-08-22T00:00:00,PROD_133,481.51,DEV_A_0,ADDR_A_0,REFUNDED,1,1.0,HIGH
ORD_ACC_A_10_16,ACC_A_10,2026-08-29T00:00:00,PROD_134,851.6,DEV_A_0,ADDR_A_0,COMPLETED,0,1.0,HIGH
ORD_ACC_A_10_17,ACC_A_10,2026-08-27T00:00:00,PROD_117,728.61,DEV_A_0,ADDR_A_0,REFUNDED,1,1.0,HIGH
ORD_ACC_A_11_0,ACC_A_11,2026-08-18T00:00:00,PROD_110,1366.5,DEV_A_1,ADDR_A_1,REFUNDED,1,1.0,HIGH
ORD_ACC_A_11_1,ACC_A_11,2026-08-20T00:00:00,PROD_124,323.08,DEV_A_1,ADDR_A_1,REFUNDED,1,1.0,HIGH
ORD_ACC_A_11_2,ACC_A_11,2026-08-27T00:00:00,PROD_130,277.49,DEV_A_1,ADDR_A_1,REFUNDED,1,1.0,HIGH
ORD_ACC_A_11_3,ACC_A_11,2026-08-29T00:00:00,PROD_142,698.47,DEV_A_1,ADDR_A_1,REFUNDED,1,1.0,HIGH
ORD_ACC_A_11_4,ACC_A_11,2026-08-29T00:00:00,PROD_101,759.68,DEV_A_1,ADDR_A_1,REFUNDED,1,1.0,HIGH
ORD_ACC_A_11_5,ACC_A_11,2026-08-29T00:00:00,PROD_142,108.81,DEV_A_1,ADDR_A_1,COMPLETED,0,1.0,HIGH
ORD_ACC_A_11_6,ACC_A_11,2026-08-23T00:00:00,PROD_147,417.1,DEV_A_1,ADDR_A_1,REFUNDED,1,1.0,HIGH
ORD_ACC_A_11_7,ACC_A_11,2026-08-25T00:00:00,PROD_117,354.8,DEV_A_1,ADDR_A_1,REFUNDED,1,1.0,HIGH
ORD_ACC_A_11_8,ACC_A_11,2026-08-18T00:00:00,PROD_145,1318.12,DEV_A_1,ADDR_A_1,REFUNDED,1,1.0,HIGH
ORD_ACC_A_11_9,ACC_A_11,2026-08-24T00:00:00,PROD_142,439.81,DEV_A_1,ADDR_A_1,COMPLETED,0,1.0,HIGH
ORD_ACC_A_11_10,ACC_A_11,2026-08-21T00:00:00,PROD_131,280.69,DEV_A_1,ADDR_A_1,REFUNDED,1,1.0,HIGH
ORD_ACC_A_11_11,ACC_A_11,2026-08-31T00:00:00,PROD_142,456.57,DEV_A_1,ADDR_A_1,REFUNDED,1,1.0,HIGH
ORD_ACC_A_11_12,ACC_A_11,2026-08-28T00:00:00,PROD_142,185.25,DEV_A_1,ADDR_A_1,REFUNDED,1,1.0,HIGH
ORD_ACC_A_11_13,ACC_A_11,2026-08-29T00:00:00,PROD_101,871.05,DEV_A_1,ADDR_A_1,REFUNDED,1,1.0,HIGH
ORD_ACC_A_11_14,ACC_A_11,2026-08-20T00:00:00,PROD_109,328.5,DEV_A_1,ADDR_A_1,REFUNDED,1,1.0,HIGH
ORD_ACC_A_11_15,ACC_A_11,2026-08-26T00:00:00,PROD_142,572.85,DEV_A_1,ADDR_A_1,COMPLETED,0,1.0,HIGH
ORD_ACC_A_11_16,ACC_A_11,2026-08-20T00:00:00,PROD_128,1205.65,DEV_A_1,ADDR_A_1,REFUNDED,1,1.0,HIGH
ORD_ACC_A_11_17,ACC_A_11,2026-08-21T00:00:00,PROD_142,154.15,DEV_A_1,ADDR_A_1,REFUNDED,1,1.0,HIGH
ORD_ACC_A_11_18,ACC_A_11,2026-08-26T00:00:00,PROD_118,1204.2,DEV_A_1,ADDR_A_1,REFUNDED,1,1.0,HIGH
ORD_ACC_A_11_19,ACC_A_11,2026-08-18T00:00:00,PROD_142,1002.89,DEV_A_1,ADDR_A_1,REFUNDED,1,1.0,HIGH
ORD_ACC_A_11_20,ACC_A_11,2026-08-25T00:00:00,PROD_132,952.21,DEV_A_1,ADDR_A_1,REFUNDED,1,1.0,HIGH
ORD_ACC_A_11_21,ACC_A_11,2026-08-20T00:00:00,PROD_142,1039.58,DEV_A_1,ADDR_A_1,REFUNDED,1,1.0,HIGH
ORD_ACC_A_12_0,ACC_A_12,2026-08-27T00:00:00,PROD_142,862.11,DEV_A_1,ADDR_A_1,REFUNDED,1,1.0,HIGH
ORD_ACC_A_12_1,ACC_A_12,2026-08-31T00:00:00,PROD_115,114.79,DEV_A_1,ADDR_A_1,REFUNDED,1,1.0,HIGH
ORD_ACC_A_12_2,ACC_A_12,2026-08-26T00:00:00,PROD_110,915.76,DEV_A_1,ADDR_A_1,REFUNDED,1,1.0,HIGH
ORD_ACC_A_12_3,ACC_A_12,2026-08-27T00:00:00,PROD_142,144.48,DEV_A_1,ADDR_A_1,REFUNDED,1,1.0,HIGH
ORD_ACC_A_12_4,ACC_A_12,2026-08-28T00:00:00,PROD_114,182.82,DEV_A_1,ADDR_A_1,REFUNDED,1,1.0,HIGH
ORD_ACC_A_12_5,ACC_A_12,2026-08-22T00:00:00,PROD_142,816.31,DEV_A_1,ADDR_A_1,REFUNDED,1,1.0,HIGH
ORD_ACC_A_12_6,ACC_A_12,2026-08-30T00:00:00,PROD_142,1314.0,DEV_A_1,ADDR_A_1,REFUNDED,1,1.0,HIGH
ORD_ACC_A_12_7,ACC_A_12,2026-08-26T00:00:00,PROD_142,694.02,DEV_A_1,ADDR_A_1,REFUNDED,1,1.0,HIGH
ORD_ACC_A_12_8,ACC_A_12,2026-08-31T00:00:00,PROD_142,857.17,DEV_A_1,ADDR_A_1,REFUNDED,1,1.0,HIGH
ORD_ACC_A_12_9,ACC_A_12,2026-08-28T00:00:00,PROD_142,739.85,DEV_A_1,ADDR_A_1,REFUNDED,1,1.0,HIGH
ORD_ACC_A_13_0,ACC_A_13,2026-08-29T00:00:00,PROD_124,816.09,DEV_A_1,ADDR_A_1,REFUNDED,1,1.0,HIGH
ORD_ACC_A_13_1,ACC_A_13,2026-08-22T00:00:00,PROD_142,704.09,DEV_A_1,ADDR_A_1,REFUNDED,1,1.0,HIGH
ORD_ACC_A_13_2,ACC_A_13,2026-08-26T00:00:00,PROD_142,1445.0,DEV_A_1,ADDR_A_1,REFUNDED,1,1.0,HIGH
ORD_ACC_A_13_3,ACC_A_13,2026-08-26T00:00:00,PROD_115,135.59,DEV_A_1,ADDR_A_1,REFUNDED,1,1.0,HIGH
ORD_ACC_A_13_4,ACC_A_13,2026-08-29T00:00:00,PROD_142,888.4,DEV_A_1,ADDR_A_1,REFUNDED,1,1.0,HIGH
ORD_ACC_A_13_5,ACC_A_13,2026-08-23T00:00:00,PROD_104,610.37,DEV_A_1,ADDR_A_1,COMPLETED,0,1.0,HIGH
ORD_ACC_A_13_6,ACC_A_13,2026-08-23T00:00:00,PROD_142,413.96,DEV_A_1,ADDR_A_1,REFUNDED,1,1.0,HIGH
ORD_ACC_A_13_7,ACC_A_13,2026-08-29T00:00:00,PROD_142,1134.7,DEV_A_1,ADDR_A_1,REFUNDED,1,1.0,HIGH
ORD_ACC_A_13_8,ACC_A_13,2026-08-24T00:00:00,PROD_142,1351.91,DEV_A_1,ADDR_A_1,REFUNDED,1,1.0,HIGH
ORD_ACC_A_13_9,ACC_A_13,2026-08-19T00:00:00,PROD_142,1163.03,DEV_A_1,ADDR_A_1,REFUNDED,1,1.0,HIGH
ORD_ACC_A_13_10,ACC_A_13,2026-08-22T00:00:00,PROD_142,980.81,DEV_A_1,ADDR_A_1,REFUNDED,1,1.0,HIGH
ORD_ACC_A_13_11,ACC_A_13,2026-08-24T00:00:00,PROD_142,513.55,DEV_A_1,ADDR_A_1,REFUNDED,1,1.0,HIGH
ORD_ACC_A_13_12,ACC_A_13,2026-08-31T00:00:00,PROD_142,1205.29,DEV_A_1,ADDR_A_1,REFUNDED,1,1.0,HIGH
ORD_ACC_A_13_13,ACC_A_13,2026-08-19T00:00:00,PROD_142,972.15,DEV_A_1,ADDR_A_1,REFUNDED,1,1.0,HIGH
ORD_ACC_A_13_14,ACC_A_13,2026-08-27T00:00:00,PROD_143,1431.5,DEV_A_1,ADDR_A_1,REFUNDED,1,1.0,HIGH
ORD_ACC_A_13_15,ACC_A_13,2026-08-29T00:00:00,PROD_142,1112.89,DEV_A_1,ADDR_A_1,REFUNDED,1,1.0,HIGH
ORD_ACC_A_13_16,ACC_A_13,2026-08-17T00:00:00,PROD_137,1487.81,DEV_A_1,ADDR_A_1,REFUNDED,1,1.0,HIGH
ORD_ACC_A_13_17,ACC_A_13,2026-08-19T00:00:00,PROD_101,711.11,DEV_A_1,ADDR_A_1,REFUNDED,1,1.0,HIGH
ORD_ACC_A_13_18,ACC_A_13,2026-08-30T00:00:00,PROD_102,346.44,DEV_A_1,ADDR_A_1,REFUNDED,1,1.0,HIGH
ORD_ACC_A_13_19,ACC_A_13,2026-08-20T00:00:00,PROD_142,1262.63,DEV_A_1,ADDR_A_1,REFUNDED,1,1.0,HIGH
ORD_ACC_A_14_0,ACC_A_14,2026-08-22T00:00:00,PROD_141,1378.34,DEV_A_1,ADDR_A_1,REFUNDED,1,1.0,HIGH
ORD_ACC_A_14_1,ACC_A_14,2026-08-29T00:00:00,PROD_142,554.88,DEV_A_1,ADDR_A_1,REFUNDED,1,1.0,HIGH
ORD_ACC_A_14_2,ACC_A_14,2026-08-30T00:00:00,PROD_114,385.52,DEV_A_1,ADDR_A_1,REFUNDED,1,1.0,HIGH
ORD_ACC_A_14_3,ACC_A_14,2026-08-23T00:00:00,PROD_142,1094.07,DEV_A_1,ADDR_A_1,REFUNDED,1,1.0,HIGH
ORD_ACC_A_14_4,ACC_A_14,2026-08-29T00:00:00,PROD_142,1349.49,DEV_A_1,ADDR_A_1,REFUNDED,1,1.0,HIGH
ORD_ACC_A_14_5,ACC_A_14,2026-08-24T00:00:00,PROD_142,434.9,DEV_A_1,ADDR_A_1,REFUNDED,1,1.0,HIGH
ORD_ACC_A_14_6,ACC_A_14,2026-08-29T00:00:00,PROD_142,136.29,DEV_A_1,ADDR_A_1,REFUNDED,1,1.0,HIGH
ORD_ACC_A_14_7,ACC_A_14,2026-08-23T00:00:00,PROD_142,217.02,DEV_A_1,ADDR_A_1,REFUNDED,1,1.0,HIGH
ORD_ACC_A_14_8,ACC_A_14,2026-08-23T00:00:00,PROD_103,148.12,DEV_A_1,ADDR_A_1,REFUNDED,1,1.0,HIGH
ORD_ACC_A_14_9,ACC_A_14,2026-08-22T00:00:00,PROD_110,631.78,DEV_A_1,ADDR_A_1,REFUNDED,1,1.0,HIGH
ORD_ACC_A_14_10,ACC_A_14,2026-08-30T00:00:00,PROD_142,1254.3,DEV_A_1,ADDR_A_1,REFUNDED,1,1.0,HIGH
ORD_ACC_A_14_11,ACC_A_14,2026-08-23T00:00:00,PROD_142,315.71,DEV_A_1,ADDR_A_1,REFUNDED,1,1.0,HIGH
ORD_ACC_A_14_12,ACC_A_14,2026-08-23T00:00:00,PROD_142,1117.88,DEV_A_1,ADDR_A_1,REFUNDED,1,1.0,HIGH
ORD_ACC_A_14_13,ACC_A_14,2026-08-28T00:00:00,PROD_142,1164.53,DEV_A_1,ADDR_A_1,COMPLETED,0,1.0,HIGH
ORD_ACC_A_14_14,ACC_A_14,2026-08-24T00:00:00,PROD_144,175.37,DEV_A_1,ADDR_A_1,REFUNDED,1,1.0,HIGH
ORD_ACC_A_14_15,ACC_A_14,2026-08-24T00:00:00,PROD_142,219.11,DEV_A_1,ADDR_A_1,COMPLETED,0,1.0,HIGH
ORD_ACC_A_14_16,ACC_A_14,2026-08-23T00:00:00,PROD_142,1362.68,DEV_A_1,ADDR_A_1,REFUNDED,1,1.0,HIGH
ORD_ACC_A_14_17,ACC_A_14,2026-08-27T00:00:00,PROD_142,150.07,DEV_A_1,ADDR_A_1,REFUNDED,1,1.0,HIGH
ORD_ACC_A_14_18,ACC_A_14,2026-08-28T00:00:00,PROD_115,1194.41,DEV_A_1,ADDR_A_1,REFUNDED,1,1.0,HIGH
ORD_ACC_A_14_19,ACC_A_14,2026-08-27T00:00:00,PROD_104,929.41,DEV_A_1,ADDR_A_1,REFUNDED,1,1.0,HIGH
ORD_ACC_A_15_0,ACC_A_15,2026-08-20T00:00:00,PROD_122,794.3,DEV_A_ALT_16,ADDR_A_1,REFUNDED,1,1.0,HIGH
ORD_ACC_A_15_1,ACC_A_15,2026-08-29T00:00:00,PROD_113,416.53,DEV_A_ALT_16,ADDR_A_1,REFUNDED,1,1.0,HIGH
ORD_ACC_A_15_2,ACC_A_15,2026-08-25T00:00:00,PROD_142,136.54,DEV_A_ALT_16,ADDR_A_1,REFUNDED,1,1.0,HIGH
ORD_ACC_A_15_3,ACC_A_15,2026-08-30T00:00:00,PROD_149,1013.25,DEV_A_ALT_16,ADDR_A_1,COMPLETED,0,1.0,HIGH
ORD_ACC_A_15_4,ACC_A_15,2026-08-31T00:00:00,PROD_101,541.64,DEV_A_ALT_16,ADDR_A_1,COMPLETED,0,1.0,HIGH
ORD_ACC_A_15_5,ACC_A_15,2026-08-28T00:00:00,PROD_142,1163.57,DEV_A_ALT_16,ADDR_A_1,REFUNDED,1,1.0,HIGH
ORD_ACC_A_16_0,ACC_A_16,2026-08-22T00:00:00,PROD_125,493.31,DEV_A_2,ADDR_A_2,COMPLETED,0,1.0,HIGH
ORD_ACC_A_16_1,ACC_A_16,2026-08-25T00:00:00,PROD_149,1060.99,DEV_A_2,ADDR_A_2,REFUNDED,1,1.0,HIGH
ORD_ACC_A_16_2,ACC_A_16,2026-08-28T00:00:00,PROD_127,1066.03,DEV_A_2,ADDR_A_2,REFUNDED,1,1.0,HIGH
ORD_ACC_A_16_3,ACC_A_16,2026-08-23T00:00:00,PROD_127,1246.31,DEV_A_2,ADDR_A_2,REFUNDED,1,1.0,HIGH
ORD_ACC_A_16_4,ACC_A_16,2026-08-27T00:00:00,PROD_127,1018.35,DEV_A_2,ADDR_A_2,REFUNDED,1,1.0,HIGH
ORD_ACC_A_16_5,ACC_A_16,2026-08-28T00:00:00,PROD_125,517.54,DEV_A_2,ADDR_A_2,REFUNDED,1,1.0,HIGH
ORD_ACC_A_16_6,ACC_A_16,2026-08-23T00:00:00,PROD_134,1189.64,DEV_A_2,ADDR_A_2,REFUNDED,1,1.0,HIGH
ORD_ACC_A_16_7,ACC_A_16,2026-08-22T00:00:00,PROD_127,1325.38,DEV_A_2,ADDR_A_2,REFUNDED,1,1.0,HIGH
ORD_ACC_A_16_8,ACC_A_16,2026-08-22T00:00:00,PROD_120,790.04,DEV_A_2,ADDR_A_2,REFUNDED,1,1.0,HIGH
ORD_ACC_A_16_9,ACC_A_16,2026-08-21T00:00:00,PROD_122,623.37,DEV_A_2,ADDR_A_2,COMPLETED,0,1.0,HIGH
ORD_ACC_A_16_10,ACC_A_16,2026-08-26T00:00:00,PROD_127,1498.51,DEV_A_2,ADDR_A_2,REFUNDED,1,1.0,HIGH
ORD_ACC_A_16_11,ACC_A_16,2026-08-22T00:00:00,PROD_119,1436.74,DEV_A_2,ADDR_A_2,REFUNDED,1,1.0,HIGH
ORD_ACC_A_16_12,ACC_A_16,2026-08-28T00:00:00,PROD_135,699.71,DEV_A_2,ADDR_A_2,REFUNDED,1,1.0,HIGH
ORD_ACC_A_16_13,ACC_A_16,2026-08-28T00:00:00,PROD_127,654.93,DEV_A_2,ADDR_A_2,REFUNDED,1,1.0,HIGH
ORD_ACC_A_16_14,ACC_A_16,2026-08-28T00:00:00,PROD_127,844.64,DEV_A_2,ADDR_A_2,REFUNDED,1,1.0,HIGH
ORD_ACC_A_16_15,ACC_A_16,2026-08-27T00:00:00,PROD_127,714.57,DEV_A_2,ADDR_A_2,REFUNDED,1,1.0,HIGH
ORD_ACC_A_16_16,ACC_A_16,2026-08-23T00:00:00,PROD_106,703.02,DEV_A_2,ADDR_A_2,REFUNDED,1,1.0,HIGH
ORD_ACC_A_16_17,ACC_A_16,2026-08-28T00:00:00,PROD_127,787.53,DEV_A_2,ADDR_A_2,REFUNDED,1,1.0,HIGH
ORD_ACC_A_16_18,ACC_A_16,2026-08-30T00:00:00,PROD_127,740.32,DEV_A_2,ADDR_A_2,REFUNDED,1,1.0,HIGH
ORD_ACC_A_16_19,ACC_A_16,2026-08-24T00:00:00,PROD_127,659.49,DEV_A_2,ADDR_A_2,REFUNDED,1,1.0,HIGH
ORD_ACC_A_16_20,ACC_A_16,2026-08-31T00:00:00,PROD_116,818.02,DEV_A_2,ADDR_A_2,REFUNDED,1,1.0,HIGH
ORD_ACC_A_16_21,ACC_A_16,2026-08-26T00:00:00,PROD_145,715.18,DEV_A_2,ADDR_A_2,REFUNDED,1,1.0,HIGH
ORD_ACC_A_16_22,ACC_A_16,2026-08-20T00:00:00,PROD_127,630.94,DEV_A_2,ADDR_A_2,REFUNDED,1,1.0,HIGH
ORD_ACC_A_16_23,ACC_A_16,2026-08-30T00:00:00,PROD_127,242.77,DEV_A_2,ADDR_A_2,REFUNDED,1,1.0,HIGH
ORD_ACC_A_17_0,ACC_A_17,2026-08-25T00:00:00,PROD_127,1147.92,DEV_A_ALT_18,ADDR_A_2,REFUNDED,1,1.0,HIGH
ORD_ACC_A_17_1,ACC_A_17,2026-08-20T00:00:00,PROD_127,982.83,DEV_A_ALT_18,ADDR_A_2,REFUNDED,1,1.0,HIGH
ORD_ACC_A_17_2,ACC_A_17,2026-08-29T00:00:00,PROD_127,1138.13,DEV_A_ALT_18,ADDR_A_2,REFUNDED,1,1.0,HIGH
ORD_ACC_A_17_3,ACC_A_17,2026-08-17T00:00:00,PROD_114,1289.01,DEV_A_ALT_18,ADDR_A_2,REFUNDED,1,1.0,HIGH
ORD_ACC_A_17_4,ACC_A_17,2026-08-24T00:00:00,PROD_127,225.31,DEV_A_ALT_18,ADDR_A_2,REFUNDED,1,1.0,HIGH
ORD_ACC_A_17_5,ACC_A_17,2026-08-17T00:00:00,PROD_127,1219.01,DEV_A_ALT_18,ADDR_A_2,REFUNDED,1,1.0,HIGH
ORD_ACC_A_17_6,ACC_A_17,2026-08-26T00:00:00,PROD_127,1286.64,DEV_A_ALT_18,ADDR_A_2,REFUNDED,1,1.0,HIGH
ORD_ACC_A_17_7,ACC_A_17,2026-08-31T00:00:00,PROD_105,112.41,DEV_A_ALT_18,ADDR_A_2,COMPLETED,0,1.0,HIGH
ORD_ACC_A_17_8,ACC_A_17,2026-08-22T00:00:00,PROD_127,1437.39,DEV_A_ALT_18,ADDR_A_2,REFUNDED,1,1.0,HIGH
ORD_ACC_A_17_9,ACC_A_17,2026-08-19T00:00:00,PROD_127,309.77,DEV_A_ALT_18,ADDR_A_2,REFUNDED,1,1.0,HIGH
ORD_ACC_A_18_0,ACC_A_18,2026-08-28T00:00:00,PROD_127,1141.24,DEV_A_ALT_19,ADDR_A_2,REFUNDED,1,1.0,HIGH
ORD_ACC_A_18_1,ACC_A_18,2026-08-29T00:00:00,PROD_120,1021.37,DEV_A_ALT_19,ADDR_A_2,COMPLETED,0,1.0,HIGH
ORD_ACC_A_18_2,ACC_A_18,2026-08-28T00:00:00,PROD_127,130.07,DEV_A_ALT_19,ADDR_A_2,REFUNDED,1,1.0,HIGH
ORD_ACC_A_18_3,ACC_A_18,2026-08-31T00:00:00,PROD_127,668.94,DEV_A_ALT_19,ADDR_A_2,COMPLETED,0,1.0,HIGH
ORD_ACC_A_18_4,ACC_A_18,2026-08-31T00:00:00,PROD_127,197.49,DEV_A_ALT_19,ADDR_A_2,REFUNDED,1,1.0,HIGH
ORD_ACC_A_18_5,ACC_A_18,2026-08-31T00:00:00,PROD_127,436.77,DEV_A_ALT_19,ADDR_A_2,REFUNDED,1,1.0,HIGH
ORD_ACC_A_18_6,ACC_A_18,2026-08-30T00:00:00,PROD_102,1320.25,DEV_A_ALT_19,ADDR_A_2,COMPLETED,0,1.0,HIGH
ORD_ACC_A_18_7,ACC_A_18,2026-08-31T00:00:00,PROD_127,1067.44,DEV_A_ALT_19,ADDR_A_2,REFUNDED,1,1.0,HIGH
ORD_ACC_A_18_8,ACC_A_18,2026-08-29T00:00:00,PROD_138,1326.78,DEV_A_ALT_19,ADDR_A_2,REFUNDED,1,1.0,HIGH
ORD_ACC_A_18_9,ACC_A_18,2026-08-29T00:00:00,PROD_127,499.12,DEV_A_ALT_19,ADDR_A_2,REFUNDED,1,1.0,HIGH
ORD_ACC_A_18_10,ACC_A_18,2026-08-29T00:00:00,PROD_144,293.46,DEV_A_ALT_19,ADDR_A_2,REFUNDED,1,1.0,HIGH
ORD_ACC_A_18_11,ACC_A_18,2026-08-29T00:00:00,PROD_127,1282.64,DEV_A_ALT_19,ADDR_A_2,REFUNDED,1,1.0,HIGH
ORD_ACC_A_18_12,ACC_A_18,2026-08-31T00:00:00,PROD_145,257.14,DEV_A_ALT_19,ADDR_A_2,COMPLETED,0,1.0,HIGH
ORD_ACC_A_18_13,ACC_A_18,2026-08-31T00:00:00,PROD_127,1007.71,DEV_A_ALT_19,ADDR_A_2,REFUNDED,1,1.0,HIGH
ORD_ACC_A_18_14,ACC_A_18,2026-08-29T00:00:00,PROD_127,1075.96,DEV_A_ALT_19,ADDR_A_2,REFUNDED,1,1.0,HIGH
ORD_ACC_A_18_15,ACC_A_18,2026-08-31T00:00:00,PROD_127,1242.56,DEV_A_ALT_19,ADDR_A_2,REFUNDED,1,1.0,HIGH
ORD_ACC_A_18_16,ACC_A_18,2026-08-28T00:00:00,PROD_127,489.9,DEV_A_ALT_19,ADDR_A_2,REFUNDED,1,1.0,HIGH
ORD_ACC_A_18_17,ACC_A_18,2026-08-31T00:00:00,PROD_127,174.23,DEV_A_ALT_19,ADDR_A_2,REFUNDED,1,1.0,HIGH
ORD_ACC_A_18_18,ACC_A_18,2026-08-30T00:00:00,PROD_127,1056.32,DEV_A_ALT_19,ADDR_A_2,REFUNDED,1,1.0,HIGH
ORD_ACC_A_18_19,ACC_A_18,2026-08-28T00:00:00,PROD_102,667.05,DEV_A_ALT_19,ADDR_A_2,REFUNDED,1,1.0,HIGH
ORD_ACC_A_18_20,ACC_A_18,2026-08-29T00:00:00,PROD_118,883.21,DEV_A_ALT_19,ADDR_A_2,REFUNDED,1,1.0,HIGH
ORD_ACC_A_18_21,ACC_A_18,2026-08-30T00:00:00,PROD_127,538.73,DEV_A_ALT_19,ADDR_A_2,REFUNDED,1,1.0,HIGH
ORD_ACC_A_18_22,ACC_A_18,2026-08-30T00:00:00,PROD_145,776.75,DEV_A_ALT_19,ADDR_A_2,REFUNDED,1,1.0,HIGH
ORD_ACC_A_18_23,ACC_A_18,2026-08-28T00:00:00,PROD_127,1021.81,DEV_A_ALT_19,ADDR_A_2,REFUNDED,1,1.0,HIGH
ORD_ACC_A_18_24,ACC_A_18,2026-08-31T00:00:00,PROD_127,1385.63,DEV_A_ALT_19,ADDR_A_2,REFUNDED,1,1.0,HIGH
ORD_ACC_A_19_0,ACC_A_19,2026-08-29T00:00:00,PROD_104,824.71,DEV_A_2,ADDR_A_ALT_20,REFUNDED,1,1.0,HIGH
ORD_ACC_A_19_1,ACC_A_19,2026-08-31T00:00:00,PROD_127,1045.19,DEV_A_2,ADDR_A_ALT_20,REFUNDED,1,1.0,HIGH
ORD_ACC_A_19_2,ACC_A_19,2026-08-31T00:00:00,PROD_127,782.7,DEV_A_2,ADDR_A_ALT_20,REFUNDED,1,1.0,HIGH
ORD_ACC_A_19_3,ACC_A_19,2026-08-31T00:00:00,PROD_127,206.49,DEV_A_2,ADDR_A_ALT_20,COMPLETED,0,1.0,HIGH
ORD_ACC_A_19_4,ACC_A_19,2026-08-28T00:00:00,PROD_127,1097.59,DEV_A_2,ADDR_A_ALT_20,REFUNDED,1,1.0,HIGH
ORD_ACC_A_19_5,ACC_A_19,2026-08-31T00:00:00,PROD_111,1161.55,DEV_A_2,ADDR_A_ALT_20,REFUNDED,1,1.0,HIGH
ORD_ACC_A_19_6,ACC_A_19,2026-08-28T00:00:00,PROD_133,398.04,DEV_A_2,ADDR_A_ALT_20,REFUNDED,1,1.0,HIGH
ORD_ACC_A_20_0,ACC_A_20,2026-08-24T00:00:00,PROD_115,741.89,DEV_A_3,ADDR_A_3,REFUNDED,1,1.0,HIGH
ORD_ACC_A_20_1,ACC_A_20,2026-08-29T00:00:00,PROD_110,576.89,DEV_A_3,ADDR_A_3,REFUNDED,1,1.0,HIGH
ORD_ACC_A_20_2,ACC_A_20,2026-08-23T00:00:00,PROD_115,1259.64,DEV_A_3,ADDR_A_3,REFUNDED,1,1.0,HIGH
ORD_ACC_A_20_3,ACC_A_20,2026-08-25T00:00:00,PROD_115,776.3,DEV_A_3,ADDR_A_3,COMPLETED,0,1.0,HIGH
ORD_ACC_A_20_4,ACC_A_20,2026-08-25T00:00:00,PROD_115,1032.18,DEV_A_3,ADDR_A_3,REFUNDED,1,1.0,HIGH
ORD_ACC_A_20_5,ACC_A_20,2026-08-26T00:00:00,PROD_115,1374.79,DEV_A_3,ADDR_A_3,REFUNDED,1,1.0,HIGH
ORD_ACC_A_20_6,ACC_A_20,2026-08-22T00:00:00,PROD_115,1005.22,DEV_A_3,ADDR_A_3,REFUNDED,1,1.0,HIGH
ORD_ACC_A_20_7,ACC_A_20,2026-08-25T00:00:00,PROD_115,1161.17,DEV_A_3,ADDR_A_3,REFUNDED,1,1.0,HIGH
ORD_ACC_A_20_8,ACC_A_20,2026-08-31T00:00:00,PROD_130,1260.75,DEV_A_3,ADDR_A_3,REFUNDED,1,1.0,HIGH
ORD_ACC_A_20_9,ACC_A_20,2026-08-22T00:00:00,PROD_115,1279.89,DEV_A_3,ADDR_A_3,REFUNDED,1,1.0,HIGH
ORD_ACC_A_20_10,ACC_A_20,2026-08-24T00:00:00,PROD_115,828.26,DEV_A_3,ADDR_A_3,REFUNDED,1,1.0,HIGH
ORD_ACC_A_20_11,ACC_A_20,2026-08-25T00:00:00,PROD_115,1152.04,DEV_A_3,ADDR_A_3,COMPLETED,0,1.0,HIGH
ORD_ACC_A_20_12,ACC_A_20,2026-08-31T00:00:00,PROD_102,798.19,DEV_A_3,ADDR_A_3,REFUNDED,1,1.0,HIGH
ORD_ACC_A_20_13,ACC_A_20,2026-08-27T00:00:00,PROD_115,806.45,DEV_A_3,ADDR_A_3,REFUNDED,1,1.0,HIGH
ORD_ACC_A_20_14,ACC_A_20,2026-08-24T00:00:00,PROD_143,1111.55,DEV_A_3,ADDR_A_3,REFUNDED,1,1.0,HIGH
ORD_ACC_A_20_15,ACC_A_20,2026-08-22T00:00:00,PROD_115,673.78,DEV_A_3,ADDR_A_3,REFUNDED,1,1.0,HIGH
ORD_ACC_A_20_16,ACC_A_20,2026-08-27T00:00:00,PROD_115,1236.9,DEV_A_3,ADDR_A_3,REFUNDED,1,1.0,HIGH
ORD_ACC_A_20_17,ACC_A_20,2026-08-24T00:00:00,PROD_115,653.23,DEV_A_3,ADDR_A_3,REFUNDED,1,1.0,HIGH
ORD_ACC_A_20_18,ACC_A_20,2026-08-23T00:00:00,PROD_115,244.15,DEV_A_3,ADDR_A_3,COMPLETED,0,1.0,HIGH
ORD_ACC_A_20_19,ACC_A_20,2026-08-24T00:00:00,PROD_102,908.35,DEV_A_3,ADDR_A_3,REFUNDED,1,1.0,HIGH
ORD_ACC_A_20_20,ACC_A_20,2026-08-27T00:00:00,PROD_115,567.38,DEV_A_3,ADDR_A_3,REFUNDED,1,1.0,HIGH
ORD_ACC_A_20_21,ACC_A_20,2026-08-25T00:00:00,PROD_114,1464.96,DEV_A_3,ADDR_A_3,REFUNDED,1,1.0,HIGH
ORD_ACC_A_21_0,ACC_A_21,2026-08-26T00:00:00,PROD_114,340.56,DEV_A_3,ADDR_A_ALT_22,COMPLETED,0,1.0,HIGH
ORD_ACC_A_21_1,ACC_A_21,2026-08-28T00:00:00,PROD_129,114.15,DEV_A_3,ADDR_A_ALT_22,COMPLETED,0,1.0,HIGH
ORD_ACC_A_21_2,ACC_A_21,2026-08-19T00:00:00,PROD_146,1185.39,DEV_A_3,ADDR_A_ALT_22,REFUNDED,1,1.0,HIGH
ORD_ACC_A_21_3,ACC_A_21,2026-08-28T00:00:00,PROD_115,569.02,DEV_A_3,ADDR_A_ALT_22,REFUNDED,1,1.0,HIGH
ORD_ACC_A_21_4,ACC_A_21,2026-08-27T00:00:00,PROD_115,750.98,DEV_A_3,ADDR_A_ALT_22,REFUNDED,1,1.0,HIGH
ORD_ACC_A_21_5,ACC_A_21,2026-08-26T00:00:00,PROD_136,1091.33,DEV_A_3,ADDR_A_ALT_22,REFUNDED,1,1.0,HIGH
ORD_ACC_A_21_6,ACC_A_21,2026-08-31T00:00:00,PROD_113,1108.17,DEV_A_3,ADDR_A_ALT_22,REFUNDED,1,1.0,HIGH
ORD_ACC_A_21_7,ACC_A_21,2026-08-20T00:00:00,PROD_112,1393.81,DEV_A_3,ADDR_A_ALT_22,REFUNDED,1,1.0,HIGH
ORD_ACC_A_21_8,ACC_A_21,2026-08-24T00:00:00,PROD_115,708.27,DEV_A_3,ADDR_A_ALT_22,REFUNDED,1,1.0,HIGH
ORD_ACC_A_21_9,ACC_A_21,2026-08-23T00:00:00,PROD_115,1421.15,DEV_A_3,ADDR_A_ALT_22,REFUNDED,1,1.0,HIGH
ORD_ACC_A_21_10,ACC_A_21,2026-08-24T00:00:00,PROD_114,295.74,DEV_A_3,ADDR_A_ALT_22,REFUNDED,1,1.0,HIGH
ORD_ACC_A_21_11,ACC_A_21,2026-08-21T00:00:00,PROD_115,347.4,DEV_A_3,ADDR_A_ALT_22,REFUNDED,1,1.0,HIGH
ORD_ACC_A_21_12,ACC_A_21,2026-08-31T00:00:00,PROD_115,426.31,DEV_A_3,ADDR_A_ALT_22,REFUNDED,1,1.0,HIGH
ORD_ACC_A_22_0,ACC_A_22,2026-08-30T00:00:00,PROD_115,451.38,DEV_A_3,ADDR_A_3,COMPLETED,0,1.0,HIGH
ORD_ACC_A_22_1,ACC_A_22,2026-08-28T00:00:00,PROD_115,115.6,DEV_A_3,ADDR_A_3,REFUNDED,1,1.0,HIGH
ORD_ACC_A_22_2,ACC_A_22,2026-08-31T00:00:00,PROD_113,985.16,DEV_A_3,ADDR_A_3,REFUNDED,1,1.0,HIGH
ORD_ACC_A_22_3,ACC_A_22,2026-08-29T00:00:00,PROD_115,658.07,DEV_A_3,ADDR_A_3,REFUNDED,1,1.0,HIGH
ORD_ACC_A_22_4,ACC_A_22,2026-08-28T00:00:00,PROD_115,1347.19,DEV_A_3,ADDR_A_3,REFUNDED,1,1.0,HIGH
ORD_ACC_A_22_5,ACC_A_22,2026-08-30T00:00:00,PROD_141,715.84,DEV_A_3,ADDR_A_3,REFUNDED,1,1.0,HIGH
ORD_ACC_A_22_6,ACC_A_22,2026-08-31T00:00:00,PROD_115,768.53,DEV_A_3,ADDR_A_3,REFUNDED,1,1.0,HIGH
ORD_ACC_A_22_7,ACC_A_22,2026-08-28T00:00:00,PROD_115,514.11,DEV_A_3,ADDR_A_3,REFUNDED,1,1.0,HIGH
ORD_ACC_A_22_8,ACC_A_22,2026-08-30T00:00:00,PROD_115,234.2,DEV_A_3,ADDR_A_3,REFUNDED,1,1.0,HIGH
ORD_ACC_A_22_9,ACC_A_22,2026-08-28T00:00:00,PROD_115,969.01,DEV_A_3,ADDR_A_3,REFUNDED,1,1.0,HIGH
ORD_ACC_A_22_10,ACC_A_22,2026-08-30T00:00:00,PROD_115,1098.6,DEV_A_3,ADDR_A_3,REFUNDED,1,1.0,HIGH
ORD_ACC_A_22_11,ACC_A_22,2026-08-27T00:00:00,PROD_115,841.05,DEV_A_3,ADDR_A_3,REFUNDED,1,1.0,HIGH
ORD_ACC_A_22_12,ACC_A_22,2026-08-27T00:00:00,PROD_102,1488.86,DEV_A_3,ADDR_A_3,REFUNDED,1,1.0,HIGH
ORD_ACC_A_22_13,ACC_A_22,2026-08-27T00:00:00,PROD_115,739.54,DEV_A_3,ADDR_A_3,COMPLETED,0,1.0,HIGH
ORD_ACC_A_22_14,ACC_A_22,2026-08-27T00:00:00,PROD_115,1307.51,DEV_A_3,ADDR_A_3,REFUNDED,1,1.0,HIGH
ORD_ACC_A_22_15,ACC_A_22,2026-08-31T00:00:00,PROD_115,433.23,DEV_A_3,ADDR_A_3,REFUNDED,1,1.0,HIGH
ORD_ACC_A_22_16,ACC_A_22,2026-08-29T00:00:00,PROD_115,1217.01,DEV_A_3,ADDR_A_3,REFUNDED,1,1.0,HIGH
ORD_ACC_A_22_17,ACC_A_22,2026-08-30T00:00:00,PROD_115,564.27,DEV_A_3,ADDR_A_3,REFUNDED,1,1.0,HIGH
ORD_ACC_A_22_18,ACC_A_22,2026-08-31T00:00:00,PROD_131,664.58,DEV_A_3,ADDR_A_3,REFUNDED,1,1.0,HIGH
ORD_ACC_A_22_19,ACC_A_22,2026-08-28T00:00:00,PROD_115,231.07,DEV_A_3,ADDR_A_3,REFUNDED,1,1.0,HIGH
ORD_ACC_A_22_20,ACC_A_22,2026-08-30T00:00:00,PROD_105,299.26,DEV_A_3,ADDR_A_3,REFUNDED,1,1.0,HIGH
ORD_ACC_A_22_21,ACC_A_22,2026-08-30T00:00:00,PROD_115,838.83,DEV_A_3,ADDR_A_3,REFUNDED,1,1.0,HIGH
ORD_ACC_A_22_22,ACC_A_22,2026-08-28T00:00:00,PROD_115,336.45,DEV_A_3,ADDR_A_3,REFUNDED,1,1.0,HIGH
ORD_ACC_A_22_23,ACC_A_22,2026-08-30T00:00:00,PROD_115,1370.56,DEV_A_3,ADDR_A_3,REFUNDED,1,1.0,HIGH
ORD_ACC_A_22_24,ACC_A_22,2026-08-30T00:00:00,PROD_115,935.2,DEV_A_3,ADDR_A_3,REFUNDED,1,1.0,HIGH
ORD_ACC_A_23_0,ACC_A_23,2026-08-25T00:00:00,PROD_115,607.21,DEV_A_3,ADDR_A_3,REFUNDED,1,1.0,HIGH
ORD_ACC_A_23_1,ACC_A_23,2026-08-30T00:00:00,PROD_115,757.9,DEV_A_3,ADDR_A_3,REFUNDED,1,1.0,HIGH
ORD_ACC_A_23_2,ACC_A_23,2026-08-29T00:00:00,PROD_115,1133.66,DEV_A_3,ADDR_A_3,REFUNDED,1,1.0,HIGH
ORD_ACC_A_23_3,ACC_A_23,2026-08-28T00:00:00,PROD_115,632.24,DEV_A_3,ADDR_A_3,REFUNDED,1,1.0,HIGH
ORD_ACC_A_23_4,ACC_A_23,2026-08-26T00:00:00,PROD_115,1130.16,DEV_A_3,ADDR_A_3,REFUNDED,1,1.0,HIGH
ORD_ACC_A_23_5,ACC_A_23,2026-08-29T00:00:00,PROD_128,1425.9,DEV_A_3,ADDR_A_3,REFUNDED,1,1.0,HIGH
ORD_ACC_A_23_6,ACC_A_23,2026-08-22T00:00:00,PROD_115,399.36,DEV_A_3,ADDR_A_3,COMPLETED,0,1.0,HIGH
ORD_ACC_A_23_7,ACC_A_23,2026-08-25T00:00:00,PROD_115,107.12,DEV_A_3,ADDR_A_3,REFUNDED,1,1.0,HIGH
ORD_ACC_A_23_8,ACC_A_23,2026-08-27T00:00:00,PROD_146,868.2,DEV_A_3,ADDR_A_3,REFUNDED,1,1.0,HIGH
ORD_ACC_A_23_9,ACC_A_23,2026-08-24T00:00:00,PROD_115,391.02,DEV_A_3,ADDR_A_3,COMPLETED,0,1.0,HIGH
ORD_ACC_A_23_10,ACC_A_23,2026-08-27T00:00:00,PROD_135,525.89,DEV_A_3,ADDR_A_3,REFUNDED,1,1.0,HIGH
ORD_ACC_A_23_11,ACC_A_23,2026-08-21T00:00:00,PROD_115,756.64,DEV_A_3,ADDR_A_3,REFUNDED,1,1.0,HIGH
ORD_ACC_A_23_12,ACC_A_23,2026-08-30T00:00:00,PROD_115,778.08,DEV_A_3,ADDR_A_3,REFUNDED,1,1.0,HIGH
ORD_ACC_A_23_13,ACC_A_23,2026-08-22T00:00:00,PROD_115,376.96,DEV_A_3,ADDR_A_3,REFUNDED,1,1.0,HIGH
ORD_ACC_A_24_0,ACC_A_24,2026-08-24T00:00:00,PROD_115,1240.45,DEV_A_3,ADDR_A_3,REFUNDED,1,1.0,HIGH
ORD_ACC_A_24_1,ACC_A_24,2026-08-27T00:00:00,PROD_115,1379.83,DEV_A_3,ADDR_A_3,REFUNDED,1,1.0,HIGH
ORD_ACC_A_24_2,ACC_A_24,2026-08-23T00:00:00,PROD_115,716.67,DEV_A_3,ADDR_A_3,REFUNDED,1,1.0,HIGH
ORD_ACC_A_24_3,ACC_A_24,2026-08-29T00:00:00,PROD_115,801.64,DEV_A_3,ADDR_A_3,REFUNDED,1,1.0,HIGH
ORD_ACC_A_24_4,ACC_A_24,2026-08-25T00:00:00,PROD_115,582.68,DEV_A_3,ADDR_A_3,COMPLETED,0,1.0,HIGH
ORD_ACC_A_24_5,ACC_A_24,2026-08-24T00:00:00,PROD_128,859.25,DEV_A_3,ADDR_A_3,COMPLETED,0,1.0,HIGH
ORD_ACC_A_24_6,ACC_A_24,2026-08-30T00:00:00,PROD_115,930.78,DEV_A_3,ADDR_A_3,COMPLETED,0,1.0,HIGH
ORD_ACC_A_24_7,ACC_A_24,2026-08-28T00:00:00,PROD_122,1467.33,DEV_A_3,ADDR_A_3,REFUNDED,1,1.0,HIGH
ORD_ACC_A_24_8,ACC_A_24,2026-08-22T00:00:00,PROD_115,1247.18,DEV_A_3,ADDR_A_3,REFUNDED,1,1.0,HIGH
ORD_ACC_A_24_9,ACC_A_24,2026-08-25T00:00:00,PROD_115,320.84,DEV_A_3,ADDR_A_3,REFUNDED,1,1.0,HIGH
ORD_ACC_A_24_10,ACC_A_24,2026-08-23T00:00:00,PROD_124,1304.8,DEV_A_3,ADDR_A_3,REFUNDED,1,1.0,HIGH
ORD_ACC_A_24_11,ACC_A_24,2026-08-25T00:00:00,PROD_115,1223.1,DEV_A_3,ADDR_A_3,COMPLETED,0,1.0,HIGH
ORD_ACC_A_24_12,ACC_A_24,2026-08-28T00:00:00,PROD_115,517.44,DEV_A_3,ADDR_A_3,COMPLETED,0,1.0,HIGH
ORD_ACC_A_24_13,ACC_A_24,2026-08-23T00:00:00,PROD_111,667.98,DEV_A_3,ADDR_A_3,REFUNDED,1,1.0,HIGH
ORD_ACC_A_24_14,ACC_A_24,2026-08-26T00:00:00,PROD_115,644.43,DEV_A_3,ADDR_A_3,REFUNDED,1,1.0,HIGH
ORD_ACC_A_24_15,ACC_A_24,2026-08-31T00:00:00,PROD_115,829.56,DEV_A_3,ADDR_A_3,REFUNDED,1,1.0,HIGH
ORD_ACC_A_25_0,ACC_A_25,2026-08-31T00:00:00,PROD_115,396.71,DEV_A_3,ADDR_A_3,REFUNDED,1,1.0,HIGH
ORD_ACC_A_25_1,ACC_A_25,2026-08-31T00:00:00,PROD_115,1128.52,DEV_A_3,ADDR_A_3,REFUNDED,1,1.0,HIGH
ORD_ACC_A_25_2,ACC_A_25,2026-08-31T00:00:00,PROD_102,213.49,DEV_A_3,ADDR_A_3,REFUNDED,1,1.0,HIGH
ORD_ACC_A_25_3,ACC_A_25,2026-08-31T00:00:00,PROD_115,1078.25,DEV_A_3,ADDR_A_3,COMPLETED,0,1.0,HIGH
ORD_ACC_A_25_4,ACC_A_25,2026-08-31T00:00:00,PROD_140,1094.22,DEV_A_3,ADDR_A_3,REFUNDED,1,1.0,HIGH
ORD_ACC_A_25_5,ACC_A_25,2026-08-31T00:00:00,PROD_115,1202.96,DEV_A_3,ADDR_A_3,REFUNDED,1,1.0,HIGH
ORD_ACC_A_25_6,ACC_A_25,2026-08-31T00:00:00,PROD_115,403.35,DEV_A_3,ADDR_A_3,REFUNDED,1,1.0,HIGH
ORD_ACC_A_25_7,ACC_A_25,2026-08-31T00:00:00,PROD_115,240.58,DEV_A_3,ADDR_A_3,REFUNDED,1,1.0,HIGH
ORD_ACC_A_25_8,ACC_A_25,2026-08-31T00:00:00,PROD_112,334.29,DEV_A_3,ADDR_A_3,REFUNDED,1,1.0,HIGH
ORD_ACC_A_25_9,ACC_A_25,2026-08-31T00:00:00,PROD_115,1488.13,DEV_A_3,ADDR_A_3,COMPLETED,0,1.0,HIGH
ORD_ACC_A_25_10,ACC_A_25,2026-08-31T00:00:00,PROD_115,1234.91,DEV_A_3,ADDR_A_3,COMPLETED,0,1.0,HIGH
ORD_ACC_A_25_11,ACC_A_25,2026-08-31T00:00:00,PROD_115,1375.71,DEV_A_3,ADDR_A_3,REFUNDED,1,1.0,HIGH
ORD_ACC_A_25_12,ACC_A_25,2026-08-31T00:00:00,PROD_115,950.62,DEV_A_3,ADDR_A_3,REFUNDED,1,1.0,HIGH
ORD_ACC_A_25_13,ACC_A_25,2026-08-31T00:00:00,PROD_115,150.65,DEV_A_3,ADDR_A_3,REFUNDED,1,1.0,HIGH
ORD_ACC_A_26_0,ACC_A_26,2026-08-30T00:00:00,PROD_136,776.24,DEV_A_4,ADDR_A_4,REFUNDED,1,1.0,HIGH
ORD_ACC_A_26_1,ACC_A_26,2026-08-22T00:00:00,PROD_135,1290.97,DEV_A_4,ADDR_A_4,REFUNDED,1,1.0,HIGH
ORD_ACC_A_26_2,ACC_A_26,2026-08-31T00:00:00,PROD_136,786.55,DEV_A_4,ADDR_A_4,COMPLETED,0,1.0,HIGH
ORD_ACC_A_26_3,ACC_A_26,2026-08-25T00:00:00,PROD_136,217.22,DEV_A_4,ADDR_A_4,COMPLETED,0,1.0,HIGH
ORD_ACC_A_26_4,ACC_A_26,2026-08-18T00:00:00,PROD_136,296.7,DEV_A_4,ADDR_A_4,REFUNDED,1,1.0,HIGH
ORD_ACC_A_26_5,ACC_A_26,2026-08-29T00:00:00,PROD_149,1446.41,DEV_A_4,ADDR_A_4,REFUNDED,1,1.0,HIGH
ORD_ACC_A_26_6,ACC_A_26,2026-08-31T00:00:00,PROD_130,1032.02,DEV_A_4,ADDR_A_4,COMPLETED,0,1.0,HIGH
ORD_ACC_A_26_7,ACC_A_26,2026-08-18T00:00:00,PROD_136,1046.71,DEV_A_4,ADDR_A_4,COMPLETED,0,1.0,HIGH
ORD_ACC_A_26_8,ACC_A_26,2026-08-26T00:00:00,PROD_136,831.01,DEV_A_4,ADDR_A_4,REFUNDED,1,1.0,HIGH
ORD_ACC_A_26_9,ACC_A_26,2026-08-27T00:00:00,PROD_136,857.26,DEV_A_4,ADDR_A_4,REFUNDED,1,1.0,HIGH
ORD_ACC_A_26_10,ACC_A_26,2026-08-25T00:00:00,PROD_141,1204.59,DEV_A_4,ADDR_A_4,REFUNDED,1,1.0,HIGH
ORD_ACC_A_26_11,ACC_A_26,2026-08-31T00:00:00,PROD_104,1492.55,DEV_A_4,ADDR_A_4,REFUNDED,1,1.0,HIGH
ORD_ACC_A_26_12,ACC_A_26,2026-08-26T00:00:00,PROD_136,786.54,DEV_A_4,ADDR_A_4,REFUNDED,1,1.0,HIGH
ORD_ACC_A_26_13,ACC_A_26,2026-08-31T00:00:00,PROD_136,1264.05,DEV_A_4,ADDR_A_4,REFUNDED,1,1.0,HIGH
ORD_ACC_A_26_14,ACC_A_26,2026-08-21T00:00:00,PROD_149,1121.81,DEV_A_4,ADDR_A_4,COMPLETED,0,1.0,HIGH
ORD_ACC_A_26_15,ACC_A_26,2026-08-28T00:00:00,PROD_136,1324.72,DEV_A_4,ADDR_A_4,REFUNDED,1,1.0,HIGH
ORD_ACC_A_26_16,ACC_A_26,2026-08-28T00:00:00,PROD_136,183.0,DEV_A_4,ADDR_A_4,REFUNDED,1,1.0,HIGH
ORD_ACC_A_26_17,ACC_A_26,2026-08-22T00:00:00,PROD_136,1108.9,DEV_A_4,ADDR_A_4,REFUNDED,1,1.0,HIGH
ORD_ACC_A_26_18,ACC_A_26,2026-08-28T00:00:00,PROD_136,261.03,DEV_A_4,ADDR_A_4,REFUNDED,1,1.0,HIGH
ORD_ACC_A_26_19,ACC_A_26,2026-08-23T00:00:00,PROD_136,1021.35,DEV_A_4,ADDR_A_4,REFUNDED,1,1.0,HIGH
ORD_ACC_A_27_0,ACC_A_27,2026-08-22T00:00:00,PROD_136,1167.93,DEV_A_ALT_28,ADDR_A_ALT_28,COMPLETED,0,1.0,HIGH
ORD_ACC_A_27_1,ACC_A_27,2026-08-27T00:00:00,PROD_136,603.03,DEV_A_ALT_28,ADDR_A_ALT_28,REFUNDED,1,1.0,HIGH
ORD_ACC_A_27_2,ACC_A_27,2026-08-19T00:00:00,PROD_136,168.53,DEV_A_ALT_28,ADDR_A_ALT_28,REFUNDED,1,1.0,HIGH
ORD_ACC_A_27_3,ACC_A_27,2026-08-25T00:00:00,PROD_135,1200.43,DEV_A_ALT_28,ADDR_A_ALT_28,REFUNDED,1,1.0,HIGH
ORD_ACC_A_27_4,ACC_A_27,2026-08-27T00:00:00,PROD_136,457.15,DEV_A_ALT_28,ADDR_A_ALT_28,REFUNDED,1,1.0,HIGH
ORD_ACC_A_27_5,ACC_A_27,2026-08-17T00:00:00,PROD_136,857.56,DEV_A_ALT_28,ADDR_A_ALT_28,REFUNDED,1,1.0,HIGH
ORD_ACC_A_27_6,ACC_A_27,2026-08-27T00:00:00,PROD_117,153.4,DEV_A_ALT_28,ADDR_A_ALT_28,REFUNDED,1,1.0,HIGH
ORD_ACC_A_27_7,ACC_A_27,2026-08-22T00:00:00,PROD_101,555.96,DEV_A_ALT_28,ADDR_A_ALT_28,REFUNDED,1,1.0,HIGH
ORD_ACC_A_28_0,ACC_A_28,2026-08-31T00:00:00,PROD_116,679.56,DEV_A_4,ADDR_A_4,REFUNDED,1,1.0,HIGH
ORD_ACC_A_28_1,ACC_A_28,2026-08-25T00:00:00,PROD_136,705.08,DEV_A_4,ADDR_A_4,REFUNDED,1,1.0,HIGH
ORD_ACC_A_28_2,ACC_A_28,2026-08-22T00:00:00,PROD_136,1015.41,DEV_A_4,ADDR_A_4,REFUNDED,1,1.0,HIGH
ORD_ACC_A_28_3,ACC_A_28,2026-08-30T00:00:00,PROD_136,527.07,DEV_A_4,ADDR_A_4,REFUNDED,1,1.0,HIGH
ORD_ACC_A_28_4,ACC_A_28,2026-08-22T00:00:00,PROD_128,602.72,DEV_A_4,ADDR_A_4,COMPLETED,0,1.0,HIGH
ORD_ACC_A_28_5,ACC_A_28,2026-08-17T00:00:00,PROD_136,703.51,DEV_A_4,ADDR_A_4,REFUNDED,1,1.0,HIGH
ORD_ACC_A_28_6,ACC_A_28,2026-08-24T00:00:00,PROD_136,668.73,DEV_A_4,ADDR_A_4,REFUNDED,1,1.0,HIGH
ORD_ACC_A_28_7,ACC_A_28,2026-08-28T00:00:00,PROD_118,162.85,DEV_A_4,ADDR_A_4,REFUNDED,1,1.0,HIGH
ORD_ACC_A_28_8,ACC_A_28,2026-08-29T00:00:00,PROD_136,834.21,DEV_A_4,ADDR_A_4,REFUNDED,1,1.0,HIGH
ORD_ACC_A_28_9,ACC_A_28,2026-08-21T00:00:00,PROD_136,1097.08,DEV_A_4,ADDR_A_4,COMPLETED,0,1.0,HIGH
ORD_ACC_A_28_10,ACC_A_28,2026-08-17T00:00:00,PROD_124,120.05,DEV_A_4,ADDR_A_4,COMPLETED,0,1.0,HIGH
ORD_ACC_A_28_11,ACC_A_28,2026-08-29T00:00:00,PROD_136,952.25,DEV_A_4,ADDR_A_4,REFUNDED,1,1.0,HIGH
ORD_ACC_A_28_12,ACC_A_28,2026-08-19T00:00:00,PROD_125,646.32,DEV_A_4,ADDR_A_4,REFUNDED,1,1.0,HIGH
ORD_ACC_A_28_13,ACC_A_28,2026-08-31T00:00:00,PROD_136,1175.19,DEV_A_4,ADDR_A_4,REFUNDED,1,1.0,HIGH
ORD_ACC_A_28_14,ACC_A_28,2026-08-19T00:00:00,PROD_136,1417.72,DEV_A_4,ADDR_A_4,COMPLETED,0,1.0,HIGH
ORD_ACC_A_28_15,ACC_A_28,2026-08-21T00:00:00,PROD_136,1497.09,DEV_A_4,ADDR_A_4,REFUNDED,1,1.0,HIGH
ORD_ACC_A_28_16,ACC_A_28,2026-08-30T00:00:00,PROD_147,654.17,DEV_A_4,ADDR_A_4,REFUNDED,1,1.0,HIGH
ORD_ACC_A_28_17,ACC_A_28,2026-08-18T00:00:00,PROD_136,1057.34,DEV_A_4,ADDR_A_4,REFUNDED,1,1.0,HIGH
ORD_ACC_A_28_18,ACC_A_28,2026-08-18T00:00:00,PROD_136,1408.66,DEV_A_4,ADDR_A_4,COMPLETED,0,1.0,HIGH
ORD_ACC_A_28_19,ACC_A_28,2026-08-20T00:00:00,PROD_136,1412.94,DEV_A_4,ADDR_A_4,REFUNDED,1,1.0,HIGH
ORD_ACC_A_28_20,ACC_A_28,2026-08-26T00:00:00,PROD_136,311.92,DEV_A_4,ADDR_A_4,REFUNDED,1,1.0,HIGH
ORD_ACC_A_29_0,ACC_A_29,2026-08-27T00:00:00,PROD_136,940.28,DEV_A_4,ADDR_A_4,COMPLETED,0,1.0,HIGH
ORD_ACC_A_29_1,ACC_A_29,2026-08-30T00:00:00,PROD_136,606.75,DEV_A_4,ADDR_A_4,REFUNDED,1,1.0,HIGH
ORD_ACC_A_29_2,ACC_A_29,2026-08-31T00:00:00,PROD_121,976.31,DEV_A_4,ADDR_A_4,COMPLETED,0,1.0,HIGH
ORD_ACC_A_29_3,ACC_A_29,2026-08-28T00:00:00,PROD_136,1174.56,DEV_A_4,ADDR_A_4,REFUNDED,1,1.0,HIGH
ORD_ACC_A_29_4,ACC_A_29,2026-08-26T00:00:00,PROD_136,1385.96,DEV_A_4,ADDR_A_4,REFUNDED,1,1.0,HIGH
ORD_ACC_A_29_5,ACC_A_29,2026-08-27T00:00:00,PROD_136,1029.43,DEV_A_4,ADDR_A_4,REFUNDED,1,1.0,HIGH
ORD_ACC_A_29_6,ACC_A_29,2026-08-31T00:00:00,PROD_137,946.34,DEV_A_4,ADDR_A_4,COMPLETED,0,1.0,HIGH
ORD_ACC_A_29_7,ACC_A_29,2026-08-27T00:00:00,PROD_136,1382.98,DEV_A_4,ADDR_A_4,COMPLETED,0,1.0,HIGH
ORD_ACC_A_29_8,ACC_A_29,2026-08-30T00:00:00,PROD_136,1209.96,DEV_A_4,ADDR_A_4,REFUNDED,1,1.0,HIGH
ORD_ACC_A_29_9,ACC_A_29,2026-08-27T00:00:00,PROD_136,1306.97,DEV_A_4,ADDR_A_4,REFUNDED,1,1.0,HIGH
ORD_ACC_A_29_10,ACC_A_29,2026-08-23T00:00:00,PROD_112,411.42,DEV_A_4,ADDR_A_4,REFUNDED,1,1.0,HIGH
ORD_ACC_A_29_11,ACC_A_29,2026-08-17T00:00:00,PROD_136,1268.26,DEV_A_4,ADDR_A_4,REFUNDED,1,1.0,HIGH
ORD_ACC_A_29_12,ACC_A_29,2026-08-31T00:00:00,PROD_136,1158.85,DEV_A_4,ADDR_A_4,REFUNDED,1,1.0,HIGH
ORD_ACC_A_29_13,ACC_A_29,2026-08-28T00:00:00,PROD_143,229.82,DEV_A_4,ADDR_A_4,REFUNDED,1,1.0,HIGH
ORD_ACC_A_29_14,ACC_A_29,2026-08-23T00:00:00,PROD_136,252.67,DEV_A_4,ADDR_A_4,REFUNDED,1,1.0,HIGH
ORD_ACC_A_29_15,ACC_A_29,2026-08-29T00:00:00,PROD_136,1306.12,DEV_A_4,ADDR_A_4,REFUNDED,1,1.0,HIGH
ORD_ACC_A_29_16,ACC_A_29,2026-08-23T00:00:00,PROD_136,1181.3,DEV_A_4,ADDR_A_4,REFUNDED,1,1.0,HIGH
ORD_ACC_A_29_17,ACC_A_29,2026-08-21T00:00:00,PROD_136,565.49,DEV_A_4,ADDR_A_4,REFUNDED,1,1.0,HIGH
ORD_ACC_A_29_18,ACC_A_29,2026-08-19T00:00:00,PROD_136,1421.82,DEV_A_4,ADDR_A_4,REFUNDED,1,1.0,HIGH
ORD_ACC_A_29_19,ACC_A_29,2026-08-19T00:00:00,PROD_109,1083.18,DEV_A_4,ADDR_A_4,REFUNDED,1,1.0,HIGH
ORD_ACC_A_29_20,ACC_A_29,2026-08-20T00:00:00,PROD_136,1160.07,DEV_A_4,ADDR_A_4,REFUNDED,1,1.0,HIGH
ORD_ACC_A_29_21,ACC_A_29,2026-08-27T00:00:00,PROD_136,513.6,DEV_A_4,ADDR_A_4,REFUNDED,1,1.0,HIGH
ORD_ACC_A_29_22,ACC_A_29,2026-08-26T00:00:00,PROD_143,263.46,DEV_A_4,ADDR_A_4,COMPLETED,0,1.0,HIGH
ORD_ACC_A_29_23,ACC_A_29,2026-08-23T00:00:00,PROD_136,1160.12,DEV_A_4,ADDR_A_4,REFUNDED,1,1.0,HIGH
ORD_ACC_A_30_0,ACC_A_30,2026-08-29T00:00:00,PROD_136,815.1,DEV_A_4,ADDR_A_4,REFUNDED,1,1.0,HIGH
ORD_ACC_A_30_1,ACC_A_30,2026-08-24T00:00:00,PROD_145,655.39,DEV_A_4,ADDR_A_4,REFUNDED,1,1.0,HIGH
ORD_ACC_A_30_2,ACC_A_30,2026-08-23T00:00:00,PROD_136,279.91,DEV_A_4,ADDR_A_4,REFUNDED,1,1.0,HIGH
ORD_ACC_A_30_3,ACC_A_30,2026-08-20T00:00:00,PROD_136,1074.82,DEV_A_4,ADDR_A_4,REFUNDED,1,1.0,HIGH
ORD_ACC_A_30_4,ACC_A_30,2026-08-31T00:00:00,PROD_136,976.08,DEV_A_4,ADDR_A_4,REFUNDED,1,1.0,HIGH
ORD_ACC_A_30_5,ACC_A_30,2026-08-20T00:00:00,PROD_136,1375.83,DEV_A_4,ADDR_A_4,REFUNDED,1,1.0,HIGH
ORD_ACC_A_30_6,ACC_A_30,2026-08-26T00:00:00,PROD_136,1187.99,DEV_A_4,ADDR_A_4,REFUNDED,1,1.0,HIGH
ORD_ACC_A_30_7,ACC_A_30,2026-08-21T00:00:00,PROD_136,1016.78,DEV_A_4,ADDR_A_4,REFUNDED,1,1.0,HIGH
ORD_ACC_A_30_8,ACC_A_30,2026-08-27T00:00:00,PROD_136,1206.49,DEV_A_4,ADDR_A_4,REFUNDED,1,1.0,HIGH
ORD_ACC_A_30_9,ACC_A_30,2026-08-31T00:00:00,PROD_122,1227.38,DEV_A_4,ADDR_A_4,REFUNDED,1,1.0,HIGH
ORD_ACC_A_30_10,ACC_A_30,2026-08-22T00:00:00,PROD_122,1203.84,DEV_A_4,ADDR_A_4,REFUNDED,1,1.0,HIGH
ORD_ACC_A_30_11,ACC_A_30,2026-08-27T00:00:00,PROD_136,479.71,DEV_A_4,ADDR_A_4,REFUNDED,1,1.0,HIGH
ORD_ACC_A_30_12,ACC_A_30,2026-08-30T00:00:00,PROD_136,1235.08,DEV_A_4,ADDR_A_4,REFUNDED,1,1.0,HIGH
ORD_ACC_A_30_13,ACC_A_30,2026-08-18T00:00:00,PROD_136,440.25,DEV_A_4,ADDR_A_4,REFUNDED,1,1.0,HIGH
ORD_ACC_A_30_14,ACC_A_30,2026-08-29T00:00:00,PROD_136,971.11,DEV_A_4,ADDR_A_4,REFUNDED,1,1.0,HIGH
ORD_ACC_A_30_15,ACC_A_30,2026-08-31T00:00:00,PROD_119,1150.01,DEV_A_4,ADDR_A_4,REFUNDED,1,1.0,HIGH
ORD_ACC_A_30_16,ACC_A_30,2026-08-27T00:00:00,PROD_136,522.14,DEV_A_4,ADDR_A_4,REFUNDED,1,1.0,HIGH
ORD_ACC_A_30_17,ACC_A_30,2026-08-18T00:00:00,PROD_136,872.17,DEV_A_4,ADDR_A_4,REFUNDED,1,1.0,HIGH
ORD_ACC_A_30_18,ACC_A_30,2026-08-18T00:00:00,PROD_136,1405.63,DEV_A_4,ADDR_A_4,REFUNDED,1,1.0,HIGH
ORD_ACC_A_30_19,ACC_A_30,2026-08-30T00:00:00,PROD_136,612.9,DEV_A_4,ADDR_A_4,REFUNDED,1,1.0,HIGH
ORD_ACC_A_30_20,ACC_A_30,2026-08-28T00:00:00,PROD_136,738.88,DEV_A_4,ADDR_A_4,COMPLETED,0,1.0,HIGH
ORD_ACC_A_31_0,ACC_A_31,2026-08-17T00:00:00,PROD_136,394.92,DEV_A_4,ADDR_A_ALT_32,REFUNDED,1,1.0,HIGH
ORD_ACC_A_31_1,ACC_A_31,2026-08-18T00:00:00,PROD_136,942.91,DEV_A_4,ADDR_A_ALT_32,REFUNDED,1,1.0,HIGH
ORD_ACC_A_31_2,ACC_A_31,2026-08-31T00:00:00,PROD_136,505.77,DEV_A_4,ADDR_A_ALT_32,REFUNDED,1,1.0,HIGH
ORD_ACC_A_31_3,ACC_A_31,2026-08-20T00:00:00,PROD_113,1418.52,DEV_A_4,ADDR_A_ALT_32,REFUNDED,1,1.0,HIGH
ORD_ACC_A_31_4,ACC_A_31,2026-08-23T00:00:00,PROD_131,748.65,DEV_A_4,ADDR_A_ALT_32,REFUNDED,1,1.0,HIGH
ORD_ACC_A_31_5,ACC_A_31,2026-08-31T00:00:00,PROD_136,742.66,DEV_A_4,ADDR_A_ALT_32,REFUNDED,1,1.0,HIGH
ORD_ACC_A_32_0,ACC_A_32,2026-08-29T00:00:00,PROD_136,1296.73,DEV_A_4,ADDR_A_4,REFUNDED,1,1.0,HIGH
ORD_ACC_A_32_1,ACC_A_32,2026-08-19T00:00:00,PROD_136,1062.42,DEV_A_4,ADDR_A_4,REFUNDED,1,1.0,HIGH
ORD_ACC_A_32_2,ACC_A_32,2026-08-23T00:00:00,PROD_136,681.47,DEV_A_4,ADDR_A_4,COMPLETED,0,1.0,HIGH
ORD_ACC_A_32_3,ACC_A_32,2026-08-23T00:00:00,PROD_136,1206.19,DEV_A_4,ADDR_A_4,REFUNDED,1,1.0,HIGH
ORD_ACC_A_32_4,ACC_A_32,2026-08-20T00:00:00,PROD_136,1206.62,DEV_A_4,ADDR_A_4,REFUNDED,1,1.0,HIGH
ORD_ACC_A_32_5,ACC_A_32,2026-08-27T00:00:00,PROD_136,1110.69,DEV_A_4,ADDR_A_4,REFUNDED,1,1.0,HIGH
ORD_ACC_A_32_6,ACC_A_32,2026-08-22T00:00:00,PROD_125,332.54,DEV_A_4,ADDR_A_4,REFUNDED,1,1.0,HIGH
ORD_ACC_A_32_7,ACC_A_32,2026-08-31T00:00:00,PROD_106,1342.42,DEV_A_4,ADDR_A_4,REFUNDED,1,1.0,HIGH
ORD_ACC_A_32_8,ACC_A_32,2026-08-28T00:00:00,PROD_136,453.32,DEV_A_4,ADDR_A_4,COMPLETED,0,1.0,HIGH
ORD_ACC_A_33_0,ACC_A_33,2026-08-29T00:00:00,PROD_122,1020.95,DEV_A_ALT_34,ADDR_A_5,COMPLETED,0,1.0,HIGH
ORD_ACC_A_33_1,ACC_A_33,2026-08-31T00:00:00,PROD_133,315.63,DEV_A_ALT_34,ADDR_A_5,REFUNDED,1,1.0,HIGH
ORD_ACC_A_33_2,ACC_A_33,2026-08-29T00:00:00,PROD_133,429.05,DEV_A_ALT_34,ADDR_A_5,REFUNDED,1,1.0,HIGH
ORD_ACC_A_33_3,ACC_A_33,2026-08-30T00:00:00,PROD_133,882.76,DEV_A_ALT_34,ADDR_A_5,REFUNDED,1,1.0,HIGH
ORD_ACC_A_33_4,ACC_A_33,2026-08-30T00:00:00,PROD_133,976.29,DEV_A_ALT_34,ADDR_A_5,REFUNDED,1,1.0,HIGH
ORD_ACC_A_33_5,ACC_A_33,2026-08-29T00:00:00,PROD_133,573.27,DEV_A_ALT_34,ADDR_A_5,REFUNDED,1,1.0,HIGH
ORD_ACC_A_33_6,ACC_A_33,2026-08-29T00:00:00,PROD_133,1404.87,DEV_A_ALT_34,ADDR_A_5,REFUNDED,1,1.0,HIGH
ORD_ACC_A_33_7,ACC_A_33,2026-08-29T00:00:00,PROD_133,1156.59,DEV_A_ALT_34,ADDR_A_5,COMPLETED,0,1.0,HIGH
ORD_ACC_A_34_0,ACC_A_34,2026-08-22T00:00:00,PROD_133,795.16,DEV_A_ALT_35,ADDR_A_5,REFUNDED,1,1.0,HIGH
ORD_ACC_A_34_1,ACC_A_34,2026-08-24T00:00:00,PROD_133,783.36,DEV_A_ALT_35,ADDR_A_5,REFUNDED,1,1.0,HIGH
ORD_ACC_A_34_2,ACC_A_34,2026-08-30T00:00:00,PROD_133,392.07,DEV_A_ALT_35,ADDR_A_5,REFUNDED,1,1.0,HIGH
ORD_ACC_A_34_3,ACC_A_34,2026-08-22T00:00:00,PROD_135,202.16,DEV_A_ALT_35,ADDR_A_5,REFUNDED,1,1.0,HIGH
ORD_ACC_A_34_4,ACC_A_34,2026-08-23T00:00:00,PROD_133,1013.3,DEV_A_ALT_35,ADDR_A_5,REFUNDED,1,1.0,HIGH
ORD_ACC_A_34_5,ACC_A_34,2026-08-29T00:00:00,PROD_133,368.78,DEV_A_ALT_35,ADDR_A_5,REFUNDED,1,1.0,HIGH
ORD_ACC_A_34_6,ACC_A_34,2026-08-25T00:00:00,PROD_133,260.97,DEV_A_ALT_35,ADDR_A_5,COMPLETED,0,1.0,HIGH
ORD_ACC_A_34_7,ACC_A_34,2026-08-30T00:00:00,PROD_133,214.8,DEV_A_ALT_35,ADDR_A_5,REFUNDED,1,1.0,HIGH
ORD_ACC_A_34_8,ACC_A_34,2026-08-27T00:00:00,PROD_133,496.28,DEV_A_ALT_35,ADDR_A_5,REFUNDED,1,1.0,HIGH
ORD_ACC_A_34_9,ACC_A_34,2026-08-24T00:00:00,PROD_133,965.86,DEV_A_ALT_35,ADDR_A_5,REFUNDED,1,1.0,HIGH
ORD_ACC_A_34_10,ACC_A_34,2026-08-30T00:00:00,PROD_106,103.55,DEV_A_ALT_35,ADDR_A_5,REFUNDED,1,1.0,HIGH
ORD_ACC_A_34_11,ACC_A_34,2026-08-19T00:00:00,PROD_145,1246.98,DEV_A_ALT_35,ADDR_A_5,REFUNDED,1,1.0,HIGH
ORD_ACC_A_34_12,ACC_A_34,2026-08-27T00:00:00,PROD_133,1274.94,DEV_A_ALT_35,ADDR_A_5,COMPLETED,0,1.0,HIGH
ORD_ACC_A_34_13,ACC_A_34,2026-08-22T00:00:00,PROD_114,1438.01,DEV_A_ALT_35,ADDR_A_5,REFUNDED,1,1.0,HIGH
ORD_ACC_A_34_14,ACC_A_34,2026-08-25T00:00:00,PROD_133,735.87,DEV_A_ALT_35,ADDR_A_5,COMPLETED,0,1.0,HIGH
ORD_ACC_A_35_0,ACC_A_35,2026-08-30T00:00:00,PROD_129,265.44,DEV_A_5,ADDR_A_5,REFUNDED,1,1.0,HIGH
ORD_ACC_A_35_1,ACC_A_35,2026-08-30T00:00:00,PROD_133,527.77,DEV_A_5,ADDR_A_5,REFUNDED,1,1.0,HIGH
ORD_ACC_A_35_2,ACC_A_35,2026-08-30T00:00:00,PROD_139,1473.28,DEV_A_5,ADDR_A_5,COMPLETED,0,1.0,HIGH
ORD_ACC_A_35_3,ACC_A_35,2026-08-30T00:00:00,PROD_133,244.98,DEV_A_5,ADDR_A_5,REFUNDED,1,1.0,HIGH
ORD_ACC_A_35_4,ACC_A_35,2026-08-30T00:00:00,PROD_129,965.29,DEV_A_5,ADDR_A_5,REFUNDED,1,1.0,HIGH
ORD_ACC_A_35_5,ACC_A_35,2026-08-31T00:00:00,PROD_133,261.88,DEV_A_5,ADDR_A_5,REFUNDED,1,1.0,HIGH
ORD_ACC_A_35_6,ACC_A_35,2026-08-30T00:00:00,PROD_146,1046.3,DEV_A_5,ADDR_A_5,REFUNDED,1,1.0,HIGH
ORD_ACC_A_35_7,ACC_A_35,2026-08-31T00:00:00,PROD_133,1244.02,DEV_A_5,ADDR_A_5,REFUNDED,1,1.0,HIGH
ORD_ACC_A_35_8,ACC_A_35,2026-08-30T00:00:00,PROD_121,1156.05,DEV_A_5,ADDR_A_5,REFUNDED,1,1.0,HIGH
ORD_ACC_A_35_9,ACC_A_35,2026-08-31T00:00:00,PROD_130,1418.47,DEV_A_5,ADDR_A_5,REFUNDED,1,1.0,HIGH
ORD_ACC_A_35_10,ACC_A_35,2026-08-31T00:00:00,PROD_126,1428.45,DEV_A_5,ADDR_A_5,COMPLETED,0,1.0,HIGH
ORD_ACC_A_35_11,ACC_A_35,2026-08-30T00:00:00,PROD_133,480.16,DEV_A_5,ADDR_A_5,REFUNDED,1,1.0,HIGH
ORD_ACC_A_35_12,ACC_A_35,2026-08-31T00:00:00,PROD_133,786.0,DEV_A_5,ADDR_A_5,REFUNDED,1,1.0,HIGH
ORD_ACC_A_35_13,ACC_A_35,2026-08-30T00:00:00,PROD_133,1231.87,DEV_A_5,ADDR_A_5,REFUNDED,1,1.0,HIGH
ORD_ACC_A_35_14,ACC_A_35,2026-08-30T00:00:00,PROD_133,639.02,DEV_A_5,ADDR_A_5,REFUNDED,1,1.0,HIGH
ORD_ACC_A_35_15,ACC_A_35,2026-08-30T00:00:00,PROD_147,1142.41,DEV_A_5,ADDR_A_5,REFUNDED,1,1.0,HIGH
ORD_ACC_A_35_16,ACC_A_35,2026-08-30T00:00:00,PROD_141,1295.14,DEV_A_5,ADDR_A_5,COMPLETED,0,1.0,HIGH
ORD_ACC_A_35_17,ACC_A_35,2026-08-31T00:00:00,PROD_133,1103.66,DEV_A_5,ADDR_A_5,REFUNDED,1,1.0,HIGH
ORD_ACC_A_35_18,ACC_A_35,2026-08-31T00:00:00,PROD_133,719.76,DEV_A_5,ADDR_A_5,REFUNDED,1,1.0,HIGH
ORD_ACC_A_35_19,ACC_A_35,2026-08-30T00:00:00,PROD_133,540.75,DEV_A_5,ADDR_A_5,REFUNDED,1,1.0,HIGH
ORD_ACC_A_35_20,ACC_A_35,2026-08-31T00:00:00,PROD_133,431.83,DEV_A_5,ADDR_A_5,REFUNDED,1,1.0,HIGH
ORD_ACC_A_35_21,ACC_A_35,2026-08-30T00:00:00,PROD_133,834.97,DEV_A_5,ADDR_A_5,REFUNDED,1,1.0,HIGH
ORD_ACC_A_35_22,ACC_A_35,2026-08-30T00:00:00,PROD_133,1394.88,DEV_A_5,ADDR_A_5,REFUNDED,1,1.0,HIGH
ORD_ACC_A_36_0,ACC_A_36,2026-08-31T00:00:00,PROD_130,1075.28,DEV_A_5,ADDR_A_5,REFUNDED,1,1.0,HIGH
ORD_ACC_A_36_1,ACC_A_36,2026-08-24T00:00:00,PROD_105,392.64,DEV_A_5,ADDR_A_5,COMPLETED,0,1.0,HIGH
ORD_ACC_A_36_2,ACC_A_36,2026-08-26T00:00:00,PROD_133,101.83,DEV_A_5,ADDR_A_5,COMPLETED,0,1.0,HIGH
ORD_ACC_A_36_3,ACC_A_36,2026-08-19T00:00:00,PROD_133,1485.21,DEV_A_5,ADDR_A_5,REFUNDED,1,1.0,HIGH
ORD_ACC_A_36_4,ACC_A_36,2026-08-31T00:00:00,PROD_133,1223.03,DEV_A_5,ADDR_A_5,COMPLETED,0,1.0,HIGH
ORD_ACC_A_36_5,ACC_A_36,2026-08-23T00:00:00,PROD_133,422.65,DEV_A_5,ADDR_A_5,REFUNDED,1,1.0,HIGH
ORD_ACC_A_36_6,ACC_A_36,2026-08-28T00:00:00,PROD_133,382.93,DEV_A_5,ADDR_A_5,REFUNDED,1,1.0,HIGH
ORD_ACC_A_36_7,ACC_A_36,2026-08-21T00:00:00,PROD_125,697.86,DEV_A_5,ADDR_A_5,REFUNDED,1,1.0,HIGH
ORD_ACC_A_36_8,ACC_A_36,2026-08-20T00:00:00,PROD_108,152.28,DEV_A_5,ADDR_A_5,REFUNDED,1,1.0,HIGH
ORD_ACC_A_36_9,ACC_A_36,2026-08-28T00:00:00,PROD_133,1251.13,DEV_A_5,ADDR_A_5,REFUNDED,1,1.0,HIGH
ORD_ACC_A_36_10,ACC_A_36,2026-08-26T00:00:00,PROD_148,932.49,DEV_A_5,ADDR_A_5,REFUNDED,1,1.0,HIGH
ORD_ACC_A_36_11,ACC_A_36,2026-08-18T00:00:00,PROD_133,1242.0,DEV_A_5,ADDR_A_5,REFUNDED,1,1.0,HIGH
ORD_ACC_A_36_12,ACC_A_36,2026-08-21T00:00:00,PROD_107,784.93,DEV_A_5,ADDR_A_5,REFUNDED,1,1.0,HIGH
ORD_ACC_A_36_13,ACC_A_36,2026-08-30T00:00:00,PROD_133,648.44,DEV_A_5,ADDR_A_5,COMPLETED,0,1.0,HIGH
ORD_ACC_A_36_14,ACC_A_36,2026-08-17T00:00:00,PROD_133,746.08,DEV_A_5,ADDR_A_5,REFUNDED,1,1.0,HIGH
ORD_ACC_A_36_15,ACC_A_36,2026-08-28T00:00:00,PROD_133,1308.26,DEV_A_5,ADDR_A_5,REFUNDED,1,1.0,HIGH
ORD_ACC_A_36_16,ACC_A_36,2026-08-28T00:00:00,PROD_133,1345.23,DEV_A_5,ADDR_A_5,REFUNDED,1,1.0,HIGH
ORD_ACC_A_36_17,ACC_A_36,2026-08-20T00:00:00,PROD_133,1425.07,DEV_A_5,ADDR_A_5,REFUNDED,1,1.0,HIGH
ORD_ACC_A_36_18,ACC_A_36,2026-08-31T00:00:00,PROD_133,1424.17,DEV_A_5,ADDR_A_5,COMPLETED,0,1.0,HIGH
ORD_ACC_A_36_19,ACC_A_36,2026-08-19T00:00:00,PROD_133,997.86,DEV_A_5,ADDR_A_5,REFUNDED,1,1.0,HIGH
ORD_ACC_A_36_20,ACC_A_36,2026-08-31T00:00:00,PROD_133,1116.68,DEV_A_5,ADDR_A_5,COMPLETED,0,1.0,HIGH
ORD_ACC_A_37_0,ACC_A_37,2026-08-29T00:00:00,PROD_138,858.45,DEV_A_5,ADDR_A_5,COMPLETED,0,1.0,HIGH
ORD_ACC_A_37_1,ACC_A_37,2026-08-31T00:00:00,PROD_113,434.82,DEV_A_5,ADDR_A_5,REFUNDED,1,1.0,HIGH
ORD_ACC_A_37_2,ACC_A_37,2026-08-31T00:00:00,PROD_133,362.64,DEV_A_5,ADDR_A_5,REFUNDED,1,1.0,HIGH
ORD_ACC_A_37_3,ACC_A_37,2026-08-29T00:00:00,PROD_133,243.44,DEV_A_5,ADDR_A_5,REFUNDED,1,1.0,HIGH
ORD_ACC_A_37_4,ACC_A_37,2026-08-30T00:00:00,PROD_133,675.72,DEV_A_5,ADDR_A_5,REFUNDED,1,1.0,HIGH
ORD_ACC_A_37_5,ACC_A_37,2026-08-30T00:00:00,PROD_133,910.29,DEV_A_5,ADDR_A_5,REFUNDED,1,1.0,HIGH
ORD_ACC_A_37_6,ACC_A_37,2026-08-29T00:00:00,PROD_117,608.71,DEV_A_5,ADDR_A_5,COMPLETED,0,1.0,HIGH
ORD_ACC_A_37_7,ACC_A_37,2026-08-31T00:00:00,PROD_133,794.34,DEV_A_5,ADDR_A_5,COMPLETED,0,1.0,HIGH
ORD_ACC_A_37_8,ACC_A_37,2026-08-29T00:00:00,PROD_133,1053.02,DEV_A_5,ADDR_A_5,REFUNDED,1,1.0,HIGH
ORD_ACC_A_37_9,ACC_A_37,2026-08-29T00:00:00,PROD_133,1456.58,DEV_A_5,ADDR_A_5,REFUNDED,1,1.0,HIGH
ORD_ACC_A_37_10,ACC_A_37,2026-08-30T00:00:00,PROD_133,398.29,DEV_A_5,ADDR_A_5,COMPLETED,0,1.0,HIGH
ORD_ACC_A_37_11,ACC_A_37,2026-08-30T00:00:00,PROD_133,1066.14,DEV_A_5,ADDR_A_5,REFUNDED,1,1.0,HIGH
ORD_ACC_A_37_12,ACC_A_37,2026-08-29T00:00:00,PROD_133,281.01,DEV_A_5,ADDR_A_5,REFUNDED,1,1.0,HIGH
ORD_ACC_A_37_13,ACC_A_37,2026-08-31T00:00:00,PROD_132,264.76,DEV_A_5,ADDR_A_5,REFUNDED,1,1.0,HIGH
ORD_ACC_A_37_14,ACC_A_37,2026-08-29T00:00:00,PROD_133,1200.23,DEV_A_5,ADDR_A_5,REFUNDED,1,1.0,HIGH
ORD_ACC_A_37_15,ACC_A_37,2026-08-30T00:00:00,PROD_132,789.43,DEV_A_5,ADDR_A_5,REFUNDED,1,1.0,HIGH
ORD_ACC_A_37_16,ACC_A_37,2026-08-30T00:00:00,PROD_133,1491.39,DEV_A_5,ADDR_A_5,COMPLETED,0,1.0,HIGH
ORD_ACC_A_37_17,ACC_A_37,2026-08-29T00:00:00,PROD_113,901.55,DEV_A_5,ADDR_A_5,REFUNDED,1,1.0,HIGH
ORD_ACC_A_37_18,ACC_A_37,2026-08-31T00:00:00,PROD_133,1494.19,DEV_A_5,ADDR_A_5,COMPLETED,0,1.0,HIGH
ORD_ACC_A_37_19,ACC_A_37,2026-08-29T00:00:00,PROD_121,1342.45,DEV_A_5,ADDR_A_5,REFUNDED,1,1.0,HIGH
ORD_ACC_A_37_20,ACC_A_37,2026-08-30T00:00:00,PROD_133,967.04,DEV_A_5,ADDR_A_5,REFUNDED,1,1.0,HIGH
ORD_ACC_A_37_21,ACC_A_37,2026-08-31T00:00:00,PROD_133,389.41,DEV_A_5,ADDR_A_5,COMPLETED,0,1.0,HIGH
ORD_ACC_A_37_22,ACC_A_37,2026-08-31T00:00:00,PROD_133,949.87,DEV_A_5,ADDR_A_5,REFUNDED,1,1.0,HIGH
ORD_ACC_A_37_23,ACC_A_37,2026-08-31T00:00:00,PROD_110,406.52,DEV_A_5,ADDR_A_5,COMPLETED,0,1.0,HIGH
ORD_ACC_A_37_24,ACC_A_37,2026-08-31T00:00:00,PROD_133,601.5,DEV_A_5,ADDR_A_5,COMPLETED,0,1.0,HIGH
ORD_ACC_A_38_0,ACC_A_38,2026-08-21T00:00:00,PROD_133,930.44,DEV_A_ALT_39,ADDR_A_ALT_39,REFUNDED,1,1.0,HIGH
ORD_ACC_A_38_1,ACC_A_38,2026-08-19T00:00:00,PROD_101,352.0,DEV_A_ALT_39,ADDR_A_ALT_39,REFUNDED,1,1.0,HIGH
ORD_ACC_A_38_2,ACC_A_38,2026-08-29T00:00:00,PROD_133,1312.93,DEV_A_ALT_39,ADDR_A_ALT_39,REFUNDED,1,1.0,HIGH
ORD_ACC_A_38_3,ACC_A_38,2026-08-23T00:00:00,PROD_133,1466.95,DEV_A_ALT_39,ADDR_A_ALT_39,REFUNDED,1,1.0,HIGH
ORD_ACC_A_38_4,ACC_A_38,2026-08-28T00:00:00,PROD_133,209.74,DEV_A_ALT_39,ADDR_A_ALT_39,COMPLETED,0,1.0,HIGH
ORD_ACC_A_38_5,ACC_A_38,2026-08-31T00:00:00,PROD_133,1161.29,DEV_A_ALT_39,ADDR_A_ALT_39,REFUNDED,1,1.0,HIGH
ORD_ACC_A_38_6,ACC_A_38,2026-08-19T00:00:00,PROD_144,1371.99,DEV_A_ALT_39,ADDR_A_ALT_39,REFUNDED,1,1.0,HIGH
ORD_ACC_A_38_7,ACC_A_38,2026-08-22T00:00:00,PROD_122,432.52,DEV_A_ALT_39,ADDR_A_ALT_39,COMPLETED,0,1.0,HIGH
ORD_ACC_A_38_8,ACC_A_38,2026-08-27T00:00:00,PROD_133,842.96,DEV_A_ALT_39,ADDR_A_ALT_39,REFUNDED,1,1.0,HIGH
ORD_ACC_A_38_9,ACC_A_38,2026-08-24T00:00:00,PROD_133,1159.08,DEV_A_ALT_39,ADDR_A_ALT_39,REFUNDED,1,1.0,HIGH
ORD_ACC_A_38_10,ACC_A_38,2026-08-22T00:00:00,PROD_133,1235.89,DEV_A_ALT_39,ADDR_A_ALT_39,COMPLETED,0,1.0,HIGH
ORD_ACC_A_38_11,ACC_A_38,2026-08-18T00:00:00,PROD_133,1103.37,DEV_A_ALT_39,ADDR_A_ALT_39,REFUNDED,1,1.0,HIGH
ORD_ACC_A_38_12,ACC_A_38,2026-08-26T00:00:00,PROD_133,1301.23,DEV_A_ALT_39,ADDR_A_ALT_39,REFUNDED,1,1.0,HIGH
ORD_ACC_A_38_13,ACC_A_38,2026-08-19T00:00:00,PROD_108,821.31,DEV_A_ALT_39,ADDR_A_ALT_39,REFUNDED,1,1.0,HIGH
ORD_ACC_A_38_14,ACC_A_38,2026-08-18T00:00:00,PROD_133,1439.36,DEV_A_ALT_39,ADDR_A_ALT_39,REFUNDED,1,1.0,HIGH
ORD_ACC_A_38_15,ACC_A_38,2026-08-26T00:00:00,PROD_133,1005.13,DEV_A_ALT_39,ADDR_A_ALT_39,REFUNDED,1,1.0,HIGH
ORD_ACC_A_38_16,ACC_A_38,2026-08-26T00:00:00,PROD_133,1367.37,DEV_A_ALT_39,ADDR_A_ALT_39,REFUNDED,1,1.0,HIGH
ORD_ACC_A_38_17,ACC_A_38,2026-08-22T00:00:00,PROD_121,692.51,DEV_A_ALT_39,ADDR_A_ALT_39,REFUNDED,1,1.0,HIGH
ORD_ACC_A_38_18,ACC_A_38,2026-08-27T00:00:00,PROD_133,1138.44,DEV_A_ALT_39,ADDR_A_ALT_39,REFUNDED,1,1.0,HIGH
ORD_ACC_A_38_19,ACC_A_38,2026-08-31T00:00:00,PROD_133,1254.38,DEV_A_ALT_39,ADDR_A_ALT_39,REFUNDED,1,1.0,HIGH
ORD_ACC_A_38_20,ACC_A_38,2026-08-22T00:00:00,PROD_147,1135.23,DEV_A_ALT_39,ADDR_A_ALT_39,COMPLETED,0,1.0,HIGH
ORD_ACC_A_38_21,ACC_A_38,2026-08-31T00:00:00,PROD_133,814.59,DEV_A_ALT_39,ADDR_A_ALT_39,REFUNDED,1,1.0,HIGH
ORD_ACC_A_38_22,ACC_A_38,2026-08-20T00:00:00,PROD_133,506.67,DEV_A_ALT_39,ADDR_A_ALT_39,REFUNDED,1,1.0,HIGH
ORD_ACC_A_38_23,ACC_A_38,2026-08-17T00:00:00,PROD_133,1290.94,DEV_A_ALT_39,ADDR_A_ALT_39,REFUNDED,1,1.0,HIGH
ORD_ACC_A_39_0,ACC_A_39,2026-08-23T00:00:00,PROD_133,815.09,DEV_A_5,ADDR_A_5,COMPLETED,0,1.0,HIGH
ORD_ACC_A_39_1,ACC_A_39,2026-08-20T00:00:00,PROD_133,287.75,DEV_A_5,ADDR_A_5,REFUNDED,1,1.0,HIGH
ORD_ACC_A_39_2,ACC_A_39,2026-08-27T00:00:00,PROD_133,725.84,DEV_A_5,ADDR_A_5,REFUNDED,1,1.0,HIGH
ORD_ACC_A_39_3,ACC_A_39,2026-08-27T00:00:00,PROD_133,620.95,DEV_A_5,ADDR_A_5,COMPLETED,0,1.0,HIGH
ORD_ACC_A_39_4,ACC_A_39,2026-08-20T00:00:00,PROD_133,264.46,DEV_A_5,ADDR_A_5,REFUNDED,1,1.0,HIGH
ORD_ACC_A_39_5,ACC_A_39,2026-08-20T00:00:00,PROD_133,921.51,DEV_A_5,ADDR_A_5,REFUNDED,1,1.0,HIGH
ORD_ACC_A_39_6,ACC_A_39,2026-08-22T00:00:00,PROD_121,153.95,DEV_A_5,ADDR_A_5,REFUNDED,1,1.0,HIGH
ORD_ACC_A_39_7,ACC_A_39,2026-08-22T00:00:00,PROD_133,1476.58,DEV_A_5,ADDR_A_5,REFUNDED,1,1.0,HIGH
ORD_ACC_A_39_8,ACC_A_39,2026-08-24T00:00:00,PROD_106,1354.94,DEV_A_5,ADDR_A_5,COMPLETED,0,1.0,HIGH
ORD_ACC_A_39_9,ACC_A_39,2026-08-25T00:00:00,PROD_133,696.92,DEV_A_5,ADDR_A_5,REFUNDED,1,1.0,HIGH
ORD_ACC_A_39_10,ACC_A_39,2026-08-21T00:00:00,PROD_133,1283.64,DEV_A_5,ADDR_A_5,REFUNDED,1,1.0,HIGH
ORD_ACC_A_39_11,ACC_A_39,2026-08-26T00:00:00,PROD_127,1362.29,DEV_A_5,ADDR_A_5,COMPLETED,0,1.0,HIGH
ORD_ACC_A_39_12,ACC_A_39,2026-08-24T00:00:00,PROD_133,468.91,DEV_A_5,ADDR_A_5,REFUNDED,1,1.0,HIGH
ORD_ACC_A_39_13,ACC_A_39,2026-08-30T00:00:00,PROD_131,1195.13,DEV_A_5,ADDR_A_5,COMPLETED,0,1.0,HIGH
ORD_ACC_A_39_14,ACC_A_39,2026-08-29T00:00:00,PROD_133,1051.36,DEV_A_5,ADDR_A_5,REFUNDED,1,1.0,HIGH
ORD_ACC_A_40_0,ACC_A_40,2026-08-28T00:00:00,PROD_103,486.83,DEV_A_ALT_41,ADDR_A_ALT_41,REFUNDED,1,1.0,HIGH
ORD_ACC_A_40_1,ACC_A_40,2026-08-26T00:00:00,PROD_133,496.08,DEV_A_ALT_41,ADDR_A_ALT_41,REFUNDED,1,1.0,HIGH
ORD_ACC_A_40_2,ACC_A_40,2026-08-26T00:00:00,PROD_123,597.9,DEV_A_ALT_41,ADDR_A_ALT_41,COMPLETED,0,1.0,HIGH
ORD_ACC_A_40_3,ACC_A_40,2026-08-17T00:00:00,PROD_133,709.2,DEV_A_ALT_41,ADDR_A_ALT_41,REFUNDED,1,1.0,HIGH
ORD_ACC_A_40_4,ACC_A_40,2026-08-28T00:00:00,PROD_133,622.22,DEV_A_ALT_41,ADDR_A_ALT_41,COMPLETED,0,1.0,HIGH
ORD_ACC_A_40_5,ACC_A_40,2026-08-20T00:00:00,PROD_133,1458.76,DEV_A_ALT_41,ADDR_A_ALT_41,REFUNDED,1,1.0,HIGH
ORD_ACC_A_40_6,ACC_A_40,2026-08-23T00:00:00,PROD_119,1248.52,DEV_A_ALT_41,ADDR_A_ALT_41,REFUNDED,1,1.0,HIGH
ORD_ACC_A_40_7,ACC_A_40,2026-08-31T00:00:00,PROD_133,803.84,DEV_A_ALT_41,ADDR_A_ALT_41,REFUNDED,1,1.0,HIGH
ORD_ACC_A_40_8,ACC_A_40,2026-08-30T00:00:00,PROD_133,763.11,DEV_A_ALT_41,ADDR_A_ALT_41,REFUNDED,1,1.0,HIGH
ORD_ACC_A_40_9,ACC_A_40,2026-08-23T00:00:00,PROD_133,549.48,DEV_A_ALT_41,ADDR_A_ALT_41,REFUNDED,1,1.0,HIGH
ORD_ACC_A_40_10,ACC_A_40,2026-08-22T00:00:00,PROD_133,424.12,DEV_A_ALT_41,ADDR_A_ALT_41,REFUNDED,1,1.0,HIGH
ORD_ACC_A_40_11,ACC_A_40,2026-08-19T00:00:00,PROD_133,1413.38,DEV_A_ALT_41,ADDR_A_ALT_41,REFUNDED,1,1.0,HIGH
ORD_ACC_A_40_12,ACC_A_40,2026-08-21T00:00:00,PROD_133,1051.96,DEV_A_ALT_41,ADDR_A_ALT_41,REFUNDED,1,1.0,HIGH
ORD_ACC_A_40_13,ACC_A_40,2026-08-21T00:00:00,PROD_133,1050.9,DEV_A_ALT_41,ADDR_A_ALT_41,COMPLETED,0,1.0,HIGH
ORD_ACC_A_40_14,ACC_A_40,2026-08-26T00:00:00,PROD_133,1206.08,DEV_A_ALT_41,ADDR_A_ALT_41,REFUNDED,1,1.0,HIGH
ORD_ACC_A_40_15,ACC_A_40,2026-08-30T00:00:00,PROD_133,617.19,DEV_A_ALT_41,ADDR_A_ALT_41,REFUNDED,1,1.0,HIGH
ORD_ACC_A_40_16,ACC_A_40,2026-08-27T00:00:00,PROD_133,167.88,DEV_A_ALT_41,ADDR_A_ALT_41,REFUNDED,1,1.0,HIGH
ORD_ACC_A_40_17,ACC_A_40,2026-08-20T00:00:00,PROD_133,403.99,DEV_A_ALT_41,ADDR_A_ALT_41,REFUNDED,1,1.0,HIGH
ORD_ACC_A_40_18,ACC_A_40,2026-08-29T00:00:00,PROD_134,1373.51,DEV_A_ALT_41,ADDR_A_ALT_41,REFUNDED,1,1.0,HIGH
ORD_ACC_A_40_19,ACC_A_40,2026-08-23T00:00:00,PROD_135,337.38,DEV_A_ALT_41,ADDR_A_ALT_41,REFUNDED,1,1.0,HIGH
ORD_ACC_A_40_20,ACC_A_40,2026-08-23T00:00:00,PROD_133,516.02,DEV_A_ALT_41,ADDR_A_ALT_41,COMPLETED,0,1.0,HIGH
ORD_ACC_A_40_21,ACC_A_40,2026-08-30T00:00:00,PROD_133,1153.77,DEV_A_ALT_41,ADDR_A_ALT_41,REFUNDED,1,1.0,HIGH
ORD_ACC_A_40_22,ACC_A_40,2026-08-28T00:00:00,PROD_108,1146.82,DEV_A_ALT_41,ADDR_A_ALT_41,REFUNDED,1,1.0,HIGH
ORD_ACC_A_40_23,ACC_A_40,2026-08-23T00:00:00,PROD_133,425.62,DEV_A_ALT_41,ADDR_A_ALT_41,REFUNDED,1,1.0,HIGH
ORD_ACC_A_40_24,ACC_A_40,2026-08-29T00:00:00,PROD_133,1140.0,DEV_A_ALT_41,ADDR_A_ALT_41,REFUNDED,1,1.0,HIGH
ORD_ACC_A_41_0,ACC_A_41,2026-08-27T00:00:00,PROD_148,748.34,DEV_A_5,ADDR_A_ALT_42,REFUNDED,1,1.0,HIGH
ORD_ACC_A_41_1,ACC_A_41,2026-08-24T00:00:00,PROD_133,938.98,DEV_A_5,ADDR_A_ALT_42,REFUNDED,1,1.0,HIGH
ORD_ACC_A_41_2,ACC_A_41,2026-08-23T00:00:00,PROD_133,230.09,DEV_A_5,ADDR_A_ALT_42,REFUNDED,1,1.0,HIGH
ORD_ACC_A_41_3,ACC_A_41,2026-08-27T00:00:00,PROD_133,953.14,DEV_A_5,ADDR_A_ALT_42,REFUNDED,1,1.0,HIGH
ORD_ACC_A_41_4,ACC_A_41,2026-08-30T00:00:00,PROD_133,528.34,DEV_A_5,ADDR_A_ALT_42,COMPLETED,0,1.0,HIGH
ORD_ACC_A_42_0,ACC_A_42,2026-08-26T00:00:00,PROD_136,1231.32,DEV_A_6,ADDR_A_6,REFUNDED,1,1.0,HIGH
ORD_ACC_A_42_1,ACC_A_42,2026-08-22T00:00:00,PROD_136,490.81,DEV_A_6,ADDR_A_6,COMPLETED,0,1.0,HIGH
ORD_ACC_A_42_2,ACC_A_42,2026-08-19T00:00:00,PROD_136,1211.5,DEV_A_6,ADDR_A_6,REFUNDED,1,1.0,HIGH
ORD_ACC_A_42_3,ACC_A_42,2026-08-27T00:00:00,PROD_136,1171.94,DEV_A_6,ADDR_A_6,REFUNDED,1,1.0,HIGH
ORD_ACC_A_42_4,ACC_A_42,2026-08-17T00:00:00,PROD_136,270.43,DEV_A_6,ADDR_A_6,COMPLETED,0,1.0,HIGH
ORD_ACC_A_42_5,ACC_A_42,2026-08-29T00:00:00,PROD_136,907.15,DEV_A_6,ADDR_A_6,REFUNDED,1,1.0,HIGH
ORD_ACC_A_42_6,ACC_A_42,2026-08-27T00:00:00,PROD_136,637.19,DEV_A_6,ADDR_A_6,REFUNDED,1,1.0,HIGH
ORD_ACC_A_42_7,ACC_A_42,2026-08-28T00:00:00,PROD_149,754.79,DEV_A_6,ADDR_A_6,REFUNDED,1,1.0,HIGH
ORD_ACC_A_42_8,ACC_A_42,2026-08-31T00:00:00,PROD_136,1473.75,DEV_A_6,ADDR_A_6,REFUNDED,1,1.0,HIGH
ORD_ACC_A_42_9,ACC_A_42,2026-08-24T00:00:00,PROD_120,1387.88,DEV_A_6,ADDR_A_6,REFUNDED,1,1.0,HIGH
ORD_ACC_A_42_10,ACC_A_42,2026-08-23T00:00:00,PROD_120,442.45,DEV_A_6,ADDR_A_6,COMPLETED,0,1.0,HIGH
ORD_ACC_A_42_11,ACC_A_42,2026-08-22T00:00:00,PROD_143,639.06,DEV_A_6,ADDR_A_6,REFUNDED,1,1.0,HIGH
ORD_ACC_A_42_12,ACC_A_42,2026-08-21T00:00:00,PROD_123,659.15,DEV_A_6,ADDR_A_6,REFUNDED,1,1.0,HIGH
ORD_ACC_A_42_13,ACC_A_42,2026-08-23T00:00:00,PROD_136,639.52,DEV_A_6,ADDR_A_6,REFUNDED,1,1.0,HIGH
ORD_ACC_A_42_14,ACC_A_42,2026-08-26T00:00:00,PROD_140,193.95,DEV_A_6,ADDR_A_6,REFUNDED,1,1.0,HIGH
ORD_ACC_A_43_0,ACC_A_43,2026-08-28T00:00:00,PROD_136,1455.36,DEV_A_6,ADDR_A_6,COMPLETED,0,1.0,HIGH
ORD_ACC_A_43_1,ACC_A_43,2026-08-31T00:00:00,PROD_122,614.7,DEV_A_6,ADDR_A_6,REFUNDED,1,1.0,HIGH
ORD_ACC_A_43_2,ACC_A_43,2026-08-17T00:00:00,PROD_136,451.83,DEV_A_6,ADDR_A_6,REFUNDED,1,1.0,HIGH
ORD_ACC_A_43_3,ACC_A_43,2026-08-29T00:00:00,PROD_136,222.89,DEV_A_6,ADDR_A_6,REFUNDED,1,1.0,HIGH
ORD_ACC_A_43_4,ACC_A_43,2026-08-24T00:00:00,PROD_136,1101.5,DEV_A_6,ADDR_A_6,COMPLETED,0,1.0,HIGH
ORD_ACC_A_43_5,ACC_A_43,2026-08-28T00:00:00,PROD_136,556.12,DEV_A_6,ADDR_A_6,REFUNDED,1,1.0,HIGH
ORD_ACC_A_43_6,ACC_A_43,2026-08-21T00:00:00,PROD_136,1421.68,DEV_A_6,ADDR_A_6,REFUNDED,1,1.0,HIGH
ORD_ACC_A_43_7,ACC_A_43,2026-08-21T00:00:00,PROD_135,241.79,DEV_A_6,ADDR_A_6,REFUNDED,1,1.0,HIGH
ORD_ACC_A_43_8,ACC_A_43,2026-08-31T00:00:00,PROD_111,860.79,DEV_A_6,ADDR_A_6,REFUNDED,1,1.0,HIGH
ORD_ACC_A_43_9,ACC_A_43,2026-08-20T00:00:00,PROD_136,887.72,DEV_A_6,ADDR_A_6,COMPLETED,0,1.0,HIGH
ORD_ACC_A_43_10,ACC_A_43,2026-08-25T00:00:00,PROD_136,675.06,DEV_A_6,ADDR_A_6,COMPLETED,0,1.0,HIGH
ORD_ACC_A_43_11,ACC_A_43,2026-08-24T00:00:00,PROD_136,1040.27,DEV_A_6,ADDR_A_6,REFUNDED,1,1.0,HIGH
ORD_ACC_A_43_12,ACC_A_43,2026-08-29T00:00:00,PROD_136,390.09,DEV_A_6,ADDR_A_6,REFUNDED,1,1.0,HIGH
ORD_ACC_A_44_0,ACC_A_44,2026-08-20T00:00:00,PROD_136,1252.86,DEV_A_ALT_45,ADDR_A_6,REFUNDED,1,1.0,HIGH
ORD_ACC_A_44_1,ACC_A_44,2026-08-22T00:00:00,PROD_136,214.13,DEV_A_ALT_45,ADDR_A_6,REFUNDED,1,1.0,HIGH
ORD_ACC_A_44_2,ACC_A_44,2026-08-22T00:00:00,PROD_136,1264.64,DEV_A_ALT_45,ADDR_A_6,REFUNDED,1,1.0,HIGH
ORD_ACC_A_44_3,ACC_A_44,2026-08-26T00:00:00,PROD_122,1286.14,DEV_A_ALT_45,ADDR_A_6,REFUNDED,1,1.0,HIGH
ORD_ACC_A_44_4,ACC_A_44,2026-08-30T00:00:00,PROD_136,1440.47,DEV_A_ALT_45,ADDR_A_6,REFUNDED,1,1.0,HIGH
ORD_ACC_A_44_5,ACC_A_44,2026-08-31T00:00:00,PROD_136,536.96,DEV_A_ALT_45,ADDR_A_6,COMPLETED,0,1.0,HIGH
ORD_ACC_A_44_6,ACC_A_44,2026-08-24T00:00:00,PROD_136,1124.2,DEV_A_ALT_45,ADDR_A_6,REFUNDED,1,1.0,HIGH
ORD_ACC_A_45_0,ACC_A_45,2026-08-17T00:00:00,PROD_136,1345.22,DEV_A_6,ADDR_A_6,REFUNDED,1,1.0,HIGH
ORD_ACC_A_45_1,ACC_A_45,2026-08-27T00:00:00,PROD_107,574.81,DEV_A_6,ADDR_A_6,COMPLETED,0,1.0,HIGH
ORD_ACC_A_45_2,ACC_A_45,2026-08-27T00:00:00,PROD_102,1497.68,DEV_A_6,ADDR_A_6,REFUNDED,1,1.0,HIGH
ORD_ACC_A_45_3,ACC_A_45,2026-08-28T00:00:00,PROD_136,215.76,DEV_A_6,ADDR_A_6,REFUNDED,1,1.0,HIGH
ORD_ACC_A_45_4,ACC_A_45,2026-08-29T00:00:00,PROD_136,679.27,DEV_A_6,ADDR_A_6,REFUNDED,1,1.0,HIGH
ORD_ACC_A_45_5,ACC_A_45,2026-08-29T00:00:00,PROD_122,410.33,DEV_A_6,ADDR_A_6,REFUNDED,1,1.0,HIGH
ORD_ACC_A_45_6,ACC_A_45,2026-08-23T00:00:00,PROD_136,131.04,DEV_A_6,ADDR_A_6,REFUNDED,1,1.0,HIGH
ORD_ACC_A_45_7,ACC_A_45,2026-08-26T00:00:00,PROD_103,573.72,DEV_A_6,ADDR_A_6,REFUNDED,1,1.0,HIGH
ORD_ACC_A_45_8,ACC_A_45,2026-08-25T00:00:00,PROD_136,980.68,DEV_A_6,ADDR_A_6,REFUNDED,1,1.0,HIGH
ORD_ACC_A_46_0,ACC_A_46,2026-08-17T00:00:00,PROD_136,1147.66,DEV_A_6,ADDR_A_6,REFUNDED,1,1.0,HIGH
ORD_ACC_A_46_1,ACC_A_46,2026-08-23T00:00:00,PROD_136,782.4,DEV_A_6,ADDR_A_6,REFUNDED,1,1.0,HIGH
ORD_ACC_A_46_2,ACC_A_46,2026-08-30T00:00:00,PROD_136,1181.64,DEV_A_6,ADDR_A_6,COMPLETED,0,1.0,HIGH
ORD_ACC_A_46_3,ACC_A_46,2026-08-23T00:00:00,PROD_138,227.83,DEV_A_6,ADDR_A_6,REFUNDED,1,1.0,HIGH
ORD_ACC_A_46_4,ACC_A_46,2026-08-19T00:00:00,PROD_112,352.32,DEV_A_6,ADDR_A_6,REFUNDED,1,1.0,HIGH
ORD_ACC_A_46_5,ACC_A_46,2026-08-19T00:00:00,PROD_136,1074.77,DEV_A_6,ADDR_A_6,REFUNDED,1,1.0,HIGH
ORD_ACC_A_46_6,ACC_A_46,2026-08-27T00:00:00,PROD_105,841.62,DEV_A_6,ADDR_A_6,REFUNDED,1,1.0,HIGH
ORD_ACC_A_46_7,ACC_A_46,2026-08-26T00:00:00,PROD_136,762.31,DEV_A_6,ADDR_A_6,REFUNDED,1,1.0,HIGH
ORD_ACC_A_46_8,ACC_A_46,2026-08-28T00:00:00,PROD_136,303.39,DEV_A_6,ADDR_A_6,REFUNDED,1,1.0,HIGH
ORD_ACC_A_46_9,ACC_A_46,2026-08-29T00:00:00,PROD_136,479.97,DEV_A_6,ADDR_A_6,REFUNDED,1,1.0,HIGH
ORD_ACC_A_46_10,ACC_A_46,2026-08-21T00:00:00,PROD_136,1400.39,DEV_A_6,ADDR_A_6,REFUNDED,1,1.0,HIGH
ORD_ACC_A_46_11,ACC_A_46,2026-08-29T00:00:00,PROD_141,1109.04,DEV_A_6,ADDR_A_6,REFUNDED,1,1.0,HIGH
ORD_ACC_A_46_12,ACC_A_46,2026-08-26T00:00:00,PROD_136,1094.13,DEV_A_6,ADDR_A_6,REFUNDED,1,1.0,HIGH
ORD_ACC_A_46_13,ACC_A_46,2026-08-30T00:00:00,PROD_136,169.87,DEV_A_6,ADDR_A_6,REFUNDED,1,1.0,HIGH
ORD_ACC_A_46_14,ACC_A_46,2026-08-20T00:00:00,PROD_136,446.94,DEV_A_6,ADDR_A_6,COMPLETED,0,1.0,HIGH
ORD_ACC_A_46_15,ACC_A_46,2026-08-28T00:00:00,PROD_144,109.12,DEV_A_6,ADDR_A_6,REFUNDED,1,1.0,HIGH
ORD_ACC_A_47_0,ACC_A_47,2026-08-31T00:00:00,PROD_136,267.33,DEV_A_6,ADDR_A_6,REFUNDED,1,1.0,HIGH
ORD_ACC_A_47_1,ACC_A_47,2026-08-31T00:00:00,PROD_136,146.21,DEV_A_6,ADDR_A_6,REFUNDED,1,1.0,HIGH
ORD_ACC_A_47_2,ACC_A_47,2026-08-31T00:00:00,PROD_136,1259.84,DEV_A_6,ADDR_A_6,REFUNDED,1,1.0,HIGH
ORD_ACC_A_47_3,ACC_A_47,2026-08-31T00:00:00,PROD_136,577.41,DEV_A_6,ADDR_A_6,REFUNDED,1,1.0,HIGH
ORD_ACC_A_47_4,ACC_A_47,2026-08-31T00:00:00,PROD_136,1388.6,DEV_A_6,ADDR_A_6,REFUNDED,1,1.0,HIGH
ORD_ACC_A_47_5,ACC_A_47,2026-08-31T00:00:00,PROD_136,728.71,DEV_A_6,ADDR_A_6,REFUNDED,1,1.0,HIGH
ORD_ACC_A_47_6,ACC_A_47,2026-08-31T00:00:00,PROD_136,735.62,DEV_A_6,ADDR_A_6,REFUNDED,1,1.0,HIGH
ORD_ACC_A_47_7,ACC_A_47,2026-08-31T00:00:00,PROD_149,791.01,DEV_A_6,ADDR_A_6,REFUNDED,1,1.0,HIGH
ORD_ACC_A_47_8,ACC_A_47,2026-08-31T00:00:00,PROD_136,1168.86,DEV_A_6,ADDR_A_6,REFUNDED,1,1.0,HIGH
ORD_ACC_A_47_9,ACC_A_47,2026-08-31T00:00:00,PROD_138,1349.47,DEV_A_6,ADDR_A_6,REFUNDED,1,1.0,HIGH
ORD_ACC_A_47_10,ACC_A_47,2026-08-31T00:00:00,PROD_136,1104.46,DEV_A_6,ADDR_A_6,REFUNDED,1,1.0,HIGH
ORD_ACC_A_47_11,ACC_A_47,2026-08-31T00:00:00,PROD_136,1001.02,DEV_A_6,ADDR_A_6,REFUNDED,1,1.0,HIGH
ORD_ACC_A_47_12,ACC_A_47,2026-08-31T00:00:00,PROD_140,160.42,DEV_A_6,ADDR_A_6,REFUNDED,1,1.0,HIGH
ORD_ACC_A_47_13,ACC_A_47,2026-08-31T00:00:00,PROD_136,1259.25,DEV_A_6,ADDR_A_6,COMPLETED,0,1.0,HIGH
ORD_ACC_A_47_14,ACC_A_47,2026-08-31T00:00:00,PROD_136,1403.95,DEV_A_6,ADDR_A_6,REFUNDED,1,1.0,HIGH
ORD_ACC_A_47_15,ACC_A_47,2026-08-31T00:00:00,PROD_136,1311.01,DEV_A_6,ADDR_A_6,REFUNDED,1,1.0,HIGH
ORD_ACC_A_47_16,ACC_A_47,2026-08-31T00:00:00,PROD_136,756.56,DEV_A_6,ADDR_A_6,COMPLETED,0,1.0,HIGH
ORD_ACC_A_47_17,ACC_A_47,2026-08-31T00:00:00,PROD_136,1013.57,DEV_A_6,ADDR_A_6,REFUNDED,1,1.0,HIGH
ORD_ACC_A_47_18,ACC_A_47,2026-08-31T00:00:00,PROD_140,136.5,DEV_A_6,ADDR_A_6,REFUNDED,1,1.0,HIGH
ORD_ACC_A_47_19,ACC_A_47,2026-08-31T00:00:00,PROD_101,269.79,DEV_A_6,ADDR_A_6,REFUNDED,1,1.0,HIGH
ORD_ACC_A_47_20,ACC_A_47,2026-08-31T00:00:00,PROD_127,1485.8,DEV_A_6,ADDR_A_6,COMPLETED,0,1.0,HIGH
ORD_ACC_A_47_21,ACC_A_47,2026-08-31T00:00:00,PROD_136,922.69,DEV_A_6,ADDR_A_6,REFUNDED,1,1.0,HIGH
ORD_ACC_A_47_22,ACC_A_47,2026-08-31T00:00:00,PROD_108,1015.15,DEV_A_6,ADDR_A_6,REFUNDED,1,1.0,HIGH
ORD_ACC_A_48_0,ACC_A_48,2026-08-31T00:00:00,PROD_136,750.91,DEV_A_6,ADDR_A_6,REFUNDED,1,1.0,HIGH
ORD_ACC_A_48_1,ACC_A_48,2026-08-31T00:00:00,PROD_136,488.54,DEV_A_6,ADDR_A_6,REFUNDED,1,1.0,HIGH
ORD_ACC_A_48_2,ACC_A_48,2026-08-31T00:00:00,PROD_136,1333.32,DEV_A_6,ADDR_A_6,REFUNDED,1,1.0,HIGH
ORD_ACC_A_48_3,ACC_A_48,2026-08-31T00:00:00,PROD_136,528.27,DEV_A_6,ADDR_A_6,REFUNDED,1,1.0,HIGH
ORD_ACC_A_48_4,ACC_A_48,2026-08-31T00:00:00,PROD_136,1446.46,DEV_A_6,ADDR_A_6,REFUNDED,1,1.0,HIGH
ORD_ACC_A_48_5,ACC_A_48,2026-08-31T00:00:00,PROD_107,309.01,DEV_A_6,ADDR_A_6,REFUNDED,1,1.0,HIGH
ORD_ACC_A_48_6,ACC_A_48,2026-08-31T00:00:00,PROD_136,661.78,DEV_A_6,ADDR_A_6,COMPLETED,0,1.0,HIGH
ORD_ACC_A_48_7,ACC_A_48,2026-08-31T00:00:00,PROD_139,1215.91,DEV_A_6,ADDR_A_6,REFUNDED,1,1.0,HIGH
ORD_ACC_A_48_8,ACC_A_48,2026-08-31T00:00:00,PROD_136,162.84,DEV_A_6,ADDR_A_6,REFUNDED,1,1.0,HIGH
ORD_ACC_A_48_9,ACC_A_48,2026-08-31T00:00:00,PROD_136,1330.99,DEV_A_6,ADDR_A_6,REFUNDED,1,1.0,HIGH
ORD_ACC_A_48_10,ACC_A_48,2026-08-31T00:00:00,PROD_136,608.35,DEV_A_6,ADDR_A_6,REFUNDED,1,1.0,HIGH
ORD_ACC_A_48_11,ACC_A_48,2026-08-31T00:00:00,PROD_136,1117.71,DEV_A_6,ADDR_A_6,REFUNDED,1,1.0,HIGH
ORD_ACC_A_48_12,ACC_A_48,2026-08-31T00:00:00,PROD_139,731.58,DEV_A_6,ADDR_A_6,REFUNDED,1,1.0,HIGH
ORD_ACC_A_48_13,ACC_A_48,2026-08-31T00:00:00,PROD_136,402.62,DEV_A_6,ADDR_A_6,REFUNDED,1,1.0,HIGH
ORD_ACC_A_48_14,ACC_A_48,2026-08-31T00:00:00,PROD_136,348.42,DEV_A_6,ADDR_A_6,REFUNDED,1,1.0,HIGH
ORD_ACC_A_48_15,ACC_A_48,2026-08-31T00:00:00,PROD_136,186.21,DEV_A_6,ADDR_A_6,REFUNDED,1,1.0,HIGH
ORD_ACC_A_49_0,ACC_A_49,2026-08-22T00:00:00,PROD_124,905.27,DEV_A_ALT_50,ADDR_A_7,REFUNDED,1,1.0,HIGH
ORD_ACC_A_49_1,ACC_A_49,2026-08-28T00:00:00,PROD_124,977.96,DEV_A_ALT_50,ADDR_A_7,REFUNDED,1,1.0,HIGH
ORD_ACC_A_49_2,ACC_A_49,2026-08-31T00:00:00,PROD_124,549.31,DEV_A_ALT_50,ADDR_A_7,REFUNDED,1,1.0,HIGH
ORD_ACC_A_49_3,ACC_A_49,2026-08-26T00:00:00,PROD_124,425.0,DEV_A_ALT_50,ADDR_A_7,REFUNDED,1,1.0,HIGH
ORD_ACC_A_49_4,ACC_A_49,2026-08-20T00:00:00,PROD_124,340.33,DEV_A_ALT_50,ADDR_A_7,REFUNDED,1,1.0,HIGH
ORD_ACC_A_49_5,ACC_A_49,2026-08-27T00:00:00,PROD_124,772.08,DEV_A_ALT_50,ADDR_A_7,REFUNDED,1,1.0,HIGH
ORD_ACC_A_49_6,ACC_A_49,2026-08-25T00:00:00,PROD_124,927.25,DEV_A_ALT_50,ADDR_A_7,REFUNDED,1,1.0,HIGH
ORD_ACC_A_49_7,ACC_A_49,2026-08-30T00:00:00,PROD_124,732.88,DEV_A_ALT_50,ADDR_A_7,REFUNDED,1,1.0,HIGH
ORD_ACC_A_49_8,ACC_A_49,2026-08-29T00:00:00,PROD_124,910.61,DEV_A_ALT_50,ADDR_A_7,REFUNDED,1,1.0,HIGH
ORD_ACC_A_49_9,ACC_A_49,2026-08-26T00:00:00,PROD_124,1367.93,DEV_A_ALT_50,ADDR_A_7,REFUNDED,1,1.0,HIGH
ORD_ACC_A_49_10,ACC_A_49,2026-08-21T00:00:00,PROD_124,1109.71,DEV_A_ALT_50,ADDR_A_7,REFUNDED,1,1.0,HIGH
ORD_ACC_A_49_11,ACC_A_49,2026-08-26T00:00:00,PROD_124,555.92,DEV_A_ALT_50,ADDR_A_7,REFUNDED,1,1.0,HIGH
ORD_ACC_A_49_12,ACC_A_49,2026-08-19T00:00:00,PROD_124,1283.04,DEV_A_ALT_50,ADDR_A_7,REFUNDED,1,1.0,HIGH
ORD_ACC_A_49_13,ACC_A_49,2026-08-17T00:00:00,PROD_124,275.75,DEV_A_ALT_50,ADDR_A_7,REFUNDED,1,1.0,HIGH
ORD_ACC_A_49_14,ACC_A_49,2026-08-28T00:00:00,PROD_124,589.64,DEV_A_ALT_50,ADDR_A_7,REFUNDED,1,1.0,HIGH
ORD_ACC_A_49_15,ACC_A_49,2026-08-20T00:00:00,PROD_109,562.6,DEV_A_ALT_50,ADDR_A_7,REFUNDED,1,1.0,HIGH
ORD_ACC_A_49_16,ACC_A_49,2026-08-29T00:00:00,PROD_124,170.23,DEV_A_ALT_50,ADDR_A_7,REFUNDED,1,1.0,HIGH
ORD_ACC_A_49_17,ACC_A_49,2026-08-25T00:00:00,PROD_124,928.13,DEV_A_ALT_50,ADDR_A_7,COMPLETED,0,1.0,HIGH
ORD_ACC_A_50_0,ACC_A_50,2026-08-28T00:00:00,PROD_124,907.27,DEV_A_7,ADDR_A_7,REFUNDED,1,1.0,HIGH
ORD_ACC_A_50_1,ACC_A_50,2026-08-31T00:00:00,PROD_124,1229.22,DEV_A_7,ADDR_A_7,REFUNDED,1,1.0,HIGH
ORD_ACC_A_50_2,ACC_A_50,2026-08-27T00:00:00,PROD_124,418.96,DEV_A_7,ADDR_A_7,COMPLETED,0,1.0,HIGH
ORD_ACC_A_50_3,ACC_A_50,2026-08-27T00:00:00,PROD_104,472.43,DEV_A_7,ADDR_A_7,REFUNDED,1,1.0,HIGH
ORD_ACC_A_50_4,ACC_A_50,2026-08-27T00:00:00,PROD_130,304.27,DEV_A_7,ADDR_A_7,REFUNDED,1,1.0,HIGH
ORD_ACC_A_50_5,ACC_A_50,2026-08-28T00:00:00,PROD_124,588.33,DEV_A_7,ADDR_A_7,REFUNDED,1,1.0,HIGH
ORD_ACC_A_50_6,ACC_A_50,2026-08-30T00:00:00,PROD_124,1291.12,DEV_A_7,ADDR_A_7,REFUNDED,1,1.0,HIGH
ORD_ACC_A_50_7,ACC_A_50,2026-08-30T00:00:00,PROD_140,399.78,DEV_A_7,ADDR_A_7,REFUNDED,1,1.0,HIGH
ORD_ACC_A_50_8,ACC_A_50,2026-08-26T00:00:00,PROD_124,727.62,DEV_A_7,ADDR_A_7,COMPLETED,0,1.0,HIGH
ORD_ACC_A_50_9,ACC_A_50,2026-08-27T00:00:00,PROD_124,1215.2,DEV_A_7,ADDR_A_7,COMPLETED,0,1.0,HIGH
ORD_ACC_A_50_10,ACC_A_50,2026-08-30T00:00:00,PROD_119,554.93,DEV_A_7,ADDR_A_7,REFUNDED,1,1.0,HIGH
ORD_ACC_A_51_0,ACC_A_51,2026-08-27T00:00:00,PROD_124,1278.19,DEV_A_7,ADDR_A_7,COMPLETED,0,1.0,HIGH
ORD_ACC_A_51_1,ACC_A_51,2026-08-29T00:00:00,PROD_118,522.64,DEV_A_7,ADDR_A_7,COMPLETED,0,1.0,HIGH
ORD_ACC_A_51_2,ACC_A_51,2026-08-25T00:00:00,PROD_124,1484.8,DEV_A_7,ADDR_A_7,REFUNDED,1,1.0,HIGH
ORD_ACC_A_51_3,ACC_A_51,2026-08-18T00:00:00,PROD_139,422.72,DEV_A_7,ADDR_A_7,REFUNDED,1,1.0,HIGH
ORD_ACC_A_51_4,ACC_A_51,2026-08-29T00:00:00,PROD_124,1029.06,DEV_A_7,ADDR_A_7,REFUNDED,1,1.0,HIGH
ORD_ACC_A_51_5,ACC_A_51,2026-08-19T00:00:00,PROD_124,722.75,DEV_A_7,ADDR_A_7,REFUNDED,1,1.0,HIGH
ORD_ACC_A_51_6,ACC_A_51,2026-08-25T00:00:00,PROD_121,1378.3,DEV_A_7,ADDR_A_7,COMPLETED,0,1.0,HIGH
ORD_ACC_A_51_7,ACC_A_51,2026-08-18T00:00:00,PROD_124,1396.66,DEV_A_7,ADDR_A_7,REFUNDED,1,1.0,HIGH
ORD_ACC_A_51_8,ACC_A_51,2026-08-25T00:00:00,PROD_133,171.01,DEV_A_7,ADDR_A_7,REFUNDED,1,1.0,HIGH
ORD_ACC_A_51_9,ACC_A_51,2026-08-31T00:00:00,PROD_124,718.1,DEV_A_7,ADDR_A_7,COMPLETED,0,1.0,HIGH
ORD_ACC_A_51_10,ACC_A_51,2026-08-25T00:00:00,PROD_124,365.84,DEV_A_7,ADDR_A_7,REFUNDED,1,1.0,HIGH
ORD_ACC_A_51_11,ACC_A_51,2026-08-20T00:00:00,PROD_124,348.25,DEV_A_7,ADDR_A_7,COMPLETED,0,1.0,HIGH
ORD_ACC_A_51_12,ACC_A_51,2026-08-21T00:00:00,PROD_124,249.37,DEV_A_7,ADDR_A_7,REFUNDED,1,1.0,HIGH
ORD_ACC_A_51_13,ACC_A_51,2026-08-17T00:00:00,PROD_124,950.32,DEV_A_7,ADDR_A_7,REFUNDED,1,1.0,HIGH
ORD_ACC_A_51_14,ACC_A_51,2026-08-23T00:00:00,PROD_124,1124.71,DEV_A_7,ADDR_A_7,COMPLETED,0,1.0,HIGH
ORD_ACC_A_51_15,ACC_A_51,2026-08-28T00:00:00,PROD_124,405.66,DEV_A_7,ADDR_A_7,REFUNDED,1,1.0,HIGH
ORD_ACC_A_51_16,ACC_A_51,2026-08-29T00:00:00,PROD_124,825.04,DEV_A_7,ADDR_A_7,COMPLETED,0,1.0,HIGH
ORD_ACC_A_51_17,ACC_A_51,2026-08-17T00:00:00,PROD_124,194.27,DEV_A_7,ADDR_A_7,COMPLETED,0,1.0,HIGH
ORD_ACC_A_52_0,ACC_A_52,2026-08-30T00:00:00,PROD_124,1033.78,DEV_A_ALT_53,ADDR_A_7,REFUNDED,1,1.0,HIGH
ORD_ACC_A_52_1,ACC_A_52,2026-08-20T00:00:00,PROD_124,560.87,DEV_A_ALT_53,ADDR_A_7,REFUNDED,1,1.0,HIGH
ORD_ACC_A_52_2,ACC_A_52,2026-08-29T00:00:00,PROD_124,219.9,DEV_A_ALT_53,ADDR_A_7,REFUNDED,1,1.0,HIGH
ORD_ACC_A_52_3,ACC_A_52,2026-08-21T00:00:00,PROD_117,496.4,DEV_A_ALT_53,ADDR_A_7,REFUNDED,1,1.0,HIGH
ORD_ACC_A_52_4,ACC_A_52,2026-08-27T00:00:00,PROD_124,254.22,DEV_A_ALT_53,ADDR_A_7,REFUNDED,1,1.0,HIGH
ORD_ACC_A_52_5,ACC_A_52,2026-08-20T00:00:00,PROD_124,1084.58,DEV_A_ALT_53,ADDR_A_7,COMPLETED,0,1.0,HIGH
ORD_ACC_A_52_6,ACC_A_52,2026-08-22T00:00:00,PROD_124,269.4,DEV_A_ALT_53,ADDR_A_7,COMPLETED,0,1.0,HIGH
ORD_ACC_A_52_7,ACC_A_52,2026-08-29T00:00:00,PROD_124,108.01,DEV_A_ALT_53,ADDR_A_7,REFUNDED,1,1.0,HIGH
ORD_ACC_A_52_8,ACC_A_52,2026-08-30T00:00:00,PROD_124,730.31,DEV_A_ALT_53,ADDR_A_7,COMPLETED,0,1.0,HIGH
ORD_ACC_A_52_9,ACC_A_52,2026-08-22T00:00:00,PROD_127,1363.04,DEV_A_ALT_53,ADDR_A_7,REFUNDED,1,1.0,HIGH
ORD_ACC_A_52_10,ACC_A_52,2026-08-25T00:00:00,PROD_124,609.58,DEV_A_ALT_53,ADDR_A_7,REFUNDED,1,1.0,HIGH
ORD_ACC_A_52_11,ACC_A_52,2026-08-24T00:00:00,PROD_124,361.26,DEV_A_ALT_53,ADDR_A_7,REFUNDED,1,1.0,HIGH
ORD_ACC_A_52_12,ACC_A_52,2026-08-24T00:00:00,PROD_124,1341.68,DEV_A_ALT_53,ADDR_A_7,REFUNDED,1,1.0,HIGH
ORD_ACC_A_52_13,ACC_A_52,2026-08-17T00:00:00,PROD_124,682.88,DEV_A_ALT_53,ADDR_A_7,COMPLETED,0,1.0,HIGH
ORD_ACC_A_52_14,ACC_A_52,2026-08-22T00:00:00,PROD_124,273.26,DEV_A_ALT_53,ADDR_A_7,COMPLETED,0,1.0,HIGH
ORD_ACC_A_52_15,ACC_A_52,2026-08-19T00:00:00,PROD_124,309.35,DEV_A_ALT_53,ADDR_A_7,REFUNDED,1,1.0,HIGH
ORD_ACC_A_52_16,ACC_A_52,2026-08-30T00:00:00,PROD_113,366.96,DEV_A_ALT_53,ADDR_A_7,REFUNDED,1,1.0,HIGH
ORD_ACC_A_52_17,ACC_A_52,2026-08-26T00:00:00,PROD_115,663.7,DEV_A_ALT_53,ADDR_A_7,COMPLETED,0,1.0,HIGH
ORD_ACC_A_52_18,ACC_A_52,2026-08-27T00:00:00,PROD_100,356.24,DEV_A_ALT_53,ADDR_A_7,REFUNDED,1,1.0,HIGH
ORD_ACC_A_52_19,ACC_A_52,2026-08-29T00:00:00,PROD_125,1333.97,DEV_A_ALT_53,ADDR_A_7,COMPLETED,0,1.0,HIGH
ORD_ACC_A_52_20,ACC_A_52,2026-08-29T00:00:00,PROD_124,1419.74,DEV_A_ALT_53,ADDR_A_7,REFUNDED,1,1.0,HIGH
ORD_ACC_A_52_21,ACC_A_52,2026-08-19T00:00:00,PROD_124,321.34,DEV_A_ALT_53,ADDR_A_7,COMPLETED,0,1.0,HIGH
ORD_ACC_A_52_22,ACC_A_52,2026-08-17T00:00:00,PROD_124,1269.05,DEV_A_ALT_53,ADDR_A_7,REFUNDED,1,1.0,HIGH
ORD_ACC_A_52_23,ACC_A_52,2026-08-23T00:00:00,PROD_130,693.48,DEV_A_ALT_53,ADDR_A_7,REFUNDED,1,1.0,HIGH
ORD_ACC_A_53_0,ACC_A_53,2026-08-21T00:00:00,PROD_124,1490.0,DEV_A_7,ADDR_A_7,COMPLETED,0,1.0,HIGH
ORD_ACC_A_53_1,ACC_A_53,2026-08-19T00:00:00,PROD_127,849.37,DEV_A_7,ADDR_A_7,REFUNDED,1,1.0,HIGH
ORD_ACC_A_53_2,ACC_A_53,2026-08-17T00:00:00,PROD_124,757.67,DEV_A_7,ADDR_A_7,REFUNDED,1,1.0,HIGH
ORD_ACC_A_53_3,ACC_A_53,2026-08-24T00:00:00,PROD_124,1308.56,DEV_A_7,ADDR_A_7,REFUNDED,1,1.0,HIGH
ORD_ACC_A_53_4,ACC_A_53,2026-08-29T00:00:00,PROD_124,1210.89,DEV_A_7,ADDR_A_7,REFUNDED,1,1.0,HIGH
ORD_ACC_A_53_5,ACC_A_53,2026-08-18T00:00:00,PROD_104,406.13,DEV_A_7,ADDR_A_7,REFUNDED,1,1.0,HIGH
ORD_ACC_A_53_6,ACC_A_53,2026-08-20T00:00:00,PROD_124,1042.5,DEV_A_7,ADDR_A_7,REFUNDED,1,1.0,HIGH
ORD_ACC_A_53_7,ACC_A_53,2026-08-17T00:00:00,PROD_108,302.5,DEV_A_7,ADDR_A_7,REFUNDED,1,1.0,HIGH
ORD_ACC_A_53_8,ACC_A_53,2026-08-27T00:00:00,PROD_127,355.99,DEV_A_7,ADDR_A_7,REFUNDED,1,1.0,HIGH
ORD_ACC_A_53_9,ACC_A_53,2026-08-22T00:00:00,PROD_124,349.03,DEV_A_7,ADDR_A_7,COMPLETED,0,1.0,HIGH
ORD_ACC_A_53_10,ACC_A_53,2026-08-20T00:00:00,PROD_124,1434.9,DEV_A_7,ADDR_A_7,REFUNDED,1,1.0,HIGH
ORD_ACC_A_54_0,ACC_A_54,2026-08-30T00:00:00,PROD_124,1213.05,DEV_A_7,ADDR_A_7,REFUNDED,1,1.0,HIGH
ORD_ACC_A_54_1,ACC_A_54,2026-08-30T00:00:00,PROD_129,1458.34,DEV_A_7,ADDR_A_7,REFUNDED,1,1.0,HIGH
ORD_ACC_A_54_2,ACC_A_54,2026-08-31T00:00:00,PROD_117,769.35,DEV_A_7,ADDR_A_7,COMPLETED,0,1.0,HIGH
ORD_ACC_A_54_3,ACC_A_54,2026-08-30T00:00:00,PROD_129,1011.0,DEV_A_7,ADDR_A_7,REFUNDED,1,1.0,HIGH
ORD_ACC_A_54_4,ACC_A_54,2026-08-31T00:00:00,PROD_124,829.49,DEV_A_7,ADDR_A_7,REFUNDED,1,1.0,HIGH
ORD_ACC_A_54_5,ACC_A_54,2026-08-31T00:00:00,PROD_124,1115.65,DEV_A_7,ADDR_A_7,REFUNDED,1,1.0,HIGH
ORD_ACC_A_54_6,ACC_A_54,2026-08-30T00:00:00,PROD_124,546.25,DEV_A_7,ADDR_A_7,REFUNDED,1,1.0,HIGH
ORD_ACC_A_54_7,ACC_A_54,2026-08-29T00:00:00,PROD_141,109.57,DEV_A_7,ADDR_A_7,REFUNDED,1,1.0,HIGH
ORD_ACC_A_54_8,ACC_A_54,2026-08-28T00:00:00,PROD_124,771.28,DEV_A_7,ADDR_A_7,REFUNDED,1,1.0,HIGH
ORD_ACC_A_54_9,ACC_A_54,2026-08-29T00:00:00,PROD_125,1022.07,DEV_A_7,ADDR_A_7,REFUNDED,1,1.0,HIGH
ORD_ACC_A_54_10,ACC_A_54,2026-08-29T00:00:00,PROD_126,738.5,DEV_A_7,ADDR_A_7,REFUNDED,1,1.0,HIGH
ORD_ACC_A_54_11,ACC_A_54,2026-08-31T00:00:00,PROD_137,432.75,DEV_A_7,ADDR_A_7,COMPLETED,0,1.0,HIGH
ORD_ACC_A_54_12,ACC_A_54,2026-08-29T00:00:00,PROD_124,202.14,DEV_A_7,ADDR_A_7,REFUNDED,1,1.0,HIGH
ORD_ACC_A_54_13,ACC_A_54,2026-08-29T00:00:00,PROD_137,489.07,DEV_A_7,ADDR_A_7,REFUNDED,1,1.0,HIGH
ORD_ACC_A_54_14,ACC_A_54,2026-08-29T00:00:00,PROD_145,241.15,DEV_A_7,ADDR_A_7,REFUNDED,1,1.0,HIGH
ORD_ACC_A_54_15,ACC_A_54,2026-08-29T00:00:00,PROD_124,957.27,DEV_A_7,ADDR_A_7,REFUNDED,1,1.0,HIGH
ORD_ACC_A_54_16,ACC_A_54,2026-08-30T00:00:00,PROD_145,1023.23,DEV_A_7,ADDR_A_7,REFUNDED,1,1.0,HIGH
ORD_ACC_A_54_17,ACC_A_54,2026-08-31T00:00:00,PROD_124,935.31,DEV_A_7,ADDR_A_7,REFUNDED,1,1.0,HIGH
ORD_ACC_A_54_18,ACC_A_54,2026-08-28T00:00:00,PROD_100,421.13,DEV_A_7,ADDR_A_7,REFUNDED,1,1.0,HIGH
ORD_ACC_A_54_19,ACC_A_54,2026-08-31T00:00:00,PROD_124,452.53,DEV_A_7,ADDR_A_7,REFUNDED,1,1.0,HIGH
ORD_ACC_A_54_20,ACC_A_54,2026-08-30T00:00:00,PROD_131,432.16,DEV_A_7,ADDR_A_7,REFUNDED,1,1.0,HIGH
ORD_ACC_A_54_21,ACC_A_54,2026-08-31T00:00:00,PROD_143,1490.27,DEV_A_7,ADDR_A_7,REFUNDED,1,1.0,HIGH
ORD_ACC_A_55_0,ACC_A_55,2026-08-31T00:00:00,PROD_141,1341.58,DEV_A_ALT_56,ADDR_A_8,COMPLETED,0,1.0,HIGH
ORD_ACC_A_55_1,ACC_A_55,2026-08-29T00:00:00,PROD_119,898.28,DEV_A_ALT_56,ADDR_A_8,REFUNDED,1,1.0,HIGH
ORD_ACC_A_55_2,ACC_A_55,2026-08-29T00:00:00,PROD_107,1054.79,DEV_A_ALT_56,ADDR_A_8,REFUNDED,1,1.0,HIGH
ORD_ACC_A_55_3,ACC_A_55,2026-08-31T00:00:00,PROD_140,717.73,DEV_A_ALT_56,ADDR_A_8,REFUNDED,1,1.0,HIGH
ORD_ACC_A_55_4,ACC_A_55,2026-08-30T00:00:00,PROD_140,1347.61,DEV_A_ALT_56,ADDR_A_8,REFUNDED,1,1.0,HIGH
ORD_ACC_A_55_5,ACC_A_55,2026-08-31T00:00:00,PROD_140,1486.75,DEV_A_ALT_56,ADDR_A_8,REFUNDED,1,1.0,HIGH
ORD_ACC_A_55_6,ACC_A_55,2026-08-31T00:00:00,PROD_140,1463.58,DEV_A_ALT_56,ADDR_A_8,REFUNDED,1,1.0,HIGH
ORD_ACC_A_55_7,ACC_A_55,2026-08-29T00:00:00,PROD_140,1344.07,DEV_A_ALT_56,ADDR_A_8,REFUNDED,1,1.0,HIGH
ORD_ACC_A_55_8,ACC_A_55,2026-08-29T00:00:00,PROD_140,233.73,DEV_A_ALT_56,ADDR_A_8,REFUNDED,1,1.0,HIGH
ORD_ACC_A_55_9,ACC_A_55,2026-08-30T00:00:00,PROD_140,866.0,DEV_A_ALT_56,ADDR_A_8,REFUNDED,1,1.0,HIGH
ORD_ACC_A_55_10,ACC_A_55,2026-08-31T00:00:00,PROD_140,280.58,DEV_A_ALT_56,ADDR_A_8,REFUNDED,1,1.0,HIGH
ORD_ACC_A_55_11,ACC_A_55,2026-08-31T00:00:00,PROD_140,861.56,DEV_A_ALT_56,ADDR_A_8,REFUNDED,1,1.0,HIGH
ORD_ACC_A_55_12,ACC_A_55,2026-08-30T00:00:00,PROD_140,187.75,DEV_A_ALT_56,ADDR_A_8,REFUNDED,1,1.0,HIGH
ORD_ACC_A_55_13,ACC_A_55,2026-08-29T00:00:00,PROD_118,1209.56,DEV_A_ALT_56,ADDR_A_8,REFUNDED,1,1.0,HIGH
ORD_ACC_A_55_14,ACC_A_55,2026-08-31T00:00:00,PROD_140,393.47,DEV_A_ALT_56,ADDR_A_8,REFUNDED,1,1.0,HIGH
ORD_ACC_A_55_15,ACC_A_55,2026-08-29T00:00:00,PROD_140,535.94,DEV_A_ALT_56,ADDR_A_8,REFUNDED,1,1.0,HIGH
ORD_ACC_A_55_16,ACC_A_55,2026-08-30T00:00:00,PROD_140,527.61,DEV_A_ALT_56,ADDR_A_8,REFUNDED,1,1.0,HIGH
ORD_ACC_A_55_17,ACC_A_55,2026-08-31T00:00:00,PROD_140,1226.71,DEV_A_ALT_56,ADDR_A_8,REFUNDED,1,1.0,HIGH
ORD_ACC_A_55_18,ACC_A_55,2026-08-31T00:00:00,PROD_140,980.61,DEV_A_ALT_56,ADDR_A_8,REFUNDED,1,1.0,HIGH
ORD_ACC_A_56_0,ACC_A_56,2026-08-29T00:00:00,PROD_109,166.26,DEV_A_8,ADDR_A_ALT_57,REFUNDED,1,1.0,HIGH
ORD_ACC_A_56_1,ACC_A_56,2026-08-21T00:00:00,PROD_140,424.83,DEV_A_8,ADDR_A_ALT_57,COMPLETED,0,1.0,HIGH
ORD_ACC_A_56_2,ACC_A_56,2026-08-18T00:00:00,PROD_140,1493.74,DEV_A_8,ADDR_A_ALT_57,REFUNDED,1,1.0,HIGH
ORD_ACC_A_56_3,ACC_A_56,2026-08-25T00:00:00,PROD_140,1212.88,DEV_A_8,ADDR_A_ALT_57,REFUNDED,1,1.0,HIGH
ORD_ACC_A_56_4,ACC_A_56,2026-08-20T00:00:00,PROD_140,875.22,DEV_A_8,ADDR_A_ALT_57,REFUNDED,1,1.0,HIGH
ORD_ACC_A_56_5,ACC_A_56,2026-08-24T00:00:00,PROD_113,1129.77,DEV_A_8,ADDR_A_ALT_57,COMPLETED,0,1.0,HIGH
ORD_ACC_A_56_6,ACC_A_56,2026-08-23T00:00:00,PROD_140,772.54,DEV_A_8,ADDR_A_ALT_57,REFUNDED,1,1.0,HIGH
ORD_ACC_A_56_7,ACC_A_56,2026-08-22T00:00:00,PROD_140,851.86,DEV_A_8,ADDR_A_ALT_57,REFUNDED,1,1.0,HIGH
ORD_ACC_A_56_8,ACC_A_56,2026-08-21T00:00:00,PROD_140,990.21,DEV_A_8,ADDR_A_ALT_57,REFUNDED,1,1.0,HIGH
ORD_ACC_A_56_9,ACC_A_56,2026-08-28T00:00:00,PROD_140,154.37,DEV_A_8,ADDR_A_ALT_57,REFUNDED,1,1.0,HIGH
ORD_ACC_A_56_10,ACC_A_56,2026-08-26T00:00:00,PROD_140,1134.97,DEV_A_8,ADDR_A_ALT_57,REFUNDED,1,1.0,HIGH
ORD_ACC_A_56_11,ACC_A_56,2026-08-21T00:00:00,PROD_117,1131.16,DEV_A_8,ADDR_A_ALT_57,REFUNDED,1,1.0,HIGH
ORD_ACC_A_56_12,ACC_A_56,2026-08-23T00:00:00,PROD_140,877.73,DEV_A_8,ADDR_A_ALT_57,REFUNDED,1,1.0,HIGH
ORD_ACC_A_56_13,ACC_A_56,2026-08-19T00:00:00,PROD_140,536.38,DEV_A_8,ADDR_A_ALT_57,REFUNDED,1,1.0,HIGH
ORD_ACC_A_57_0,ACC_A_57,2026-08-22T00:00:00,PROD_134,369.79,DEV_A_8,ADDR_A_8,REFUNDED,1,1.0,HIGH
ORD_ACC_A_57_1,ACC_A_57,2026-08-28T00:00:00,PROD_140,1026.34,DEV_A_8,ADDR_A_8,REFUNDED,1,1.0,HIGH
ORD_ACC_A_57_2,ACC_A_57,2026-08-18T00:00:00,PROD_140,527.93,DEV_A_8,ADDR_A_8,REFUNDED,1,1.0,HIGH
ORD_ACC_A_57_3,ACC_A_57,2026-08-24T00:00:00,PROD_140,213.61,DEV_A_8,ADDR_A_8,REFUNDED,1,1.0,HIGH
ORD_ACC_A_57_4,ACC_A_57,2026-08-28T00:00:00,PROD_100,823.19,DEV_A_8,ADDR_A_8,REFUNDED,1,1.0,HIGH
ORD_ACC_A_57_5,ACC_A_57,2026-08-31T00:00:00,PROD_140,1134.43,DEV_A_8,ADDR_A_8,COMPLETED,0,1.0,HIGH
ORD_ACC_A_57_6,ACC_A_57,2026-08-26T00:00:00,PROD_140,376.11,DEV_A_8,ADDR_A_8,REFUNDED,1,1.0,HIGH
ORD_ACC_A_57_7,ACC_A_57,2026-08-21T00:00:00,PROD_140,1353.46,DEV_A_8,ADDR_A_8,REFUNDED,1,1.0,HIGH
ORD_ACC_A_57_8,ACC_A_57,2026-08-19T00:00:00,PROD_140,406.66,DEV_A_8,ADDR_A_8,REFUNDED,1,1.0,HIGH
ORD_ACC_A_57_9,ACC_A_57,2026-08-24T00:00:00,PROD_143,1162.38,DEV_A_8,ADDR_A_8,COMPLETED,0,1.0,HIGH
ORD_ACC_A_57_10,ACC_A_57,2026-08-25T00:00:00,PROD_140,738.45,DEV_A_8,ADDR_A_8,REFUNDED,1,1.0,HIGH
ORD_ACC_A_57_11,ACC_A_57,2026-08-21T00:00:00,PROD_106,1102.13,DEV_A_8,ADDR_A_8,REFUNDED,1,1.0,HIGH
ORD_ACC_A_57_12,ACC_A_57,2026-08-20T00:00:00,PROD_140,154.18,DEV_A_8,ADDR_A_8,REFUNDED,1,1.0,HIGH
ORD_ACC_A_57_13,ACC_A_57,2026-08-17T00:00:00,PROD_140,488.12,DEV_A_8,ADDR_A_8,REFUNDED,1,1.0,HIGH
ORD_ACC_A_57_14,ACC_A_57,2026-08-19T00:00:00,PROD_118,1457.86,DEV_A_8,ADDR_A_8,COMPLETED,0,1.0,HIGH
ORD_ACC_A_58_0,ACC_A_58,2026-08-23T00:00:00,PROD_140,1069.99,DEV_A_8,ADDR_A_8,COMPLETED,0,1.0,HIGH
ORD_ACC_A_58_1,ACC_A_58,2026-08-17T00:00:00,PROD_140,132.18,DEV_A_8,ADDR_A_8,REFUNDED,1,1.0,HIGH
ORD_ACC_A_58_2,ACC_A_58,2026-08-25T00:00:00,PROD_140,776.87,DEV_A_8,ADDR_A_8,REFUNDED,1,1.0,HIGH
ORD_ACC_A_58_3,ACC_A_58,2026-08-29T00:00:00,PROD_140,1443.9,DEV_A_8,ADDR_A_8,REFUNDED,1,1.0,HIGH
ORD_ACC_A_58_4,ACC_A_58,2026-08-31T00:00:00,PROD_140,1073.99,DEV_A_8,ADDR_A_8,REFUNDED,1,1.0,HIGH
ORD_ACC_A_58_5,ACC_A_58,2026-08-30T00:00:00,PROD_140,1227.29,DEV_A_8,ADDR_A_8,COMPLETED,0,1.0,HIGH
ORD_ACC_A_58_6,ACC_A_58,2026-08-24T00:00:00,PROD_140,1190.02,DEV_A_8,ADDR_A_8,REFUNDED,1,1.0,HIGH
ORD_ACC_A_58_7,ACC_A_58,2026-08-19T00:00:00,PROD_140,165.81,DEV_A_8,ADDR_A_8,REFUNDED,1,1.0,HIGH
ORD_ACC_A_58_8,ACC_A_58,2026-08-24T00:00:00,PROD_140,441.98,DEV_A_8,ADDR_A_8,REFUNDED,1,1.0,HIGH
ORD_ACC_A_58_9,ACC_A_58,2026-08-19T00:00:00,PROD_142,842.16,DEV_A_8,ADDR_A_8,COMPLETED,0,1.0,HIGH
ORD_ACC_A_58_10,ACC_A_58,2026-08-17T00:00:00,PROD_140,458.91,DEV_A_8,ADDR_A_8,REFUNDED,1,1.0,HIGH
ORD_ACC_A_58_11,ACC_A_58,2026-08-21T00:00:00,PROD_132,1186.12,DEV_A_8,ADDR_A_8,REFUNDED,1,1.0,HIGH
ORD_ACC_A_58_12,ACC_A_58,2026-08-19T00:00:00,PROD_132,749.65,DEV_A_8,ADDR_A_8,REFUNDED,1,1.0,HIGH
ORD_ACC_A_58_13,ACC_A_58,2026-08-27T00:00:00,PROD_140,665.52,DEV_A_8,ADDR_A_8,REFUNDED,1,1.0,HIGH
ORD_ACC_A_58_14,ACC_A_58,2026-08-27T00:00:00,PROD_143,1297.1,DEV_A_8,ADDR_A_8,REFUNDED,1,1.0,HIGH
ORD_ACC_A_58_15,ACC_A_58,2026-08-31T00:00:00,PROD_115,230.54,DEV_A_8,ADDR_A_8,REFUNDED,1,1.0,HIGH
ORD_ACC_A_58_16,ACC_A_58,2026-08-28T00:00:00,PROD_140,217.23,DEV_A_8,ADDR_A_8,REFUNDED,1,1.0,HIGH
ORD_ACC_A_58_17,ACC_A_58,2026-08-18T00:00:00,PROD_140,620.22,DEV_A_8,ADDR_A_8,REFUNDED,1,1.0,HIGH
ORD_ACC_A_58_18,ACC_A_58,2026-08-26T00:00:00,PROD_140,932.55,DEV_A_8,ADDR_A_8,COMPLETED,0,1.0,HIGH
ORD_ACC_A_58_19,ACC_A_58,2026-08-31T00:00:00,PROD_117,444.02,DEV_A_8,ADDR_A_8,REFUNDED,1,1.0,HIGH
ORD_ACC_A_59_0,ACC_A_59,2026-08-27T00:00:00,PROD_144,139.67,DEV_A_8,ADDR_A_8,REFUNDED,1,1.0,HIGH
ORD_ACC_A_59_1,ACC_A_59,2026-08-28T00:00:00,PROD_142,631.92,DEV_A_8,ADDR_A_8,REFUNDED,1,1.0,HIGH
ORD_ACC_A_59_2,ACC_A_59,2026-08-28T00:00:00,PROD_140,272.86,DEV_A_8,ADDR_A_8,REFUNDED,1,1.0,HIGH
ORD_ACC_A_59_3,ACC_A_59,2026-08-30T00:00:00,PROD_140,928.62,DEV_A_8,ADDR_A_8,COMPLETED,0,1.0,HIGH
ORD_ACC_A_59_4,ACC_A_59,2026-08-29T00:00:00,PROD_140,138.88,DEV_A_8,ADDR_A_8,REFUNDED,1,1.0,HIGH
ORD_ACC_A_59_5,ACC_A_59,2026-08-21T00:00:00,PROD_140,916.28,DEV_A_8,ADDR_A_8,REFUNDED,1,1.0,HIGH
ORD_ACC_A_59_6,ACC_A_59,2026-08-29T00:00:00,PROD_140,205.54,DEV_A_8,ADDR_A_8,REFUNDED,1,1.0,HIGH
ORD_ACC_A_59_7,ACC_A_59,2026-08-19T00:00:00,PROD_147,1398.44,DEV_A_8,ADDR_A_8,REFUNDED,1,1.0,HIGH
ORD_ACC_A_59_8,ACC_A_59,2026-08-18T00:00:00,PROD_140,380.23,DEV_A_8,ADDR_A_8,REFUNDED,1,1.0,HIGH
ORD_ACC_A_59_9,ACC_A_59,2026-08-30T00:00:00,PROD_120,273.17,DEV_A_8,ADDR_A_8,REFUNDED,1,1.0,HIGH
ORD_ACC_A_59_10,ACC_A_59,2026-08-27T00:00:00,PROD_134,1128.38,DEV_A_8,ADDR_A_8,REFUNDED,1,1.0,HIGH
ORD_ACC_A_59_11,ACC_A_59,2026-08-18T00:00:00,PROD_140,1257.84,DEV_A_8,ADDR_A_8,REFUNDED,1,1.0,HIGH
ORD_ACC_A_59_12,ACC_A_59,2026-08-23T00:00:00,PROD_140,1459.72,DEV_A_8,ADDR_A_8,REFUNDED,1,1.0,HIGH
ORD_ACC_A_59_13,ACC_A_59,2026-08-31T00:00:00,PROD_140,847.4,DEV_A_8,ADDR_A_8,REFUNDED,1,1.0,HIGH
ORD_ACC_A_59_14,ACC_A_59,2026-08-31T00:00:00,PROD_140,356.16,DEV_A_8,ADDR_A_8,REFUNDED,1,1.0,HIGH
ORD_ACC_A_59_15,ACC_A_59,2026-08-22T00:00:00,PROD_140,421.99,DEV_A_8,ADDR_A_8,REFUNDED,1,1.0,HIGH
ORD_ACC_A_59_16,ACC_A_59,2026-08-21T00:00:00,PROD_110,1131.53,DEV_A_8,ADDR_A_8,REFUNDED,1,1.0,HIGH
ORD_ACC_A_59_17,ACC_A_59,2026-08-26T00:00:00,PROD_140,139.23,DEV_A_8,ADDR_A_8,REFUNDED,1,1.0,HIGH
ORD_ACC_A_59_18,ACC_A_59,2026-08-20T00:00:00,PROD_140,1031.91,DEV_A_8,ADDR_A_8,REFUNDED,1,1.0,HIGH
ORD_ACC_A_59_19,ACC_A_59,2026-08-19T00:00:00,PROD_118,396.55,DEV_A_8,ADDR_A_8,REFUNDED,1,1.0,HIGH
ORD_ACC_A_60_0,ACC_A_60,2026-08-24T00:00:00,PROD_140,454.36,DEV_A_8,ADDR_A_8,REFUNDED,1,1.0,HIGH
ORD_ACC_A_60_1,ACC_A_60,2026-08-27T00:00:00,PROD_140,1212.05,DEV_A_8,ADDR_A_8,REFUNDED,1,1.0,HIGH
ORD_ACC_A_60_2,ACC_A_60,2026-08-19T00:00:00,PROD_140,174.02,DEV_A_8,ADDR_A_8,REFUNDED,1,1.0,HIGH
ORD_ACC_A_60_3,ACC_A_60,2026-08-25T00:00:00,PROD_142,516.71,DEV_A_8,ADDR_A_8,REFUNDED,1,1.0,HIGH
ORD_ACC_A_60_4,ACC_A_60,2026-08-26T00:00:00,PROD_140,1228.72,DEV_A_8,ADDR_A_8,REFUNDED,1,1.0,HIGH
ORD_ACC_A_60_5,ACC_A_60,2026-08-19T00:00:00,PROD_140,1340.35,DEV_A_8,ADDR_A_8,COMPLETED,0,1.0,HIGH
ORD_ACC_A_60_6,ACC_A_60,2026-08-21T00:00:00,PROD_140,1311.48,DEV_A_8,ADDR_A_8,REFUNDED,1,1.0,HIGH
ORD_ACC_A_60_7,ACC_A_60,2026-08-29T00:00:00,PROD_140,269.8,DEV_A_8,ADDR_A_8,COMPLETED,0,1.0,HIGH
ORD_ACC_A_60_8,ACC_A_60,2026-08-24T00:00:00,PROD_122,320.02,DEV_A_8,ADDR_A_8,REFUNDED,1,1.0,HIGH
ORD_ACC_A_60_9,ACC_A_60,2026-08-22T00:00:00,PROD_140,709.09,DEV_A_8,ADDR_A_8,REFUNDED,1,1.0,HIGH
ORD_ACC_A_60_10,ACC_A_60,2026-08-29T00:00:00,PROD_140,1279.37,DEV_A_8,ADDR_A_8,REFUNDED,1,1.0,HIGH
ORD_ACC_A_60_11,ACC_A_60,2026-08-22T00:00:00,PROD_140,300.65,DEV_A_8,ADDR_A_8,COMPLETED,0,1.0,HIGH
ORD_ACC_A_60_12,ACC_A_60,2026-08-17T00:00:00,PROD_140,1211.62,DEV_A_8,ADDR_A_8,REFUNDED,1,1.0,HIGH
ORD_ACC_A_60_13,ACC_A_60,2026-08-21T00:00:00,PROD_140,651.94,DEV_A_8,ADDR_A_8,REFUNDED,1,1.0,HIGH
ORD_ACC_A_60_14,ACC_A_60,2026-08-21T00:00:00,PROD_149,1255.32,DEV_A_8,ADDR_A_8,REFUNDED,1,1.0,HIGH
ORD_ACC_A_60_15,ACC_A_60,2026-08-28T00:00:00,PROD_116,1043.58,DEV_A_8,ADDR_A_8,REFUNDED,1,1.0,HIGH
ORD_ACC_A_60_16,ACC_A_60,2026-08-29T00:00:00,PROD_140,743.9,DEV_A_8,ADDR_A_8,REFUNDED,1,1.0,HIGH
ORD_ACC_A_60_17,ACC_A_60,2026-08-25T00:00:00,PROD_140,227.13,DEV_A_8,ADDR_A_8,COMPLETED,0,1.0,HIGH
ORD_ACC_A_60_18,ACC_A_60,2026-08-27T00:00:00,PROD_140,897.87,DEV_A_8,ADDR_A_8,REFUNDED,1,1.0,HIGH
ORD_ACC_A_60_19,ACC_A_60,2026-08-22T00:00:00,PROD_122,1078.11,DEV_A_8,ADDR_A_8,COMPLETED,0,1.0,HIGH
ORD_ACC_A_61_0,ACC_A_61,2026-08-26T00:00:00,PROD_118,370.26,DEV_A_ALT_62,ADDR_A_8,REFUNDED,1,1.0,HIGH
ORD_ACC_A_61_1,ACC_A_61,2026-08-28T00:00:00,PROD_140,1121.09,DEV_A_ALT_62,ADDR_A_8,REFUNDED,1,1.0,HIGH
ORD_ACC_A_61_2,ACC_A_61,2026-08-26T00:00:00,PROD_140,491.8,DEV_A_ALT_62,ADDR_A_8,REFUNDED,1,1.0,HIGH
ORD_ACC_A_61_3,ACC_A_61,2026-08-28T00:00:00,PROD_140,1307.5,DEV_A_ALT_62,ADDR_A_8,COMPLETED,0,1.0,HIGH
ORD_ACC_A_61_4,ACC_A_61,2026-08-31T00:00:00,PROD_140,746.34,DEV_A_ALT_62,ADDR_A_8,COMPLETED,0,1.0,HIGH
ORD_ACC_A_61_5,ACC_A_61,2026-08-31T00:00:00,PROD_140,1173.02,DEV_A_ALT_62,ADDR_A_8,REFUNDED,1,1.0,HIGH
ORD_ACC_A_61_6,ACC_A_61,2026-08-29T00:00:00,PROD_140,1029.29,DEV_A_ALT_62,ADDR_A_8,REFUNDED,1,1.0,HIGH
ORD_ACC_A_61_7,ACC_A_61,2026-08-30T00:00:00,PROD_122,806.5,DEV_A_ALT_62,ADDR_A_8,COMPLETED,0,1.0,HIGH
ORD_ACC_A_61_8,ACC_A_61,2026-08-31T00:00:00,PROD_134,1412.81,DEV_A_ALT_62,ADDR_A_8,REFUNDED,1,1.0,HIGH
ORD_ACC_A_61_9,ACC_A_61,2026-08-31T00:00:00,PROD_140,767.56,DEV_A_ALT_62,ADDR_A_8,REFUNDED,1,1.0,HIGH
ORD_ACC_A_61_10,ACC_A_61,2026-08-27T00:00:00,PROD_145,599.11,DEV_A_ALT_62,ADDR_A_8,REFUNDED,1,1.0,HIGH
ORD_ACC_A_61_11,ACC_A_61,2026-08-28T00:00:00,PROD_140,1191.78,DEV_A_ALT_62,ADDR_A_8,COMPLETED,0,1.0,HIGH
ORD_ACC_A_61_12,ACC_A_61,2026-08-29T00:00:00,PROD_140,355.58,DEV_A_ALT_62,ADDR_A_8,REFUNDED,1,1.0,HIGH
ORD_ACC_A_61_13,ACC_A_61,2026-08-30T00:00:00,PROD_140,1374.92,DEV_A_ALT_62,ADDR_A_8,REFUNDED,1,1.0,HIGH
ORD_ACC_A_61_14,ACC_A_61,2026-08-30T00:00:00,PROD_140,1123.97,DEV_A_ALT_62,ADDR_A_8,REFUNDED,1,1.0,HIGH
ORD_ACC_A_61_15,ACC_A_61,2026-08-27T00:00:00,PROD_140,685.52,DEV_A_ALT_62,ADDR_A_8,REFUNDED,1,1.0,HIGH
ORD_ACC_A_61_16,ACC_A_61,2026-08-31T00:00:00,PROD_140,157.49,DEV_A_ALT_62,ADDR_A_8,REFUNDED,1,1.0,HIGH
ORD_ACC_A_61_17,ACC_A_61,2026-08-30T00:00:00,PROD_140,194.8,DEV_A_ALT_62,ADDR_A_8,REFUNDED,1,1.0,HIGH
ORD_ACC_A_61_18,ACC_A_61,2026-08-26T00:00:00,PROD_140,830.7,DEV_A_ALT_62,ADDR_A_8,COMPLETED,0,1.0,HIGH
ORD_ACC_A_62_0,ACC_A_62,2026-08-24T00:00:00,PROD_121,448.08,DEV_A_9,ADDR_A_9,COMPLETED,0,1.0,HIGH
ORD_ACC_A_62_1,ACC_A_62,2026-08-31T00:00:00,PROD_121,884.44,DEV_A_9,ADDR_A_9,REFUNDED,1,1.0,HIGH
ORD_ACC_A_62_2,ACC_A_62,2026-08-28T00:00:00,PROD_103,142.45,DEV_A_9,ADDR_A_9,REFUNDED,1,1.0,HIGH
ORD_ACC_A_62_3,ACC_A_62,2026-08-22T00:00:00,PROD_121,393.43,DEV_A_9,ADDR_A_9,REFUNDED,1,1.0,HIGH
ORD_ACC_A_62_4,ACC_A_62,2026-08-30T00:00:00,PROD_117,1475.37,DEV_A_9,ADDR_A_9,REFUNDED,1,1.0,HIGH
ORD_ACC_A_62_5,ACC_A_62,2026-08-20T00:00:00,PROD_149,535.88,DEV_A_9,ADDR_A_9,REFUNDED,1,1.0,HIGH
ORD_ACC_A_62_6,ACC_A_62,2026-08-21T00:00:00,PROD_138,1066.46,DEV_A_9,ADDR_A_9,REFUNDED,1,1.0,HIGH
ORD_ACC_A_62_7,ACC_A_62,2026-08-23T00:00:00,PROD_121,309.13,DEV_A_9,ADDR_A_9,REFUNDED,1,1.0,HIGH
ORD_ACC_A_62_8,ACC_A_62,2026-08-24T00:00:00,PROD_121,311.04,DEV_A_9,ADDR_A_9,REFUNDED,1,1.0,HIGH
ORD_ACC_A_62_9,ACC_A_62,2026-08-30T00:00:00,PROD_121,1319.98,DEV_A_9,ADDR_A_9,COMPLETED,0,1.0,HIGH
ORD_ACC_A_62_10,ACC_A_62,2026-08-22T00:00:00,PROD_121,1283.38,DEV_A_9,ADDR_A_9,COMPLETED,0,1.0,HIGH
ORD_ACC_A_62_11,ACC_A_62,2026-08-28T00:00:00,PROD_121,934.69,DEV_A_9,ADDR_A_9,REFUNDED,1,1.0,HIGH
ORD_ACC_A_62_12,ACC_A_62,2026-08-19T00:00:00,PROD_121,152.92,DEV_A_9,ADDR_A_9,REFUNDED,1,1.0,HIGH
ORD_ACC_A_62_13,ACC_A_62,2026-08-19T00:00:00,PROD_121,968.95,DEV_A_9,ADDR_A_9,REFUNDED,1,1.0,HIGH
ORD_ACC_A_62_14,ACC_A_62,2026-08-26T00:00:00,PROD_101,260.98,DEV_A_9,ADDR_A_9,REFUNDED,1,1.0,HIGH
ORD_ACC_A_62_15,ACC_A_62,2026-08-29T00:00:00,PROD_121,375.26,DEV_A_9,ADDR_A_9,REFUNDED,1,1.0,HIGH
ORD_ACC_A_63_0,ACC_A_63,2026-08-24T00:00:00,PROD_117,570.71,DEV_A_9,ADDR_A_ALT_64,REFUNDED,1,1.0,HIGH
ORD_ACC_A_63_1,ACC_A_63,2026-08-28T00:00:00,PROD_121,1405.86,DEV_A_9,ADDR_A_ALT_64,REFUNDED,1,1.0,HIGH
ORD_ACC_A_63_2,ACC_A_63,2026-08-24T00:00:00,PROD_120,1009.48,DEV_A_9,ADDR_A_ALT_64,REFUNDED,1,1.0,HIGH
ORD_ACC_A_63_3,ACC_A_63,2026-08-23T00:00:00,PROD_121,573.32,DEV_A_9,ADDR_A_ALT_64,COMPLETED,0,1.0,HIGH
ORD_ACC_A_63_4,ACC_A_63,2026-08-22T00:00:00,PROD_121,1154.28,DEV_A_9,ADDR_A_ALT_64,REFUNDED,1,1.0,HIGH
ORD_ACC_A_63_5,ACC_A_63,2026-08-29T00:00:00,PROD_121,1361.76,DEV_A_9,ADDR_A_ALT_64,REFUNDED,1,1.0,HIGH
ORD_ACC_A_63_6,ACC_A_63,2026-08-29T00:00:00,PROD_106,723.44,DEV_A_9,ADDR_A_ALT_64,REFUNDED,1,1.0,HIGH
ORD_ACC_A_64_0,ACC_A_64,2026-08-23T00:00:00,PROD_143,478.55,DEV_A_9,ADDR_A_9,REFUNDED,1,1.0,HIGH
ORD_ACC_A_64_1,ACC_A_64,2026-08-25T00:00:00,PROD_121,304.73,DEV_A_9,ADDR_A_9,REFUNDED,1,1.0,HIGH
ORD_ACC_A_64_2,ACC_A_64,2026-08-27T00:00:00,PROD_121,946.68,DEV_A_9,ADDR_A_9,REFUNDED,1,1.0,HIGH
ORD_ACC_A_64_3,ACC_A_64,2026-08-30T00:00:00,PROD_148,696.04,DEV_A_9,ADDR_A_9,COMPLETED,0,1.0,HIGH
ORD_ACC_A_64_4,ACC_A_64,2026-08-25T00:00:00,PROD_121,728.79,DEV_A_9,ADDR_A_9,COMPLETED,0,1.0,HIGH
ORD_ACC_A_64_5,ACC_A_64,2026-08-23T00:00:00,PROD_121,1040.82,DEV_A_9,ADDR_A_9,REFUNDED,1,1.0,HIGH
ORD_ACC_A_64_6,ACC_A_64,2026-08-23T00:00:00,PROD_121,540.53,DEV_A_9,ADDR_A_9,REFUNDED,1,1.0,HIGH
ORD_ACC_A_64_7,ACC_A_64,2026-08-31T00:00:00,PROD_121,653.41,DEV_A_9,ADDR_A_9,REFUNDED,1,1.0,HIGH
ORD_ACC_A_64_8,ACC_A_64,2026-08-25T00:00:00,PROD_121,505.58,DEV_A_9,ADDR_A_9,REFUNDED,1,1.0,HIGH
ORD_ACC_A_64_9,ACC_A_64,2026-08-22T00:00:00,PROD_121,730.02,DEV_A_9,ADDR_A_9,REFUNDED,1,1.0,HIGH
ORD_ACC_A_64_10,ACC_A_64,2026-08-24T00:00:00,PROD_121,173.34,DEV_A_9,ADDR_A_9,COMPLETED,0,1.0,HIGH
ORD_ACC_A_64_11,ACC_A_64,2026-08-28T00:00:00,PROD_122,1330.34,DEV_A_9,ADDR_A_9,REFUNDED,1,1.0,HIGH
ORD_ACC_A_65_0,ACC_A_65,2026-08-23T00:00:00,PROD_121,120.43,DEV_A_ALT_66,ADDR_A_9,REFUNDED,1,1.0,HIGH
ORD_ACC_A_65_1,ACC_A_65,2026-08-21T00:00:00,PROD_121,924.85,DEV_A_ALT_66,ADDR_A_9,REFUNDED,1,1.0,HIGH
ORD_ACC_A_65_2,ACC_A_65,2026-08-26T00:00:00,PROD_144,651.48,DEV_A_ALT_66,ADDR_A_9,REFUNDED,1,1.0,HIGH
ORD_ACC_A_65_3,ACC_A_65,2026-08-19T00:00:00,PROD_114,170.24,DEV_A_ALT_66,ADDR_A_9,COMPLETED,0,1.0,HIGH
ORD_ACC_A_65_4,ACC_A_65,2026-08-21T00:00:00,PROD_121,1456.64,DEV_A_ALT_66,ADDR_A_9,REFUNDED,1,1.0,HIGH
ORD_ACC_A_65_5,ACC_A_65,2026-08-26T00:00:00,PROD_121,1186.84,DEV_A_ALT_66,ADDR_A_9,REFUNDED,1,1.0,HIGH
ORD_ACC_A_65_6,ACC_A_65,2026-08-29T00:00:00,PROD_121,1484.61,DEV_A_ALT_66,ADDR_A_9,REFUNDED,1,1.0,HIGH
ORD_ACC_A_65_7,ACC_A_65,2026-08-23T00:00:00,PROD_121,1192.6,DEV_A_ALT_66,ADDR_A_9,REFUNDED,1,1.0,HIGH
ORD_ACC_A_65_8,ACC_A_65,2026-08-19T00:00:00,PROD_121,921.77,DEV_A_ALT_66,ADDR_A_9,REFUNDED,1,1.0,HIGH
ORD_ACC_A_65_9,ACC_A_65,2026-08-29T00:00:00,PROD_121,576.59,DEV_A_ALT_66,ADDR_A_9,REFUNDED,1,1.0,HIGH
ORD_ACC_A_65_10,ACC_A_65,2026-08-17T00:00:00,PROD_113,1321.25,DEV_A_ALT_66,ADDR_A_9,COMPLETED,0,1.0,HIGH
ORD_ACC_A_65_11,ACC_A_65,2026-08-25T00:00:00,PROD_101,1014.71,DEV_A_ALT_66,ADDR_A_9,REFUNDED,1,1.0,HIGH
ORD_ACC_A_65_12,ACC_A_65,2026-08-17T00:00:00,PROD_115,1374.06,DEV_A_ALT_66,ADDR_A_9,REFUNDED,1,1.0,HIGH
ORD_ACC_A_65_13,ACC_A_65,2026-08-26T00:00:00,PROD_121,1015.93,DEV_A_ALT_66,ADDR_A_9,REFUNDED,1,1.0,HIGH
ORD_ACC_A_65_14,ACC_A_65,2026-08-20T00:00:00,PROD_138,1410.7,DEV_A_ALT_66,ADDR_A_9,REFUNDED,1,1.0,HIGH
ORD_ACC_A_65_15,ACC_A_65,2026-08-18T00:00:00,PROD_147,1108.18,DEV_A_ALT_66,ADDR_A_9,REFUNDED,1,1.0,HIGH
ORD_ACC_A_65_16,ACC_A_65,2026-08-19T00:00:00,PROD_121,160.91,DEV_A_ALT_66,ADDR_A_9,REFUNDED,1,1.0,HIGH
ORD_ACC_A_65_17,ACC_A_65,2026-08-30T00:00:00,PROD_121,1264.19,DEV_A_ALT_66,ADDR_A_9,REFUNDED,1,1.0,HIGH
ORD_ACC_A_65_18,ACC_A_65,2026-08-31T00:00:00,PROD_105,1490.01,DEV_A_ALT_66,ADDR_A_9,REFUNDED,1,1.0,HIGH
ORD_ACC_A_66_0,ACC_A_66,2026-08-27T00:00:00,PROD_121,712.76,DEV_A_ALT_67,ADDR_A_ALT_67,REFUNDED,1,1.0,HIGH
ORD_ACC_A_66_1,ACC_A_66,2026-08-30T00:00:00,PROD_121,805.23,DEV_A_ALT_67,ADDR_A_ALT_67,REFUNDED,1,1.0,HIGH
ORD_ACC_A_66_2,ACC_A_66,2026-08-29T00:00:00,PROD_100,1348.85,DEV_A_ALT_67,ADDR_A_ALT_67,REFUNDED,1,1.0,HIGH
ORD_ACC_A_66_3,ACC_A_66,2026-08-29T00:00:00,PROD_121,1461.13,DEV_A_ALT_67,ADDR_A_ALT_67,REFUNDED,1,1.0,HIGH
ORD_ACC_A_66_4,ACC_A_66,2026-08-27T00:00:00,PROD_119,308.94,DEV_A_ALT_67,ADDR_A_ALT_67,REFUNDED,1,1.0,HIGH
ORD_ACC_A_66_5,ACC_A_66,2026-08-29T00:00:00,PROD_140,338.48,DEV_A_ALT_67,ADDR_A_ALT_67,REFUNDED,1,1.0,HIGH
ORD_ACC_A_66_6,ACC_A_66,2026-08-29T00:00:00,PROD_121,252.36,DEV_A_ALT_67,ADDR_A_ALT_67,REFUNDED,1,1.0,HIGH
ORD_ACC_A_66_7,ACC_A_66,2026-08-30T00:00:00,PROD_121,685.57,DEV_A_ALT_67,ADDR_A_ALT_67,REFUNDED,1,1.0,HIGH
ORD_ACC_A_66_8,ACC_A_66,2026-08-31T00:00:00,PROD_136,986.19,DEV_A_ALT_67,ADDR_A_ALT_67,REFUNDED,1,1.0,HIGH
ORD_ACC_A_66_9,ACC_A_66,2026-08-31T00:00:00,PROD_121,539.66,DEV_A_ALT_67,ADDR_A_ALT_67,REFUNDED,1,1.0,HIGH
ORD_ACC_A_66_10,ACC_A_66,2026-08-30T00:00:00,PROD_121,1305.63,DEV_A_ALT_67,ADDR_A_ALT_67,REFUNDED,1,1.0,HIGH
ORD_ACC_A_66_11,ACC_A_66,2026-08-26T00:00:00,PROD_122,482.35,DEV_A_ALT_67,ADDR_A_ALT_67,REFUNDED,1,1.0,HIGH
ORD_ACC_A_66_12,ACC_A_66,2026-08-28T00:00:00,PROD_121,1393.13,DEV_A_ALT_67,ADDR_A_ALT_67,REFUNDED,1,1.0,HIGH
ORD_ACC_A_66_13,ACC_A_66,2026-08-31T00:00:00,PROD_121,1127.72,DEV_A_ALT_67,ADDR_A_ALT_67,REFUNDED,1,1.0,HIGH
ORD_ACC_A_66_14,ACC_A_66,2026-08-31T00:00:00,PROD_121,515.38,DEV_A_ALT_67,ADDR_A_ALT_67,REFUNDED,1,1.0,HIGH
ORD_ACC_A_66_15,ACC_A_66,2026-08-27T00:00:00,PROD_121,218.33,DEV_A_ALT_67,ADDR_A_ALT_67,REFUNDED,1,1.0,HIGH
ORD_ACC_A_66_16,ACC_A_66,2026-08-29T00:00:00,PROD_142,716.24,DEV_A_ALT_67,ADDR_A_ALT_67,REFUNDED,1,1.0,HIGH
ORD_ACC_A_67_0,ACC_A_67,2026-08-20T00:00:00,PROD_121,706.23,DEV_A_9,ADDR_A_9,REFUNDED,1,1.0,HIGH
ORD_ACC_A_67_1,ACC_A_67,2026-08-31T00:00:00,PROD_121,886.99,DEV_A_9,ADDR_A_9,REFUNDED,1,1.0,HIGH
ORD_ACC_A_67_2,ACC_A_67,2026-08-18T00:00:00,PROD_121,997.06,DEV_A_9,ADDR_A_9,REFUNDED,1,1.0,HIGH
ORD_ACC_A_67_3,ACC_A_67,2026-08-17T00:00:00,PROD_121,359.06,DEV_A_9,ADDR_A_9,REFUNDED,1,1.0,HIGH
ORD_ACC_A_67_4,ACC_A_67,2026-08-23T00:00:00,PROD_121,288.1,DEV_A_9,ADDR_A_9,REFUNDED,1,1.0,HIGH
ORD_ACC_A_67_5,ACC_A_67,2026-08-24T00:00:00,PROD_121,604.83,DEV_A_9,ADDR_A_9,REFUNDED,1,1.0,HIGH
ORD_ACC_A_67_6,ACC_A_67,2026-08-25T00:00:00,PROD_121,207.81,DEV_A_9,ADDR_A_9,REFUNDED,1,1.0,HIGH
ORD_ACC_A_67_7,ACC_A_67,2026-08-25T00:00:00,PROD_129,1346.58,DEV_A_9,ADDR_A_9,REFUNDED,1,1.0,HIGH
ORD_ACC_A_67_8,ACC_A_67,2026-08-21T00:00:00,PROD_121,836.66,DEV_A_9,ADDR_A_9,REFUNDED,1,1.0,HIGH
ORD_ACC_A_67_9,ACC_A_67,2026-08-25T00:00:00,PROD_121,1220.57,DEV_A_9,ADDR_A_9,REFUNDED,1,1.0,HIGH
ORD_ACC_A_67_10,ACC_A_67,2026-08-28T00:00:00,PROD_105,917.82,DEV_A_9,ADDR_A_9,REFUNDED,1,1.0,HIGH
ORD_ACC_A_67_11,ACC_A_67,2026-08-28T00:00:00,PROD_121,177.85,DEV_A_9,ADDR_A_9,REFUNDED,1,1.0,HIGH
ORD_ACC_A_67_12,ACC_A_67,2026-08-28T00:00:00,PROD_121,1249.12,DEV_A_9,ADDR_A_9,COMPLETED,0,1.0,HIGH
ORD_ACC_A_67_13,ACC_A_67,2026-08-30T00:00:00,PROD_121,1221.36,DEV_A_9,ADDR_A_9,REFUNDED,1,1.0,HIGH
ORD_ACC_A_67_14,ACC_A_67,2026-08-26T00:00:00,PROD_121,452.23,DEV_A_9,ADDR_A_9,REFUNDED,1,1.0,HIGH
ORD_ACC_A_67_15,ACC_A_67,2026-08-26T00:00:00,PROD_121,620.14,DEV_A_9,ADDR_A_9,REFUNDED,1,1.0,HIGH
ORD_ACC_A_67_16,ACC_A_67,2026-08-30T00:00:00,PROD_121,581.04,DEV_A_9,ADDR_A_9,REFUNDED,1,1.0,HIGH
ORD_ACC_A_67_17,ACC_A_67,2026-08-17T00:00:00,PROD_113,454.13,DEV_A_9,ADDR_A_9,REFUNDED,1,1.0,HIGH
ORD_ACC_A_67_18,ACC_A_67,2026-08-30T00:00:00,PROD_112,1412.44,DEV_A_9,ADDR_A_9,COMPLETED,0,1.0,HIGH
ORD_ACC_A_67_19,ACC_A_67,2026-08-21T00:00:00,PROD_121,802.34,DEV_A_9,ADDR_A_9,REFUNDED,1,1.0,HIGH
ORD_ACC_A_68_0,ACC_A_68,2026-08-25T00:00:00,PROD_134,1462.73,DEV_A_9,ADDR_A_ALT_69,REFUNDED,1,1.0,HIGH
ORD_ACC_A_68_1,ACC_A_68,2026-08-20T00:00:00,PROD_121,1339.32,DEV_A_9,ADDR_A_ALT_69,REFUNDED,1,1.0,HIGH
ORD_ACC_A_68_2,ACC_A_68,2026-08-24T00:00:00,PROD_121,1014.66,DEV_A_9,ADDR_A_ALT_69,COMPLETED,0,1.0,HIGH
ORD_ACC_A_68_3,ACC_A_68,2026-08-21T00:00:00,PROD_121,641.9,DEV_A_9,ADDR_A_ALT_69,REFUNDED,1,1.0,HIGH
ORD_ACC_A_68_4,ACC_A_68,2026-08-19T00:00:00,PROD_121,1251.12,DEV_A_9,ADDR_A_ALT_69,REFUNDED,1,1.0,HIGH
ORD_ACC_A_68_5,ACC_A_68,2026-08-17T00:00:00,PROD_121,943.86,DEV_A_9,ADDR_A_ALT_69,REFUNDED,1,1.0,HIGH
ORD_ACC_A_68_6,ACC_A_68,2026-08-22T00:00:00,PROD_121,374.3,DEV_A_9,ADDR_A_ALT_69,REFUNDED,1,1.0,HIGH
ORD_ACC_A_68_7,ACC_A_68,2026-08-29T00:00:00,PROD_131,704.26,DEV_A_9,ADDR_A_ALT_69,COMPLETED,0,1.0,HIGH
ORD_ACC_A_68_8,ACC_A_68,2026-08-22T00:00:00,PROD_121,740.6,DEV_A_9,ADDR_A_ALT_69,REFUNDED,1,1.0,HIGH
ORD_ACC_A_68_9,ACC_A_68,2026-08-30T00:00:00,PROD_121,1237.71,DEV_A_9,ADDR_A_ALT_69,REFUNDED,1,1.0,HIGH
ORD_ACC_A_68_10,ACC_A_68,2026-08-18T00:00:00,PROD_121,207.91,DEV_A_9,ADDR_A_ALT_69,REFUNDED,1,1.0,HIGH
ORD_ACC_A_68_11,ACC_A_68,2026-08-18T00:00:00,PROD_121,1108.42,DEV_A_9,ADDR_A_ALT_69,REFUNDED,1,1.0,HIGH
ORD_ACC_A_68_12,ACC_A_68,2026-08-28T00:00:00,PROD_121,856.04,DEV_A_9,ADDR_A_ALT_69,REFUNDED,1,1.0,HIGH
ORD_ACC_A_68_13,ACC_A_68,2026-08-30T00:00:00,PROD_121,1186.18,DEV_A_9,ADDR_A_ALT_69,REFUNDED,1,1.0,HIGH
ORD_ACC_A_68_14,ACC_A_68,2026-08-21T00:00:00,PROD_110,483.62,DEV_A_9,ADDR_A_ALT_69,REFUNDED,1,1.0,HIGH
ORD_ACC_A_68_15,ACC_A_68,2026-08-18T00:00:00,PROD_121,1480.71,DEV_A_9,ADDR_A_ALT_69,REFUNDED,1,1.0,HIGH
ORD_ACC_A_68_16,ACC_A_68,2026-08-31T00:00:00,PROD_121,231.39,DEV_A_9,ADDR_A_ALT_69,REFUNDED,1,1.0,HIGH
ORD_ACC_A_68_17,ACC_A_68,2026-08-22T00:00:00,PROD_121,396.99,DEV_A_9,ADDR_A_ALT_69,REFUNDED,1,1.0,HIGH
ORD_ACC_A_68_18,ACC_A_68,2026-08-27T00:00:00,PROD_121,364.05,DEV_A_9,ADDR_A_ALT_69,REFUNDED,1,1.0,HIGH
ORD_ACC_A_68_19,ACC_A_68,2026-08-21T00:00:00,PROD_121,853.84,DEV_A_9,ADDR_A_ALT_69,COMPLETED,0,1.0,HIGH
ORD_ACC_A_68_20,ACC_A_68,2026-08-31T00:00:00,PROD_138,1000.49,DEV_A_9,ADDR_A_ALT_69,REFUNDED,1,1.0,HIGH
ORD_ACC_A_68_21,ACC_A_68,2026-08-30T00:00:00,PROD_121,1041.59,DEV_A_9,ADDR_A_ALT_69,COMPLETED,0,1.0,HIGH
ORD_ACC_A_68_22,ACC_A_68,2026-08-17T00:00:00,PROD_122,496.32,DEV_A_9,ADDR_A_ALT_69,REFUNDED,1,1.0,HIGH
ORD_ACC_A_68_23,ACC_A_68,2026-08-24T00:00:00,PROD_138,492.03,DEV_A_9,ADDR_A_ALT_69,REFUNDED,1,1.0,HIGH
ORD_ACC_A_69_0,ACC_A_69,2026-08-18T00:00:00,PROD_121,917.96,DEV_A_9,ADDR_A_9,COMPLETED,0,1.0,HIGH
ORD_ACC_A_69_1,ACC_A_69,2026-08-19T00:00:00,PROD_121,751.88,DEV_A_9,ADDR_A_9,REFUNDED,1,1.0,HIGH
ORD_ACC_A_69_2,ACC_A_69,2026-08-17T00:00:00,PROD_100,1202.83,DEV_A_9,ADDR_A_9,REFUNDED,1,1.0,HIGH
ORD_ACC_A_69_3,ACC_A_69,2026-08-24T00:00:00,PROD_121,234.67,DEV_A_9,ADDR_A_9,REFUNDED,1,1.0,HIGH
ORD_ACC_A_69_4,ACC_A_69,2026-08-20T00:00:00,PROD_121,1065.24,DEV_A_9,ADDR_A_9,COMPLETED,0,1.0,HIGH
ORD_ACC_A_69_5,ACC_A_69,2026-08-18T00:00:00,PROD_121,784.55,DEV_A_9,ADDR_A_9,REFUNDED,1,1.0,HIGH
ORD_ACC_A_70_0,ACC_A_70,2026-08-31T00:00:00,PROD_121,721.34,DEV_A_9,ADDR_A_9,REFUNDED,1,1.0,HIGH
ORD_ACC_A_70_1,ACC_A_70,2026-08-30T00:00:00,PROD_121,880.38,DEV_A_9,ADDR_A_9,REFUNDED,1,1.0,HIGH
ORD_ACC_A_70_2,ACC_A_70,2026-08-31T00:00:00,PROD_121,1372.79,DEV_A_9,ADDR_A_9,REFUNDED,1,1.0,HIGH
ORD_ACC_A_70_3,ACC_A_70,2026-08-29T00:00:00,PROD_108,404.02,DEV_A_9,ADDR_A_9,REFUNDED,1,1.0,HIGH
ORD_ACC_A_70_4,ACC_A_70,2026-08-31T00:00:00,PROD_121,747.74,DEV_A_9,ADDR_A_9,REFUNDED,1,1.0,HIGH
ORD_ACC_A_70_5,ACC_A_70,2026-08-30T00:00:00,PROD_121,182.42,DEV_A_9,ADDR_A_9,REFUNDED,1,1.0,HIGH
ORD_ACC_A_70_6,ACC_A_70,2026-08-31T00:00:00,PROD_121,991.22,DEV_A_9,ADDR_A_9,REFUNDED,1,1.0,HIGH
ORD_ACC_A_70_7,ACC_A_70,2026-08-29T00:00:00,PROD_121,1296.55,DEV_A_9,ADDR_A_9,REFUNDED,1,1.0,HIGH
ORD_ACC_A_70_8,ACC_A_70,2026-08-29T00:00:00,PROD_121,353.31,DEV_A_9,ADDR_A_9,REFUNDED,1,1.0,HIGH
ORD_ACC_A_70_9,ACC_A_70,2026-08-31T00:00:00,PROD_121,1086.8,DEV_A_9,ADDR_A_9,REFUNDED,1,1.0,HIGH
ORD_ACC_A_70_10,ACC_A_70,2026-08-29T00:00:00,PROD_121,1310.82,DEV_A_9,ADDR_A_9,COMPLETED,0,1.0,HIGH
ORD_ACC_A_70_11,ACC_A_70,2026-08-31T00:00:00,PROD_122,1064.12,DEV_A_9,ADDR_A_9,REFUNDED,1,1.0,HIGH
ORD_ACC_A_70_12,ACC_A_70,2026-08-29T00:00:00,PROD_121,1075.54,DEV_A_9,ADDR_A_9,REFUNDED,1,1.0,HIGH
ORD_ACC_A_70_13,ACC_A_70,2026-08-30T00:00:00,PROD_126,1222.86,DEV_A_9,ADDR_A_9,REFUNDED,1,1.0,HIGH
ORD_ACC_A_70_14,ACC_A_70,2026-08-31T00:00:00,PROD_121,147.04,DEV_A_9,ADDR_A_9,COMPLETED,0,1.0,HIGH
ORD_ACC_A_70_15,ACC_A_70,2026-08-29T00:00:00,PROD_121,1110.3,DEV_A_9,ADDR_A_9,REFUNDED,1,1.0,HIGH
ORD_ACC_A_70_16,ACC_A_70,2026-08-29T00:00:00,PROD_121,486.55,DEV_A_9,ADDR_A_9,REFUNDED,1,1.0,HIGH
ORD_ACC_A_70_17,ACC_A_70,2026-08-30T00:00:00,PROD_147,473.86,DEV_A_9,ADDR_A_9,REFUNDED,1,1.0,HIGH
ORD_ACC_A_70_18,ACC_A_70,2026-08-29T00:00:00,PROD_121,230.07,DEV_A_9,ADDR_A_9,REFUNDED,1,1.0,HIGH
ORD_ACC_A_71_0,ACC_A_71,2026-08-28T00:00:00,PROD_121,1104.92,DEV_A_9,ADDR_A_9,REFUNDED,1,1.0,HIGH
ORD_ACC_A_71_1,ACC_A_71,2026-08-26T00:00:00,PROD_121,810.18,DEV_A_9,ADDR_A_9,COMPLETED,0,1.0,HIGH
ORD_ACC_A_71_2,ACC_A_71,2026-08-27T00:00:00,PROD_121,547.45,DEV_A_9,ADDR_A_9,REFUNDED,1,1.0,HIGH
ORD_ACC_A_71_3,ACC_A_71,2026-08-30T00:00:00,PROD_121,856.57,DEV_A_9,ADDR_A_9,REFUNDED,1,1.0,HIGH
ORD_ACC_A_71_4,ACC_A_71,2026-08-27T00:00:00,PROD_121,160.74,DEV_A_9,ADDR_A_9,REFUNDED,1,1.0,HIGH
ORD_ACC_A_71_5,ACC_A_71,2026-08-29T00:00:00,PROD_121,820.27,DEV_A_9,ADDR_A_9,COMPLETED,0,1.0,HIGH
ORD_ACC_A_71_6,ACC_A_71,2026-08-28T00:00:00,PROD_121,1404.56,DEV_A_9,ADDR_A_9,COMPLETED,0,1.0,HIGH
ORD_ACC_A_71_7,ACC_A_71,2026-08-29T00:00:00,PROD_121,872.14,DEV_A_9,ADDR_A_9,REFUNDED,1,1.0,HIGH
ORD_ACC_A_71_8,ACC_A_71,2026-08-28T00:00:00,PROD_121,1015.91,DEV_A_9,ADDR_A_9,REFUNDED,1,1.0,HIGH
ORD_ACC_A_71_9,ACC_A_71,2026-08-26T00:00:00,PROD_121,403.24,DEV_A_9,ADDR_A_9,REFUNDED,1,1.0,HIGH
ORD_ACC_A_71_10,ACC_A_71,2026-08-29T00:00:00,PROD_121,1007.91,DEV_A_9,ADDR_A_9,COMPLETED,0,1.0,HIGH
ORD_ACC_A_71_11,ACC_A_71,2026-08-27T00:00:00,PROD_121,499.06,DEV_A_9,ADDR_A_9,REFUNDED,1,1.0,HIGH
ORD_ACC_A_71_12,ACC_A_71,2026-08-26T00:00:00,PROD_121,675.15,DEV_A_9,ADDR_A_9,REFUNDED,1,1.0,HIGH
ORD_ACC_A_71_13,ACC_A_71,2026-08-28T00:00:00,PROD_132,385.62,DEV_A_9,ADDR_A_9,COMPLETED,0,1.0,HIGH
ORD_ACC_A_71_14,ACC_A_71,2026-08-29T00:00:00,PROD_125,251.52,DEV_A_9,ADDR_A_9,REFUNDED,1,1.0,HIGH
ORD_ACC_A_71_15,ACC_A_71,2026-08-29T00:00:00,PROD_126,1085.09,DEV_A_9,ADDR_A_9,REFUNDED,1,1.0,HIGH
ORD_ACC_A_71_16,ACC_A_71,2026-08-28T00:00:00,PROD_121,117.65,DEV_A_9,ADDR_A_9,REFUNDED,1,1.0,HIGH
ORD_ACC_A_71_17,ACC_A_71,2026-08-26T00:00:00,PROD_121,406.5,DEV_A_9,ADDR_A_9,REFUNDED,1,1.0,HIGH
ORD_ACC_A_71_18,ACC_A_71,2026-08-26T00:00:00,PROD_121,480.87,DEV_A_9,ADDR_A_9,REFUNDED,1,1.0,HIGH
ORD_ACC_A_72_0,ACC_A_72,2026-08-26T00:00:00,PROD_111,594.38,DEV_A_ALT_73,ADDR_A_10,COMPLETED,0,1.0,HIGH
ORD_ACC_A_72_1,ACC_A_72,2026-08-18T00:00:00,PROD_111,1108.48,DEV_A_ALT_73,ADDR_A_10,REFUNDED,1,1.0,HIGH
ORD_ACC_A_72_2,ACC_A_72,2026-08-25T00:00:00,PROD_111,678.5,DEV_A_ALT_73,ADDR_A_10,REFUNDED,1,1.0,HIGH
ORD_ACC_A_72_3,ACC_A_72,2026-08-27T00:00:00,PROD_102,399.61,DEV_A_ALT_73,ADDR_A_10,REFUNDED,1,1.0,HIGH
ORD_ACC_A_72_4,ACC_A_72,2026-08-28T00:00:00,PROD_111,1206.11,DEV_A_ALT_73,ADDR_A_10,REFUNDED,1,1.0,HIGH
ORD_ACC_A_72_5,ACC_A_72,2026-08-30T00:00:00,PROD_111,122.6,DEV_A_ALT_73,ADDR_A_10,REFUNDED,1,1.0,HIGH
ORD_ACC_A_72_6,ACC_A_72,2026-08-27T00:00:00,PROD_111,1349.49,DEV_A_ALT_73,ADDR_A_10,REFUNDED,1,1.0,HIGH
ORD_ACC_A_72_7,ACC_A_72,2026-08-22T00:00:00,PROD_143,993.15,DEV_A_ALT_73,ADDR_A_10,REFUNDED,1,1.0,HIGH
ORD_ACC_A_72_8,ACC_A_72,2026-08-22T00:00:00,PROD_111,651.77,DEV_A_ALT_73,ADDR_A_10,REFUNDED,1,1.0,HIGH
ORD_ACC_A_72_9,ACC_A_72,2026-08-19T00:00:00,PROD_111,705.53,DEV_A_ALT_73,ADDR_A_10,REFUNDED,1,1.0,HIGH
ORD_ACC_A_72_10,ACC_A_72,2026-08-28T00:00:00,PROD_111,944.84,DEV_A_ALT_73,ADDR_A_10,COMPLETED,0,1.0,HIGH
ORD_ACC_A_72_11,ACC_A_72,2026-08-17T00:00:00,PROD_111,397.38,DEV_A_ALT_73,ADDR_A_10,COMPLETED,0,1.0,HIGH
ORD_ACC_A_72_12,ACC_A_72,2026-08-24T00:00:00,PROD_111,664.02,DEV_A_ALT_73,ADDR_A_10,REFUNDED,1,1.0,HIGH
ORD_ACC_A_73_0,ACC_A_73,2026-08-25T00:00:00,PROD_111,950.59,DEV_A_10,ADDR_A_10,REFUNDED,1,1.0,HIGH
ORD_ACC_A_73_1,ACC_A_73,2026-08-21T00:00:00,PROD_111,1454.86,DEV_A_10,ADDR_A_10,REFUNDED,1,1.0,HIGH
ORD_ACC_A_73_2,ACC_A_73,2026-08-23T00:00:00,PROD_111,322.28,DEV_A_10,ADDR_A_10,REFUNDED,1,1.0,HIGH
ORD_ACC_A_73_3,ACC_A_73,2026-08-23T00:00:00,PROD_111,557.77,DEV_A_10,ADDR_A_10,REFUNDED,1,1.0,HIGH
ORD_ACC_A_73_4,ACC_A_73,2026-08-29T00:00:00,PROD_111,899.21,DEV_A_10,ADDR_A_10,REFUNDED,1,1.0,HIGH
ORD_ACC_A_73_5,ACC_A_73,2026-08-28T00:00:00,PROD_111,1230.07,DEV_A_10,ADDR_A_10,REFUNDED,1,1.0,HIGH
ORD_ACC_A_73_6,ACC_A_73,2026-08-24T00:00:00,PROD_126,443.07,DEV_A_10,ADDR_A_10,COMPLETED,0,1.0,HIGH
ORD_ACC_A_73_7,ACC_A_73,2026-08-23T00:00:00,PROD_111,1248.05,DEV_A_10,ADDR_A_10,REFUNDED,1,1.0,HIGH
ORD_ACC_A_73_8,ACC_A_73,2026-08-20T00:00:00,PROD_111,1054.83,DEV_A_10,ADDR_A_10,REFUNDED,1,1.0,HIGH
ORD_ACC_A_73_9,ACC_A_73,2026-08-27T00:00:00,PROD_126,993.25,DEV_A_10,ADDR_A_10,COMPLETED,0,1.0,HIGH
ORD_ACC_A_73_10,ACC_A_73,2026-08-25T00:00:00,PROD_119,247.5,DEV_A_10,ADDR_A_10,REFUNDED,1,1.0,HIGH
ORD_ACC_A_73_11,ACC_A_73,2026-08-30T00:00:00,PROD_125,865.58,DEV_A_10,ADDR_A_10,COMPLETED,0,1.0,HIGH
ORD_ACC_A_73_12,ACC_A_73,2026-08-29T00:00:00,PROD_147,803.01,DEV_A_10,ADDR_A_10,REFUNDED,1,1.0,HIGH
ORD_ACC_A_73_13,ACC_A_73,2026-08-22T00:00:00,PROD_111,1453.76,DEV_A_10,ADDR_A_10,REFUNDED,1,1.0,HIGH
ORD_ACC_A_73_14,ACC_A_73,2026-08-31T00:00:00,PROD_141,1155.48,DEV_A_10,ADDR_A_10,REFUNDED,1,1.0,HIGH
ORD_ACC_A_73_15,ACC_A_73,2026-08-30T00:00:00,PROD_126,828.2,DEV_A_10,ADDR_A_10,REFUNDED,1,1.0,HIGH
ORD_ACC_A_73_16,ACC_A_73,2026-08-28T00:00:00,PROD_134,1034.11,DEV_A_10,ADDR_A_10,REFUNDED,1,1.0,HIGH
ORD_ACC_A_74_0,ACC_A_74,2026-08-23T00:00:00,PROD_117,138.72,DEV_A_10,ADDR_A_10,REFUNDED,1,1.0,HIGH
ORD_ACC_A_74_1,ACC_A_74,2026-08-25T00:00:00,PROD_111,919.86,DEV_A_10,ADDR_A_10,REFUNDED,1,1.0,HIGH
ORD_ACC_A_74_2,ACC_A_74,2026-08-24T00:00:00,PROD_140,1451.78,DEV_A_10,ADDR_A_10,REFUNDED,1,1.0,HIGH
ORD_ACC_A_74_3,ACC_A_74,2026-08-30T00:00:00,PROD_111,1186.25,DEV_A_10,ADDR_A_10,COMPLETED,0,1.0,HIGH
ORD_ACC_A_74_4,ACC_A_74,2026-08-19T00:00:00,PROD_111,138.92,DEV_A_10,ADDR_A_10,REFUNDED,1,1.0,HIGH
ORD_ACC_A_74_5,ACC_A_74,2026-08-29T00:00:00,PROD_111,143.51,DEV_A_10,ADDR_A_10,REFUNDED,1,1.0,HIGH
ORD_ACC_A_74_6,ACC_A_74,2026-08-26T00:00:00,PROD_111,312.66,DEV_A_10,ADDR_A_10,REFUNDED,1,1.0,HIGH
ORD_ACC_A_74_7,ACC_A_74,2026-08-21T00:00:00,PROD_111,1163.8,DEV_A_10,ADDR_A_10,REFUNDED,1,1.0,HIGH
ORD_ACC_A_74_8,ACC_A_74,2026-08-22T00:00:00,PROD_111,874.64,DEV_A_10,ADDR_A_10,REFUNDED,1,1.0,HIGH
ORD_ACC_A_74_9,ACC_A_74,2026-08-28T00:00:00,PROD_111,271.07,DEV_A_10,ADDR_A_10,REFUNDED,1,1.0,HIGH
ORD_ACC_A_74_10,ACC_A_74,2026-08-31T00:00:00,PROD_111,1267.24,DEV_A_10,ADDR_A_10,REFUNDED,1,1.0,HIGH
ORD_ACC_A_74_11,ACC_A_74,2026-08-17T00:00:00,PROD_111,1287.44,DEV_A_10,ADDR_A_10,REFUNDED,1,1.0,HIGH
ORD_ACC_A_75_0,ACC_A_75,2026-08-31T00:00:00,PROD_111,1078.82,DEV_A_10,ADDR_A_10,REFUNDED,1,1.0,HIGH
ORD_ACC_A_75_1,ACC_A_75,2026-08-24T00:00:00,PROD_113,626.71,DEV_A_10,ADDR_A_10,REFUNDED,1,1.0,HIGH
ORD_ACC_A_75_2,ACC_A_75,2026-08-27T00:00:00,PROD_111,1289.91,DEV_A_10,ADDR_A_10,REFUNDED,1,1.0,HIGH
ORD_ACC_A_75_3,ACC_A_75,2026-08-19T00:00:00,PROD_111,1309.42,DEV_A_10,ADDR_A_10,COMPLETED,0,1.0,HIGH
ORD_ACC_A_75_4,ACC_A_75,2026-08-26T00:00:00,PROD_119,1378.4,DEV_A_10,ADDR_A_10,REFUNDED,1,1.0,HIGH
ORD_ACC_A_76_0,ACC_A_76,2026-08-30T00:00:00,PROD_111,115.11,DEV_A_10,ADDR_A_10,REFUNDED,1,1.0,HIGH
ORD_ACC_A_76_1,ACC_A_76,2026-08-31T00:00:00,PROD_111,1281.27,DEV_A_10,ADDR_A_10,REFUNDED,1,1.0,HIGH
ORD_ACC_A_76_2,ACC_A_76,2026-08-31T00:00:00,PROD_111,496.25,DEV_A_10,ADDR_A_10,REFUNDED,1,1.0,HIGH
ORD_ACC_A_76_3,ACC_A_76,2026-08-31T00:00:00,PROD_111,334.82,DEV_A_10,ADDR_A_10,REFUNDED,1,1.0,HIGH
ORD_ACC_A_76_4,ACC_A_76,2026-08-30T00:00:00,PROD_111,1305.57,DEV_A_10,ADDR_A_10,COMPLETED,0,1.0,HIGH
ORD_ACC_A_76_5,ACC_A_76,2026-08-30T00:00:00,PROD_111,1077.05,DEV_A_10,ADDR_A_10,REFUNDED,1,1.0,HIGH
ORD_ACC_A_76_6,ACC_A_76,2026-08-31T00:00:00,PROD_111,1095.96,DEV_A_10,ADDR_A_10,REFUNDED,1,1.0,HIGH
ORD_ACC_A_76_7,ACC_A_76,2026-08-31T00:00:00,PROD_111,223.56,DEV_A_10,ADDR_A_10,REFUNDED,1,1.0,HIGH
ORD_ACC_A_76_8,ACC_A_76,2026-08-30T00:00:00,PROD_110,331.87,DEV_A_10,ADDR_A_10,COMPLETED,0,1.0,HIGH
ORD_ACC_A_76_9,ACC_A_76,2026-08-30T00:00:00,PROD_105,791.75,DEV_A_10,ADDR_A_10,REFUNDED,1,1.0,HIGH
ORD_ACC_A_76_10,ACC_A_76,2026-08-30T00:00:00,PROD_111,807.75,DEV_A_10,ADDR_A_10,REFUNDED,1,1.0,HIGH
ORD_ACC_A_76_11,ACC_A_76,2026-08-30T00:00:00,PROD_111,1131.6,DEV_A_10,ADDR_A_10,COMPLETED,0,1.0,HIGH
ORD_ACC_A_76_12,ACC_A_76,2026-08-30T00:00:00,PROD_111,234.19,DEV_A_10,ADDR_A_10,REFUNDED,1,1.0,HIGH
ORD_ACC_A_76_13,ACC_A_76,2026-08-31T00:00:00,PROD_111,705.23,DEV_A_10,ADDR_A_10,REFUNDED,1,1.0,HIGH
ORD_ACC_A_76_14,ACC_A_76,2026-08-31T00:00:00,PROD_111,960.71,DEV_A_10,ADDR_A_10,REFUNDED,1,1.0,HIGH
ORD_ACC_A_76_15,ACC_A_76,2026-08-31T00:00:00,PROD_100,997.0,DEV_A_10,ADDR_A_10,REFUNDED,1,1.0,HIGH
ORD_ACC_A_76_16,ACC_A_76,2026-08-31T00:00:00,PROD_103,208.65,DEV_A_10,ADDR_A_10,REFUNDED,1,1.0,HIGH
ORD_ACC_A_76_17,ACC_A_76,2026-08-31T00:00:00,PROD_111,726.3,DEV_A_10,ADDR_A_10,REFUNDED,1,1.0,HIGH
ORD_ACC_A_76_18,ACC_A_76,2026-08-30T00:00:00,PROD_128,329.34,DEV_A_10,ADDR_A_10,REFUNDED,1,1.0,HIGH
ORD_ACC_A_76_19,ACC_A_76,2026-08-31T00:00:00,PROD_111,1194.34,DEV_A_10,ADDR_A_10,REFUNDED,1,1.0,HIGH
ORD_ACC_A_76_20,ACC_A_76,2026-08-31T00:00:00,PROD_101,1127.37,DEV_A_10,ADDR_A_10,REFUNDED,1,1.0,HIGH
ORD_ACC_A_76_21,ACC_A_76,2026-08-30T00:00:00,PROD_111,481.64,DEV_A_10,ADDR_A_10,REFUNDED,1,1.0,HIGH
ORD_ACC_A_77_0,ACC_A_77,2026-08-31T00:00:00,PROD_111,718.61,DEV_A_10,ADDR_A_10,REFUNDED,1,1.0,HIGH
ORD_ACC_A_77_1,ACC_A_77,2026-08-31T00:00:00,PROD_111,1401.79,DEV_A_10,ADDR_A_10,REFUNDED,1,1.0,HIGH
ORD_ACC_A_77_2,ACC_A_77,2026-08-31T00:00:00,PROD_111,1285.45,DEV_A_10,ADDR_A_10,REFUNDED,1,1.0,HIGH
ORD_ACC_A_77_3,ACC_A_77,2026-08-30T00:00:00,PROD_111,251.12,DEV_A_10,ADDR_A_10,REFUNDED,1,1.0,HIGH
ORD_ACC_A_77_4,ACC_A_77,2026-08-30T00:00:00,PROD_134,138.76,DEV_A_10,ADDR_A_10,COMPLETED,0,1.0,HIGH
ORD_ACC_A_77_5,ACC_A_77,2026-08-31T00:00:00,PROD_111,202.19,DEV_A_10,ADDR_A_10,REFUNDED,1,1.0,HIGH
ORD_ACC_A_77_6,ACC_A_77,2026-08-31T00:00:00,PROD_111,523.99,DEV_A_10,ADDR_A_10,REFUNDED,1,1.0,HIGH
ORD_ACC_A_77_7,ACC_A_77,2026-08-29T00:00:00,PROD_104,1098.56,DEV_A_10,ADDR_A_10,REFUNDED,1,1.0,HIGH
ORD_ACC_A_77_8,ACC_A_77,2026-08-30T00:00:00,PROD_111,168.63,DEV_A_10,ADDR_A_10,REFUNDED,1,1.0,HIGH
ORD_ACC_A_77_9,ACC_A_77,2026-08-29T00:00:00,PROD_111,709.88,DEV_A_10,ADDR_A_10,REFUNDED,1,1.0,HIGH
ORD_ACC_A_77_10,ACC_A_77,2026-08-29T00:00:00,PROD_116,1020.31,DEV_A_10,ADDR_A_10,REFUNDED,1,1.0,HIGH
ORD_ACC_A_77_11,ACC_A_77,2026-08-30T00:00:00,PROD_111,1133.59,DEV_A_10,ADDR_A_10,REFUNDED,1,1.0,HIGH
ORD_ACC_A_77_12,ACC_A_77,2026-08-29T00:00:00,PROD_111,1058.64,DEV_A_10,ADDR_A_10,COMPLETED,0,1.0,HIGH
ORD_ACC_A_77_13,ACC_A_77,2026-08-29T00:00:00,PROD_106,829.7,DEV_A_10,ADDR_A_10,REFUNDED,1,1.0,HIGH
ORD_ACC_A_77_14,ACC_A_77,2026-08-30T00:00:00,PROD_111,1078.18,DEV_A_10,ADDR_A_10,REFUNDED,1,1.0,HIGH
ORD_ACC_A_77_15,ACC_A_77,2026-08-30T00:00:00,PROD_108,682.53,DEV_A_10,ADDR_A_10,REFUNDED,1,1.0,HIGH
ORD_ACC_A_77_16,ACC_A_77,2026-08-29T00:00:00,PROD_111,658.75,DEV_A_10,ADDR_A_10,REFUNDED,1,1.0,HIGH
ORD_ACC_A_77_17,ACC_A_77,2026-08-31T00:00:00,PROD_111,729.79,DEV_A_10,ADDR_A_10,REFUNDED,1,1.0,HIGH
ORD_ACC_A_77_18,ACC_A_77,2026-08-30T00:00:00,PROD_142,1161.74,DEV_A_10,ADDR_A_10,REFUNDED,1,1.0,HIGH
ORD_ACC_A_77_19,ACC_A_77,2026-08-29T00:00:00,PROD_111,105.88,DEV_A_10,ADDR_A_10,REFUNDED,1,1.0,HIGH
ORD_ACC_A_78_0,ACC_A_78,2026-08-26T00:00:00,PROD_128,1306.85,DEV_A_11,ADDR_A_11,REFUNDED,1,1.0,HIGH
ORD_ACC_A_78_1,ACC_A_78,2026-08-21T00:00:00,PROD_128,923.28,DEV_A_11,ADDR_A_11,REFUNDED,1,1.0,HIGH
ORD_ACC_A_78_2,ACC_A_78,2026-08-19T00:00:00,PROD_128,430.01,DEV_A_11,ADDR_A_11,REFUNDED,1,1.0,HIGH
ORD_ACC_A_78_3,ACC_A_78,2026-08-29T00:00:00,PROD_128,967.16,DEV_A_11,ADDR_A_11,COMPLETED,0,1.0,HIGH
ORD_ACC_A_78_4,ACC_A_78,2026-08-21T00:00:00,PROD_140,1114.65,DEV_A_11,ADDR_A_11,REFUNDED,1,1.0,HIGH
ORD_ACC_A_78_5,ACC_A_78,2026-08-29T00:00:00,PROD_139,1080.04,DEV_A_11,ADDR_A_11,REFUNDED,1,1.0,HIGH
ORD_ACC_A_78_6,ACC_A_78,2026-08-22T00:00:00,PROD_128,804.24,DEV_A_11,ADDR_A_11,REFUNDED,1,1.0,HIGH
ORD_ACC_A_78_7,ACC_A_78,2026-08-19T00:00:00,PROD_128,637.77,DEV_A_11,ADDR_A_11,REFUNDED,1,1.0,HIGH
ORD_ACC_A_78_8,ACC_A_78,2026-08-28T00:00:00,PROD_125,919.75,DEV_A_11,ADDR_A_11,REFUNDED,1,1.0,HIGH
ORD_ACC_A_79_0,ACC_A_79,2026-08-25T00:00:00,PROD_109,1026.12,DEV_A_11,ADDR_A_11,REFUNDED,1,1.0,HIGH
ORD_ACC_A_79_1,ACC_A_79,2026-08-28T00:00:00,PROD_128,566.89,DEV_A_11,ADDR_A_11,COMPLETED,0,1.0,HIGH
ORD_ACC_A_79_2,ACC_A_79,2026-08-28T00:00:00,PROD_140,1299.64,DEV_A_11,ADDR_A_11,COMPLETED,0,1.0,HIGH
ORD_ACC_A_79_3,ACC_A_79,2026-08-29T00:00:00,PROD_128,179.13,DEV_A_11,ADDR_A_11,REFUNDED,1,1.0,HIGH
ORD_ACC_A_79_4,ACC_A_79,2026-08-27T00:00:00,PROD_128,1191.36,DEV_A_11,ADDR_A_11,REFUNDED,1,1.0,HIGH
ORD_ACC_A_79_5,ACC_A_79,2026-08-30T00:00:00,PROD_128,624.16,DEV_A_11,ADDR_A_11,REFUNDED,1,1.0,HIGH
ORD_ACC_A_79_6,ACC_A_79,2026-08-29T00:00:00,PROD_128,1461.21,DEV_A_11,ADDR_A_11,REFUNDED,1,1.0,HIGH
ORD_ACC_A_79_7,ACC_A_79,2026-08-29T00:00:00,PROD_128,1341.65,DEV_A_11,ADDR_A_11,REFUNDED,1,1.0,HIGH
ORD_ACC_A_79_8,ACC_A_79,2026-08-27T00:00:00,PROD_147,472.88,DEV_A_11,ADDR_A_11,REFUNDED,1,1.0,HIGH
ORD_ACC_A_79_9,ACC_A_79,2026-08-28T00:00:00,PROD_128,479.25,DEV_A_11,ADDR_A_11,REFUNDED,1,1.0,HIGH
ORD_ACC_A_79_10,ACC_A_79,2026-08-30T00:00:00,PROD_128,754.06,DEV_A_11,ADDR_A_11,REFUNDED,1,1.0,HIGH
ORD_ACC_A_79_11,ACC_A_79,2026-08-22T00:00:00,PROD_128,565.43,DEV_A_11,ADDR_A_11,REFUNDED,1,1.0,HIGH
ORD_ACC_A_79_12,ACC_A_79,2026-08-21T00:00:00,PROD_128,875.9,DEV_A_11,ADDR_A_11,REFUNDED,1,1.0,HIGH
ORD_ACC_A_79_13,ACC_A_79,2026-08-25T00:00:00,PROD_128,432.69,DEV_A_11,ADDR_A_11,REFUNDED,1,1.0,HIGH
ORD_ACC_A_79_14,ACC_A_79,2026-08-22T00:00:00,PROD_128,255.74,DEV_A_11,ADDR_A_11,COMPLETED,0,1.0,HIGH
ORD_ACC_A_79_15,ACC_A_79,2026-08-19T00:00:00,PROD_142,787.57,DEV_A_11,ADDR_A_11,REFUNDED,1,1.0,HIGH
ORD_ACC_A_79_16,ACC_A_79,2026-08-27T00:00:00,PROD_128,349.25,DEV_A_11,ADDR_A_11,REFUNDED,1,1.0,HIGH
ORD_ACC_A_79_17,ACC_A_79,2026-08-29T00:00:00,PROD_128,454.46,DEV_A_11,ADDR_A_11,REFUNDED,1,1.0,HIGH
ORD_ACC_A_79_18,ACC_A_79,2026-08-26T00:00:00,PROD_128,1170.54,DEV_A_11,ADDR_A_11,REFUNDED,1,1.0,HIGH
ORD_ACC_A_79_19,ACC_A_79,2026-08-18T00:00:00,PROD_116,102.94,DEV_A_11,ADDR_A_11,REFUNDED,1,1.0,HIGH
ORD_ACC_A_79_20,ACC_A_79,2026-08-21T00:00:00,PROD_130,205.41,DEV_A_11,ADDR_A_11,REFUNDED,1,1.0,HIGH
ORD_ACC_A_79_21,ACC_A_79,2026-08-17T00:00:00,PROD_128,1062.31,DEV_A_11,ADDR_A_11,REFUNDED,1,1.0,HIGH
ORD_ACC_A_80_0,ACC_A_80,2026-08-30T00:00:00,PROD_128,136.0,DEV_A_ALT_81,ADDR_A_11,REFUNDED,1,1.0,HIGH
ORD_ACC_A_80_1,ACC_A_80,2026-08-27T00:00:00,PROD_128,1365.72,DEV_A_ALT_81,ADDR_A_11,REFUNDED,1,1.0,HIGH
ORD_ACC_A_80_2,ACC_A_80,2026-08-29T00:00:00,PROD_140,531.95,DEV_A_ALT_81,ADDR_A_11,REFUNDED,1,1.0,HIGH
ORD_ACC_A_80_3,ACC_A_80,2026-08-27T00:00:00,PROD_128,984.67,DEV_A_ALT_81,ADDR_A_11,REFUNDED,1,1.0,HIGH
ORD_ACC_A_80_4,ACC_A_80,2026-08-30T00:00:00,PROD_140,1115.55,DEV_A_ALT_81,ADDR_A_11,REFUNDED,1,1.0,HIGH
ORD_ACC_A_80_5,ACC_A_80,2026-08-28T00:00:00,PROD_128,1149.93,DEV_A_ALT_81,ADDR_A_11,COMPLETED,0,1.0,HIGH
ORD_ACC_A_80_6,ACC_A_80,2026-08-29T00:00:00,PROD_128,1218.57,DEV_A_ALT_81,ADDR_A_11,REFUNDED,1,1.0,HIGH
ORD_ACC_A_80_7,ACC_A_80,2026-08-22T00:00:00,PROD_128,1438.05,DEV_A_ALT_81,ADDR_A_11,REFUNDED,1,1.0,HIGH
ORD_ACC_A_80_8,ACC_A_80,2026-08-25T00:00:00,PROD_128,208.54,DEV_A_ALT_81,ADDR_A_11,REFUNDED,1,1.0,HIGH
ORD_ACC_A_80_9,ACC_A_80,2026-08-22T00:00:00,PROD_128,112.58,DEV_A_ALT_81,ADDR_A_11,REFUNDED,1,1.0,HIGH
ORD_ACC_A_80_10,ACC_A_80,2026-08-29T00:00:00,PROD_128,1118.01,DEV_A_ALT_81,ADDR_A_11,REFUNDED,1,1.0,HIGH
ORD_ACC_A_81_0,ACC_A_81,2026-08-29T00:00:00,PROD_128,881.09,DEV_A_ALT_82,ADDR_A_11,REFUNDED,1,1.0,HIGH
ORD_ACC_A_81_1,ACC_A_81,2026-08-21T00:00:00,PROD_128,287.13,DEV_A_ALT_82,ADDR_A_11,COMPLETED,0,1.0,HIGH
ORD_ACC_A_81_2,ACC_A_81,2026-08-25T00:00:00,PROD_135,1343.99,DEV_A_ALT_82,ADDR_A_11,REFUNDED,1,1.0,HIGH
ORD_ACC_A_81_3,ACC_A_81,2026-08-29T00:00:00,PROD_128,620.7,DEV_A_ALT_82,ADDR_A_11,COMPLETED,0,1.0,HIGH
ORD_ACC_A_81_4,ACC_A_81,2026-08-19T00:00:00,PROD_128,633.02,DEV_A_ALT_82,ADDR_A_11,REFUNDED,1,1.0,HIGH
ORD_ACC_A_81_5,ACC_A_81,2026-08-23T00:00:00,PROD_141,1325.13,DEV_A_ALT_82,ADDR_A_11,REFUNDED,1,1.0,HIGH
ORD_ACC_A_81_6,ACC_A_81,2026-08-27T00:00:00,PROD_128,218.69,DEV_A_ALT_82,ADDR_A_11,REFUNDED,1,1.0,HIGH
ORD_ACC_A_81_7,ACC_A_81,2026-08-31T00:00:00,PROD_128,998.29,DEV_A_ALT_82,ADDR_A_11,REFUNDED,1,1.0,HIGH
ORD_ACC_A_81_8,ACC_A_81,2026-08-20T00:00:00,PROD_128,1281.52,DEV_A_ALT_82,ADDR_A_11,COMPLETED,0,1.0,HIGH
ORD_ACC_A_81_9,ACC_A_81,2026-08-26T00:00:00,PROD_120,910.34,DEV_A_ALT_82,ADDR_A_11,REFUNDED,1,1.0,HIGH
ORD_ACC_A_81_10,ACC_A_81,2026-08-24T00:00:00,PROD_128,1465.4,DEV_A_ALT_82,ADDR_A_11,REFUNDED,1,1.0,HIGH
ORD_ACC_A_81_11,ACC_A_81,2026-08-17T00:00:00,PROD_132,1154.93,DEV_A_ALT_82,ADDR_A_11,REFUNDED,1,1.0,HIGH
ORD_ACC_A_81_12,ACC_A_81,2026-08-22T00:00:00,PROD_128,421.47,DEV_A_ALT_82,ADDR_A_11,REFUNDED,1,1.0,HIGH
ORD_ACC_A_81_13,ACC_A_81,2026-08-21T00:00:00,PROD_113,1249.11,DEV_A_ALT_82,ADDR_A_11,REFUNDED,1,1.0,HIGH
ORD_ACC_A_81_14,ACC_A_81,2026-08-24T00:00:00,PROD_106,708.37,DEV_A_ALT_82,ADDR_A_11,REFUNDED,1,1.0,HIGH
ORD_ACC_A_81_15,ACC_A_81,2026-08-26T00:00:00,PROD_134,921.28,DEV_A_ALT_82,ADDR_A_11,REFUNDED,1,1.0,HIGH
ORD_ACC_A_81_16,ACC_A_81,2026-08-26T00:00:00,PROD_136,106.22,DEV_A_ALT_82,ADDR_A_11,REFUNDED,1,1.0,HIGH
ORD_ACC_A_81_17,ACC_A_81,2026-08-28T00:00:00,PROD_108,577.4,DEV_A_ALT_82,ADDR_A_11,REFUNDED,1,1.0,HIGH
ORD_ACC_A_81_18,ACC_A_81,2026-08-19T00:00:00,PROD_128,872.15,DEV_A_ALT_82,ADDR_A_11,REFUNDED,1,1.0,HIGH
ORD_ACC_A_81_19,ACC_A_81,2026-08-25T00:00:00,PROD_128,1103.36,DEV_A_ALT_82,ADDR_A_11,COMPLETED,0,1.0,HIGH
ORD_ACC_A_82_0,ACC_A_82,2026-08-31T00:00:00,PROD_128,1283.36,DEV_A_11,ADDR_A_11,REFUNDED,1,1.0,HIGH
ORD_ACC_A_82_1,ACC_A_82,2026-08-31T00:00:00,PROD_128,281.34,DEV_A_11,ADDR_A_11,REFUNDED,1,1.0,HIGH
ORD_ACC_A_82_2,ACC_A_82,2026-08-31T00:00:00,PROD_108,1380.83,DEV_A_11,ADDR_A_11,REFUNDED,1,1.0,HIGH
ORD_ACC_A_82_3,ACC_A_82,2026-08-31T00:00:00,PROD_128,915.4,DEV_A_11,ADDR_A_11,REFUNDED,1,1.0,HIGH
ORD_ACC_A_82_4,ACC_A_82,2026-08-31T00:00:00,PROD_128,667.39,DEV_A_11,ADDR_A_11,REFUNDED,1,1.0,HIGH
ORD_ACC_A_82_5,ACC_A_82,2026-08-31T00:00:00,PROD_137,758.88,DEV_A_11,ADDR_A_11,REFUNDED,1,1.0,HIGH
ORD_ACC_A_82_6,ACC_A_82,2026-08-31T00:00:00,PROD_128,1252.14,DEV_A_11,ADDR_A_11,REFUNDED,1,1.0,HIGH
ORD_ACC_A_82_7,ACC_A_82,2026-08-31T00:00:00,PROD_116,742.25,DEV_A_11,ADDR_A_11,REFUNDED,1,1.0,HIGH
ORD_ACC_A_82_8,ACC_A_82,2026-08-31T00:00:00,PROD_147,562.36,DEV_A_11,ADDR_A_11,REFUNDED,1,1.0,HIGH
ORD_ACC_A_82_9,ACC_A_82,2026-08-31T00:00:00,PROD_128,741.15,DEV_A_11,ADDR_A_11,REFUNDED,1,1.0,HIGH
ORD_ACC_A_82_10,ACC_A_82,2026-08-31T00:00:00,PROD_130,1227.61,DEV_A_11,ADDR_A_11,REFUNDED,1,1.0,HIGH
ORD_ACC_A_82_11,ACC_A_82,2026-08-31T00:00:00,PROD_120,887.65,DEV_A_11,ADDR_A_11,REFUNDED,1,1.0,HIGH
ORD_ACC_A_82_12,ACC_A_82,2026-08-31T00:00:00,PROD_128,1201.15,DEV_A_11,ADDR_A_11,REFUNDED,1,1.0,HIGH
ORD_ACC_A_82_13,ACC_A_82,2026-08-31T00:00:00,PROD_128,184.31,DEV_A_11,ADDR_A_11,REFUNDED,1,1.0,HIGH
ORD_ACC_A_82_14,ACC_A_82,2026-08-31T00:00:00,PROD_128,712.72,DEV_A_11,ADDR_A_11,REFUNDED,1,1.0,HIGH
ORD_ACC_A_82_15,ACC_A_82,2026-08-31T00:00:00,PROD_128,898.49,DEV_A_11,ADDR_A_11,REFUNDED,1,1.0,HIGH
ORD_ACC_A_82_16,ACC_A_82,2026-08-31T00:00:00,PROD_114,889.92,DEV_A_11,ADDR_A_11,REFUNDED,1,1.0,HIGH
ORD_ACC_A_82_17,ACC_A_82,2026-08-31T00:00:00,PROD_130,1090.03,DEV_A_11,ADDR_A_11,REFUNDED,1,1.0,HIGH
ORD_ACC_A_82_18,ACC_A_82,2026-08-31T00:00:00,PROD_128,567.19,DEV_A_11,ADDR_A_11,REFUNDED,1,1.0,HIGH
ORD_ACC_A_82_19,ACC_A_82,2026-08-31T00:00:00,PROD_128,1112.22,DEV_A_11,ADDR_A_11,REFUNDED,1,1.0,HIGH
ORD_ACC_A_83_0,ACC_A_83,2026-08-28T00:00:00,PROD_128,468.85,DEV_A_11,ADDR_A_11,REFUNDED,1,1.0,HIGH
ORD_ACC_A_83_1,ACC_A_83,2026-08-23T00:00:00,PROD_128,794.44,DEV_A_11,ADDR_A_11,REFUNDED,1,1.0,HIGH
ORD_ACC_A_83_2,ACC_A_83,2026-08-17T00:00:00,PROD_142,589.06,DEV_A_11,ADDR_A_11,REFUNDED,1,1.0,HIGH
ORD_ACC_A_83_3,ACC_A_83,2026-08-20T00:00:00,PROD_139,810.62,DEV_A_11,ADDR_A_11,REFUNDED,1,1.0,HIGH
ORD_ACC_A_83_4,ACC_A_83,2026-08-24T00:00:00,PROD_128,219.04,DEV_A_11,ADDR_A_11,COMPLETED,0,1.0,HIGH
ORD_ACC_A_83_5,ACC_A_83,2026-08-28T00:00:00,PROD_114,383.27,DEV_A_11,ADDR_A_11,REFUNDED,1,1.0,HIGH
ORD_ACC_A_83_6,ACC_A_83,2026-08-23T00:00:00,PROD_128,1241.28,DEV_A_11,ADDR_A_11,REFUNDED,1,1.0,HIGH
ORD_ACC_A_83_7,ACC_A_83,2026-08-28T00:00:00,PROD_128,687.49,DEV_A_11,ADDR_A_11,REFUNDED,1,1.0,HIGH
ORD_ACC_A_83_8,ACC_A_83,2026-08-21T00:00:00,PROD_128,122.25,DEV_A_11,ADDR_A_11,REFUNDED,1,1.0,HIGH
ORD_ACC_A_83_9,ACC_A_83,2026-08-24T00:00:00,PROD_143,1374.83,DEV_A_11,ADDR_A_11,REFUNDED,1,1.0,HIGH
ORD_ACC_A_83_10,ACC_A_83,2026-08-31T00:00:00,PROD_128,912.49,DEV_A_11,ADDR_A_11,COMPLETED,0,1.0,HIGH
ORD_ACC_A_83_11,ACC_A_83,2026-08-20T00:00:00,PROD_128,1404.52,DEV_A_11,ADDR_A_11,REFUNDED,1,1.0,HIGH
ORD_ACC_A_84_0,ACC_A_84,2026-08-25T00:00:00,PROD_128,535.61,DEV_A_11,ADDR_A_ALT_85,REFUNDED,1,1.0,HIGH
ORD_ACC_A_84_1,ACC_A_84,2026-08-28T00:00:00,PROD_128,450.27,DEV_A_11,ADDR_A_ALT_85,COMPLETED,0,1.0,HIGH
ORD_ACC_A_84_2,ACC_A_84,2026-08-26T00:00:00,PROD_128,1228.29,DEV_A_11,ADDR_A_ALT_85,REFUNDED,1,1.0,HIGH
ORD_ACC_A_84_3,ACC_A_84,2026-08-30T00:00:00,PROD_128,1362.44,DEV_A_11,ADDR_A_ALT_85,REFUNDED,1,1.0,HIGH
ORD_ACC_A_84_4,ACC_A_84,2026-08-26T00:00:00,PROD_128,387.59,DEV_A_11,ADDR_A_ALT_85,REFUNDED,1,1.0,HIGH
ORD_ACC_A_84_5,ACC_A_84,2026-08-28T00:00:00,PROD_105,1067.61,DEV_A_11,ADDR_A_ALT_85,REFUNDED,1,1.0,HIGH
ORD_ACC_A_84_6,ACC_A_84,2026-08-26T00:00:00,PROD_128,1050.2,DEV_A_11,ADDR_A_ALT_85,COMPLETED,0,1.0,HIGH
ORD_ACC_A_84_7,ACC_A_84,2026-08-21T00:00:00,PROD_129,828.03,DEV_A_11,ADDR_A_ALT_85,REFUNDED,1,1.0,HIGH
ORD_ACC_A_84_8,ACC_A_84,2026-08-29T00:00:00,PROD_128,627.12,DEV_A_11,ADDR_A_ALT_85,REFUNDED,1,1.0,HIGH
ORD_ACC_A_84_9,ACC_A_84,2026-08-31T00:00:00,PROD_128,639.71,DEV_A_11,ADDR_A_ALT_85,REFUNDED,1,1.0,HIGH
ORD_ACC_A_84_10,ACC_A_84,2026-08-20T00:00:00,PROD_128,1254.86,DEV_A_11,ADDR_A_ALT_85,REFUNDED,1,1.0,HIGH
ORD_ACC_A_84_11,ACC_A_84,2026-08-29T00:00:00,PROD_118,250.31,DEV_A_11,ADDR_A_ALT_85,COMPLETED,0,1.0,HIGH
ORD_ACC_A_84_12,ACC_A_84,2026-08-23T00:00:00,PROD_128,1477.7,DEV_A_11,ADDR_A_ALT_85,REFUNDED,1,1.0,HIGH
ORD_ACC_A_84_13,ACC_A_84,2026-08-24T00:00:00,PROD_128,1076.17,DEV_A_11,ADDR_A_ALT_85,REFUNDED,1,1.0,HIGH
ORD_ACC_A_84_14,ACC_A_84,2026-08-31T00:00:00,PROD_128,343.97,DEV_A_11,ADDR_A_ALT_85,REFUNDED,1,1.0,HIGH
ORD_ACC_A_84_15,ACC_A_84,2026-08-18T00:00:00,PROD_128,769.18,DEV_A_11,ADDR_A_ALT_85,REFUNDED,1,1.0,HIGH
ORD_ACC_A_84_16,ACC_A_84,2026-08-29T00:00:00,PROD_132,420.45,DEV_A_11,ADDR_A_ALT_85,REFUNDED,1,1.0,HIGH
ORD_ACC_A_84_17,ACC_A_84,2026-08-24T00:00:00,PROD_128,746.94,DEV_A_11,ADDR_A_ALT_85,REFUNDED,1,1.0,HIGH
ORD_ACC_A_84_18,ACC_A_84,2026-08-23T00:00:00,PROD_128,470.25,DEV_A_11,ADDR_A_ALT_85,COMPLETED,0,1.0,HIGH
ORD_ACC_A_85_0,ACC_A_85,2026-08-26T00:00:00,PROD_139,1432.38,DEV_A_ALT_86,ADDR_A_11,REFUNDED,1,1.0,HIGH
ORD_ACC_A_85_1,ACC_A_85,2026-08-22T00:00:00,PROD_128,486.82,DEV_A_ALT_86,ADDR_A_11,REFUNDED,1,1.0,HIGH
ORD_ACC_A_85_2,ACC_A_85,2026-08-27T00:00:00,PROD_128,705.58,DEV_A_ALT_86,ADDR_A_11,REFUNDED,1,1.0,HIGH
ORD_ACC_A_85_3,ACC_A_85,2026-08-31T00:00:00,PROD_128,460.96,DEV_A_ALT_86,ADDR_A_11,COMPLETED,0,1.0,HIGH
ORD_ACC_A_85_4,ACC_A_85,2026-08-29T00:00:00,PROD_124,1469.61,DEV_A_ALT_86,ADDR_A_11,COMPLETED,0,1.0,HIGH
ORD_ACC_A_85_5,ACC_A_85,2026-08-24T00:00:00,PROD_128,853.68,DEV_A_ALT_86,ADDR_A_11,REFUNDED,1,1.0,HIGH
ORD_ACC_A_85_6,ACC_A_85,2026-08-30T00:00:00,PROD_128,802.95,DEV_A_ALT_86,ADDR_A_11,REFUNDED,1,1.0,HIGH
ORD_ACC_A_85_7,ACC_A_85,2026-08-31T00:00:00,PROD_128,274.91,DEV_A_ALT_86,ADDR_A_11,REFUNDED,1,1.0,HIGH
ORD_ACC_A_85_8,ACC_A_85,2026-08-22T00:00:00,PROD_128,1050.7,DEV_A_ALT_86,ADDR_A_11,REFUNDED,1,1.0,HIGH
ORD_ACC_A_85_9,ACC_A_85,2026-08-31T00:00:00,PROD_128,1140.07,DEV_A_ALT_86,ADDR_A_11,COMPLETED,0,1.0,HIGH
ORD_ACC_A_85_10,ACC_A_85,2026-08-31T00:00:00,PROD_128,1216.44,DEV_A_ALT_86,ADDR_A_11,REFUNDED,1,1.0,HIGH
ORD_ACC_A_85_11,ACC_A_85,2026-08-31T00:00:00,PROD_128,1260.12,DEV_A_ALT_86,ADDR_A_11,REFUNDED,1,1.0,HIGH
ORD_ACC_A_85_12,ACC_A_85,2026-08-31T00:00:00,PROD_128,1042.09,DEV_A_ALT_86,ADDR_A_11,REFUNDED,1,1.0,HIGH
ORD_ACC_A_85_13,ACC_A_85,2026-08-31T00:00:00,PROD_128,1145.14,DEV_A_ALT_86,ADDR_A_11,REFUNDED,1,1.0,HIGH
ORD_ACC_A_85_14,ACC_A_85,2026-08-25T00:00:00,PROD_128,1339.34,DEV_A_ALT_86,ADDR_A_11,REFUNDED,1,1.0,HIGH
ORD_ACC_A_85_15,ACC_A_85,2026-08-24T00:00:00,PROD_145,583.44,DEV_A_ALT_86,ADDR_A_11,REFUNDED,1,1.0,HIGH
ORD_ACC_A_85_16,ACC_A_85,2026-08-29T00:00:00,PROD_128,1164.39,DEV_A_ALT_86,ADDR_A_11,REFUNDED,1,1.0,HIGH
ORD_ACC_A_85_17,ACC_A_85,2026-08-30T00:00:00,PROD_128,1443.26,DEV_A_ALT_86,ADDR_A_11,REFUNDED,1,1.0,HIGH
ORD_ACC_A_85_18,ACC_A_85,2026-08-23T00:00:00,PROD_128,1409.75,DEV_A_ALT_86,ADDR_A_11,REFUNDED,1,1.0,HIGH
ORD_ACC_A_85_19,ACC_A_85,2026-08-30T00:00:00,PROD_128,1069.6,DEV_A_ALT_86,ADDR_A_11,REFUNDED,1,1.0,HIGH
ORD_ACC_A_85_20,ACC_A_85,2026-08-30T00:00:00,PROD_119,1303.45,DEV_A_ALT_86,ADDR_A_11,REFUNDED,1,1.0,HIGH
ORD_ACC_A_85_21,ACC_A_85,2026-08-22T00:00:00,PROD_128,435.32,DEV_A_ALT_86,ADDR_A_11,COMPLETED,0,1.0,HIGH
ORD_ACC_A_85_22,ACC_A_85,2026-08-27T00:00:00,PROD_128,670.27,DEV_A_ALT_86,ADDR_A_11,REFUNDED,1,1.0,HIGH
ORD_ACC_A_85_23,ACC_A_85,2026-08-26T00:00:00,PROD_104,267.19,DEV_A_ALT_86,ADDR_A_11,REFUNDED,1,1.0,HIGH
ORD_ACC_A_86_0,ACC_A_86,2026-08-29T00:00:00,PROD_137,1403.55,DEV_A_12,ADDR_A_ALT_87,REFUNDED,1,1.0,HIGH
ORD_ACC_A_86_1,ACC_A_86,2026-08-31T00:00:00,PROD_137,930.84,DEV_A_12,ADDR_A_ALT_87,REFUNDED,1,1.0,HIGH
ORD_ACC_A_86_2,ACC_A_86,2026-08-27T00:00:00,PROD_137,731.47,DEV_A_12,ADDR_A_ALT_87,REFUNDED,1,1.0,HIGH
ORD_ACC_A_86_3,ACC_A_86,2026-08-27T00:00:00,PROD_137,780.52,DEV_A_12,ADDR_A_ALT_87,REFUNDED,1,1.0,HIGH
ORD_ACC_A_86_4,ACC_A_86,2026-08-30T00:00:00,PROD_137,219.38,DEV_A_12,ADDR_A_ALT_87,REFUNDED,1,1.0,HIGH
ORD_ACC_A_86_5,ACC_A_86,2026-08-30T00:00:00,PROD_124,792.52,DEV_A_12,ADDR_A_ALT_87,REFUNDED,1,1.0,HIGH
ORD_ACC_A_86_6,ACC_A_86,2026-08-30T00:00:00,PROD_127,1166.68,DEV_A_12,ADDR_A_ALT_87,REFUNDED,1,1.0,HIGH
ORD_ACC_A_86_7,ACC_A_86,2026-08-30T00:00:00,PROD_137,429.08,DEV_A_12,ADDR_A_ALT_87,COMPLETED,0,1.0,HIGH
ORD_ACC_A_86_8,ACC_A_86,2026-08-29T00:00:00,PROD_107,667.51,DEV_A_12,ADDR_A_ALT_87,COMPLETED,0,1.0,HIGH
ORD_ACC_A_86_9,ACC_A_86,2026-08-28T00:00:00,PROD_105,646.63,DEV_A_12,ADDR_A_ALT_87,COMPLETED,0,1.0,HIGH
ORD_ACC_A_86_10,ACC_A_86,2026-08-27T00:00:00,PROD_137,1255.69,DEV_A_12,ADDR_A_ALT_87,COMPLETED,0,1.0,HIGH
ORD_ACC_A_86_11,ACC_A_86,2026-08-31T00:00:00,PROD_137,1271.6,DEV_A_12,ADDR_A_ALT_87,REFUNDED,1,1.0,HIGH
ORD_ACC_A_86_12,ACC_A_86,2026-08-31T00:00:00,PROD_137,688.09,DEV_A_12,ADDR_A_ALT_87,REFUNDED,1,1.0,HIGH
ORD_ACC_A_87_0,ACC_A_87,2026-08-24T00:00:00,PROD_110,736.68,DEV_A_12,ADDR_A_12,REFUNDED,1,1.0,HIGH
ORD_ACC_A_87_1,ACC_A_87,2026-08-19T00:00:00,PROD_145,190.84,DEV_A_12,ADDR_A_12,REFUNDED,1,1.0,HIGH
ORD_ACC_A_87_2,ACC_A_87,2026-08-28T00:00:00,PROD_137,1297.2,DEV_A_12,ADDR_A_12,REFUNDED,1,1.0,HIGH
ORD_ACC_A_87_3,ACC_A_87,2026-08-19T00:00:00,PROD_137,278.45,DEV_A_12,ADDR_A_12,REFUNDED,1,1.0,HIGH
ORD_ACC_A_87_4,ACC_A_87,2026-08-27T00:00:00,PROD_137,1310.82,DEV_A_12,ADDR_A_12,COMPLETED,0,1.0,HIGH
ORD_ACC_A_87_5,ACC_A_87,2026-08-19T00:00:00,PROD_137,554.83,DEV_A_12,ADDR_A_12,REFUNDED,1,1.0,HIGH
ORD_ACC_A_87_6,ACC_A_87,2026-08-18T00:00:00,PROD_137,678.42,DEV_A_12,ADDR_A_12,REFUNDED,1,1.0,HIGH
ORD_ACC_A_87_7,ACC_A_87,2026-08-31T00:00:00,PROD_137,1451.48,DEV_A_12,ADDR_A_12,REFUNDED,1,1.0,HIGH
ORD_ACC_A_87_8,ACC_A_87,2026-08-18T00:00:00,PROD_137,1253.99,DEV_A_12,ADDR_A_12,REFUNDED,1,1.0,HIGH
ORD_ACC_A_87_9,ACC_A_87,2026-08-29T00:00:00,PROD_137,1025.84,DEV_A_12,ADDR_A_12,REFUNDED,1,1.0,HIGH
ORD_ACC_A_87_10,ACC_A_87,2026-08-20T00:00:00,PROD_137,244.16,DEV_A_12,ADDR_A_12,REFUNDED,1,1.0,HIGH
ORD_ACC_A_87_11,ACC_A_87,2026-08-24T00:00:00,PROD_113,778.2,DEV_A_12,ADDR_A_12,REFUNDED,1,1.0,HIGH
ORD_ACC_A_87_12,ACC_A_87,2026-08-25T00:00:00,PROD_137,638.91,DEV_A_12,ADDR_A_12,REFUNDED,1,1.0,HIGH
ORD_ACC_A_87_13,ACC_A_87,2026-08-24T00:00:00,PROD_137,345.26,DEV_A_12,ADDR_A_12,REFUNDED,1,1.0,HIGH
ORD_ACC_A_87_14,ACC_A_87,2026-08-18T00:00:00,PROD_137,556.92,DEV_A_12,ADDR_A_12,REFUNDED,1,1.0,HIGH
ORD_ACC_A_87_15,ACC_A_87,2026-08-28T00:00:00,PROD_137,1468.05,DEV_A_12,ADDR_A_12,REFUNDED,1,1.0,HIGH
ORD_ACC_A_88_0,ACC_A_88,2026-08-24T00:00:00,PROD_137,605.72,DEV_A_12,ADDR_A_12,REFUNDED,1,1.0,HIGH
ORD_ACC_A_88_1,ACC_A_88,2026-08-21T00:00:00,PROD_108,381.22,DEV_A_12,ADDR_A_12,REFUNDED,1,1.0,HIGH
ORD_ACC_A_88_2,ACC_A_88,2026-08-20T00:00:00,PROD_137,562.03,DEV_A_12,ADDR_A_12,REFUNDED,1,1.0,HIGH
ORD_ACC_A_88_3,ACC_A_88,2026-08-31T00:00:00,PROD_103,1238.61,DEV_A_12,ADDR_A_12,REFUNDED,1,1.0,HIGH
ORD_ACC_A_88_4,ACC_A_88,2026-08-25T00:00:00,PROD_137,801.86,DEV_A_12,ADDR_A_12,REFUNDED,1,1.0,HIGH
ORD_ACC_A_88_5,ACC_A_88,2026-08-29T00:00:00,PROD_137,1081.41,DEV_A_12,ADDR_A_12,REFUNDED,1,1.0,HIGH
ORD_ACC_A_88_6,ACC_A_88,2026-08-18T00:00:00,PROD_137,1296.04,DEV_A_12,ADDR_A_12,REFUNDED,1,1.0,HIGH
ORD_ACC_A_88_7,ACC_A_88,2026-08-23T00:00:00,PROD_137,597.76,DEV_A_12,ADDR_A_12,REFUNDED,1,1.0,HIGH
ORD_ACC_A_88_8,ACC_A_88,2026-08-23T00:00:00,PROD_137,803.9,DEV_A_12,ADDR_A_12,REFUNDED,1,1.0,HIGH
ORD_ACC_A_88_9,ACC_A_88,2026-08-26T00:00:00,PROD_137,269.13,DEV_A_12,ADDR_A_12,REFUNDED,1,1.0,HIGH
ORD_ACC_A_88_10,ACC_A_88,2026-08-27T00:00:00,PROD_126,904.08,DEV_A_12,ADDR_A_12,REFUNDED,1,1.0,HIGH
ORD_ACC_A_88_11,ACC_A_88,2026-08-24T00:00:00,PROD_137,679.5,DEV_A_12,ADDR_A_12,REFUNDED,1,1.0,HIGH
ORD_ACC_A_89_0,ACC_A_89,2026-08-29T00:00:00,PROD_137,1019.17,DEV_A_ALT_90,ADDR_A_12,REFUNDED,1,1.0,HIGH
ORD_ACC_A_89_1,ACC_A_89,2026-08-30T00:00:00,PROD_137,887.81,DEV_A_ALT_90,ADDR_A_12,REFUNDED,1,1.0,HIGH
ORD_ACC_A_89_2,ACC_A_89,2026-08-30T00:00:00,PROD_137,1039.26,DEV_A_ALT_90,ADDR_A_12,REFUNDED,1,1.0,HIGH
ORD_ACC_A_89_3,ACC_A_89,2026-08-28T00:00:00,PROD_137,772.36,DEV_A_ALT_90,ADDR_A_12,REFUNDED,1,1.0,HIGH
ORD_ACC_A_89_4,ACC_A_89,2026-08-31T00:00:00,PROD_137,1110.56,DEV_A_ALT_90,ADDR_A_12,REFUNDED,1,1.0,HIGH
ORD_ACC_A_89_5,ACC_A_89,2026-08-29T00:00:00,PROD_102,975.47,DEV_A_ALT_90,ADDR_A_12,REFUNDED,1,1.0,HIGH
ORD_ACC_A_89_6,ACC_A_89,2026-08-29T00:00:00,PROD_132,932.07,DEV_A_ALT_90,ADDR_A_12,REFUNDED,1,1.0,HIGH
ORD_ACC_A_89_7,ACC_A_89,2026-08-30T00:00:00,PROD_137,1424.53,DEV_A_ALT_90,ADDR_A_12,REFUNDED,1,1.0,HIGH
ORD_ACC_A_89_8,ACC_A_89,2026-08-30T00:00:00,PROD_137,637.07,DEV_A_ALT_90,ADDR_A_12,REFUNDED,1,1.0,HIGH
ORD_ACC_A_89_9,ACC_A_89,2026-08-31T00:00:00,PROD_137,315.93,DEV_A_ALT_90,ADDR_A_12,REFUNDED,1,1.0,HIGH
ORD_ACC_A_89_10,ACC_A_89,2026-08-29T00:00:00,PROD_131,1039.9,DEV_A_ALT_90,ADDR_A_12,REFUNDED,1,1.0,HIGH
ORD_ACC_A_89_11,ACC_A_89,2026-08-28T00:00:00,PROD_137,290.14,DEV_A_ALT_90,ADDR_A_12,REFUNDED,1,1.0,HIGH
ORD_ACC_A_89_12,ACC_A_89,2026-08-30T00:00:00,PROD_110,870.81,DEV_A_ALT_90,ADDR_A_12,REFUNDED,1,1.0,HIGH
ORD_ACC_A_89_13,ACC_A_89,2026-08-28T00:00:00,PROD_128,654.43,DEV_A_ALT_90,ADDR_A_12,REFUNDED,1,1.0,HIGH
ORD_ACC_A_89_14,ACC_A_89,2026-08-31T00:00:00,PROD_137,379.08,DEV_A_ALT_90,ADDR_A_12,REFUNDED,1,1.0,HIGH
ORD_ACC_A_89_15,ACC_A_89,2026-08-30T00:00:00,PROD_137,1481.7,DEV_A_ALT_90,ADDR_A_12,REFUNDED,1,1.0,HIGH
ORD_ACC_A_89_16,ACC_A_89,2026-08-28T00:00:00,PROD_137,996.84,DEV_A_ALT_90,ADDR_A_12,REFUNDED,1,1.0,HIGH
ORD_ACC_A_89_17,ACC_A_89,2026-08-28T00:00:00,PROD_112,1023.09,DEV_A_ALT_90,ADDR_A_12,REFUNDED,1,1.0,HIGH
ORD_ACC_A_89_18,ACC_A_89,2026-08-28T00:00:00,PROD_137,769.64,DEV_A_ALT_90,ADDR_A_12,REFUNDED,1,1.0,HIGH
ORD_ACC_A_89_19,ACC_A_89,2026-08-30T00:00:00,PROD_137,941.45,DEV_A_ALT_90,ADDR_A_12,REFUNDED,1,1.0,HIGH
ORD_ACC_A_89_20,ACC_A_89,2026-08-29T00:00:00,PROD_137,478.76,DEV_A_ALT_90,ADDR_A_12,REFUNDED,1,1.0,HIGH
ORD_ACC_A_89_21,ACC_A_89,2026-08-30T00:00:00,PROD_137,1106.15,DEV_A_ALT_90,ADDR_A_12,REFUNDED,1,1.0,HIGH
ORD_ACC_A_89_22,ACC_A_89,2026-08-31T00:00:00,PROD_137,181.39,DEV_A_ALT_90,ADDR_A_12,REFUNDED,1,1.0,HIGH
ORD_ACC_A_90_0,ACC_A_90,2026-08-29T00:00:00,PROD_103,542.73,DEV_A_12,ADDR_A_12,COMPLETED,0,1.0,HIGH
ORD_ACC_A_90_1,ACC_A_90,2026-08-21T00:00:00,PROD_137,145.73,DEV_A_12,ADDR_A_12,REFUNDED,1,1.0,HIGH
ORD_ACC_A_90_2,ACC_A_90,2026-08-18T00:00:00,PROD_137,226.87,DEV_A_12,ADDR_A_12,REFUNDED,1,1.0,HIGH
ORD_ACC_A_90_3,ACC_A_90,2026-08-22T00:00:00,PROD_137,1202.45,DEV_A_12,ADDR_A_12,REFUNDED,1,1.0,HIGH
ORD_ACC_A_90_4,ACC_A_90,2026-08-30T00:00:00,PROD_102,1382.91,DEV_A_12,ADDR_A_12,REFUNDED,1,1.0,HIGH
ORD_ACC_A_90_5,ACC_A_90,2026-08-28T00:00:00,PROD_137,826.67,DEV_A_12,ADDR_A_12,COMPLETED,0,1.0,HIGH
ORD_ACC_A_90_6,ACC_A_90,2026-08-24T00:00:00,PROD_137,1384.74,DEV_A_12,ADDR_A_12,REFUNDED,1,1.0,HIGH
ORD_ACC_A_90_7,ACC_A_90,2026-08-27T00:00:00,PROD_137,441.62,DEV_A_12,ADDR_A_12,REFUNDED,1,1.0,HIGH
ORD_ACC_A_90_8,ACC_A_90,2026-08-23T00:00:00,PROD_137,946.14,DEV_A_12,ADDR_A_12,REFUNDED,1,1.0,HIGH
ORD_ACC_A_90_9,ACC_A_90,2026-08-22T00:00:00,PROD_137,629.15,DEV_A_12,ADDR_A_12,REFUNDED,1,1.0,HIGH
ORD_ACC_A_90_10,ACC_A_90,2026-08-28T00:00:00,PROD_137,1442.68,DEV_A_12,ADDR_A_12,REFUNDED,1,1.0,HIGH
ORD_ACC_A_90_11,ACC_A_90,2026-08-21T00:00:00,PROD_137,1210.13,DEV_A_12,ADDR_A_12,REFUNDED,1,1.0,HIGH
ORD_ACC_A_90_12,ACC_A_90,2026-08-30T00:00:00,PROD_137,1453.07,DEV_A_12,ADDR_A_12,REFUNDED,1,1.0,HIGH
ORD_ACC_A_90_13,ACC_A_90,2026-08-22T00:00:00,PROD_137,520.32,DEV_A_12,ADDR_A_12,REFUNDED,1,1.0,HIGH
ORD_ACC_A_90_14,ACC_A_90,2026-08-21T00:00:00,PROD_137,908.38,DEV_A_12,ADDR_A_12,REFUNDED,1,1.0,HIGH
ORD_ACC_A_90_15,ACC_A_90,2026-08-22T00:00:00,PROD_137,974.8,DEV_A_12,ADDR_A_12,REFUNDED,1,1.0,HIGH
ORD_ACC_A_90_16,ACC_A_90,2026-08-19T00:00:00,PROD_137,1180.24,DEV_A_12,ADDR_A_12,REFUNDED,1,1.0,HIGH
ORD_ACC_A_90_17,ACC_A_90,2026-08-21T00:00:00,PROD_102,686.23,DEV_A_12,ADDR_A_12,REFUNDED,1,1.0,HIGH
ORD_ACC_A_91_0,ACC_A_91,2026-08-17T00:00:00,PROD_137,1493.49,DEV_A_ALT_92,ADDR_A_ALT_92,REFUNDED,1,1.0,HIGH
ORD_ACC_A_91_1,ACC_A_91,2026-08-31T00:00:00,PROD_130,1006.73,DEV_A_ALT_92,ADDR_A_ALT_92,REFUNDED,1,1.0,HIGH
ORD_ACC_A_91_2,ACC_A_91,2026-08-23T00:00:00,PROD_137,745.59,DEV_A_ALT_92,ADDR_A_ALT_92,REFUNDED,1,1.0,HIGH
ORD_ACC_A_91_3,ACC_A_91,2026-08-31T00:00:00,PROD_137,839.27,DEV_A_ALT_92,ADDR_A_ALT_92,REFUNDED,1,1.0,HIGH
ORD_ACC_A_91_4,ACC_A_91,2026-08-20T00:00:00,PROD_137,1158.72,DEV_A_ALT_92,ADDR_A_ALT_92,REFUNDED,1,1.0,HIGH
ORD_ACC_A_91_5,ACC_A_91,2026-08-20T00:00:00,PROD_137,111.93,DEV_A_ALT_92,ADDR_A_ALT_92,REFUNDED,1,1.0,HIGH
ORD_ACC_A_91_6,ACC_A_91,2026-08-17T00:00:00,PROD_135,106.18,DEV_A_ALT_92,ADDR_A_ALT_92,REFUNDED,1,1.0,HIGH
ORD_ACC_A_91_7,ACC_A_91,2026-08-23T00:00:00,PROD_106,555.99,DEV_A_ALT_92,ADDR_A_ALT_92,REFUNDED,1,1.0,HIGH
ORD_ACC_A_91_8,ACC_A_91,2026-08-18T00:00:00,PROD_137,757.87,DEV_A_ALT_92,ADDR_A_ALT_92,REFUNDED,1,1.0,HIGH
ORD_ACC_A_91_9,ACC_A_91,2026-08-25T00:00:00,PROD_137,1279.1,DEV_A_ALT_92,ADDR_A_ALT_92,REFUNDED,1,1.0,HIGH
ORD_ACC_A_91_10,ACC_A_91,2026-08-19T00:00:00,PROD_133,146.72,DEV_A_ALT_92,ADDR_A_ALT_92,REFUNDED,1,1.0,HIGH
ORD_ACC_A_91_11,ACC_A_91,2026-08-26T00:00:00,PROD_137,1225.36,DEV_A_ALT_92,ADDR_A_ALT_92,REFUNDED,1,1.0,HIGH
ORD_ACC_A_91_12,ACC_A_91,2026-08-28T00:00:00,PROD_137,1051.41,DEV_A_ALT_92,ADDR_A_ALT_92,REFUNDED,1,1.0,HIGH
ORD_ACC_A_91_13,ACC_A_91,2026-08-24T00:00:00,PROD_137,784.32,DEV_A_ALT_92,ADDR_A_ALT_92,REFUNDED,1,1.0,HIGH
ORD_ACC_A_91_14,ACC_A_91,2026-08-27T00:00:00,PROD_124,1163.47,DEV_A_ALT_92,ADDR_A_ALT_92,REFUNDED,1,1.0,HIGH
ORD_ACC_A_92_0,ACC_A_92,2026-08-29T00:00:00,PROD_144,906.66,DEV_A_12,ADDR_A_ALT_93,REFUNDED,1,1.0,HIGH
ORD_ACC_A_92_1,ACC_A_92,2026-08-31T00:00:00,PROD_137,1072.14,DEV_A_12,ADDR_A_ALT_93,REFUNDED,1,1.0,HIGH
ORD_ACC_A_92_2,ACC_A_92,2026-08-25T00:00:00,PROD_137,348.78,DEV_A_12,ADDR_A_ALT_93,REFUNDED,1,1.0,HIGH
ORD_ACC_A_92_3,ACC_A_92,2026-08-26T00:00:00,PROD_137,1235.23,DEV_A_12,ADDR_A_ALT_93,REFUNDED,1,1.0,HIGH
ORD_ACC_A_92_4,ACC_A_92,2026-08-30T00:00:00,PROD_136,1108.42,DEV_A_12,ADDR_A_ALT_93,REFUNDED,1,1.0,HIGH
ORD_ACC_A_92_5,ACC_A_92,2026-08-26T00:00:00,PROD_148,257.5,DEV_A_12,ADDR_A_ALT_93,REFUNDED,1,1.0,HIGH
ORD_ACC_A_92_6,ACC_A_92,2026-08-25T00:00:00,PROD_137,257.1,DEV_A_12,ADDR_A_ALT_93,REFUNDED,1,1.0,HIGH
ORD_ACC_A_92_7,ACC_A_92,2026-08-25T00:00:00,PROD_137,425.11,DEV_A_12,ADDR_A_ALT_93,COMPLETED,0,1.0,HIGH
ORD_ACC_A_92_8,ACC_A_92,2026-08-28T00:00:00,PROD_137,698.95,DEV_A_12,ADDR_A_ALT_93,REFUNDED,1,1.0,HIGH
ORD_ACC_A_92_9,ACC_A_92,2026-08-26T00:00:00,PROD_134,615.58,DEV_A_12,ADDR_A_ALT_93,REFUNDED,1,1.0,HIGH
ORD_ACC_A_92_10,ACC_A_92,2026-08-27T00:00:00,PROD_137,862.43,DEV_A_12,ADDR_A_ALT_93,REFUNDED,1,1.0,HIGH
ORD_ACC_A_92_11,ACC_A_92,2026-08-25T00:00:00,PROD_137,916.05,DEV_A_12,ADDR_A_ALT_93,REFUNDED,1,1.0,HIGH
ORD_ACC_A_92_12,ACC_A_92,2026-08-30T00:00:00,PROD_103,1163.16,DEV_A_12,ADDR_A_ALT_93,REFUNDED,1,1.0,HIGH
ORD_ACC_A_92_13,ACC_A_92,2026-08-26T00:00:00,PROD_137,518.87,DEV_A_12,ADDR_A_ALT_93,REFUNDED,1,1.0,HIGH
ORD_ACC_A_92_14,ACC_A_92,2026-08-26T00:00:00,PROD_137,437.46,DEV_A_12,ADDR_A_ALT_93,REFUNDED,1,1.0,HIGH
ORD_ACC_A_92_15,ACC_A_92,2026-08-30T00:00:00,PROD_137,520.91,DEV_A_12,ADDR_A_ALT_93,COMPLETED,0,1.0,HIGH
ORD_ACC_A_92_16,ACC_A_92,2026-08-29T00:00:00,PROD_137,1177.03,DEV_A_12,ADDR_A_ALT_93,REFUNDED,1,1.0,HIGH
ORD_ACC_A_93_0,ACC_A_93,2026-08-30T00:00:00,PROD_146,849.58,DEV_A_13,ADDR_A_13,REFUNDED,1,1.0,HIGH
ORD_ACC_A_93_1,ACC_A_93,2026-08-29T00:00:00,PROD_129,1493.52,DEV_A_13,ADDR_A_13,REFUNDED,1,1.0,HIGH
ORD_ACC_A_93_2,ACC_A_93,2026-08-28T00:00:00,PROD_146,254.14,DEV_A_13,ADDR_A_13,REFUNDED,1,1.0,HIGH
ORD_ACC_A_93_3,ACC_A_93,2026-08-27T00:00:00,PROD_147,1372.98,DEV_A_13,ADDR_A_13,REFUNDED,1,1.0,HIGH
ORD_ACC_A_93_4,ACC_A_93,2026-08-28T00:00:00,PROD_113,685.15,DEV_A_13,ADDR_A_13,REFUNDED,1,1.0,HIGH
ORD_ACC_A_93_5,ACC_A_93,2026-08-31T00:00:00,PROD_146,392.76,DEV_A_13,ADDR_A_13,REFUNDED,1,1.0,HIGH
ORD_ACC_A_93_6,ACC_A_93,2026-08-28T00:00:00,PROD_111,884.37,DEV_A_13,ADDR_A_13,REFUNDED,1,1.0,HIGH
ORD_ACC_A_93_7,ACC_A_93,2026-08-27T00:00:00,PROD_146,234.38,DEV_A_13,ADDR_A_13,COMPLETED,0,1.0,HIGH
ORD_ACC_A_93_8,ACC_A_93,2026-08-31T00:00:00,PROD_117,1215.14,DEV_A_13,ADDR_A_13,REFUNDED,1,1.0,HIGH
ORD_ACC_A_93_9,ACC_A_93,2026-08-30T00:00:00,PROD_146,1406.42,DEV_A_13,ADDR_A_13,REFUNDED,1,1.0,HIGH
ORD_ACC_A_93_10,ACC_A_93,2026-08-28T00:00:00,PROD_146,359.6,DEV_A_13,ADDR_A_13,REFUNDED,1,1.0,HIGH
ORD_ACC_A_93_11,ACC_A_93,2026-08-27T00:00:00,PROD_146,604.74,DEV_A_13,ADDR_A_13,REFUNDED,1,1.0,HIGH
ORD_ACC_A_93_12,ACC_A_93,2026-08-29T00:00:00,PROD_115,854.28,DEV_A_13,ADDR_A_13,REFUNDED,1,1.0,HIGH
ORD_ACC_A_93_13,ACC_A_93,2026-08-29T00:00:00,PROD_146,1172.15,DEV_A_13,ADDR_A_13,REFUNDED,1,1.0,HIGH
ORD_ACC_A_93_14,ACC_A_93,2026-08-30T00:00:00,PROD_146,139.19,DEV_A_13,ADDR_A_13,COMPLETED,0,1.0,HIGH
ORD_ACC_A_93_15,ACC_A_93,2026-08-30T00:00:00,PROD_146,703.53,DEV_A_13,ADDR_A_13,REFUNDED,1,1.0,HIGH
ORD_ACC_A_93_16,ACC_A_93,2026-08-29T00:00:00,PROD_124,1477.4,DEV_A_13,ADDR_A_13,REFUNDED,1,1.0,HIGH
ORD_ACC_A_94_0,ACC_A_94,2026-08-21T00:00:00,PROD_123,294.99,DEV_A_13,ADDR_A_13,REFUNDED,1,1.0,HIGH
ORD_ACC_A_94_1,ACC_A_94,2026-08-23T00:00:00,PROD_146,684.96,DEV_A_13,ADDR_A_13,COMPLETED,0,1.0,HIGH
ORD_ACC_A_94_2,ACC_A_94,2026-08-23T00:00:00,PROD_146,539.22,DEV_A_13,ADDR_A_13,REFUNDED,1,1.0,HIGH
ORD_ACC_A_94_3,ACC_A_94,2026-08-24T00:00:00,PROD_146,641.24,DEV_A_13,ADDR_A_13,REFUNDED,1,1.0,HIGH
ORD_ACC_A_94_4,ACC_A_94,2026-08-28T00:00:00,PROD_146,128.4,DEV_A_13,ADDR_A_13,REFUNDED,1,1.0,HIGH
ORD_ACC_A_94_5,ACC_A_94,2026-08-29T00:00:00,PROD_146,828.93,DEV_A_13,ADDR_A_13,REFUNDED,1,1.0,HIGH
ORD_ACC_A_94_6,ACC_A_94,2026-08-24T00:00:00,PROD_146,1406.07,DEV_A_13,ADDR_A_13,REFUNDED,1,1.0,HIGH
ORD_ACC_A_94_7,ACC_A_94,2026-08-25T00:00:00,PROD_146,383.3,DEV_A_13,ADDR_A_13,REFUNDED,1,1.0,HIGH
ORD_ACC_A_94_8,ACC_A_94,2026-08-31T00:00:00,PROD_146,244.38,DEV_A_13,ADDR_A_13,REFUNDED,1,1.0,HIGH
ORD_ACC_A_94_9,ACC_A_94,2026-08-23T00:00:00,PROD_146,1177.28,DEV_A_13,ADDR_A_13,REFUNDED,1,1.0,HIGH
ORD_ACC_A_94_10,ACC_A_94,2026-08-27T00:00:00,PROD_142,952.13,DEV_A_13,ADDR_A_13,REFUNDED,1,1.0,HIGH
ORD_ACC_A_94_11,ACC_A_94,2026-08-27T00:00:00,PROD_146,899.35,DEV_A_13,ADDR_A_13,REFUNDED,1,1.0,HIGH
ORD_ACC_A_94_12,ACC_A_94,2026-08-27T00:00:00,PROD_143,1294.53,DEV_A_13,ADDR_A_13,REFUNDED,1,1.0,HIGH
ORD_ACC_A_94_13,ACC_A_94,2026-08-28T00:00:00,PROD_106,1419.9,DEV_A_13,ADDR_A_13,REFUNDED,1,1.0,HIGH
ORD_ACC_A_94_14,ACC_A_94,2026-08-25T00:00:00,PROD_146,428.82,DEV_A_13,ADDR_A_13,REFUNDED,1,1.0,HIGH
ORD_ACC_A_94_15,ACC_A_94,2026-08-23T00:00:00,PROD_146,483.77,DEV_A_13,ADDR_A_13,REFUNDED,1,1.0,HIGH
ORD_ACC_A_94_16,ACC_A_94,2026-08-19T00:00:00,PROD_146,103.72,DEV_A_13,ADDR_A_13,REFUNDED,1,1.0,HIGH
ORD_ACC_A_94_17,ACC_A_94,2026-08-29T00:00:00,PROD_146,327.98,DEV_A_13,ADDR_A_13,REFUNDED,1,1.0,HIGH
ORD_ACC_A_95_0,ACC_A_95,2026-08-31T00:00:00,PROD_146,635.71,DEV_A_13,ADDR_A_13,COMPLETED,0,1.0,HIGH
ORD_ACC_A_95_1,ACC_A_95,2026-08-31T00:00:00,PROD_146,1135.68,DEV_A_13,ADDR_A_13,REFUNDED,1,1.0,HIGH
ORD_ACC_A_95_2,ACC_A_95,2026-08-31T00:00:00,PROD_146,514.67,DEV_A_13,ADDR_A_13,REFUNDED,1,1.0,HIGH
ORD_ACC_A_95_3,ACC_A_95,2026-08-27T00:00:00,PROD_146,957.48,DEV_A_13,ADDR_A_13,REFUNDED,1,1.0,HIGH
ORD_ACC_A_95_4,ACC_A_95,2026-08-18T00:00:00,PROD_146,1106.68,DEV_A_13,ADDR_A_13,COMPLETED,0,1.0,HIGH
ORD_ACC_A_95_5,ACC_A_95,2026-08-27T00:00:00,PROD_146,488.44,DEV_A_13,ADDR_A_13,COMPLETED,0,1.0,HIGH
ORD_ACC_A_95_6,ACC_A_95,2026-08-21T00:00:00,PROD_146,788.25,DEV_A_13,ADDR_A_13,REFUNDED,1,1.0,HIGH
ORD_ACC_A_96_0,ACC_A_96,2026-08-25T00:00:00,PROD_117,588.8,DEV_A_ALT_97,ADDR_A_13,COMPLETED,0,1.0,HIGH
ORD_ACC_A_96_1,ACC_A_96,2026-08-29T00:00:00,PROD_146,1355.67,DEV_A_ALT_97,ADDR_A_13,REFUNDED,1,1.0,HIGH
ORD_ACC_A_96_2,ACC_A_96,2026-08-27T00:00:00,PROD_146,1139.55,DEV_A_ALT_97,ADDR_A_13,REFUNDED,1,1.0,HIGH
ORD_ACC_A_96_3,ACC_A_96,2026-08-19T00:00:00,PROD_146,194.74,DEV_A_ALT_97,ADDR_A_13,COMPLETED,0,1.0,HIGH
ORD_ACC_A_96_4,ACC_A_96,2026-08-19T00:00:00,PROD_146,340.15,DEV_A_ALT_97,ADDR_A_13,REFUNDED,1,1.0,HIGH
ORD_ACC_A_96_5,ACC_A_96,2026-08-21T00:00:00,PROD_146,1022.29,DEV_A_ALT_97,ADDR_A_13,COMPLETED,0,1.0,HIGH
ORD_ACC_A_96_6,ACC_A_96,2026-08-20T00:00:00,PROD_146,142.6,DEV_A_ALT_97,ADDR_A_13,REFUNDED,1,1.0,HIGH
ORD_ACC_A_97_0,ACC_A_97,2026-08-19T00:00:00,PROD_146,270.88,DEV_A_13,ADDR_A_13,REFUNDED,1,1.0,HIGH
ORD_ACC_A_97_1,ACC_A_97,2026-08-26T00:00:00,PROD_146,457.65,DEV_A_13,ADDR_A_13,REFUNDED,1,1.0,HIGH
ORD_ACC_A_97_2,ACC_A_97,2026-08-27T00:00:00,PROD_146,1155.24,DEV_A_13,ADDR_A_13,REFUNDED,1,1.0,HIGH
ORD_ACC_A_97_3,ACC_A_97,2026-08-23T00:00:00,PROD_146,1441.49,DEV_A_13,ADDR_A_13,COMPLETED,0,1.0,HIGH
ORD_ACC_A_97_4,ACC_A_97,2026-08-19T00:00:00,PROD_146,1015.01,DEV_A_13,ADDR_A_13,REFUNDED,1,1.0,HIGH
ORD_ACC_A_97_5,ACC_A_97,2026-08-29T00:00:00,PROD_146,254.93,DEV_A_13,ADDR_A_13,REFUNDED,1,1.0,HIGH
ORD_ACC_A_97_6,ACC_A_97,2026-08-30T00:00:00,PROD_146,1461.07,DEV_A_13,ADDR_A_13,REFUNDED,1,1.0,HIGH
ORD_ACC_A_97_7,ACC_A_97,2026-08-26T00:00:00,PROD_130,1450.8,DEV_A_13,ADDR_A_13,COMPLETED,0,1.0,HIGH
ORD_ACC_A_97_8,ACC_A_97,2026-08-20T00:00:00,PROD_146,419.16,DEV_A_13,ADDR_A_13,REFUNDED,1,1.0,HIGH
ORD_ACC_A_97_9,ACC_A_97,2026-08-28T00:00:00,PROD_146,1342.36,DEV_A_13,ADDR_A_13,REFUNDED,1,1.0,HIGH
ORD_ACC_A_97_10,ACC_A_97,2026-08-26T00:00:00,PROD_146,164.16,DEV_A_13,ADDR_A_13,REFUNDED,1,1.0,HIGH
ORD_ACC_A_98_0,ACC_A_98,2026-08-23T00:00:00,PROD_143,1444.4,DEV_A_ALT_99,ADDR_A_13,REFUNDED,1,1.0,HIGH
ORD_ACC_A_98_1,ACC_A_98,2026-08-24T00:00:00,PROD_146,999.3,DEV_A_ALT_99,ADDR_A_13,REFUNDED,1,1.0,HIGH
ORD_ACC_A_98_2,ACC_A_98,2026-08-29T00:00:00,PROD_146,1280.17,DEV_A_ALT_99,ADDR_A_13,REFUNDED,1,1.0,HIGH
ORD_ACC_A_98_3,ACC_A_98,2026-08-28T00:00:00,PROD_146,414.67,DEV_A_ALT_99,ADDR_A_13,REFUNDED,1,1.0,HIGH
ORD_ACC_A_98_4,ACC_A_98,2026-08-18T00:00:00,PROD_146,234.44,DEV_A_ALT_99,ADDR_A_13,REFUNDED,1,1.0,HIGH
ORD_ACC_A_98_5,ACC_A_98,2026-08-22T00:00:00,PROD_121,1008.39,DEV_A_ALT_99,ADDR_A_13,REFUNDED,1,1.0,HIGH
ORD_ACC_A_98_6,ACC_A_98,2026-08-19T00:00:00,PROD_146,1261.82,DEV_A_ALT_99,ADDR_A_13,COMPLETED,0,1.0,HIGH
ORD_ACC_A_98_7,ACC_A_98,2026-08-24T00:00:00,PROD_146,1025.11,DEV_A_ALT_99,ADDR_A_13,REFUNDED,1,1.0,HIGH
ORD_ACC_A_98_8,ACC_A_98,2026-08-30T00:00:00,PROD_146,879.93,DEV_A_ALT_99,ADDR_A_13,COMPLETED,0,1.0,HIGH
ORD_ACC_A_98_9,ACC_A_98,2026-08-29T00:00:00,PROD_146,246.68,DEV_A_ALT_99,ADDR_A_13,REFUNDED,1,1.0,HIGH
ORD_ACC_A_98_10,ACC_A_98,2026-08-27T00:00:00,PROD_146,758.73,DEV_A_ALT_99,ADDR_A_13,REFUNDED,1,1.0,HIGH
ORD_ACC_A_98_11,ACC_A_98,2026-08-24T00:00:00,PROD_100,274.82,DEV_A_ALT_99,ADDR_A_13,COMPLETED,0,1.0,HIGH
ORD_ACC_A_99_0,ACC_A_99,2026-08-21T00:00:00,PROD_133,1345.53,DEV_A_13,ADDR_A_13,REFUNDED,1,1.0,HIGH
ORD_ACC_A_99_1,ACC_A_99,2026-08-26T00:00:00,PROD_146,1043.89,DEV_A_13,ADDR_A_13,REFUNDED,1,1.0,HIGH
ORD_ACC_A_99_2,ACC_A_99,2026-08-19T00:00:00,PROD_146,489.39,DEV_A_13,ADDR_A_13,REFUNDED,1,1.0,HIGH
ORD_ACC_A_99_3,ACC_A_99,2026-08-24T00:00:00,PROD_149,289.14,DEV_A_13,ADDR_A_13,REFUNDED,1,1.0,HIGH
ORD_ACC_A_99_4,ACC_A_99,2026-08-19T00:00:00,PROD_146,757.95,DEV_A_13,ADDR_A_13,REFUNDED,1,1.0,HIGH
ORD_ACC_A_99_5,ACC_A_99,2026-08-23T00:00:00,PROD_146,102.2,DEV_A_13,ADDR_A_13,REFUNDED,1,1.0,HIGH
ORD_ACC_A_99_6,ACC_A_99,2026-08-26T00:00:00,PROD_146,1276.27,DEV_A_13,ADDR_A_13,REFUNDED,1,1.0,HIGH
ORD_ACC_A_99_7,ACC_A_99,2026-08-31T00:00:00,PROD_107,528.59,DEV_A_13,ADDR_A_13,REFUNDED,1,1.0,HIGH
ORD_ACC_A_99_8,ACC_A_99,2026-08-31T00:00:00,PROD_130,291.43,DEV_A_13,ADDR_A_13,REFUNDED,1,1.0,HIGH
ORD_ACC_A_99_9,ACC_A_99,2026-08-26T00:00:00,PROD_146,285.36,DEV_A_13,ADDR_A_13,COMPLETED,0,1.0,HIGH
ORD_ACC_A_99_10,ACC_A_99,2026-08-27T00:00:00,PROD_146,1426.01,DEV_A_13,ADDR_A_13,COMPLETED,0,1.0,HIGH
ORD_ACC_A_99_11,ACC_A_99,2026-08-20T00:00:00,PROD_146,238.11,DEV_A_13,ADDR_A_13,REFUNDED,1,1.0,HIGH
ORD_ACC_A_99_12,ACC_A_99,2026-08-24T00:00:00,PROD_146,541.14,DEV_A_13,ADDR_A_13,REFUNDED,1,1.0,HIGH
ORD_ACC_A_99_13,ACC_A_99,2026-08-28T00:00:00,PROD_110,573.62,DEV_A_13,ADDR_A_13,REFUNDED,1,1.0,HIGH
ORD_ACC_A_99_14,ACC_A_99,2026-08-19T00:00:00,PROD_148,958.59,DEV_A_13,ADDR_A_13,REFUNDED,1,1.0,HIGH
ORD_ACC_A_99_15,ACC_A_99,2026-08-28T00:00:00,PROD_146,939.18,DEV_A_13,ADDR_A_13,REFUNDED,1,1.0,HIGH
ORD_ACC_A_99_16,ACC_A_99,2026-08-31T00:00:00,PROD_146,830.69,DEV_A_13,ADDR_A_13,REFUNDED,1,1.0,HIGH
ORD_ACC_A_99_17,ACC_A_99,2026-08-22T00:00:00,PROD_118,1228.11,DEV_A_13,ADDR_A_13,REFUNDED,1,1.0,HIGH
ORD_ACC_A_99_18,ACC_A_99,2026-08-30T00:00:00,PROD_146,217.72,DEV_A_13,ADDR_A_13,REFUNDED,1,1.0,HIGH
ORD_ACC_A_99_19,ACC_A_99,2026-08-24T00:00:00,PROD_146,1469.58,DEV_A_13,ADDR_A_13,REFUNDED,1,1.0,HIGH
ORD_ACC_A_99_20,ACC_A_99,2026-08-24T00:00:00,PROD_102,151.72,DEV_A_13,ADDR_A_13,REFUNDED,1,1.0,HIGH
ORD_ACC_A_100_0,ACC_A_100,2026-08-26T00:00:00,PROD_146,904.95,DEV_A_13,ADDR_A_13,COMPLETED,0,1.0,HIGH
ORD_ACC_A_100_1,ACC_A_100,2026-08-25T00:00:00,PROD_146,231.73,DEV_A_13,ADDR_A_13,COMPLETED,0,1.0,HIGH
ORD_ACC_A_100_2,ACC_A_100,2026-08-21T00:00:00,PROD_146,451.15,DEV_A_13,ADDR_A_13,REFUNDED,1,1.0,HIGH
ORD_ACC_A_100_3,ACC_A_100,2026-08-23T00:00:00,PROD_146,1365.51,DEV_A_13,ADDR_A_13,REFUNDED,1,1.0,HIGH
ORD_ACC_A_100_4,ACC_A_100,2026-08-23T00:00:00,PROD_145,1311.33,DEV_A_13,ADDR_A_13,REFUNDED,1,1.0,HIGH
ORD_ACC_A_100_5,ACC_A_100,2026-08-26T00:00:00,PROD_102,701.04,DEV_A_13,ADDR_A_13,REFUNDED,1,1.0,HIGH
ORD_ACC_A_100_6,ACC_A_100,2026-08-20T00:00:00,PROD_132,1376.67,DEV_A_13,ADDR_A_13,REFUNDED,1,1.0,HIGH
ORD_ACC_A_100_7,ACC_A_100,2026-08-21T00:00:00,PROD_136,735.49,DEV_A_13,ADDR_A_13,REFUNDED,1,1.0,HIGH
ORD_ACC_A_100_8,ACC_A_100,2026-08-25T00:00:00,PROD_146,548.38,DEV_A_13,ADDR_A_13,REFUNDED,1,1.0,HIGH
ORD_ACC_A_100_9,ACC_A_100,2026-08-27T00:00:00,PROD_146,1168.48,DEV_A_13,ADDR_A_13,REFUNDED,1,1.0,HIGH
ORD_ACC_A_100_10,ACC_A_100,2026-08-24T00:00:00,PROD_146,1495.42,DEV_A_13,ADDR_A_13,COMPLETED,0,1.0,HIGH
ORD_ACC_A_100_11,ACC_A_100,2026-08-30T00:00:00,PROD_144,1417.24,DEV_A_13,ADDR_A_13,REFUNDED,1,1.0,HIGH
ORD_ACC_A_100_12,ACC_A_100,2026-08-23T00:00:00,PROD_146,1264.68,DEV_A_13,ADDR_A_13,REFUNDED,1,1.0,HIGH
ORD_ACC_A_100_13,ACC_A_100,2026-08-29T00:00:00,PROD_146,1289.29,DEV_A_13,ADDR_A_13,REFUNDED,1,1.0,HIGH
ORD_ACC_A_100_14,ACC_A_100,2026-08-21T00:00:00,PROD_146,330.45,DEV_A_13,ADDR_A_13,REFUNDED,1,1.0,HIGH
ORD_ACC_A_100_15,ACC_A_100,2026-08-22T00:00:00,PROD_146,1330.86,DEV_A_13,ADDR_A_13,REFUNDED,1,1.0,HIGH
ORD_ACC_A_100_16,ACC_A_100,2026-08-20T00:00:00,PROD_146,1073.96,DEV_A_13,ADDR_A_13,REFUNDED,1,1.0,HIGH
ORD_ACC_A_101_0,ACC_A_101,2026-08-31T00:00:00,PROD_146,738.03,DEV_A_ALT_102,ADDR_A_13,REFUNDED,1,1.0,HIGH
ORD_ACC_A_101_1,ACC_A_101,2026-08-30T00:00:00,PROD_146,891.68,DEV_A_ALT_102,ADDR_A_13,COMPLETED,0,1.0,HIGH
ORD_ACC_A_101_2,ACC_A_101,2026-08-31T00:00:00,PROD_146,709.29,DEV_A_ALT_102,ADDR_A_13,REFUNDED,1,1.0,HIGH
ORD_ACC_A_101_3,ACC_A_101,2026-08-30T00:00:00,PROD_146,1149.63,DEV_A_ALT_102,ADDR_A_13,REFUNDED,1,1.0,HIGH
ORD_ACC_A_101_4,ACC_A_101,2026-08-31T00:00:00,PROD_146,1198.08,DEV_A_ALT_102,ADDR_A_13,REFUNDED,1,1.0,HIGH
ORD_ACC_A_101_5,ACC_A_101,2026-08-31T00:00:00,PROD_102,171.28,DEV_A_ALT_102,ADDR_A_13,REFUNDED,1,1.0,HIGH
ORD_ACC_A_101_6,ACC_A_101,2026-08-30T00:00:00,PROD_111,322.47,DEV_A_ALT_102,ADDR_A_13,REFUNDED,1,1.0,HIGH
ORD_ACC_A_101_7,ACC_A_101,2026-08-30T00:00:00,PROD_116,315.42,DEV_A_ALT_102,ADDR_A_13,COMPLETED,0,1.0,HIGH
ORD_ACC_A_101_8,ACC_A_101,2026-08-30T00:00:00,PROD_146,906.01,DEV_A_ALT_102,ADDR_A_13,REFUNDED,1,1.0,HIGH
ORD_ACC_A_101_9,ACC_A_101,2026-08-31T00:00:00,PROD_146,1215.75,DEV_A_ALT_102,ADDR_A_13,REFUNDED,1,1.0,HIGH
ORD_ACC_A_101_10,ACC_A_101,2026-08-30T00:00:00,PROD_146,671.01,DEV_A_ALT_102,ADDR_A_13,REFUNDED,1,1.0,HIGH
ORD_ACC_A_101_11,ACC_A_101,2026-08-30T00:00:00,PROD_129,1125.87,DEV_A_ALT_102,ADDR_A_13,REFUNDED,1,1.0,HIGH
ORD_ACC_A_101_12,ACC_A_101,2026-08-30T00:00:00,PROD_120,1373.7,DEV_A_ALT_102,ADDR_A_13,COMPLETED,0,1.0,HIGH
ORD_ACC_A_102_0,ACC_A_102,2026-08-31T00:00:00,PROD_137,1214.53,DEV_A_14,ADDR_A_14,REFUNDED,1,1.0,HIGH
ORD_ACC_A_102_1,ACC_A_102,2026-08-23T00:00:00,PROD_137,553.34,DEV_A_14,ADDR_A_14,REFUNDED,1,1.0,HIGH
ORD_ACC_A_102_2,ACC_A_102,2026-08-24T00:00:00,PROD_137,505.27,DEV_A_14,ADDR_A_14,REFUNDED,1,1.0,HIGH
ORD_ACC_A_102_3,ACC_A_102,2026-08-17T00:00:00,PROD_102,320.93,DEV_A_14,ADDR_A_14,REFUNDED,1,1.0,HIGH
ORD_ACC_A_102_4,ACC_A_102,2026-08-30T00:00:00,PROD_137,381.37,DEV_A_14,ADDR_A_14,REFUNDED,1,1.0,HIGH
ORD_ACC_A_102_5,ACC_A_102,2026-08-24T00:00:00,PROD_128,592.97,DEV_A_14,ADDR_A_14,REFUNDED,1,1.0,HIGH
ORD_ACC_A_102_6,ACC_A_102,2026-08-29T00:00:00,PROD_144,1333.89,DEV_A_14,ADDR_A_14,REFUNDED,1,1.0,HIGH
ORD_ACC_A_102_7,ACC_A_102,2026-08-30T00:00:00,PROD_100,714.71,DEV_A_14,ADDR_A_14,REFUNDED,1,1.0,HIGH
ORD_ACC_A_102_8,ACC_A_102,2026-08-18T00:00:00,PROD_129,1215.46,DEV_A_14,ADDR_A_14,REFUNDED,1,1.0,HIGH
ORD_ACC_A_102_9,ACC_A_102,2026-08-22T00:00:00,PROD_137,1108.98,DEV_A_14,ADDR_A_14,COMPLETED,0,1.0,HIGH
ORD_ACC_A_102_10,ACC_A_102,2026-08-28T00:00:00,PROD_137,816.41,DEV_A_14,ADDR_A_14,REFUNDED,1,1.0,HIGH
ORD_ACC_A_102_11,ACC_A_102,2026-08-24T00:00:00,PROD_137,656.69,DEV_A_14,ADDR_A_14,COMPLETED,0,1.0,HIGH
ORD_ACC_A_102_12,ACC_A_102,2026-08-17T00:00:00,PROD_137,713.76,DEV_A_14,ADDR_A_14,REFUNDED,1,1.0,HIGH
ORD_ACC_A_102_13,ACC_A_102,2026-08-30T00:00:00,PROD_137,654.77,DEV_A_14,ADDR_A_14,COMPLETED,0,1.0,HIGH
ORD_ACC_A_102_14,ACC_A_102,2026-08-30T00:00:00,PROD_137,545.99,DEV_A_14,ADDR_A_14,REFUNDED,1,1.0,HIGH
ORD_ACC_A_102_15,ACC_A_102,2026-08-29T00:00:00,PROD_137,569.65,DEV_A_14,ADDR_A_14,REFUNDED,1,1.0,HIGH
ORD_ACC_A_102_16,ACC_A_102,2026-08-17T00:00:00,PROD_137,817.32,DEV_A_14,ADDR_A_14,COMPLETED,0,1.0,HIGH
ORD_ACC_A_102_17,ACC_A_102,2026-08-28T00:00:00,PROD_137,710.17,DEV_A_14,ADDR_A_14,REFUNDED,1,1.0,HIGH
ORD_ACC_A_102_18,ACC_A_102,2026-08-26T00:00:00,PROD_137,1094.04,DEV_A_14,ADDR_A_14,REFUNDED,1,1.0,HIGH
ORD_ACC_A_102_19,ACC_A_102,2026-08-25T00:00:00,PROD_137,1374.4,DEV_A_14,ADDR_A_14,REFUNDED,1,1.0,HIGH
ORD_ACC_A_102_20,ACC_A_102,2026-08-28T00:00:00,PROD_143,231.04,DEV_A_14,ADDR_A_14,REFUNDED,1,1.0,HIGH
ORD_ACC_A_102_21,ACC_A_102,2026-08-18T00:00:00,PROD_137,1239.52,DEV_A_14,ADDR_A_14,REFUNDED,1,1.0,HIGH
ORD_ACC_A_102_22,ACC_A_102,2026-08-26T00:00:00,PROD_137,501.08,DEV_A_14,ADDR_A_14,REFUNDED,1,1.0,HIGH
ORD_ACC_A_103_0,ACC_A_103,2026-08-29T00:00:00,PROD_137,409.76,DEV_A_14,ADDR_A_14,REFUNDED,1,1.0,HIGH
ORD_ACC_A_103_1,ACC_A_103,2026-08-31T00:00:00,PROD_137,752.91,DEV_A_14,ADDR_A_14,REFUNDED,1,1.0,HIGH
ORD_ACC_A_103_2,ACC_A_103,2026-08-30T00:00:00,PROD_128,1466.4,DEV_A_14,ADDR_A_14,REFUNDED,1,1.0,HIGH
ORD_ACC_A_103_3,ACC_A_103,2026-08-30T00:00:00,PROD_135,262.04,DEV_A_14,ADDR_A_14,REFUNDED,1,1.0,HIGH
ORD_ACC_A_103_4,ACC_A_103,2026-08-29T00:00:00,PROD_137,599.66,DEV_A_14,ADDR_A_14,REFUNDED,1,1.0,HIGH
ORD_ACC_A_103_5,ACC_A_103,2026-08-29T00:00:00,PROD_122,266.8,DEV_A_14,ADDR_A_14,REFUNDED,1,1.0,HIGH
ORD_ACC_A_103_6,ACC_A_103,2026-08-28T00:00:00,PROD_137,111.76,DEV_A_14,ADDR_A_14,COMPLETED,0,1.0,HIGH
ORD_ACC_A_103_7,ACC_A_103,2026-08-29T00:00:00,PROD_137,150.57,DEV_A_14,ADDR_A_14,REFUNDED,1,1.0,HIGH
ORD_ACC_A_103_8,ACC_A_103,2026-08-29T00:00:00,PROD_137,229.65,DEV_A_14,ADDR_A_14,REFUNDED,1,1.0,HIGH
ORD_ACC_A_103_9,ACC_A_103,2026-08-30T00:00:00,PROD_137,1405.89,DEV_A_14,ADDR_A_14,REFUNDED,1,1.0,HIGH
ORD_ACC_A_103_10,ACC_A_103,2026-08-28T00:00:00,PROD_137,445.11,DEV_A_14,ADDR_A_14,REFUNDED,1,1.0,HIGH
ORD_ACC_A_103_11,ACC_A_103,2026-08-29T00:00:00,PROD_137,1031.72,DEV_A_14,ADDR_A_14,REFUNDED,1,1.0,HIGH
ORD_ACC_A_103_12,ACC_A_103,2026-08-29T00:00:00,PROD_137,205.78,DEV_A_14,ADDR_A_14,REFUNDED,1,1.0,HIGH
ORD_ACC_A_103_13,ACC_A_103,2026-08-29T00:00:00,PROD_137,405.03,DEV_A_14,ADDR_A_14,REFUNDED,1,1.0,HIGH
ORD_ACC_A_103_14,ACC_A_103,2026-08-29T00:00:00,PROD_133,1171.32,DEV_A_14,ADDR_A_14,REFUNDED,1,1.0,HIGH
ORD_ACC_A_103_15,ACC_A_103,2026-08-31T00:00:00,PROD_137,974.18,DEV_A_14,ADDR_A_14,REFUNDED,1,1.0,HIGH
ORD_ACC_A_103_16,ACC_A_103,2026-08-30T00:00:00,PROD_137,1413.08,DEV_A_14,ADDR_A_14,REFUNDED,1,1.0,HIGH
ORD_ACC_A_103_17,ACC_A_103,2026-08-28T00:00:00,PROD_137,207.72,DEV_A_14,ADDR_A_14,REFUNDED,1,1.0,HIGH
ORD_ACC_A_104_0,ACC_A_104,2026-08-28T00:00:00,PROD_137,154.78,DEV_A_14,ADDR_A_14,REFUNDED,1,1.0,HIGH
ORD_ACC_A_104_1,ACC_A_104,2026-08-31T00:00:00,PROD_137,477.68,DEV_A_14,ADDR_A_14,REFUNDED,1,1.0,HIGH
ORD_ACC_A_104_2,ACC_A_104,2026-08-31T00:00:00,PROD_137,961.59,DEV_A_14,ADDR_A_14,REFUNDED,1,1.0,HIGH
ORD_ACC_A_104_3,ACC_A_104,2026-08-30T00:00:00,PROD_137,726.41,DEV_A_14,ADDR_A_14,REFUNDED,1,1.0,HIGH
ORD_ACC_A_104_4,ACC_A_104,2026-08-30T00:00:00,PROD_137,1351.94,DEV_A_14,ADDR_A_14,REFUNDED,1,1.0,HIGH
ORD_ACC_A_104_5,ACC_A_104,2026-08-31T00:00:00,PROD_137,1118.96,DEV_A_14,ADDR_A_14,REFUNDED,1,1.0,HIGH
ORD_ACC_A_104_6,ACC_A_104,2026-08-29T00:00:00,PROD_137,1293.87,DEV_A_14,ADDR_A_14,COMPLETED,0,1.0,HIGH
ORD_ACC_A_104_7,ACC_A_104,2026-08-27T00:00:00,PROD_137,269.03,DEV_A_14,ADDR_A_14,REFUNDED,1,1.0,HIGH
ORD_ACC_A_104_8,ACC_A_104,2026-08-29T00:00:00,PROD_144,1491.56,DEV_A_14,ADDR_A_14,REFUNDED,1,1.0,HIGH
ORD_ACC_A_104_9,ACC_A_104,2026-08-29T00:00:00,PROD_137,627.32,DEV_A_14,ADDR_A_14,COMPLETED,0,1.0,HIGH
ORD_ACC_A_104_10,ACC_A_104,2026-08-27T00:00:00,PROD_137,1108.92,DEV_A_14,ADDR_A_14,REFUNDED,1,1.0,HIGH
ORD_ACC_A_104_11,ACC_A_104,2026-08-30T00:00:00,PROD_106,1446.0,DEV_A_14,ADDR_A_14,REFUNDED,1,1.0,HIGH
ORD_ACC_A_104_12,ACC_A_104,2026-08-28T00:00:00,PROD_140,895.75,DEV_A_14,ADDR_A_14,REFUNDED,1,1.0,HIGH
ORD_ACC_A_105_0,ACC_A_105,2026-08-24T00:00:00,PROD_137,1261.24,DEV_A_14,ADDR_A_ALT_106,REFUNDED,1,1.0,HIGH
ORD_ACC_A_105_1,ACC_A_105,2026-08-29T00:00:00,PROD_137,1087.91,DEV_A_14,ADDR_A_ALT_106,REFUNDED,1,1.0,HIGH
ORD_ACC_A_105_2,ACC_A_105,2026-08-25T00:00:00,PROD_117,1188.26,DEV_A_14,ADDR_A_ALT_106,REFUNDED,1,1.0,HIGH
ORD_ACC_A_105_3,ACC_A_105,2026-08-22T00:00:00,PROD_137,1362.04,DEV_A_14,ADDR_A_ALT_106,REFUNDED,1,1.0,HIGH
ORD_ACC_A_105_4,ACC_A_105,2026-08-25T00:00:00,PROD_137,106.3,DEV_A_14,ADDR_A_ALT_106,REFUNDED,1,1.0,HIGH
ORD_ACC_A_105_5,ACC_A_105,2026-08-30T00:00:00,PROD_137,1113.59,DEV_A_14,ADDR_A_ALT_106,REFUNDED,1,1.0,HIGH
ORD_ACC_A_105_6,ACC_A_105,2026-08-21T00:00:00,PROD_148,595.53,DEV_A_14,ADDR_A_ALT_106,REFUNDED,1,1.0,HIGH
ORD_ACC_A_105_7,ACC_A_105,2026-08-25T00:00:00,PROD_140,596.19,DEV_A_14,ADDR_A_ALT_106,COMPLETED,0,1.0,HIGH
ORD_ACC_A_105_8,ACC_A_105,2026-08-30T00:00:00,PROD_137,395.51,DEV_A_14,ADDR_A_ALT_106,REFUNDED,1,1.0,HIGH
ORD_ACC_A_105_9,ACC_A_105,2026-08-18T00:00:00,PROD_137,180.28,DEV_A_14,ADDR_A_ALT_106,REFUNDED,1,1.0,HIGH
ORD_ACC_A_105_10,ACC_A_105,2026-08-27T00:00:00,PROD_137,1008.94,DEV_A_14,ADDR_A_ALT_106,REFUNDED,1,1.0,HIGH
ORD_ACC_A_105_11,ACC_A_105,2026-08-29T00:00:00,PROD_137,1325.89,DEV_A_14,ADDR_A_ALT_106,REFUNDED,1,1.0,HIGH
ORD_ACC_A_105_12,ACC_A_105,2026-08-28T00:00:00,PROD_137,1212.03,DEV_A_14,ADDR_A_ALT_106,REFUNDED,1,1.0,HIGH
ORD_ACC_A_105_13,ACC_A_105,2026-08-31T00:00:00,PROD_137,760.47,DEV_A_14,ADDR_A_ALT_106,REFUNDED,1,1.0,HIGH
ORD_ACC_A_105_14,ACC_A_105,2026-08-25T00:00:00,PROD_137,456.54,DEV_A_14,ADDR_A_ALT_106,COMPLETED,0,1.0,HIGH
ORD_ACC_A_105_15,ACC_A_105,2026-08-17T00:00:00,PROD_137,404.6,DEV_A_14,ADDR_A_ALT_106,COMPLETED,0,1.0,HIGH
ORD_ACC_A_105_16,ACC_A_105,2026-08-18T00:00:00,PROD_137,1405.41,DEV_A_14,ADDR_A_ALT_106,REFUNDED,1,1.0,HIGH
ORD_ACC_A_105_17,ACC_A_105,2026-08-30T00:00:00,PROD_137,805.58,DEV_A_14,ADDR_A_ALT_106,REFUNDED,1,1.0,HIGH
ORD_ACC_A_106_0,ACC_A_106,2026-08-26T00:00:00,PROD_137,479.81,DEV_A_14,ADDR_A_14,REFUNDED,1,1.0,HIGH
ORD_ACC_A_106_1,ACC_A_106,2026-08-21T00:00:00,PROD_137,994.69,DEV_A_14,ADDR_A_14,REFUNDED,1,1.0,HIGH
ORD_ACC_A_106_2,ACC_A_106,2026-08-22T00:00:00,PROD_137,340.78,DEV_A_14,ADDR_A_14,REFUNDED,1,1.0,HIGH
ORD_ACC_A_106_3,ACC_A_106,2026-08-22T00:00:00,PROD_126,374.6,DEV_A_14,ADDR_A_14,REFUNDED,1,1.0,HIGH
ORD_ACC_A_106_4,ACC_A_106,2026-08-24T00:00:00,PROD_137,709.83,DEV_A_14,ADDR_A_14,REFUNDED,1,1.0,HIGH
ORD_ACC_A_106_5,ACC_A_106,2026-08-30T00:00:00,PROD_137,1228.68,DEV_A_14,ADDR_A_14,REFUNDED,1,1.0,HIGH
ORD_ACC_A_106_6,ACC_A_106,2026-08-30T00:00:00,PROD_137,845.39,DEV_A_14,ADDR_A_14,REFUNDED,1,1.0,HIGH
ORD_ACC_A_106_7,ACC_A_106,2026-08-26T00:00:00,PROD_137,988.69,DEV_A_14,ADDR_A_14,REFUNDED,1,1.0,HIGH
ORD_ACC_A_106_8,ACC_A_106,2026-08-29T00:00:00,PROD_108,1367.12,DEV_A_14,ADDR_A_14,REFUNDED,1,1.0,HIGH
ORD_ACC_A_106_9,ACC_A_106,2026-08-30T00:00:00,PROD_137,1305.25,DEV_A_14,ADDR_A_14,REFUNDED,1,1.0,HIGH
ORD_ACC_A_106_10,ACC_A_106,2026-08-25T00:00:00,PROD_101,281.92,DEV_A_14,ADDR_A_14,REFUNDED,1,1.0,HIGH
ORD_ACC_A_106_11,ACC_A_106,2026-08-20T00:00:00,PROD_137,641.2,DEV_A_14,ADDR_A_14,REFUNDED,1,1.0,HIGH
ORD_ACC_A_107_0,ACC_A_107,2026-08-27T00:00:00,PROD_137,1075.12,DEV_A_14,ADDR_A_14,REFUNDED,1,1.0,HIGH
ORD_ACC_A_107_1,ACC_A_107,2026-08-29T00:00:00,PROD_137,1429.69,DEV_A_14,ADDR_A_14,REFUNDED,1,1.0,HIGH
ORD_ACC_A_107_2,ACC_A_107,2026-08-25T00:00:00,PROD_137,1452.86,DEV_A_14,ADDR_A_14,COMPLETED,0,1.0,HIGH
ORD_ACC_A_107_3,ACC_A_107,2026-08-25T00:00:00,PROD_130,690.84,DEV_A_14,ADDR_A_14,REFUNDED,1,1.0,HIGH
ORD_ACC_A_107_4,ACC_A_107,2026-08-29T00:00:00,PROD_137,1151.62,DEV_A_14,ADDR_A_14,REFUNDED,1,1.0,HIGH
ORD_ACC_A_107_5,ACC_A_107,2026-08-27T00:00:00,PROD_137,102.15,DEV_A_14,ADDR_A_14,REFUNDED,1,1.0,HIGH
ORD_ACC_A_107_6,ACC_A_107,2026-08-23T00:00:00,PROD_137,342.78,DEV_A_14,ADDR_A_14,REFUNDED,1,1.0,HIGH
ORD_ACC_A_107_7,ACC_A_107,2026-08-24T00:00:00,PROD_141,1096.2,DEV_A_14,ADDR_A_14,REFUNDED,1,1.0,HIGH
ORD_ACC_A_108_0,ACC_A_108,2026-08-29T00:00:00,PROD_137,396.44,DEV_A_14,ADDR_A_ALT_109,REFUNDED,1,1.0,HIGH
ORD_ACC_A_108_1,ACC_A_108,2026-08-29T00:00:00,PROD_137,279.41,DEV_A_14,ADDR_A_ALT_109,COMPLETED,0,1.0,HIGH
ORD_ACC_A_108_2,ACC_A_108,2026-08-28T00:00:00,PROD_137,1177.95,DEV_A_14,ADDR_A_ALT_109,REFUNDED,1,1.0,HIGH
ORD_ACC_A_108_3,ACC_A_108,2026-08-29T00:00:00,PROD_137,167.06,DEV_A_14,ADDR_A_ALT_109,COMPLETED,0,1.0,HIGH
ORD_ACC_A_108_4,ACC_A_108,2026-08-27T00:00:00,PROD_137,835.76,DEV_A_14,ADDR_A_ALT_109,REFUNDED,1,1.0,HIGH
ORD_ACC_A_108_5,ACC_A_108,2026-08-27T00:00:00,PROD_137,532.62,DEV_A_14,ADDR_A_ALT_109,COMPLETED,0,1.0,HIGH
ORD_ACC_A_108_6,ACC_A_108,2026-08-28T00:00:00,PROD_145,365.45,DEV_A_14,ADDR_A_ALT_109,REFUNDED,1,1.0,HIGH
ORD_ACC_A_108_7,ACC_A_108,2026-08-27T00:00:00,PROD_137,1265.06,DEV_A_14,ADDR_A_ALT_109,COMPLETED,0,1.0,HIGH
ORD_ACC_A_108_8,ACC_A_108,2026-08-31T00:00:00,PROD_137,1161.37,DEV_A_14,ADDR_A_ALT_109,REFUNDED,1,1.0,HIGH
ORD_ACC_A_109_0,ACC_A_109,2026-08-24T00:00:00,PROD_146,178.37,DEV_A_15,ADDR_A_15,REFUNDED,1,1.0,HIGH
ORD_ACC_A_109_1,ACC_A_109,2026-08-22T00:00:00,PROD_115,348.72,DEV_A_15,ADDR_A_15,REFUNDED,1,1.0,HIGH
ORD_ACC_A_109_2,ACC_A_109,2026-08-29T00:00:00,PROD_115,1487.09,DEV_A_15,ADDR_A_15,COMPLETED,0,1.0,HIGH
ORD_ACC_A_109_3,ACC_A_109,2026-08-30T00:00:00,PROD_130,1293.04,DEV_A_15,ADDR_A_15,REFUNDED,1,1.0,HIGH
ORD_ACC_A_109_4,ACC_A_109,2026-08-25T00:00:00,PROD_115,1144.58,DEV_A_15,ADDR_A_15,REFUNDED,1,1.0,HIGH
ORD_ACC_A_109_5,ACC_A_109,2026-08-23T00:00:00,PROD_113,1491.13,DEV_A_15,ADDR_A_15,REFUNDED,1,1.0,HIGH
ORD_ACC_A_109_6,ACC_A_109,2026-08-30T00:00:00,PROD_115,1322.35,DEV_A_15,ADDR_A_15,COMPLETED,0,1.0,HIGH
ORD_ACC_A_109_7,ACC_A_109,2026-08-27T00:00:00,PROD_108,1192.38,DEV_A_15,ADDR_A_15,REFUNDED,1,1.0,HIGH
ORD_ACC_A_109_8,ACC_A_109,2026-08-30T00:00:00,PROD_115,1097.28,DEV_A_15,ADDR_A_15,REFUNDED,1,1.0,HIGH
ORD_ACC_A_109_9,ACC_A_109,2026-08-26T00:00:00,PROD_115,1445.73,DEV_A_15,ADDR_A_15,REFUNDED,1,1.0,HIGH
ORD_ACC_A_109_10,ACC_A_109,2026-08-28T00:00:00,PROD_115,792.06,DEV_A_15,ADDR_A_15,REFUNDED,1,1.0,HIGH
ORD_ACC_A_109_11,ACC_A_109,2026-08-23T00:00:00,PROD_122,1381.38,DEV_A_15,ADDR_A_15,REFUNDED,1,1.0,HIGH
ORD_ACC_A_109_12,ACC_A_109,2026-08-22T00:00:00,PROD_115,1421.12,DEV_A_15,ADDR_A_15,COMPLETED,0,1.0,HIGH
ORD_ACC_A_109_13,ACC_A_109,2026-08-22T00:00:00,PROD_115,220.25,DEV_A_15,ADDR_A_15,REFUNDED,1,1.0,HIGH
ORD_ACC_A_109_14,ACC_A_109,2026-08-29T00:00:00,PROD_115,128.46,DEV_A_15,ADDR_A_15,REFUNDED,1,1.0,HIGH
ORD_ACC_A_109_15,ACC_A_109,2026-08-31T00:00:00,PROD_115,236.38,DEV_A_15,ADDR_A_15,REFUNDED,1,1.0,HIGH
ORD_ACC_A_109_16,ACC_A_109,2026-08-25T00:00:00,PROD_115,934.61,DEV_A_15,ADDR_A_15,REFUNDED,1,1.0,HIGH
ORD_ACC_A_109_17,ACC_A_109,2026-08-24T00:00:00,PROD_115,552.71,DEV_A_15,ADDR_A_15,REFUNDED,1,1.0,HIGH
ORD_ACC_A_109_18,ACC_A_109,2026-08-22T00:00:00,PROD_115,1079.0,DEV_A_15,ADDR_A_15,REFUNDED,1,1.0,HIGH
ORD_ACC_A_110_0,ACC_A_110,2026-08-23T00:00:00,PROD_115,1072.49,DEV_A_15,ADDR_A_15,COMPLETED,0,1.0,HIGH
ORD_ACC_A_110_1,ACC_A_110,2026-08-21T00:00:00,PROD_118,344.29,DEV_A_15,ADDR_A_15,COMPLETED,0,1.0,HIGH
ORD_ACC_A_110_2,ACC_A_110,2026-08-17T00:00:00,PROD_127,1466.34,DEV_A_15,ADDR_A_15,REFUNDED,1,1.0,HIGH
ORD_ACC_A_110_3,ACC_A_110,2026-08-20T00:00:00,PROD_112,1022.92,DEV_A_15,ADDR_A_15,REFUNDED,1,1.0,HIGH
ORD_ACC_A_110_4,ACC_A_110,2026-08-26T00:00:00,PROD_115,260.95,DEV_A_15,ADDR_A_15,REFUNDED,1,1.0,HIGH
ORD_ACC_A_110_5,ACC_A_110,2026-08-30T00:00:00,PROD_113,352.06,DEV_A_15,ADDR_A_15,REFUNDED,1,1.0,HIGH
ORD_ACC_A_110_6,ACC_A_110,2026-08-26T00:00:00,PROD_115,424.82,DEV_A_15,ADDR_A_15,REFUNDED,1,1.0,HIGH
ORD_ACC_A_110_7,ACC_A_110,2026-08-21T00:00:00,PROD_115,777.69,DEV_A_15,ADDR_A_15,REFUNDED,1,1.0,HIGH
ORD_ACC_A_110_8,ACC_A_110,2026-08-25T00:00:00,PROD_115,1218.83,DEV_A_15,ADDR_A_15,REFUNDED,1,1.0,HIGH
ORD_ACC_A_110_9,ACC_A_110,2026-08-26T00:00:00,PROD_115,167.32,DEV_A_15,ADDR_A_15,REFUNDED,1,1.0,HIGH
ORD_ACC_A_110_10,ACC_A_110,2026-08-22T00:00:00,PROD_104,229.01,DEV_A_15,ADDR_A_15,REFUNDED,1,1.0,HIGH
ORD_ACC_A_110_11,ACC_A_110,2026-08-18T00:00:00,PROD_115,814.01,DEV_A_15,ADDR_A_15,COMPLETED,0,1.0,HIGH
ORD_ACC_A_110_12,ACC_A_110,2026-08-21T00:00:00,PROD_115,1487.8,DEV_A_15,ADDR_A_15,REFUNDED,1,1.0,HIGH
ORD_ACC_A_110_13,ACC_A_110,2026-08-25T00:00:00,PROD_115,650.25,DEV_A_15,ADDR_A_15,REFUNDED,1,1.0,HIGH
ORD_ACC_A_110_14,ACC_A_110,2026-08-18T00:00:00,PROD_147,1035.91,DEV_A_15,ADDR_A_15,REFUNDED,1,1.0,HIGH
ORD_ACC_A_110_15,ACC_A_110,2026-08-24T00:00:00,PROD_115,267.59,DEV_A_15,ADDR_A_15,COMPLETED,0,1.0,HIGH
ORD_ACC_A_111_0,ACC_A_111,2026-08-19T00:00:00,PROD_115,1485.4,DEV_A_15,ADDR_A_15,REFUNDED,1,1.0,HIGH
ORD_ACC_A_111_1,ACC_A_111,2026-08-25T00:00:00,PROD_115,1402.33,DEV_A_15,ADDR_A_15,REFUNDED,1,1.0,HIGH
ORD_ACC_A_111_2,ACC_A_111,2026-08-17T00:00:00,PROD_124,607.37,DEV_A_15,ADDR_A_15,REFUNDED,1,1.0,HIGH
ORD_ACC_A_111_3,ACC_A_111,2026-08-28T00:00:00,PROD_148,548.25,DEV_A_15,ADDR_A_15,REFUNDED,1,1.0,HIGH
ORD_ACC_A_111_4,ACC_A_111,2026-08-20T00:00:00,PROD_115,177.54,DEV_A_15,ADDR_A_15,REFUNDED,1,1.0,HIGH
ORD_ACC_A_111_5,ACC_A_111,2026-08-21T00:00:00,PROD_117,933.54,DEV_A_15,ADDR_A_15,REFUNDED,1,1.0,HIGH
ORD_ACC_A_111_6,ACC_A_111,2026-08-20T00:00:00,PROD_115,1049.8,DEV_A_15,ADDR_A_15,COMPLETED,0,1.0,HIGH
ORD_ACC_A_111_7,ACC_A_111,2026-08-25T00:00:00,PROD_115,223.43,DEV_A_15,ADDR_A_15,REFUNDED,1,1.0,HIGH
ORD_ACC_A_111_8,ACC_A_111,2026-08-21T00:00:00,PROD_115,666.84,DEV_A_15,ADDR_A_15,COMPLETED,0,1.0,HIGH
ORD_ACC_A_111_9,ACC_A_111,2026-08-22T00:00:00,PROD_121,652.8,DEV_A_15,ADDR_A_15,COMPLETED,0,1.0,HIGH
ORD_ACC_A_111_10,ACC_A_111,2026-08-25T00:00:00,PROD_115,1077.25,DEV_A_15,ADDR_A_15,REFUNDED,1,1.0,HIGH
ORD_ACC_A_111_11,ACC_A_111,2026-08-22T00:00:00,PROD_125,545.71,DEV_A_15,ADDR_A_15,REFUNDED,1,1.0,HIGH
ORD_ACC_A_112_0,ACC_A_112,2026-08-25T00:00:00,PROD_103,303.13,DEV_A_15,ADDR_A_15,COMPLETED,0,1.0,HIGH
ORD_ACC_A_112_1,ACC_A_112,2026-08-26T00:00:00,PROD_115,1050.35,DEV_A_15,ADDR_A_15,REFUNDED,1,1.0,HIGH
ORD_ACC_A_112_2,ACC_A_112,2026-08-20T00:00:00,PROD_103,1451.08,DEV_A_15,ADDR_A_15,REFUNDED,1,1.0,HIGH
ORD_ACC_A_112_3,ACC_A_112,2026-08-23T00:00:00,PROD_115,251.33,DEV_A_15,ADDR_A_15,REFUNDED,1,1.0,HIGH
ORD_ACC_A_112_4,ACC_A_112,2026-08-20T00:00:00,PROD_140,1121.26,DEV_A_15,ADDR_A_15,REFUNDED,1,1.0,HIGH
ORD_ACC_A_112_5,ACC_A_112,2026-08-22T00:00:00,PROD_115,681.86,DEV_A_15,ADDR_A_15,COMPLETED,0,1.0,HIGH
ORD_ACC_A_112_6,ACC_A_112,2026-08-21T00:00:00,PROD_115,1341.57,DEV_A_15,ADDR_A_15,REFUNDED,1,1.0,HIGH
ORD_ACC_A_112_7,ACC_A_112,2026-08-24T00:00:00,PROD_115,745.14,DEV_A_15,ADDR_A_15,REFUNDED,1,1.0,HIGH
ORD_ACC_A_112_8,ACC_A_112,2026-08-23T00:00:00,PROD_115,929.81,DEV_A_15,ADDR_A_15,REFUNDED,1,1.0,HIGH
ORD_ACC_A_112_9,ACC_A_112,2026-08-29T00:00:00,PROD_115,1070.75,DEV_A_15,ADDR_A_15,COMPLETED,0,1.0,HIGH
ORD_ACC_A_112_10,ACC_A_112,2026-08-19T00:00:00,PROD_115,941.85,DEV_A_15,ADDR_A_15,REFUNDED,1,1.0,HIGH
ORD_ACC_A_113_0,ACC_A_113,2026-08-31T00:00:00,PROD_115,403.65,DEV_A_ALT_114,ADDR_A_ALT_114,REFUNDED,1,1.0,HIGH
ORD_ACC_A_113_1,ACC_A_113,2026-08-30T00:00:00,PROD_126,813.04,DEV_A_ALT_114,ADDR_A_ALT_114,REFUNDED,1,1.0,HIGH
ORD_ACC_A_113_2,ACC_A_113,2026-08-31T00:00:00,PROD_115,190.07,DEV_A_ALT_114,ADDR_A_ALT_114,REFUNDED,1,1.0,HIGH
ORD_ACC_A_113_3,ACC_A_113,2026-08-31T00:00:00,PROD_115,603.59,DEV_A_ALT_114,ADDR_A_ALT_114,REFUNDED,1,1.0,HIGH
ORD_ACC_A_113_4,ACC_A_113,2026-08-30T00:00:00,PROD_115,341.89,DEV_A_ALT_114,ADDR_A_ALT_114,REFUNDED,1,1.0,HIGH
ORD_ACC_A_113_5,ACC_A_113,2026-08-30T00:00:00,PROD_115,1154.04,DEV_A_ALT_114,ADDR_A_ALT_114,REFUNDED,1,1.0,HIGH
ORD_ACC_A_113_6,ACC_A_113,2026-08-30T00:00:00,PROD_115,881.17,DEV_A_ALT_114,ADDR_A_ALT_114,REFUNDED,1,1.0,HIGH
ORD_ACC_A_113_7,ACC_A_113,2026-08-30T00:00:00,PROD_115,1336.07,DEV_A_ALT_114,ADDR_A_ALT_114,REFUNDED,1,1.0,HIGH
ORD_ACC_A_113_8,ACC_A_113,2026-08-31T00:00:00,PROD_115,1317.48,DEV_A_ALT_114,ADDR_A_ALT_114,COMPLETED,0,1.0,HIGH
ORD_ACC_A_114_0,ACC_A_114,2026-08-22T00:00:00,PROD_115,1399.74,DEV_A_15,ADDR_A_15,REFUNDED,1,1.0,HIGH
ORD_ACC_A_114_1,ACC_A_114,2026-08-23T00:00:00,PROD_115,1295.41,DEV_A_15,ADDR_A_15,REFUNDED,1,1.0,HIGH
ORD_ACC_A_114_2,ACC_A_114,2026-08-20T00:00:00,PROD_141,1351.28,DEV_A_15,ADDR_A_15,REFUNDED,1,1.0,HIGH
ORD_ACC_A_114_3,ACC_A_114,2026-08-27T00:00:00,PROD_115,778.19,DEV_A_15,ADDR_A_15,REFUNDED,1,1.0,HIGH
ORD_ACC_A_114_4,ACC_A_114,2026-08-18T00:00:00,PROD_115,1132.53,DEV_A_15,ADDR_A_15,REFUNDED,1,1.0,HIGH
ORD_ACC_A_114_5,ACC_A_114,2026-08-26T00:00:00,PROD_115,147.36,DEV_A_15,ADDR_A_15,REFUNDED,1,1.0,HIGH
ORD_ACC_A_114_6,ACC_A_114,2026-08-19T00:00:00,PROD_122,113.73,DEV_A_15,ADDR_A_15,COMPLETED,0,1.0,HIGH
ORD_ACC_A_114_7,ACC_A_114,2026-08-20T00:00:00,PROD_115,1058.01,DEV_A_15,ADDR_A_15,REFUNDED,1,1.0,HIGH
ORD_ACC_A_114_8,ACC_A_114,2026-08-26T00:00:00,PROD_122,664.37,DEV_A_15,ADDR_A_15,REFUNDED,1,1.0,HIGH
ORD_ACC_A_114_9,ACC_A_114,2026-08-20T00:00:00,PROD_115,1048.71,DEV_A_15,ADDR_A_15,REFUNDED,1,1.0,HIGH
ORD_ACC_A_115_0,ACC_A_115,2026-08-23T00:00:00,PROD_115,1345.51,DEV_A_15,ADDR_A_15,REFUNDED,1,1.0,HIGH
ORD_ACC_A_115_1,ACC_A_115,2026-08-19T00:00:00,PROD_115,1452.68,DEV_A_15,ADDR_A_15,REFUNDED,1,1.0,HIGH
ORD_ACC_A_115_2,ACC_A_115,2026-08-24T00:00:00,PROD_115,843.95,DEV_A_15,ADDR_A_15,REFUNDED,1,1.0,HIGH
ORD_ACC_A_115_3,ACC_A_115,2026-08-25T00:00:00,PROD_115,371.41,DEV_A_15,ADDR_A_15,REFUNDED,1,1.0,HIGH
ORD_ACC_A_115_4,ACC_A_115,2026-08-19T00:00:00,PROD_115,562.69,DEV_A_15,ADDR_A_15,COMPLETED,0,1.0,HIGH
ORD_ACC_A_115_5,ACC_A_115,2026-08-18T00:00:00,PROD_115,721.9,DEV_A_15,ADDR_A_15,REFUNDED,1,1.0,HIGH
ORD_ACC_A_115_6,ACC_A_115,2026-08-28T00:00:00,PROD_109,1433.74,DEV_A_15,ADDR_A_15,REFUNDED,1,1.0,HIGH
ORD_ACC_A_115_7,ACC_A_115,2026-08-17T00:00:00,PROD_115,1349.54,DEV_A_15,ADDR_A_15,REFUNDED,1,1.0,HIGH
ORD_ACC_A_115_8,ACC_A_115,2026-08-26T00:00:00,PROD_115,100.73,DEV_A_15,ADDR_A_15,REFUNDED,1,1.0,HIGH
ORD_ACC_A_115_9,ACC_A_115,2026-08-28T00:00:00,PROD_115,503.62,DEV_A_15,ADDR_A_15,REFUNDED,1,1.0,HIGH
ORD_ACC_A_115_10,ACC_A_115,2026-08-30T00:00:00,PROD_100,940.4,DEV_A_15,ADDR_A_15,REFUNDED,1,1.0,HIGH
ORD_ACC_A_115_11,ACC_A_115,2026-08-24T00:00:00,PROD_115,282.79,DEV_A_15,ADDR_A_15,REFUNDED,1,1.0,HIGH
ORD_ACC_A_115_12,ACC_A_115,2026-08-29T00:00:00,PROD_131,933.24,DEV_A_15,ADDR_A_15,REFUNDED,1,1.0,HIGH
ORD_ACC_A_115_13,ACC_A_115,2026-08-28T00:00:00,PROD_115,1467.11,DEV_A_15,ADDR_A_15,REFUNDED,1,1.0,HIGH
ORD_ACC_A_115_14,ACC_A_115,2026-08-22T00:00:00,PROD_115,260.79,DEV_A_15,ADDR_A_15,REFUNDED,1,1.0,HIGH
ORD_ACC_A_115_15,ACC_A_115,2026-08-24T00:00:00,PROD_115,1467.78,DEV_A_15,ADDR_A_15,REFUNDED,1,1.0,HIGH
ORD_ACC_A_115_16,ACC_A_115,2026-08-22T00:00:00,PROD_115,717.71,DEV_A_15,ADDR_A_15,REFUNDED,1,1.0,HIGH
ORD_ACC_A_115_17,ACC_A_115,2026-08-19T00:00:00,PROD_115,519.21,DEV_A_15,ADDR_A_15,REFUNDED,1,1.0,HIGH
ORD_ACC_A_115_18,ACC_A_115,2026-08-17T00:00:00,PROD_115,1016.41,DEV_A_15,ADDR_A_15,REFUNDED,1,1.0,HIGH
ORD_ACC_A_115_19,ACC_A_115,2026-08-19T00:00:00,PROD_116,984.45,DEV_A_15,ADDR_A_15,REFUNDED,1,1.0,HIGH
ORD_ACC_A_115_20,ACC_A_115,2026-08-30T00:00:00,PROD_115,1386.35,DEV_A_15,ADDR_A_15,REFUNDED,1,1.0,HIGH
ORD_ACC_A_115_21,ACC_A_115,2026-08-26T00:00:00,PROD_115,770.45,DEV_A_15,ADDR_A_15,REFUNDED,1,1.0,HIGH
ORD_ACC_A_115_22,ACC_A_115,2026-08-24T00:00:00,PROD_115,996.29,DEV_A_15,ADDR_A_15,REFUNDED,1,1.0,HIGH
ORD_ACC_A_115_23,ACC_A_115,2026-08-23T00:00:00,PROD_104,737.14,DEV_A_15,ADDR_A_15,REFUNDED,1,1.0,HIGH
ORD_ACC_A_115_24,ACC_A_115,2026-08-17T00:00:00,PROD_115,867.6,DEV_A_15,ADDR_A_15,REFUNDED,1,1.0,HIGH
ORD_ACC_A_116_0,ACC_A_116,2026-08-29T00:00:00,PROD_115,1122.66,DEV_A_15,ADDR_A_15,REFUNDED,1,1.0,HIGH
ORD_ACC_A_116_1,ACC_A_116,2026-08-17T00:00:00,PROD_115,183.63,DEV_A_15,ADDR_A_15,REFUNDED,1,1.0,HIGH
ORD_ACC_A_116_2,ACC_A_116,2026-08-20T00:00:00,PROD_115,258.63,DEV_A_15,ADDR_A_15,REFUNDED,1,1.0,HIGH
ORD_ACC_A_116_3,ACC_A_116,2026-08-27T00:00:00,PROD_115,145.38,DEV_A_15,ADDR_A_15,REFUNDED,1,1.0,HIGH
ORD_ACC_A_116_4,ACC_A_116,2026-08-27T00:00:00,PROD_115,524.08,DEV_A_15,ADDR_A_15,REFUNDED,1,1.0,HIGH
ORD_ACC_A_116_5,ACC_A_116,2026-08-30T00:00:00,PROD_115,1472.95,DEV_A_15,ADDR_A_15,REFUNDED,1,1.0,HIGH
ORD_ACC_A_116_6,ACC_A_116,2026-08-19T00:00:00,PROD_115,1470.61,DEV_A_15,ADDR_A_15,REFUNDED,1,1.0,HIGH
ORD_ACC_A_116_7,ACC_A_116,2026-08-17T00:00:00,PROD_115,1208.01,DEV_A_15,ADDR_A_15,COMPLETED,0,1.0,HIGH
ORD_ACC_A_116_8,ACC_A_116,2026-08-24T00:00:00,PROD_115,539.28,DEV_A_15,ADDR_A_15,COMPLETED,0,1.0,HIGH
ORD_ACC_A_116_9,ACC_A_116,2026-08-23T00:00:00,PROD_132,128.19,DEV_A_15,ADDR_A_15,REFUNDED,1,1.0,HIGH
ORD_ACC_A_116_10,ACC_A_116,2026-08-20T00:00:00,PROD_133,1085.5,DEV_A_15,ADDR_A_15,REFUNDED,1,1.0,HIGH
ORD_ACC_A_116_11,ACC_A_116,2026-08-23T00:00:00,PROD_115,784.31,DEV_A_15,ADDR_A_15,REFUNDED,1,1.0,HIGH
ORD_ACC_A_117_0,ACC_A_117,2026-08-28T00:00:00,PROD_115,166.36,DEV_A_15,ADDR_A_15,COMPLETED,0,1.0,HIGH
ORD_ACC_A_117_1,ACC_A_117,2026-08-22T00:00:00,PROD_115,997.72,DEV_A_15,ADDR_A_15,REFUNDED,1,1.0,HIGH
ORD_ACC_A_117_2,ACC_A_117,2026-08-18T00:00:00,PROD_115,638.75,DEV_A_15,ADDR_A_15,REFUNDED,1,1.0,HIGH
ORD_ACC_A_117_3,ACC_A_117,2026-08-23T00:00:00,PROD_148,1234.58,DEV_A_15,ADDR_A_15,COMPLETED,0,1.0,HIGH
ORD_ACC_A_117_4,ACC_A_117,2026-08-31T00:00:00,PROD_142,1060.57,DEV_A_15,ADDR_A_15,REFUNDED,1,1.0,HIGH
ORD_ACC_A_117_5,ACC_A_117,2026-08-24T00:00:00,PROD_115,1085.96,DEV_A_15,ADDR_A_15,REFUNDED,1,1.0,HIGH
ORD_ACC_A_117_6,ACC_A_117,2026-08-21T00:00:00,PROD_115,214.37,DEV_A_15,ADDR_A_15,COMPLETED,0,1.0,HIGH
ORD_ACC_A_117_7,ACC_A_117,2026-08-20T00:00:00,PROD_115,354.75,DEV_A_15,ADDR_A_15,COMPLETED,0,1.0,HIGH
ORD_ACC_A_117_8,ACC_A_117,2026-08-29T00:00:00,PROD_115,728.09,DEV_A_15,ADDR_A_15,REFUNDED,1,1.0,HIGH
ORD_ACC_A_117_9,ACC_A_117,2026-08-31T00:00:00,PROD_115,565.59,DEV_A_15,ADDR_A_15,REFUNDED,1,1.0,HIGH
ORD_ACC_A_117_10,ACC_A_117,2026-08-25T00:00:00,PROD_115,799.83,DEV_A_15,ADDR_A_15,REFUNDED,1,1.0,HIGH
ORD_ACC_A_117_11,ACC_A_117,2026-08-22T00:00:00,PROD_128,871.6,DEV_A_15,ADDR_A_15,REFUNDED,1,1.0,HIGH
ORD_ACC_A_117_12,ACC_A_117,2026-08-27T00:00:00,PROD_115,1222.17,DEV_A_15,ADDR_A_15,REFUNDED,1,1.0,HIGH
ORD_ACC_A_117_13,ACC_A_117,2026-08-21T00:00:00,PROD_115,148.02,DEV_A_15,ADDR_A_15,REFUNDED,1,1.0,HIGH
ORD_ACC_A_117_14,ACC_A_117,2026-08-24T00:00:00,PROD_115,561.06,DEV_A_15,ADDR_A_15,REFUNDED,1,1.0,HIGH
ORD_ACC_A_117_15,ACC_A_117,2026-08-26T00:00:00,PROD_115,374.12,DEV_A_15,ADDR_A_15,REFUNDED,1,1.0,HIGH
ORD_ACC_A_117_16,ACC_A_117,2026-08-29T00:00:00,PROD_115,712.33,DEV_A_15,ADDR_A_15,REFUNDED,1,1.0,HIGH
ORD_ACC_A_117_17,ACC_A_117,2026-08-31T00:00:00,PROD_122,1177.19,DEV_A_15,ADDR_A_15,REFUNDED,1,1.0,HIGH
ORD_ACC_A_118_0,ACC_A_118,2026-08-24T00:00:00,PROD_115,354.34,DEV_A_15,ADDR_A_ALT_119,REFUNDED,1,1.0,HIGH
ORD_ACC_A_118_1,ACC_A_118,2026-08-25T00:00:00,PROD_111,866.51,DEV_A_15,ADDR_A_ALT_119,REFUNDED,1,1.0,HIGH
ORD_ACC_A_118_2,ACC_A_118,2026-08-18T00:00:00,PROD_115,1422.08,DEV_A_15,ADDR_A_ALT_119,COMPLETED,0,1.0,HIGH
ORD_ACC_A_118_3,ACC_A_118,2026-08-22T00:00:00,PROD_115,1328.39,DEV_A_15,ADDR_A_ALT_119,REFUNDED,1,1.0,HIGH
ORD_ACC_A_118_4,ACC_A_118,2026-08-20T00:00:00,PROD_115,902.91,DEV_A_15,ADDR_A_ALT_119,REFUNDED,1,1.0,HIGH
ORD_ACC_A_118_5,ACC_A_118,2026-08-24T00:00:00,PROD_115,437.87,DEV_A_15,ADDR_A_ALT_119,COMPLETED,0,1.0,HIGH
ORD_ACC_A_118_6,ACC_A_118,2026-08-28T00:00:00,PROD_115,892.9,DEV_A_15,ADDR_A_ALT_119,REFUNDED,1,1.0,HIGH
ORD_ACC_A_118_7,ACC_A_118,2026-08-31T00:00:00,PROD_113,671.2,DEV_A_15,ADDR_A_ALT_119,REFUNDED,1,1.0,HIGH
ORD_ACC_A_118_8,ACC_A_118,2026-08-19T00:00:00,PROD_115,1406.77,DEV_A_15,ADDR_A_ALT_119,REFUNDED,1,1.0,HIGH
ORD_ACC_A_118_9,ACC_A_118,2026-08-29T00:00:00,PROD_115,378.53,DEV_A_15,ADDR_A_ALT_119,REFUNDED,1,1.0,HIGH
ORD_ACC_A_118_10,ACC_A_118,2026-08-31T00:00:00,PROD_115,1408.03,DEV_A_15,ADDR_A_ALT_119,REFUNDED,1,1.0,HIGH
ORD_ACC_A_118_11,ACC_A_118,2026-08-22T00:00:00,PROD_148,598.02,DEV_A_15,ADDR_A_ALT_119,REFUNDED,1,1.0,HIGH
ORD_ACC_A_118_12,ACC_A_118,2026-08-27T00:00:00,PROD_148,240.68,DEV_A_15,ADDR_A_ALT_119,REFUNDED,1,1.0,HIGH
ORD_ACC_A_118_13,ACC_A_118,2026-08-24T00:00:00,PROD_118,1360.28,DEV_A_15,ADDR_A_ALT_119,REFUNDED,1,1.0,HIGH
ORD_ACC_A_118_14,ACC_A_118,2026-08-29T00:00:00,PROD_141,559.49,DEV_A_15,ADDR_A_ALT_119,REFUNDED,1,1.0,HIGH
ORD_ACC_A_118_15,ACC_A_118,2026-08-31T00:00:00,PROD_133,979.46,DEV_A_15,ADDR_A_ALT_119,COMPLETED,0,1.0,HIGH
ORD_ACC_A_118_16,ACC_A_118,2026-08-24T00:00:00,PROD_115,311.75,DEV_A_15,ADDR_A_ALT_119,REFUNDED,1,1.0,HIGH
ORD_ACC_A_118_17,ACC_A_118,2026-08-19T00:00:00,PROD_115,761.68,DEV_A_15,ADDR_A_ALT_119,REFUNDED,1,1.0,HIGH
ORD_ACC_A_119_0,ACC_A_119,2026-08-31T00:00:00,PROD_119,1204.89,DEV_A_15,ADDR_A_15,REFUNDED,1,1.0,HIGH
ORD_ACC_A_119_1,ACC_A_119,2026-08-31T00:00:00,PROD_115,668.49,DEV_A_15,ADDR_A_15,REFUNDED,1,1.0,HIGH
ORD_ACC_A_119_2,ACC_A_119,2026-08-29T00:00:00,PROD_115,1250.99,DEV_A_15,ADDR_A_15,REFUNDED,1,1.0,HIGH
ORD_ACC_A_119_3,ACC_A_119,2026-08-30T00:00:00,PROD_115,225.07,DEV_A_15,ADDR_A_15,REFUNDED,1,1.0,HIGH
ORD_ACC_A_119_4,ACC_A_119,2026-08-30T00:00:00,PROD_115,1028.99,DEV_A_15,ADDR_A_15,REFUNDED,1,1.0,HIGH
ORD_ACC_A_119_5,ACC_A_119,2026-08-30T00:00:00,PROD_115,872.79,DEV_A_15,ADDR_A_15,REFUNDED,1,1.0,HIGH
ORD_ACC_A_119_6,ACC_A_119,2026-08-31T00:00:00,PROD_136,976.67,DEV_A_15,ADDR_A_15,REFUNDED,1,1.0,HIGH
ORD_ACC_A_119_7,ACC_A_119,2026-08-29T00:00:00,PROD_115,638.2,DEV_A_15,ADDR_A_15,REFUNDED,1,1.0,HIGH
ORD_ACC_A_119_8,ACC_A_119,2026-08-30T00:00:00,PROD_115,711.93,DEV_A_15,ADDR_A_15,REFUNDED,1,1.0,HIGH
ORD_ACC_A_119_9,ACC_A_119,2026-08-29T00:00:00,PROD_115,415.37,DEV_A_15,ADDR_A_15,REFUNDED,1,1.0,HIGH
ORD_ACC_A_119_10,ACC_A_119,2026-08-30T00:00:00,PROD_115,510.03,DEV_A_15,ADDR_A_15,REFUNDED,1,1.0,HIGH
ORD_ACC_A_119_11,ACC_A_119,2026-08-30T00:00:00,PROD_115,1179.7,DEV_A_15,ADDR_A_15,COMPLETED,0,1.0,HIGH
ORD_ACC_A_119_12,ACC_A_119,2026-08-31T00:00:00,PROD_115,833.57,DEV_A_15,ADDR_A_15,REFUNDED,1,1.0,HIGH
ORD_ACC_A_119_13,ACC_A_119,2026-08-29T00:00:00,PROD_115,1035.04,DEV_A_15,ADDR_A_15,REFUNDED,1,1.0,HIGH
ORD_ACC_A_119_14,ACC_A_119,2026-08-30T00:00:00,PROD_115,1083.29,DEV_A_15,ADDR_A_15,REFUNDED,1,1.0,HIGH
ORD_ACC_A_119_15,ACC_A_119,2026-08-29T00:00:00,PROD_115,148.81,DEV_A_15,ADDR_A_15,REFUNDED,1,1.0,HIGH
ORD_ACC_A_120_0,ACC_A_120,2026-08-19T00:00:00,PROD_115,1131.3,DEV_A_15,ADDR_A_ALT_121,REFUNDED,1,1.0,HIGH
ORD_ACC_A_120_1,ACC_A_120,2026-08-30T00:00:00,PROD_115,522.23,DEV_A_15,ADDR_A_ALT_121,REFUNDED,1,1.0,HIGH
ORD_ACC_A_120_2,ACC_A_120,2026-08-31T00:00:00,PROD_115,890.48,DEV_A_15,ADDR_A_ALT_121,REFUNDED,1,1.0,HIGH
ORD_ACC_A_120_3,ACC_A_120,2026-08-24T00:00:00,PROD_115,1254.49,DEV_A_15,ADDR_A_ALT_121,COMPLETED,0,1.0,HIGH
ORD_ACC_A_120_4,ACC_A_120,2026-08-30T00:00:00,PROD_135,1342.56,DEV_A_15,ADDR_A_ALT_121,COMPLETED,0,1.0,HIGH
ORD_ACC_A_120_5,ACC_A_120,2026-08-30T00:00:00,PROD_134,412.03,DEV_A_15,ADDR_A_ALT_121,REFUNDED,1,1.0,HIGH
ORD_ACC_A_120_6,ACC_A_120,2026-08-25T00:00:00,PROD_115,943.83,DEV_A_15,ADDR_A_ALT_121,REFUNDED,1,1.0,HIGH
ORD_ACC_A_120_7,ACC_A_120,2026-08-31T00:00:00,PROD_115,241.61,DEV_A_15,ADDR_A_ALT_121,REFUNDED,1,1.0,HIGH
ORD_ACC_A_120_8,ACC_A_120,2026-08-25T00:00:00,PROD_115,1493.46,DEV_A_15,ADDR_A_ALT_121,REFUNDED,1,1.0,HIGH
ORD_ACC_A_120_9,ACC_A_120,2026-08-18T00:00:00,PROD_115,588.85,DEV_A_15,ADDR_A_ALT_121,REFUNDED,1,1.0,HIGH
ORD_ACC_A_120_10,ACC_A_120,2026-08-22T00:00:00,PROD_110,800.81,DEV_A_15,ADDR_A_ALT_121,REFUNDED,1,1.0,HIGH
ORD_ACC_A_120_11,ACC_A_120,2026-08-17T00:00:00,PROD_115,797.44,DEV_A_15,ADDR_A_ALT_121,REFUNDED,1,1.0,HIGH
ORD_ACC_A_120_12,ACC_A_120,2026-08-24T00:00:00,PROD_115,492.14,DEV_A_15,ADDR_A_ALT_121,REFUNDED,1,1.0,HIGH
ORD_ACC_A_120_13,ACC_A_120,2026-08-30T00:00:00,PROD_115,752.75,DEV_A_15,ADDR_A_ALT_121,REFUNDED,1,1.0,HIGH
ORD_ACC_A_120_14,ACC_A_120,2026-08-19T00:00:00,PROD_115,794.45,DEV_A_15,ADDR_A_ALT_121,COMPLETED,0,1.0,HIGH
ORD_ACC_A_120_15,ACC_A_120,2026-08-27T00:00:00,PROD_116,341.49,DEV_A_15,ADDR_A_ALT_121,COMPLETED,0,1.0,HIGH
ORD_ACC_A_120_16,ACC_A_120,2026-08-18T00:00:00,PROD_115,1371.52,DEV_A_15,ADDR_A_ALT_121,REFUNDED,1,1.0,HIGH
ORD_ACC_A_120_17,ACC_A_120,2026-08-26T00:00:00,PROD_123,151.65,DEV_A_15,ADDR_A_ALT_121,REFUNDED,1,1.0,HIGH
ORD_ACC_A_120_18,ACC_A_120,2026-08-25T00:00:00,PROD_115,465.73,DEV_A_15,ADDR_A_ALT_121,COMPLETED,0,1.0,HIGH
ORD_ACC_A_120_19,ACC_A_120,2026-08-23T00:00:00,PROD_126,1135.8,DEV_A_15,ADDR_A_ALT_121,REFUNDED,1,1.0,HIGH
ORD_ACC_A_120_20,ACC_A_120,2026-08-20T00:00:00,PROD_115,1480.43,DEV_A_15,ADDR_A_ALT_121,REFUNDED,1,1.0,HIGH
ORD_ACC_A_120_21,ACC_A_120,2026-08-18T00:00:00,PROD_115,406.87,DEV_A_15,ADDR_A_ALT_121,REFUNDED,1,1.0,HIGH
ORD_ACC_A_121_0,ACC_A_121,2026-08-31T00:00:00,PROD_138,1234.82,DEV_A_16,ADDR_A_ALT_122,REFUNDED,1,1.0,HIGH
ORD_ACC_A_121_1,ACC_A_121,2026-08-31T00:00:00,PROD_138,1130.32,DEV_A_16,ADDR_A_ALT_122,REFUNDED,1,1.0,HIGH
ORD_ACC_A_121_2,ACC_A_121,2026-08-31T00:00:00,PROD_138,103.4,DEV_A_16,ADDR_A_ALT_122,REFUNDED,1,1.0,HIGH
ORD_ACC_A_121_3,ACC_A_121,2026-08-31T00:00:00,PROD_100,711.18,DEV_A_16,ADDR_A_ALT_122,REFUNDED,1,1.0,HIGH
ORD_ACC_A_121_4,ACC_A_121,2026-08-31T00:00:00,PROD_138,1071.31,DEV_A_16,ADDR_A_ALT_122,REFUNDED,1,1.0,HIGH
ORD_ACC_A_121_5,ACC_A_121,2026-08-31T00:00:00,PROD_138,594.51,DEV_A_16,ADDR_A_ALT_122,REFUNDED,1,1.0,HIGH
ORD_ACC_A_121_6,ACC_A_121,2026-08-31T00:00:00,PROD_138,1107.82,DEV_A_16,ADDR_A_ALT_122,REFUNDED,1,1.0,HIGH
ORD_ACC_A_121_7,ACC_A_121,2026-08-31T00:00:00,PROD_138,1308.32,DEV_A_16,ADDR_A_ALT_122,REFUNDED,1,1.0,HIGH
ORD_ACC_A_121_8,ACC_A_121,2026-08-31T00:00:00,PROD_123,482.44,DEV_A_16,ADDR_A_ALT_122,REFUNDED,1,1.0,HIGH
ORD_ACC_A_121_9,ACC_A_121,2026-08-31T00:00:00,PROD_132,574.98,DEV_A_16,ADDR_A_ALT_122,REFUNDED,1,1.0,HIGH
ORD_ACC_A_121_10,ACC_A_121,2026-08-31T00:00:00,PROD_138,1006.12,DEV_A_16,ADDR_A_ALT_122,REFUNDED,1,1.0,HIGH
ORD_ACC_A_121_11,ACC_A_121,2026-08-31T00:00:00,PROD_138,318.9,DEV_A_16,ADDR_A_ALT_122,REFUNDED,1,1.0,HIGH
ORD_ACC_A_121_12,ACC_A_121,2026-08-31T00:00:00,PROD_138,145.67,DEV_A_16,ADDR_A_ALT_122,REFUNDED,1,1.0,HIGH
ORD_ACC_A_121_13,ACC_A_121,2026-08-31T00:00:00,PROD_109,841.3,DEV_A_16,ADDR_A_ALT_122,REFUNDED,1,1.0,HIGH
ORD_ACC_A_121_14,ACC_A_121,2026-08-31T00:00:00,PROD_138,321.7,DEV_A_16,ADDR_A_ALT_122,REFUNDED,1,1.0,HIGH
ORD_ACC_A_121_15,ACC_A_121,2026-08-31T00:00:00,PROD_138,728.36,DEV_A_16,ADDR_A_ALT_122,COMPLETED,0,1.0,HIGH
ORD_ACC_A_121_16,ACC_A_121,2026-08-31T00:00:00,PROD_132,708.18,DEV_A_16,ADDR_A_ALT_122,REFUNDED,1,1.0,HIGH
ORD_ACC_A_121_17,ACC_A_121,2026-08-31T00:00:00,PROD_138,1167.24,DEV_A_16,ADDR_A_ALT_122,REFUNDED,1,1.0,HIGH
ORD_ACC_A_121_18,ACC_A_121,2026-08-31T00:00:00,PROD_138,917.0,DEV_A_16,ADDR_A_ALT_122,REFUNDED,1,1.0,HIGH
ORD_ACC_A_121_19,ACC_A_121,2026-08-31T00:00:00,PROD_138,1202.31,DEV_A_16,ADDR_A_ALT_122,REFUNDED,1,1.0,HIGH
ORD_ACC_A_121_20,ACC_A_121,2026-08-31T00:00:00,PROD_125,1483.47,DEV_A_16,ADDR_A_ALT_122,REFUNDED,1,1.0,HIGH
ORD_ACC_A_121_21,ACC_A_121,2026-08-31T00:00:00,PROD_143,1093.04,DEV_A_16,ADDR_A_ALT_122,REFUNDED,1,1.0,HIGH
ORD_ACC_A_121_22,ACC_A_121,2026-08-31T00:00:00,PROD_138,666.07,DEV_A_16,ADDR_A_ALT_122,REFUNDED,1,1.0,HIGH
ORD_ACC_A_121_23,ACC_A_121,2026-08-31T00:00:00,PROD_138,144.45,DEV_A_16,ADDR_A_ALT_122,REFUNDED,1,1.0,HIGH
ORD_ACC_A_122_0,ACC_A_122,2026-08-31T00:00:00,PROD_138,523.37,DEV_A_ALT_123,ADDR_A_16,COMPLETED,0,1.0,HIGH
ORD_ACC_A_122_1,ACC_A_122,2026-08-31T00:00:00,PROD_138,365.18,DEV_A_ALT_123,ADDR_A_16,REFUNDED,1,1.0,HIGH
ORD_ACC_A_122_2,ACC_A_122,2026-08-31T00:00:00,PROD_138,247.56,DEV_A_ALT_123,ADDR_A_16,REFUNDED,1,1.0,HIGH
ORD_ACC_A_122_3,ACC_A_122,2026-08-31T00:00:00,PROD_138,449.34,DEV_A_ALT_123,ADDR_A_16,REFUNDED,1,1.0,HIGH
ORD_ACC_A_122_4,ACC_A_122,2026-08-31T00:00:00,PROD_139,801.03,DEV_A_ALT_123,ADDR_A_16,REFUNDED,1,1.0,HIGH
ORD_ACC_A_122_5,ACC_A_122,2026-08-31T00:00:00,PROD_142,200.75,DEV_A_ALT_123,ADDR_A_16,REFUNDED,1,1.0,HIGH
ORD_ACC_A_122_6,ACC_A_122,2026-08-31T00:00:00,PROD_138,861.85,DEV_A_ALT_123,ADDR_A_16,REFUNDED,1,1.0,HIGH
ORD_ACC_A_122_7,ACC_A_122,2026-08-31T00:00:00,PROD_138,1304.36,DEV_A_ALT_123,ADDR_A_16,REFUNDED,1,1.0,HIGH
ORD_ACC_A_122_8,ACC_A_122,2026-08-31T00:00:00,PROD_138,117.24,DEV_A_ALT_123,ADDR_A_16,REFUNDED,1,1.0,HIGH
ORD_ACC_A_122_9,ACC_A_122,2026-08-31T00:00:00,PROD_126,183.45,DEV_A_ALT_123,ADDR_A_16,REFUNDED,1,1.0,HIGH
ORD_ACC_A_122_10,ACC_A_122,2026-08-31T00:00:00,PROD_138,535.32,DEV_A_ALT_123,ADDR_A_16,COMPLETED,0,1.0,HIGH
ORD_ACC_A_122_11,ACC_A_122,2026-08-31T00:00:00,PROD_138,302.45,DEV_A_ALT_123,ADDR_A_16,COMPLETED,0,1.0,HIGH
ORD_ACC_A_122_12,ACC_A_122,2026-08-31T00:00:00,PROD_106,1316.36,DEV_A_ALT_123,ADDR_A_16,COMPLETED,0,1.0,HIGH
ORD_ACC_A_122_13,ACC_A_122,2026-08-31T00:00:00,PROD_138,572.29,DEV_A_ALT_123,ADDR_A_16,COMPLETED,0,1.0,HIGH
ORD_ACC_A_122_14,ACC_A_122,2026-08-31T00:00:00,PROD_138,841.11,DEV_A_ALT_123,ADDR_A_16,REFUNDED,1,1.0,HIGH
ORD_ACC_A_123_0,ACC_A_123,2026-08-31T00:00:00,PROD_104,652.56,DEV_A_ALT_124,ADDR_A_ALT_124,REFUNDED,1,1.0,HIGH
ORD_ACC_A_123_1,ACC_A_123,2026-08-22T00:00:00,PROD_138,1498.37,DEV_A_ALT_124,ADDR_A_ALT_124,REFUNDED,1,1.0,HIGH
ORD_ACC_A_123_2,ACC_A_123,2026-08-23T00:00:00,PROD_138,653.92,DEV_A_ALT_124,ADDR_A_ALT_124,COMPLETED,0,1.0,HIGH
ORD_ACC_A_123_3,ACC_A_123,2026-08-23T00:00:00,PROD_135,400.19,DEV_A_ALT_124,ADDR_A_ALT_124,REFUNDED,1,1.0,HIGH
ORD_ACC_A_123_4,ACC_A_123,2026-08-30T00:00:00,PROD_138,507.27,DEV_A_ALT_124,ADDR_A_ALT_124,REFUNDED,1,1.0,HIGH
ORD_ACC_A_123_5,ACC_A_123,2026-08-31T00:00:00,PROD_138,835.64,DEV_A_ALT_124,ADDR_A_ALT_124,COMPLETED,0,1.0,HIGH
ORD_ACC_A_123_6,ACC_A_123,2026-08-27T00:00:00,PROD_138,1156.2,DEV_A_ALT_124,ADDR_A_ALT_124,REFUNDED,1,1.0,HIGH
ORD_ACC_A_123_7,ACC_A_123,2026-08-22T00:00:00,PROD_121,1351.12,DEV_A_ALT_124,ADDR_A_ALT_124,REFUNDED,1,1.0,HIGH
ORD_ACC_A_123_8,ACC_A_123,2026-08-29T00:00:00,PROD_138,656.93,DEV_A_ALT_124,ADDR_A_ALT_124,REFUNDED,1,1.0,HIGH
ORD_ACC_A_123_9,ACC_A_123,2026-08-21T00:00:00,PROD_138,1410.05,DEV_A_ALT_124,ADDR_A_ALT_124,REFUNDED,1,1.0,HIGH
ORD_ACC_A_123_10,ACC_A_123,2026-08-17T00:00:00,PROD_133,1014.59,DEV_A_ALT_124,ADDR_A_ALT_124,REFUNDED,1,1.0,HIGH
ORD_ACC_A_123_11,ACC_A_123,2026-08-30T00:00:00,PROD_138,423.45,DEV_A_ALT_124,ADDR_A_ALT_124,REFUNDED,1,1.0,HIGH
ORD_ACC_A_123_12,ACC_A_123,2026-08-29T00:00:00,PROD_138,313.75,DEV_A_ALT_124,ADDR_A_ALT_124,REFUNDED,1,1.0,HIGH
ORD_ACC_A_123_13,ACC_A_123,2026-08-22T00:00:00,PROD_120,734.92,DEV_A_ALT_124,ADDR_A_ALT_124,REFUNDED,1,1.0,HIGH
ORD_ACC_A_123_14,ACC_A_123,2026-08-31T00:00:00,PROD_115,256.99,DEV_A_ALT_124,ADDR_A_ALT_124,REFUNDED,1,1.0,HIGH
ORD_ACC_A_123_15,ACC_A_123,2026-08-24T00:00:00,PROD_138,1179.2,DEV_A_ALT_124,ADDR_A_ALT_124,REFUNDED,1,1.0,HIGH
ORD_ACC_A_123_16,ACC_A_123,2026-08-23T00:00:00,PROD_138,851.81,DEV_A_ALT_124,ADDR_A_ALT_124,REFUNDED,1,1.0,HIGH
ORD_ACC_A_123_17,ACC_A_123,2026-08-24T00:00:00,PROD_136,864.51,DEV_A_ALT_124,ADDR_A_ALT_124,REFUNDED,1,1.0,HIGH
ORD_ACC_A_123_18,ACC_A_123,2026-08-20T00:00:00,PROD_138,1475.27,DEV_A_ALT_124,ADDR_A_ALT_124,REFUNDED,1,1.0,HIGH
ORD_ACC_A_123_19,ACC_A_123,2026-08-22T00:00:00,PROD_123,1270.17,DEV_A_ALT_124,ADDR_A_ALT_124,REFUNDED,1,1.0,HIGH
ORD_ACC_A_123_20,ACC_A_123,2026-08-21T00:00:00,PROD_138,123.9,DEV_A_ALT_124,ADDR_A_ALT_124,REFUNDED,1,1.0,HIGH
ORD_ACC_A_123_21,ACC_A_123,2026-08-23T00:00:00,PROD_131,789.97,DEV_A_ALT_124,ADDR_A_ALT_124,REFUNDED,1,1.0,HIGH
ORD_ACC_A_123_22,ACC_A_123,2026-08-31T00:00:00,PROD_138,963.9,DEV_A_ALT_124,ADDR_A_ALT_124,REFUNDED,1,1.0,HIGH
ORD_ACC_A_123_23,ACC_A_123,2026-08-19T00:00:00,PROD_138,302.73,DEV_A_ALT_124,ADDR_A_ALT_124,REFUNDED,1,1.0,HIGH
ORD_ACC_A_123_24,ACC_A_123,2026-08-19T00:00:00,PROD_138,607.6,DEV_A_ALT_124,ADDR_A_ALT_124,REFUNDED,1,1.0,HIGH
ORD_ACC_A_124_0,ACC_A_124,2026-08-22T00:00:00,PROD_138,688.73,DEV_A_16,ADDR_A_16,REFUNDED,1,1.0,HIGH
ORD_ACC_A_124_1,ACC_A_124,2026-08-25T00:00:00,PROD_138,143.39,DEV_A_16,ADDR_A_16,COMPLETED,0,1.0,HIGH
ORD_ACC_A_124_2,ACC_A_124,2026-08-17T00:00:00,PROD_138,1386.04,DEV_A_16,ADDR_A_16,REFUNDED,1,1.0,HIGH
ORD_ACC_A_124_3,ACC_A_124,2026-08-29T00:00:00,PROD_138,1480.7,DEV_A_16,ADDR_A_16,REFUNDED,1,1.0,HIGH
ORD_ACC_A_124_4,ACC_A_124,2026-08-30T00:00:00,PROD_138,1485.57,DEV_A_16,ADDR_A_16,REFUNDED,1,1.0,HIGH
ORD_ACC_A_124_5,ACC_A_124,2026-08-25T00:00:00,PROD_138,1273.03,DEV_A_16,ADDR_A_16,REFUNDED,1,1.0,HIGH
ORD_ACC_A_124_6,ACC_A_124,2026-08-27T00:00:00,PROD_138,173.48,DEV_A_16,ADDR_A_16,REFUNDED,1,1.0,HIGH
ORD_ACC_A_124_7,ACC_A_124,2026-08-31T00:00:00,PROD_138,189.33,DEV_A_16,ADDR_A_16,REFUNDED,1,1.0,HIGH
ORD_ACC_A_124_8,ACC_A_124,2026-08-26T00:00:00,PROD_138,751.15,DEV_A_16,ADDR_A_16,REFUNDED,1,1.0,HIGH
ORD_ACC_A_124_9,ACC_A_124,2026-08-22T00:00:00,PROD_138,1032.23,DEV_A_16,ADDR_A_16,REFUNDED,1,1.0,HIGH
ORD_ACC_A_124_10,ACC_A_124,2026-08-22T00:00:00,PROD_148,1354.38,DEV_A_16,ADDR_A_16,REFUNDED,1,1.0,HIGH
ORD_ACC_A_124_11,ACC_A_124,2026-08-25T00:00:00,PROD_138,1179.89,DEV_A_16,ADDR_A_16,REFUNDED,1,1.0,HIGH
ORD_ACC_A_124_12,ACC_A_124,2026-08-29T00:00:00,PROD_138,1223.6,DEV_A_16,ADDR_A_16,COMPLETED,0,1.0,HIGH
ORD_ACC_A_124_13,ACC_A_124,2026-08-26T00:00:00,PROD_138,221.84,DEV_A_16,ADDR_A_16,REFUNDED,1,1.0,HIGH
ORD_ACC_A_124_14,ACC_A_124,2026-08-27T00:00:00,PROD_138,253.2,DEV_A_16,ADDR_A_16,REFUNDED,1,1.0,HIGH
ORD_ACC_A_124_15,ACC_A_124,2026-08-19T00:00:00,PROD_130,1399.84,DEV_A_16,ADDR_A_16,REFUNDED,1,1.0,HIGH
ORD_ACC_A_124_16,ACC_A_124,2026-08-31T00:00:00,PROD_138,655.59,DEV_A_16,ADDR_A_16,REFUNDED,1,1.0,HIGH
ORD_ACC_A_124_17,ACC_A_124,2026-08-27T00:00:00,PROD_138,913.57,DEV_A_16,ADDR_A_16,COMPLETED,0,1.0,HIGH
ORD_ACC_A_125_0,ACC_A_125,2026-08-22T00:00:00,PROD_138,161.38,DEV_A_16,ADDR_A_16,REFUNDED,1,1.0,HIGH
ORD_ACC_A_125_1,ACC_A_125,2026-08-29T00:00:00,PROD_138,279.91,DEV_A_16,ADDR_A_16,REFUNDED,1,1.0,HIGH
ORD_ACC_A_125_2,ACC_A_125,2026-08-20T00:00:00,PROD_138,1209.33,DEV_A_16,ADDR_A_16,REFUNDED,1,1.0,HIGH
ORD_ACC_A_125_3,ACC_A_125,2026-08-26T00:00:00,PROD_138,837.69,DEV_A_16,ADDR_A_16,COMPLETED,0,1.0,HIGH
ORD_ACC_A_125_4,ACC_A_125,2026-08-20T00:00:00,PROD_138,1374.16,DEV_A_16,ADDR_A_16,COMPLETED,0,1.0,HIGH
ORD_ACC_A_125_5,ACC_A_125,2026-08-20T00:00:00,PROD_138,261.48,DEV_A_16,ADDR_A_16,REFUNDED,1,1.0,HIGH
ORD_ACC_A_125_6,ACC_A_125,2026-08-30T00:00:00,PROD_107,768.29,DEV_A_16,ADDR_A_16,REFUNDED,1,1.0,HIGH
ORD_ACC_A_125_7,ACC_A_125,2026-08-30T00:00:00,PROD_138,461.28,DEV_A_16,ADDR_A_16,REFUNDED,1,1.0,HIGH
ORD_ACC_A_125_8,ACC_A_125,2026-08-20T00:00:00,PROD_138,1228.35,DEV_A_16,ADDR_A_16,REFUNDED,1,1.0,HIGH
ORD_ACC_A_125_9,ACC_A_125,2026-08-25T00:00:00,PROD_138,715.44,DEV_A_16,ADDR_A_16,REFUNDED,1,1.0,HIGH
ORD_ACC_A_125_10,ACC_A_125,2026-08-24T00:00:00,PROD_145,204.1,DEV_A_16,ADDR_A_16,REFUNDED,1,1.0,HIGH
ORD_ACC_A_125_11,ACC_A_125,2026-08-30T00:00:00,PROD_138,902.71,DEV_A_16,ADDR_A_16,COMPLETED,0,1.0,HIGH
ORD_ACC_A_125_12,ACC_A_125,2026-08-25T00:00:00,PROD_141,935.96,DEV_A_16,ADDR_A_16,REFUNDED,1,1.0,HIGH
ORD_ACC_A_125_13,ACC_A_125,2026-08-23T00:00:00,PROD_138,592.64,DEV_A_16,ADDR_A_16,REFUNDED,1,1.0,HIGH
ORD_ACC_A_126_0,ACC_A_126,2026-08-25T00:00:00,PROD_138,1336.11,DEV_A_16,ADDR_A_16,REFUNDED,1,1.0,HIGH
ORD_ACC_A_126_1,ACC_A_126,2026-08-28T00:00:00,PROD_138,1010.35,DEV_A_16,ADDR_A_16,REFUNDED,1,1.0,HIGH
ORD_ACC_A_126_2,ACC_A_126,2026-08-24T00:00:00,PROD_138,398.5,DEV_A_16,ADDR_A_16,REFUNDED,1,1.0,HIGH
ORD_ACC_A_126_3,ACC_A_126,2026-08-24T00:00:00,PROD_130,327.27,DEV_A_16,ADDR_A_16,COMPLETED,0,1.0,HIGH
ORD_ACC_A_126_4,ACC_A_126,2026-08-22T00:00:00,PROD_138,632.95,DEV_A_16,ADDR_A_16,COMPLETED,0,1.0,HIGH
ORD_ACC_A_126_5,ACC_A_126,2026-08-31T00:00:00,PROD_138,142.91,DEV_A_16,ADDR_A_16,REFUNDED,1,1.0,HIGH
ORD_ACC_A_126_6,ACC_A_126,2026-08-27T00:00:00,PROD_145,1298.1,DEV_A_16,ADDR_A_16,REFUNDED,1,1.0,HIGH
ORD_ACC_A_126_7,ACC_A_126,2026-08-23T00:00:00,PROD_138,1247.87,DEV_A_16,ADDR_A_16,REFUNDED,1,1.0,HIGH
ORD_ACC_A_126_8,ACC_A_126,2026-08-25T00:00:00,PROD_111,1318.1,DEV_A_16,ADDR_A_16,REFUNDED,1,1.0,HIGH
ORD_ACC_A_126_9,ACC_A_126,2026-08-21T00:00:00,PROD_116,1090.31,DEV_A_16,ADDR_A_16,REFUNDED,1,1.0,HIGH
ORD_ACC_A_126_10,ACC_A_126,2026-08-26T00:00:00,PROD_109,1328.71,DEV_A_16,ADDR_A_16,REFUNDED,1,1.0,HIGH
ORD_ACC_A_126_11,ACC_A_126,2026-08-17T00:00:00,PROD_138,1154.05,DEV_A_16,ADDR_A_16,REFUNDED,1,1.0,HIGH
ORD_ACC_A_126_12,ACC_A_126,2026-08-21T00:00:00,PROD_138,695.6,DEV_A_16,ADDR_A_16,COMPLETED,0,1.0,HIGH
ORD_ACC_A_126_13,ACC_A_126,2026-08-20T00:00:00,PROD_116,202.6,DEV_A_16,ADDR_A_16,REFUNDED,1,1.0,HIGH
ORD_ACC_A_126_14,ACC_A_126,2026-08-31T00:00:00,PROD_122,414.04,DEV_A_16,ADDR_A_16,REFUNDED,1,1.0,HIGH
ORD_ACC_A_126_15,ACC_A_126,2026-08-21T00:00:00,PROD_138,1082.37,DEV_A_16,ADDR_A_16,REFUNDED,1,1.0,HIGH
ORD_ACC_A_126_16,ACC_A_126,2026-08-25T00:00:00,PROD_118,546.04,DEV_A_16,ADDR_A_16,REFUNDED,1,1.0,HIGH
ORD_ACC_A_126_17,ACC_A_126,2026-08-27T00:00:00,PROD_138,554.65,DEV_A_16,ADDR_A_16,REFUNDED,1,1.0,HIGH
ORD_ACC_A_126_18,ACC_A_126,2026-08-19T00:00:00,PROD_138,1312.67,DEV_A_16,ADDR_A_16,REFUNDED,1,1.0,HIGH
ORD_ACC_A_126_19,ACC_A_126,2026-08-31T00:00:00,PROD_138,1190.78,DEV_A_16,ADDR_A_16,REFUNDED,1,1.0,HIGH
ORD_ACC_A_127_0,ACC_A_127,2026-08-29T00:00:00,PROD_140,997.07,DEV_A_16,ADDR_A_16,REFUNDED,1,1.0,HIGH
ORD_ACC_A_127_1,ACC_A_127,2026-08-31T00:00:00,PROD_102,1425.07,DEV_A_16,ADDR_A_16,REFUNDED,1,1.0,HIGH
ORD_ACC_A_127_2,ACC_A_127,2026-08-28T00:00:00,PROD_138,907.24,DEV_A_16,ADDR_A_16,REFUNDED,1,1.0,HIGH
ORD_ACC_A_127_3,ACC_A_127,2026-08-31T00:00:00,PROD_138,256.07,DEV_A_16,ADDR_A_16,REFUNDED,1,1.0,HIGH
ORD_ACC_A_127_4,ACC_A_127,2026-08-29T00:00:00,PROD_138,249.07,DEV_A_16,ADDR_A_16,REFUNDED,1,1.0,HIGH
ORD_ACC_A_127_5,ACC_A_127,2026-08-29T00:00:00,PROD_138,783.84,DEV_A_16,ADDR_A_16,REFUNDED,1,1.0,HIGH
ORD_ACC_A_127_6,ACC_A_127,2026-08-30T00:00:00,PROD_138,619.57,DEV_A_16,ADDR_A_16,REFUNDED,1,1.0,HIGH
ORD_ACC_A_127_7,ACC_A_127,2026-08-30T00:00:00,PROD_138,704.83,DEV_A_16,ADDR_A_16,REFUNDED,1,1.0,HIGH
ORD_ACC_A_127_8,ACC_A_127,2026-08-29T00:00:00,PROD_104,318.73,DEV_A_16,ADDR_A_16,COMPLETED,0,1.0,HIGH
ORD_ACC_A_127_9,ACC_A_127,2026-08-28T00:00:00,PROD_138,1215.83,DEV_A_16,ADDR_A_16,REFUNDED,1,1.0,HIGH
ORD_ACC_A_127_10,ACC_A_127,2026-08-30T00:00:00,PROD_133,763.28,DEV_A_16,ADDR_A_16,REFUNDED,1,1.0,HIGH
ORD_ACC_A_127_11,ACC_A_127,2026-08-28T00:00:00,PROD_138,879.81,DEV_A_16,ADDR_A_16,REFUNDED,1,1.0,HIGH
ORD_ACC_A_128_0,ACC_A_128,2026-08-31T00:00:00,PROD_109,145.51,DEV_A_16,ADDR_A_16,REFUNDED,1,1.0,HIGH
ORD_ACC_A_128_1,ACC_A_128,2026-08-31T00:00:00,PROD_138,725.68,DEV_A_16,ADDR_A_16,REFUNDED,1,1.0,HIGH
ORD_ACC_A_128_2,ACC_A_128,2026-08-31T00:00:00,PROD_138,1424.86,DEV_A_16,ADDR_A_16,REFUNDED,1,1.0,HIGH
ORD_ACC_A_128_3,ACC_A_128,2026-08-31T00:00:00,PROD_138,207.75,DEV_A_16,ADDR_A_16,COMPLETED,0,1.0,HIGH
ORD_ACC_A_128_4,ACC_A_128,2026-08-31T00:00:00,PROD_138,1306.57,DEV_A_16,ADDR_A_16,REFUNDED,1,1.0,HIGH
ORD_ACC_A_128_5,ACC_A_128,2026-08-31T00:00:00,PROD_139,1135.54,DEV_A_16,ADDR_A_16,REFUNDED,1,1.0,HIGH
ORD_ACC_A_128_6,ACC_A_128,2026-08-31T00:00:00,PROD_138,651.25,DEV_A_16,ADDR_A_16,REFUNDED,1,1.0,HIGH
ORD_ACC_A_128_7,ACC_A_128,2026-08-31T00:00:00,PROD_138,1444.04,DEV_A_16,ADDR_A_16,REFUNDED,1,1.0,HIGH
ORD_ACC_A_128_8,ACC_A_128,2026-08-31T00:00:00,PROD_110,1329.48,DEV_A_16,ADDR_A_16,REFUNDED,1,1.0,HIGH
ORD_ACC_A_128_9,ACC_A_128,2026-08-31T00:00:00,PROD_138,1437.8,DEV_A_16,ADDR_A_16,REFUNDED,1,1.0,HIGH
ORD_ACC_A_128_10,ACC_A_128,2026-08-31T00:00:00,PROD_113,584.7,DEV_A_16,ADDR_A_16,REFUNDED,1,1.0,HIGH
ORD_ACC_A_128_11,ACC_A_128,2026-08-31T00:00:00,PROD_138,272.6,DEV_A_16,ADDR_A_16,REFUNDED,1,1.0,HIGH
ORD_ACC_A_128_12,ACC_A_128,2026-08-31T00:00:00,PROD_138,228.7,DEV_A_16,ADDR_A_16,REFUNDED,1,1.0,HIGH
ORD_ACC_A_128_13,ACC_A_128,2026-08-31T00:00:00,PROD_138,301.56,DEV_A_16,ADDR_A_16,REFUNDED,1,1.0,HIGH
ORD_ACC_A_128_14,ACC_A_128,2026-08-31T00:00:00,PROD_138,351.86,DEV_A_16,ADDR_A_16,REFUNDED,1,1.0,HIGH
ORD_ACC_A_129_0,ACC_A_129,2026-08-17T00:00:00,PROD_100,773.61,DEV_A_17,ADDR_A_17,REFUNDED,1,1.0,HIGH
ORD_ACC_A_129_1,ACC_A_129,2026-08-30T00:00:00,PROD_100,964.66,DEV_A_17,ADDR_A_17,REFUNDED,1,1.0,HIGH
ORD_ACC_A_129_2,ACC_A_129,2026-08-18T00:00:00,PROD_100,1027.52,DEV_A_17,ADDR_A_17,COMPLETED,0,1.0,HIGH
ORD_ACC_A_129_3,ACC_A_129,2026-08-18T00:00:00,PROD_141,1211.02,DEV_A_17,ADDR_A_17,REFUNDED,1,1.0,HIGH
ORD_ACC_A_129_4,ACC_A_129,2026-08-18T00:00:00,PROD_100,1172.52,DEV_A_17,ADDR_A_17,REFUNDED,1,1.0,HIGH
ORD_ACC_A_129_5,ACC_A_129,2026-08-24T00:00:00,PROD_100,950.91,DEV_A_17,ADDR_A_17,COMPLETED,0,1.0,HIGH
ORD_ACC_A_129_6,ACC_A_129,2026-08-25T00:00:00,PROD_100,513.54,DEV_A_17,ADDR_A_17,REFUNDED,1,1.0,HIGH
ORD_ACC_A_129_7,ACC_A_129,2026-08-22T00:00:00,PROD_100,587.53,DEV_A_17,ADDR_A_17,REFUNDED,1,1.0,HIGH
ORD_ACC_A_129_8,ACC_A_129,2026-08-25T00:00:00,PROD_100,1445.25,DEV_A_17,ADDR_A_17,REFUNDED,1,1.0,HIGH
ORD_ACC_A_129_9,ACC_A_129,2026-08-30T00:00:00,PROD_100,435.09,DEV_A_17,ADDR_A_17,REFUNDED,1,1.0,HIGH
ORD_ACC_A_129_10,ACC_A_129,2026-08-28T00:00:00,PROD_100,1017.84,DEV_A_17,ADDR_A_17,REFUNDED,1,1.0,HIGH
ORD_ACC_A_129_11,ACC_A_129,2026-08-28T00:00:00,PROD_100,622.14,DEV_A_17,ADDR_A_17,REFUNDED,1,1.0,HIGH
ORD_ACC_A_130_0,ACC_A_130,2026-08-20T00:00:00,PROD_100,1124.38,DEV_A_17,ADDR_A_17,REFUNDED,1,1.0,HIGH
ORD_ACC_A_130_1,ACC_A_130,2026-08-29T00:00:00,PROD_100,419.41,DEV_A_17,ADDR_A_17,REFUNDED,1,1.0,HIGH
ORD_ACC_A_130_2,ACC_A_130,2026-08-19T00:00:00,PROD_130,448.98,DEV_A_17,ADDR_A_17,REFUNDED,1,1.0,HIGH
ORD_ACC_A_130_3,ACC_A_130,2026-08-19T00:00:00,PROD_100,1159.65,DEV_A_17,ADDR_A_17,REFUNDED,1,1.0,HIGH
ORD_ACC_A_130_4,ACC_A_130,2026-08-28T00:00:00,PROD_135,772.05,DEV_A_17,ADDR_A_17,COMPLETED,0,1.0,HIGH
ORD_ACC_A_130_5,ACC_A_130,2026-08-17T00:00:00,PROD_100,715.45,DEV_A_17,ADDR_A_17,REFUNDED,1,1.0,HIGH
ORD_ACC_A_130_6,ACC_A_130,2026-08-30T00:00:00,PROD_100,415.27,DEV_A_17,ADDR_A_17,COMPLETED,0,1.0,HIGH
ORD_ACC_A_130_7,ACC_A_130,2026-08-20T00:00:00,PROD_100,875.45,DEV_A_17,ADDR_A_17,REFUNDED,1,1.0,HIGH
ORD_ACC_A_130_8,ACC_A_130,2026-08-22T00:00:00,PROD_100,1493.72,DEV_A_17,ADDR_A_17,REFUNDED,1,1.0,HIGH
ORD_ACC_A_130_9,ACC_A_130,2026-08-30T00:00:00,PROD_100,974.43,DEV_A_17,ADDR_A_17,REFUNDED,1,1.0,HIGH
ORD_ACC_A_130_10,ACC_A_130,2026-08-27T00:00:00,PROD_115,1100.12,DEV_A_17,ADDR_A_17,REFUNDED,1,1.0,HIGH
ORD_ACC_A_130_11,ACC_A_130,2026-08-28T00:00:00,PROD_100,721.97,DEV_A_17,ADDR_A_17,REFUNDED,1,1.0,HIGH
ORD_ACC_A_130_12,ACC_A_130,2026-08-23T00:00:00,PROD_100,272.62,DEV_A_17,ADDR_A_17,REFUNDED,1,1.0,HIGH
ORD_ACC_A_130_13,ACC_A_130,2026-08-21T00:00:00,PROD_100,450.29,DEV_A_17,ADDR_A_17,REFUNDED,1,1.0,HIGH
ORD_ACC_A_131_0,ACC_A_131,2026-08-31T00:00:00,PROD_100,549.22,DEV_A_17,ADDR_A_17,REFUNDED,1,1.0,HIGH
ORD_ACC_A_131_1,ACC_A_131,2026-08-18T00:00:00,PROD_142,386.25,DEV_A_17,ADDR_A_17,REFUNDED,1,1.0,HIGH
ORD_ACC_A_131_2,ACC_A_131,2026-08-19T00:00:00,PROD_136,815.64,DEV_A_17,ADDR_A_17,REFUNDED,1,1.0,HIGH
ORD_ACC_A_131_3,ACC_A_131,2026-08-23T00:00:00,PROD_146,1489.41,DEV_A_17,ADDR_A_17,REFUNDED,1,1.0,HIGH
ORD_ACC_A_131_4,ACC_A_131,2026-08-24T00:00:00,PROD_121,773.74,DEV_A_17,ADDR_A_17,COMPLETED,0,1.0,HIGH
ORD_ACC_A_132_0,ACC_A_132,2026-08-26T00:00:00,PROD_100,696.64,DEV_A_17,ADDR_A_17,REFUNDED,1,1.0,HIGH
ORD_ACC_A_132_1,ACC_A_132,2026-08-28T00:00:00,PROD_100,1140.91,DEV_A_17,ADDR_A_17,REFUNDED,1,1.0,HIGH
ORD_ACC_A_132_2,ACC_A_132,2026-08-25T00:00:00,PROD_100,1053.49,DEV_A_17,ADDR_A_17,REFUNDED,1,1.0,HIGH
ORD_ACC_A_132_3,ACC_A_132,2026-08-28T00:00:00,PROD_100,1171.77,DEV_A_17,ADDR_A_17,REFUNDED,1,1.0,HIGH
ORD_ACC_A_132_4,ACC_A_132,2026-08-20T00:00:00,PROD_100,703.05,DEV_A_17,ADDR_A_17,REFUNDED,1,1.0,HIGH
ORD_ACC_A_132_5,ACC_A_132,2026-08-26T00:00:00,PROD_100,1140.99,DEV_A_17,ADDR_A_17,REFUNDED,1,1.0,HIGH
ORD_ACC_A_132_6,ACC_A_132,2026-08-20T00:00:00,PROD_100,259.72,DEV_A_17,ADDR_A_17,REFUNDED,1,1.0,HIGH
ORD_ACC_A_133_0,ACC_A_133,2026-08-31T00:00:00,PROD_100,901.13,DEV_A_17,ADDR_A_17,REFUNDED,1,1.0,HIGH
ORD_ACC_A_133_1,ACC_A_133,2026-08-31T00:00:00,PROD_100,1330.77,DEV_A_17,ADDR_A_17,COMPLETED,0,1.0,HIGH
ORD_ACC_A_133_2,ACC_A_133,2026-08-31T00:00:00,PROD_100,824.3,DEV_A_17,ADDR_A_17,REFUNDED,1,1.0,HIGH
ORD_ACC_A_133_3,ACC_A_133,2026-08-31T00:00:00,PROD_119,355.52,DEV_A_17,ADDR_A_17,REFUNDED,1,1.0,HIGH
ORD_ACC_A_133_4,ACC_A_133,2026-08-31T00:00:00,PROD_100,704.24,DEV_A_17,ADDR_A_17,REFUNDED,1,1.0,HIGH
ORD_ACC_A_133_5,ACC_A_133,2026-08-31T00:00:00,PROD_100,1330.71,DEV_A_17,ADDR_A_17,COMPLETED,0,1.0,HIGH
ORD_ACC_A_133_6,ACC_A_133,2026-08-31T00:00:00,PROD_100,1423.03,DEV_A_17,ADDR_A_17,REFUNDED,1,1.0,HIGH
ORD_ACC_A_133_7,ACC_A_133,2026-08-31T00:00:00,PROD_128,1103.11,DEV_A_17,ADDR_A_17,REFUNDED,1,1.0,HIGH
ORD_ACC_A_133_8,ACC_A_133,2026-08-31T00:00:00,PROD_100,133.92,DEV_A_17,ADDR_A_17,REFUNDED,1,1.0,HIGH
ORD_ACC_A_133_9,ACC_A_133,2026-08-31T00:00:00,PROD_101,767.36,DEV_A_17,ADDR_A_17,REFUNDED,1,1.0,HIGH
ORD_ACC_A_133_10,ACC_A_133,2026-08-31T00:00:00,PROD_100,1073.45,DEV_A_17,ADDR_A_17,REFUNDED,1,1.0,HIGH
ORD_ACC_A_134_0,ACC_A_134,2026-08-27T00:00:00,PROD_147,550.57,DEV_A_17,ADDR_A_17,REFUNDED,1,1.0,HIGH
ORD_ACC_A_134_1,ACC_A_134,2026-08-18T00:00:00,PROD_102,1120.8,DEV_A_17,ADDR_A_17,REFUNDED,1,1.0,HIGH
ORD_ACC_A_134_2,ACC_A_134,2026-08-27T00:00:00,PROD_100,177.74,DEV_A_17,ADDR_A_17,COMPLETED,0,1.0,HIGH
ORD_ACC_A_134_3,ACC_A_134,2026-08-30T00:00:00,PROD_142,1463.24,DEV_A_17,ADDR_A_17,COMPLETED,0,1.0,HIGH
ORD_ACC_A_134_4,ACC_A_134,2026-08-26T00:00:00,PROD_100,687.76,DEV_A_17,ADDR_A_17,REFUNDED,1,1.0,HIGH
ORD_ACC_A_134_5,ACC_A_134,2026-08-31T00:00:00,PROD_100,263.86,DEV_A_17,ADDR_A_17,REFUNDED,1,1.0,HIGH
ORD_ACC_A_134_6,ACC_A_134,2026-08-22T00:00:00,PROD_100,1130.85,DEV_A_17,ADDR_A_17,REFUNDED,1,1.0,HIGH
ORD_ACC_A_134_7,ACC_A_134,2026-08-30T00:00:00,PROD_100,413.71,DEV_A_17,ADDR_A_17,REFUNDED,1,1.0,HIGH
ORD_ACC_A_134_8,ACC_A_134,2026-08-18T00:00:00,PROD_100,146.58,DEV_A_17,ADDR_A_17,REFUNDED,1,1.0,HIGH
ORD_ACC_A_134_9,ACC_A_134,2026-08-21T00:00:00,PROD_117,770.26,DEV_A_17,ADDR_A_17,REFUNDED,1,1.0,HIGH
ORD_ACC_A_134_10,ACC_A_134,2026-08-26T00:00:00,PROD_100,533.06,DEV_A_17,ADDR_A_17,REFUNDED,1,1.0,HIGH
ORD_ACC_A_134_11,ACC_A_134,2026-08-17T00:00:00,PROD_116,511.32,DEV_A_17,ADDR_A_17,REFUNDED,1,1.0,HIGH
ORD_ACC_A_134_12,ACC_A_134,2026-08-27T00:00:00,PROD_118,972.58,DEV_A_17,ADDR_A_17,REFUNDED,1,1.0,HIGH
ORD_ACC_A_135_0,ACC_A_135,2026-08-29T00:00:00,PROD_110,1303.55,DEV_A_18,ADDR_A_18,REFUNDED,1,1.0,HIGH
ORD_ACC_A_135_1,ACC_A_135,2026-08-25T00:00:00,PROD_110,184.73,DEV_A_18,ADDR_A_18,COMPLETED,0,1.0,HIGH
ORD_ACC_A_135_2,ACC_A_135,2026-08-20T00:00:00,PROD_110,758.72,DEV_A_18,ADDR_A_18,REFUNDED,1,1.0,HIGH
ORD_ACC_A_135_3,ACC_A_135,2026-08-29T00:00:00,PROD_122,1034.62,DEV_A_18,ADDR_A_18,REFUNDED,1,1.0,HIGH
ORD_ACC_A_135_4,ACC_A_135,2026-08-21T00:00:00,PROD_110,1021.03,DEV_A_18,ADDR_A_18,REFUNDED,1,1.0,HIGH
ORD_ACC_A_135_5,ACC_A_135,2026-08-22T00:00:00,PROD_110,561.86,DEV_A_18,ADDR_A_18,REFUNDED,1,1.0,HIGH
ORD_ACC_A_135_6,ACC_A_135,2026-08-31T00:00:00,PROD_149,714.87,DEV_A_18,ADDR_A_18,REFUNDED,1,1.0,HIGH
ORD_ACC_A_135_7,ACC_A_135,2026-08-27T00:00:00,PROD_110,199.62,DEV_A_18,ADDR_A_18,REFUNDED,1,1.0,HIGH
ORD_ACC_A_135_8,ACC_A_135,2026-08-18T00:00:00,PROD_110,1172.74,DEV_A_18,ADDR_A_18,REFUNDED,1,1.0,HIGH
ORD_ACC_A_135_9,ACC_A_135,2026-08-18T00:00:00,PROD_110,1178.45,DEV_A_18,ADDR_A_18,REFUNDED,1,1.0,HIGH
ORD_ACC_A_135_10,ACC_A_135,2026-08-19T00:00:00,PROD_110,1252.19,DEV_A_18,ADDR_A_18,REFUNDED,1,1.0,HIGH
ORD_ACC_A_135_11,ACC_A_135,2026-08-25T00:00:00,PROD_110,760.53,DEV_A_18,ADDR_A_18,REFUNDED,1,1.0,HIGH
ORD_ACC_A_135_12,ACC_A_135,2026-08-30T00:00:00,PROD_110,678.61,DEV_A_18,ADDR_A_18,REFUNDED,1,1.0,HIGH
ORD_ACC_A_135_13,ACC_A_135,2026-08-22T00:00:00,PROD_132,687.19,DEV_A_18,ADDR_A_18,REFUNDED,1,1.0,HIGH
ORD_ACC_A_135_14,ACC_A_135,2026-08-27T00:00:00,PROD_110,1056.46,DEV_A_18,ADDR_A_18,REFUNDED,1,1.0,HIGH
ORD_ACC_A_135_15,ACC_A_135,2026-08-29T00:00:00,PROD_115,811.88,DEV_A_18,ADDR_A_18,REFUNDED,1,1.0,HIGH
ORD_ACC_A_135_16,ACC_A_135,2026-08-21T00:00:00,PROD_110,277.79,DEV_A_18,ADDR_A_18,COMPLETED,0,1.0,HIGH
ORD_ACC_A_135_17,ACC_A_135,2026-08-27T00:00:00,PROD_110,1174.39,DEV_A_18,ADDR_A_18,COMPLETED,0,1.0,HIGH
ORD_ACC_A_135_18,ACC_A_135,2026-08-20T00:00:00,PROD_120,319.97,DEV_A_18,ADDR_A_18,REFUNDED,1,1.0,HIGH
ORD_ACC_A_135_19,ACC_A_135,2026-08-20T00:00:00,PROD_110,1302.87,DEV_A_18,ADDR_A_18,COMPLETED,0,1.0,HIGH
ORD_ACC_A_135_20,ACC_A_135,2026-08-23T00:00:00,PROD_110,1373.28,DEV_A_18,ADDR_A_18,REFUNDED,1,1.0,HIGH
ORD_ACC_A_135_21,ACC_A_135,2026-08-22T00:00:00,PROD_134,1024.77,DEV_A_18,ADDR_A_18,REFUNDED,1,1.0,HIGH
ORD_ACC_A_135_22,ACC_A_135,2026-08-17T00:00:00,PROD_109,667.25,DEV_A_18,ADDR_A_18,COMPLETED,0,1.0,HIGH
ORD_ACC_A_135_23,ACC_A_135,2026-08-21T00:00:00,PROD_132,1148.29,DEV_A_18,ADDR_A_18,REFUNDED,1,1.0,HIGH
ORD_ACC_A_136_0,ACC_A_136,2026-08-24T00:00:00,PROD_126,656.22,DEV_A_18,ADDR_A_18,REFUNDED,1,1.0,HIGH
ORD_ACC_A_136_1,ACC_A_136,2026-08-18T00:00:00,PROD_110,901.04,DEV_A_18,ADDR_A_18,COMPLETED,0,1.0,HIGH
ORD_ACC_A_136_2,ACC_A_136,2026-08-31T00:00:00,PROD_110,550.28,DEV_A_18,ADDR_A_18,REFUNDED,1,1.0,HIGH
ORD_ACC_A_136_3,ACC_A_136,2026-08-22T00:00:00,PROD_110,239.46,DEV_A_18,ADDR_A_18,REFUNDED,1,1.0,HIGH
ORD_ACC_A_136_4,ACC_A_136,2026-08-18T00:00:00,PROD_110,853.52,DEV_A_18,ADDR_A_18,REFUNDED,1,1.0,HIGH
ORD_ACC_A_136_5,ACC_A_136,2026-08-25T00:00:00,PROD_144,695.14,DEV_A_18,ADDR_A_18,COMPLETED,0,1.0,HIGH
ORD_ACC_A_136_6,ACC_A_136,2026-08-22T00:00:00,PROD_110,214.26,DEV_A_18,ADDR_A_18,REFUNDED,1,1.0,HIGH
ORD_ACC_A_136_7,ACC_A_136,2026-08-29T00:00:00,PROD_110,632.77,DEV_A_18,ADDR_A_18,REFUNDED,1,1.0,HIGH
ORD_ACC_A_136_8,ACC_A_136,2026-08-30T00:00:00,PROD_110,727.65,DEV_A_18,ADDR_A_18,COMPLETED,0,1.0,HIGH
ORD_ACC_A_136_9,ACC_A_136,2026-08-17T00:00:00,PROD_110,1285.56,DEV_A_18,ADDR_A_18,REFUNDED,1,1.0,HIGH
ORD_ACC_A_136_10,ACC_A_136,2026-08-26T00:00:00,PROD_110,905.23,DEV_A_18,ADDR_A_18,REFUNDED,1,1.0,HIGH
ORD_ACC_A_136_11,ACC_A_136,2026-08-20T00:00:00,PROD_141,1200.73,DEV_A_18,ADDR_A_18,REFUNDED,1,1.0,HIGH
ORD_ACC_A_137_0,ACC_A_137,2026-08-24T00:00:00,PROD_117,1452.36,DEV_A_18,ADDR_A_18,COMPLETED,0,1.0,HIGH
ORD_ACC_A_137_1,ACC_A_137,2026-08-31T00:00:00,PROD_103,597.61,DEV_A_18,ADDR_A_18,REFUNDED,1,1.0,HIGH
ORD_ACC_A_137_2,ACC_A_137,2026-08-26T00:00:00,PROD_110,1494.43,DEV_A_18,ADDR_A_18,REFUNDED,1,1.0,HIGH
ORD_ACC_A_137_3,ACC_A_137,2026-08-26T00:00:00,PROD_110,1447.8,DEV_A_18,ADDR_A_18,REFUNDED,1,1.0,HIGH
ORD_ACC_A_137_4,ACC_A_137,2026-08-24T00:00:00,PROD_110,1237.14,DEV_A_18,ADDR_A_18,REFUNDED,1,1.0,HIGH
ORD_ACC_A_137_5,ACC_A_137,2026-08-24T00:00:00,PROD_135,461.67,DEV_A_18,ADDR_A_18,COMPLETED,0,1.0,HIGH
ORD_ACC_A_137_6,ACC_A_137,2026-08-27T00:00:00,PROD_141,599.71,DEV_A_18,ADDR_A_18,REFUNDED,1,1.0,HIGH
ORD_ACC_A_137_7,ACC_A_137,2026-08-25T00:00:00,PROD_110,1419.13,DEV_A_18,ADDR_A_18,COMPLETED,0,1.0,HIGH
ORD_ACC_A_137_8,ACC_A_137,2026-08-28T00:00:00,PROD_110,438.84,DEV_A_18,ADDR_A_18,REFUNDED,1,1.0,HIGH
ORD_ACC_A_137_9,ACC_A_137,2026-08-31T00:00:00,PROD_110,1092.02,DEV_A_18,ADDR_A_18,COMPLETED,0,1.0,HIGH
ORD_ACC_A_137_10,ACC_A_137,2026-08-22T00:00:00,PROD_143,1357.9,DEV_A_18,ADDR_A_18,COMPLETED,0,1.0,HIGH
ORD_ACC_A_137_11,ACC_A_137,2026-08-24T00:00:00,PROD_110,324.77,DEV_A_18,ADDR_A_18,COMPLETED,0,1.0,HIGH
ORD_ACC_A_137_12,ACC_A_137,2026-08-23T00:00:00,PROD_110,975.04,DEV_A_18,ADDR_A_18,REFUNDED,1,1.0,HIGH
ORD_ACC_A_137_13,ACC_A_137,2026-08-22T00:00:00,PROD_110,557.78,DEV_A_18,ADDR_A_18,REFUNDED,1,1.0,HIGH
ORD_ACC_A_137_14,ACC_A_137,2026-08-20T00:00:00,PROD_110,877.45,DEV_A_18,ADDR_A_18,COMPLETED,0,1.0,HIGH
ORD_ACC_A_137_15,ACC_A_137,2026-08-20T00:00:00,PROD_101,1333.96,DEV_A_18,ADDR_A_18,COMPLETED,0,1.0,HIGH
ORD_ACC_A_137_16,ACC_A_137,2026-08-28T00:00:00,PROD_110,673.65,DEV_A_18,ADDR_A_18,REFUNDED,1,1.0,HIGH
ORD_ACC_A_137_17,ACC_A_137,2026-08-19T00:00:00,PROD_110,990.71,DEV_A_18,ADDR_A_18,REFUNDED,1,1.0,HIGH
ORD_ACC_A_137_18,ACC_A_137,2026-08-27T00:00:00,PROD_118,857.34,DEV_A_18,ADDR_A_18,REFUNDED,1,1.0,HIGH
ORD_ACC_A_138_0,ACC_A_138,2026-08-19T00:00:00,PROD_110,243.65,DEV_A_18,ADDR_A_18,REFUNDED,1,1.0,HIGH
ORD_ACC_A_138_1,ACC_A_138,2026-08-21T00:00:00,PROD_110,835.7,DEV_A_18,ADDR_A_18,REFUNDED,1,1.0,HIGH
ORD_ACC_A_138_2,ACC_A_138,2026-08-27T00:00:00,PROD_110,889.95,DEV_A_18,ADDR_A_18,REFUNDED,1,1.0,HIGH
ORD_ACC_A_138_3,ACC_A_138,2026-08-21T00:00:00,PROD_143,699.66,DEV_A_18,ADDR_A_18,REFUNDED,1,1.0,HIGH
ORD_ACC_A_138_4,ACC_A_138,2026-08-19T00:00:00,PROD_110,343.04,DEV_A_18,ADDR_A_18,REFUNDED,1,1.0,HIGH
ORD_ACC_A_138_5,ACC_A_138,2026-08-25T00:00:00,PROD_110,949.01,DEV_A_18,ADDR_A_18,REFUNDED,1,1.0,HIGH
ORD_ACC_A_138_6,ACC_A_138,2026-08-24T00:00:00,PROD_110,974.84,DEV_A_18,ADDR_A_18,REFUNDED,1,1.0,HIGH
ORD_ACC_A_138_7,ACC_A_138,2026-08-31T00:00:00,PROD_147,833.44,DEV_A_18,ADDR_A_18,REFUNDED,1,1.0,HIGH
ORD_ACC_A_138_8,ACC_A_138,2026-08-18T00:00:00,PROD_110,1131.74,DEV_A_18,ADDR_A_18,REFUNDED,1,1.0,HIGH
ORD_ACC_A_138_9,ACC_A_138,2026-08-27T00:00:00,PROD_110,424.38,DEV_A_18,ADDR_A_18,REFUNDED,1,1.0,HIGH
ORD_ACC_A_138_10,ACC_A_138,2026-08-19T00:00:00,PROD_110,1192.05,DEV_A_18,ADDR_A_18,REFUNDED,1,1.0,HIGH
ORD_ACC_A_138_11,ACC_A_138,2026-08-30T00:00:00,PROD_110,1075.39,DEV_A_18,ADDR_A_18,REFUNDED,1,1.0,HIGH
ORD_ACC_A_138_12,ACC_A_138,2026-08-30T00:00:00,PROD_126,1002.81,DEV_A_18,ADDR_A_18,REFUNDED,1,1.0,HIGH
ORD_ACC_A_138_13,ACC_A_138,2026-08-31T00:00:00,PROD_110,446.19,DEV_A_18,ADDR_A_18,COMPLETED,0,1.0,HIGH
ORD_ACC_A_138_14,ACC_A_138,2026-08-23T00:00:00,PROD_110,747.01,DEV_A_18,ADDR_A_18,REFUNDED,1,1.0,HIGH
ORD_ACC_A_138_15,ACC_A_138,2026-08-17T00:00:00,PROD_141,600.12,DEV_A_18,ADDR_A_18,REFUNDED,1,1.0,HIGH
ORD_ACC_A_138_16,ACC_A_138,2026-08-31T00:00:00,PROD_110,1233.61,DEV_A_18,ADDR_A_18,REFUNDED,1,1.0,HIGH
ORD_ACC_A_139_0,ACC_A_139,2026-08-21T00:00:00,PROD_110,911.53,DEV_A_ALT_140,ADDR_A_18,REFUNDED,1,1.0,HIGH
ORD_ACC_A_139_1,ACC_A_139,2026-08-18T00:00:00,PROD_122,364.44,DEV_A_ALT_140,ADDR_A_18,REFUNDED,1,1.0,HIGH
ORD_ACC_A_139_2,ACC_A_139,2026-08-29T00:00:00,PROD_110,841.86,DEV_A_ALT_140,ADDR_A_18,REFUNDED,1,1.0,HIGH
ORD_ACC_A_139_3,ACC_A_139,2026-08-28T00:00:00,PROD_103,529.09,DEV_A_ALT_140,ADDR_A_18,REFUNDED,1,1.0,HIGH
ORD_ACC_A_139_4,ACC_A_139,2026-08-31T00:00:00,PROD_130,1242.81,DEV_A_ALT_140,ADDR_A_18,REFUNDED,1,1.0,HIGH
ORD_ACC_A_139_5,ACC_A_139,2026-08-21T00:00:00,PROD_110,1210.05,DEV_A_ALT_140,ADDR_A_18,COMPLETED,0,1.0,HIGH
ORD_ACC_A_139_6,ACC_A_139,2026-08-18T00:00:00,PROD_110,204.47,DEV_A_ALT_140,ADDR_A_18,REFUNDED,1,1.0,HIGH
ORD_ACC_A_139_7,ACC_A_139,2026-08-26T00:00:00,PROD_110,377.01,DEV_A_ALT_140,ADDR_A_18,REFUNDED,1,1.0,HIGH
ORD_ACC_A_139_8,ACC_A_139,2026-08-27T00:00:00,PROD_110,1306.68,DEV_A_ALT_140,ADDR_A_18,REFUNDED,1,1.0,HIGH
ORD_ACC_A_139_9,ACC_A_139,2026-08-20T00:00:00,PROD_110,752.19,DEV_A_ALT_140,ADDR_A_18,REFUNDED,1,1.0,HIGH
ORD_ACC_A_139_10,ACC_A_139,2026-08-19T00:00:00,PROD_110,1090.36,DEV_A_ALT_140,ADDR_A_18,REFUNDED,1,1.0,HIGH
ORD_ACC_A_139_11,ACC_A_139,2026-08-18T00:00:00,PROD_127,932.32,DEV_A_ALT_140,ADDR_A_18,REFUNDED,1,1.0,HIGH
ORD_ACC_A_139_12,ACC_A_139,2026-08-29T00:00:00,PROD_110,809.0,DEV_A_ALT_140,ADDR_A_18,REFUNDED,1,1.0,HIGH
ORD_ACC_A_139_13,ACC_A_139,2026-08-22T00:00:00,PROD_110,216.85,DEV_A_ALT_140,ADDR_A_18,REFUNDED,1,1.0,HIGH
ORD_ACC_A_139_14,ACC_A_139,2026-08-22T00:00:00,PROD_120,628.02,DEV_A_ALT_140,ADDR_A_18,REFUNDED,1,1.0,HIGH
ORD_ACC_A_139_15,ACC_A_139,2026-08-18T00:00:00,PROD_110,1149.09,DEV_A_ALT_140,ADDR_A_18,REFUNDED,1,1.0,HIGH
ORD_ACC_A_139_16,ACC_A_139,2026-08-30T00:00:00,PROD_110,1032.01,DEV_A_ALT_140,ADDR_A_18,REFUNDED,1,1.0,HIGH
ORD_ACC_A_139_17,ACC_A_139,2026-08-27T00:00:00,PROD_110,208.49,DEV_A_ALT_140,ADDR_A_18,COMPLETED,0,1.0,HIGH
ORD_ACC_A_140_0,ACC_A_140,2026-08-28T00:00:00,PROD_110,1201.4,DEV_A_18,ADDR_A_18,REFUNDED,1,1.0,HIGH
ORD_ACC_A_140_1,ACC_A_140,2026-08-25T00:00:00,PROD_110,610.18,DEV_A_18,ADDR_A_18,REFUNDED,1,1.0,HIGH
ORD_ACC_A_140_2,ACC_A_140,2026-08-28T00:00:00,PROD_110,1220.51,DEV_A_18,ADDR_A_18,REFUNDED,1,1.0,HIGH
ORD_ACC_A_140_3,ACC_A_140,2026-08-26T00:00:00,PROD_110,392.64,DEV_A_18,ADDR_A_18,REFUNDED,1,1.0,HIGH
ORD_ACC_A_140_4,ACC_A_140,2026-08-20T00:00:00,PROD_110,552.62,DEV_A_18,ADDR_A_18,REFUNDED,1,1.0,HIGH
ORD_ACC_A_140_5,ACC_A_140,2026-08-17T00:00:00,PROD_110,228.28,DEV_A_18,ADDR_A_18,REFUNDED,1,1.0,HIGH
ORD_ACC_A_140_6,ACC_A_140,2026-08-20T00:00:00,PROD_110,1076.29,DEV_A_18,ADDR_A_18,REFUNDED,1,1.0,HIGH
ORD_ACC_A_140_7,ACC_A_140,2026-08-27T00:00:00,PROD_123,894.12,DEV_A_18,ADDR_A_18,REFUNDED,1,1.0,HIGH
ORD_ACC_A_140_8,ACC_A_140,2026-08-31T00:00:00,PROD_110,1222.67,DEV_A_18,ADDR_A_18,COMPLETED,0,1.0,HIGH
ORD_ACC_A_140_9,ACC_A_140,2026-08-30T00:00:00,PROD_128,1087.9,DEV_A_18,ADDR_A_18,REFUNDED,1,1.0,HIGH
ORD_ACC_A_140_10,ACC_A_140,2026-08-24T00:00:00,PROD_110,398.3,DEV_A_18,ADDR_A_18,REFUNDED,1,1.0,HIGH
ORD_ACC_A_140_11,ACC_A_140,2026-08-30T00:00:00,PROD_110,1278.04,DEV_A_18,ADDR_A_18,COMPLETED,0,1.0,HIGH
ORD_ACC_A_140_12,ACC_A_140,2026-08-17T00:00:00,PROD_110,1421.73,DEV_A_18,ADDR_A_18,REFUNDED,1,1.0,HIGH
ORD_ACC_A_141_0,ACC_A_141,2026-08-17T00:00:00,PROD_110,1311.11,DEV_A_ALT_142,ADDR_A_ALT_142,COMPLETED,0,1.0,HIGH
ORD_ACC_A_141_1,ACC_A_141,2026-08-27T00:00:00,PROD_110,121.77,DEV_A_ALT_142,ADDR_A_ALT_142,REFUNDED,1,1.0,HIGH
ORD_ACC_A_141_2,ACC_A_141,2026-08-26T00:00:00,PROD_110,477.89,DEV_A_ALT_142,ADDR_A_ALT_142,REFUNDED,1,1.0,HIGH
ORD_ACC_A_141_3,ACC_A_141,2026-08-31T00:00:00,PROD_117,339.5,DEV_A_ALT_142,ADDR_A_ALT_142,REFUNDED,1,1.0,HIGH
ORD_ACC_A_141_4,ACC_A_141,2026-08-26T00:00:00,PROD_110,859.48,DEV_A_ALT_142,ADDR_A_ALT_142,REFUNDED,1,1.0,HIGH
ORD_ACC_A_141_5,ACC_A_141,2026-08-30T00:00:00,PROD_102,189.8,DEV_A_ALT_142,ADDR_A_ALT_142,REFUNDED,1,1.0,HIGH
ORD_ACC_A_141_6,ACC_A_141,2026-08-26T00:00:00,PROD_104,173.63,DEV_A_ALT_142,ADDR_A_ALT_142,COMPLETED,0,1.0,HIGH
ORD_ACC_A_141_7,ACC_A_141,2026-08-20T00:00:00,PROD_110,257.51,DEV_A_ALT_142,ADDR_A_ALT_142,COMPLETED,0,1.0,HIGH
ORD_ACC_A_141_8,ACC_A_141,2026-08-17T00:00:00,PROD_110,1351.96,DEV_A_ALT_142,ADDR_A_ALT_142,COMPLETED,0,1.0,HIGH
ORD_ACC_A_141_9,ACC_A_141,2026-08-31T00:00:00,PROD_110,1262.74,DEV_A_ALT_142,ADDR_A_ALT_142,REFUNDED,1,1.0,HIGH
ORD_ACC_A_142_0,ACC_A_142,2026-08-24T00:00:00,PROD_116,949.73,DEV_A_18,ADDR_A_18,REFUNDED,1,1.0,HIGH
ORD_ACC_A_142_1,ACC_A_142,2026-08-25T00:00:00,PROD_110,309.54,DEV_A_18,ADDR_A_18,REFUNDED,1,1.0,HIGH
ORD_ACC_A_142_2,ACC_A_142,2026-08-29T00:00:00,PROD_110,351.25,DEV_A_18,ADDR_A_18,REFUNDED,1,1.0,HIGH
ORD_ACC_A_142_3,ACC_A_142,2026-08-25T00:00:00,PROD_132,926.93,DEV_A_18,ADDR_A_18,REFUNDED,1,1.0,HIGH
ORD_ACC_A_142_4,ACC_A_142,2026-08-19T00:00:00,PROD_110,253.48,DEV_A_18,ADDR_A_18,REFUNDED,1,1.0,HIGH
ORD_ACC_A_142_5,ACC_A_142,2026-08-17T00:00:00,PROD_110,248.25,DEV_A_18,ADDR_A_18,REFUNDED,1,1.0,HIGH
ORD_ACC_A_142_6,ACC_A_142,2026-08-30T00:00:00,PROD_110,1210.67,DEV_A_18,ADDR_A_18,REFUNDED,1,1.0,HIGH
ORD_ACC_A_142_7,ACC_A_142,2026-08-25T00:00:00,PROD_110,177.72,DEV_A_18,ADDR_A_18,COMPLETED,0,1.0,HIGH
ORD_ACC_A_142_8,ACC_A_142,2026-08-30T00:00:00,PROD_122,894.53,DEV_A_18,ADDR_A_18,REFUNDED,1,1.0,HIGH
ORD_ACC_A_142_9,ACC_A_142,2026-08-31T00:00:00,PROD_124,879.32,DEV_A_18,ADDR_A_18,REFUNDED,1,1.0,HIGH
ORD_ACC_A_142_10,ACC_A_142,2026-08-17T00:00:00,PROD_110,165.29,DEV_A_18,ADDR_A_18,REFUNDED,1,1.0,HIGH
ORD_ACC_A_142_11,ACC_A_142,2026-08-17T00:00:00,PROD_110,1476.96,DEV_A_18,ADDR_A_18,REFUNDED,1,1.0,HIGH
ORD_ACC_A_142_12,ACC_A_142,2026-08-19T00:00:00,PROD_101,302.93,DEV_A_18,ADDR_A_18,REFUNDED,1,1.0,HIGH
ORD_ACC_A_142_13,ACC_A_142,2026-08-20T00:00:00,PROD_110,585.17,DEV_A_18,ADDR_A_18,REFUNDED,1,1.0,HIGH
ORD_ACC_A_142_14,ACC_A_142,2026-08-28T00:00:00,PROD_110,713.56,DEV_A_18,ADDR_A_18,REFUNDED,1,1.0,HIGH
ORD_ACC_A_142_15,ACC_A_142,2026-08-25T00:00:00,PROD_128,813.79,DEV_A_18,ADDR_A_18,COMPLETED,0,1.0,HIGH
ORD_ACC_A_142_16,ACC_A_142,2026-08-31T00:00:00,PROD_110,510.64,DEV_A_18,ADDR_A_18,REFUNDED,1,1.0,HIGH
ORD_ACC_A_142_17,ACC_A_142,2026-08-27T00:00:00,PROD_110,309.81,DEV_A_18,ADDR_A_18,COMPLETED,0,1.0,HIGH
ORD_ACC_A_142_18,ACC_A_142,2026-08-25T00:00:00,PROD_110,1023.25,DEV_A_18,ADDR_A_18,REFUNDED,1,1.0,HIGH
ORD_ACC_A_142_19,ACC_A_142,2026-08-25T00:00:00,PROD_110,848.82,DEV_A_18,ADDR_A_18,COMPLETED,0,1.0,HIGH
ORD_ACC_A_143_0,ACC_A_143,2026-08-22T00:00:00,PROD_110,1147.53,DEV_A_18,ADDR_A_18,REFUNDED,1,1.0,HIGH
ORD_ACC_A_143_1,ACC_A_143,2026-08-21T00:00:00,PROD_105,166.32,DEV_A_18,ADDR_A_18,REFUNDED,1,1.0,HIGH
ORD_ACC_A_143_2,ACC_A_143,2026-08-31T00:00:00,PROD_110,141.01,DEV_A_18,ADDR_A_18,REFUNDED,1,1.0,HIGH
ORD_ACC_A_143_3,ACC_A_143,2026-08-26T00:00:00,PROD_100,1160.88,DEV_A_18,ADDR_A_18,REFUNDED,1,1.0,HIGH
ORD_ACC_A_143_4,ACC_A_143,2026-08-17T00:00:00,PROD_110,728.29,DEV_A_18,ADDR_A_18,REFUNDED,1,1.0,HIGH
ORD_ACC_A_143_5,ACC_A_143,2026-08-26T00:00:00,PROD_110,607.63,DEV_A_18,ADDR_A_18,REFUNDED,1,1.0,HIGH
ORD_ACC_A_143_6,ACC_A_143,2026-08-17T00:00:00,PROD_110,776.47,DEV_A_18,ADDR_A_18,REFUNDED,1,1.0,HIGH
ORD_ACC_A_143_7,ACC_A_143,2026-08-29T00:00:00,PROD_110,1063.28,DEV_A_18,ADDR_A_18,REFUNDED,1,1.0,HIGH
ORD_ACC_A_143_8,ACC_A_143,2026-08-23T00:00:00,PROD_116,1163.61,DEV_A_18,ADDR_A_18,REFUNDED,1,1.0,HIGH
ORD_ACC_A_143_9,ACC_A_143,2026-08-31T00:00:00,PROD_110,1430.95,DEV_A_18,ADDR_A_18,REFUNDED,1,1.0,HIGH
ORD_ACC_A_143_10,ACC_A_143,2026-08-29T00:00:00,PROD_110,733.47,DEV_A_18,ADDR_A_18,REFUNDED,1,1.0,HIGH
ORD_ACC_A_143_11,ACC_A_143,2026-08-23T00:00:00,PROD_117,410.87,DEV_A_18,ADDR_A_18,REFUNDED,1,1.0,HIGH
ORD_ACC_A_144_0,ACC_A_144,2026-08-22T00:00:00,PROD_143,1231.77,DEV_A_19,ADDR_A_19,REFUNDED,1,1.0,HIGH
ORD_ACC_A_144_1,ACC_A_144,2026-08-22T00:00:00,PROD_101,1128.32,DEV_A_19,ADDR_A_19,REFUNDED,1,1.0,HIGH
ORD_ACC_A_144_2,ACC_A_144,2026-08-29T00:00:00,PROD_108,1039.64,DEV_A_19,ADDR_A_19,REFUNDED,1,1.0,HIGH
ORD_ACC_A_144_3,ACC_A_144,2026-08-23T00:00:00,PROD_143,402.65,DEV_A_19,ADDR_A_19,REFUNDED,1,1.0,HIGH
ORD_ACC_A_144_4,ACC_A_144,2026-08-29T00:00:00,PROD_143,600.75,DEV_A_19,ADDR_A_19,REFUNDED,1,1.0,HIGH
ORD_ACC_A_144_5,ACC_A_144,2026-08-25T00:00:00,PROD_143,1324.99,DEV_A_19,ADDR_A_19,REFUNDED,1,1.0,HIGH
ORD_ACC_A_144_6,ACC_A_144,2026-08-20T00:00:00,PROD_121,437.34,DEV_A_19,ADDR_A_19,REFUNDED,1,1.0,HIGH
ORD_ACC_A_144_7,ACC_A_144,2026-08-22T00:00:00,PROD_143,247.85,DEV_A_19,ADDR_A_19,REFUNDED,1,1.0,HIGH
ORD_ACC_A_144_8,ACC_A_144,2026-08-30T00:00:00,PROD_125,709.83,DEV_A_19,ADDR_A_19,REFUNDED,1,1.0,HIGH
ORD_ACC_A_144_9,ACC_A_144,2026-08-23T00:00:00,PROD_124,1303.51,DEV_A_19,ADDR_A_19,COMPLETED,0,1.0,HIGH
ORD_ACC_A_144_10,ACC_A_144,2026-08-31T00:00:00,PROD_124,285.86,DEV_A_19,ADDR_A_19,REFUNDED,1,1.0,HIGH
ORD_ACC_A_144_11,ACC_A_144,2026-08-28T00:00:00,PROD_143,1396.58,DEV_A_19,ADDR_A_19,REFUNDED,1,1.0,HIGH
ORD_ACC_A_144_12,ACC_A_144,2026-08-26T00:00:00,PROD_101,1322.33,DEV_A_19,ADDR_A_19,REFUNDED,1,1.0,HIGH
ORD_ACC_A_144_13,ACC_A_144,2026-08-22T00:00:00,PROD_143,475.52,DEV_A_19,ADDR_A_19,REFUNDED,1,1.0,HIGH
ORD_ACC_A_144_14,ACC_A_144,2026-08-28T00:00:00,PROD_131,1251.3,DEV_A_19,ADDR_A_19,COMPLETED,0,1.0,HIGH
ORD_ACC_A_144_15,ACC_A_144,2026-08-30T00:00:00,PROD_143,1244.11,DEV_A_19,ADDR_A_19,REFUNDED,1,1.0,HIGH
ORD_ACC_A_144_16,ACC_A_144,2026-08-30T00:00:00,PROD_143,1156.54,DEV_A_19,ADDR_A_19,COMPLETED,0,1.0,HIGH
ORD_ACC_A_144_17,ACC_A_144,2026-08-25T00:00:00,PROD_143,645.31,DEV_A_19,ADDR_A_19,REFUNDED,1,1.0,HIGH
ORD_ACC_A_144_18,ACC_A_144,2026-08-20T00:00:00,PROD_143,1157.35,DEV_A_19,ADDR_A_19,REFUNDED,1,1.0,HIGH
ORD_ACC_A_144_19,ACC_A_144,2026-08-31T00:00:00,PROD_120,487.31,DEV_A_19,ADDR_A_19,REFUNDED,1,1.0,HIGH
ORD_ACC_A_144_20,ACC_A_144,2026-08-31T00:00:00,PROD_140,1092.49,DEV_A_19,ADDR_A_19,REFUNDED,1,1.0,HIGH
ORD_ACC_A_144_21,ACC_A_144,2026-08-31T00:00:00,PROD_115,637.34,DEV_A_19,ADDR_A_19,REFUNDED,1,1.0,HIGH
ORD_ACC_A_144_22,ACC_A_144,2026-08-26T00:00:00,PROD_143,973.35,DEV_A_19,ADDR_A_19,REFUNDED,1,1.0,HIGH
ORD_ACC_A_145_0,ACC_A_145,2026-08-31T00:00:00,PROD_143,467.93,DEV_A_19,ADDR_A_ALT_146,REFUNDED,1,1.0,HIGH
ORD_ACC_A_145_1,ACC_A_145,2026-08-29T00:00:00,PROD_143,1288.27,DEV_A_19,ADDR_A_ALT_146,REFUNDED,1,1.0,HIGH
ORD_ACC_A_145_2,ACC_A_145,2026-08-31T00:00:00,PROD_143,1059.88,DEV_A_19,ADDR_A_ALT_146,REFUNDED,1,1.0,HIGH
ORD_ACC_A_145_3,ACC_A_145,2026-08-17T00:00:00,PROD_143,1295.96,DEV_A_19,ADDR_A_ALT_146,COMPLETED,0,1.0,HIGH
ORD_ACC_A_145_4,ACC_A_145,2026-08-26T00:00:00,PROD_143,1381.78,DEV_A_19,ADDR_A_ALT_146,REFUNDED,1,1.0,HIGH
ORD_ACC_A_145_5,ACC_A_145,2026-08-23T00:00:00,PROD_143,495.85,DEV_A_19,ADDR_A_ALT_146,REFUNDED,1,1.0,HIGH
ORD_ACC_A_145_6,ACC_A_145,2026-08-23T00:00:00,PROD_143,330.45,DEV_A_19,ADDR_A_ALT_146,REFUNDED,1,1.0,HIGH
ORD_ACC_A_145_7,ACC_A_145,2026-08-26T00:00:00,PROD_143,540.63,DEV_A_19,ADDR_A_ALT_146,REFUNDED,1,1.0,HIGH
ORD_ACC_A_145_8,ACC_A_145,2026-08-23T00:00:00,PROD_143,605.02,DEV_A_19,ADDR_A_ALT_146,REFUNDED,1,1.0,HIGH
ORD_ACC_A_145_9,ACC_A_145,2026-08-30T00:00:00,PROD_143,363.94,DEV_A_19,ADDR_A_ALT_146,REFUNDED,1,1.0,HIGH
ORD_ACC_A_145_10,ACC_A_145,2026-08-19T00:00:00,PROD_143,712.8,DEV_A_19,ADDR_A_ALT_146,REFUNDED,1,1.0,HIGH
ORD_ACC_A_145_11,ACC_A_145,2026-08-31T00:00:00,PROD_139,1107.38,DEV_A_19,ADDR_A_ALT_146,REFUNDED,1,1.0,HIGH
ORD_ACC_A_146_0,ACC_A_146,2026-08-26T00:00:00,PROD_143,1148.12,DEV_A_ALT_147,ADDR_A_19,REFUNDED,1,1.0,HIGH
ORD_ACC_A_146_1,ACC_A_146,2026-08-20T00:00:00,PROD_143,1410.85,DEV_A_ALT_147,ADDR_A_19,REFUNDED,1,1.0,HIGH
ORD_ACC_A_146_2,ACC_A_146,2026-08-27T00:00:00,PROD_143,1128.97,DEV_A_ALT_147,ADDR_A_19,REFUNDED,1,1.0,HIGH
ORD_ACC_A_146_3,ACC_A_146,2026-08-28T00:00:00,PROD_143,1223.11,DEV_A_ALT_147,ADDR_A_19,REFUNDED,1,1.0,HIGH
ORD_ACC_A_146_4,ACC_A_146,2026-08-19T00:00:00,PROD_137,1184.02,DEV_A_ALT_147,ADDR_A_19,REFUNDED,1,1.0,HIGH
ORD_ACC_A_147_0,ACC_A_147,2026-08-27T00:00:00,PROD_143,1409.94,DEV_A_19,ADDR_A_19,REFUNDED,1,1.0,HIGH
ORD_ACC_A_147_1,ACC_A_147,2026-08-27T00:00:00,PROD_143,167.81,DEV_A_19,ADDR_A_19,COMPLETED,0,1.0,HIGH
ORD_ACC_A_147_2,ACC_A_147,2026-08-30T00:00:00,PROD_143,676.05,DEV_A_19,ADDR_A_19,REFUNDED,1,1.0,HIGH
ORD_ACC_A_147_3,ACC_A_147,2026-08-25T00:00:00,PROD_143,1238.22,DEV_A_19,ADDR_A_19,REFUNDED,1,1.0,HIGH
ORD_ACC_A_147_4,ACC_A_147,2026-08-27T00:00:00,PROD_143,221.17,DEV_A_19,ADDR_A_19,REFUNDED,1,1.0,HIGH
ORD_ACC_A_147_5,ACC_A_147,2026-08-27T00:00:00,PROD_143,410.56,DEV_A_19,ADDR_A_19,REFUNDED,1,1.0,HIGH
ORD_ACC_A_148_0,ACC_A_148,2026-08-30T00:00:00,PROD_144,1020.9,DEV_A_19,ADDR_A_19,COMPLETED,0,1.0,HIGH
ORD_ACC_A_148_1,ACC_A_148,2026-08-22T00:00:00,PROD_135,1464.93,DEV_A_19,ADDR_A_19,REFUNDED,1,1.0,HIGH
ORD_ACC_A_148_2,ACC_A_148,2026-08-26T00:00:00,PROD_143,144.42,DEV_A_19,ADDR_A_19,REFUNDED,1,1.0,HIGH
ORD_ACC_A_148_3,ACC_A_148,2026-08-27T00:00:00,PROD_143,634.06,DEV_A_19,ADDR_A_19,REFUNDED,1,1.0,HIGH
ORD_ACC_A_148_4,ACC_A_148,2026-08-23T00:00:00,PROD_143,726.84,DEV_A_19,ADDR_A_19,REFUNDED,1,1.0,HIGH
ORD_ACC_A_148_5,ACC_A_148,2026-08-28T00:00:00,PROD_143,435.79,DEV_A_19,ADDR_A_19,REFUNDED,1,1.0,HIGH
ORD_ACC_A_148_6,ACC_A_148,2026-08-31T00:00:00,PROD_143,493.67,DEV_A_19,ADDR_A_19,REFUNDED,1,1.0,HIGH
ORD_ACC_A_148_7,ACC_A_148,2026-08-20T00:00:00,PROD_143,825.4,DEV_A_19,ADDR_A_19,REFUNDED,1,1.0,HIGH
ORD_ACC_A_148_8,ACC_A_148,2026-08-31T00:00:00,PROD_143,1175.92,DEV_A_19,ADDR_A_19,REFUNDED,1,1.0,HIGH
ORD_ACC_A_148_9,ACC_A_148,2026-08-24T00:00:00,PROD_115,122.62,DEV_A_19,ADDR_A_19,REFUNDED,1,1.0,HIGH
ORD_ACC_A_148_10,ACC_A_148,2026-08-25T00:00:00,PROD_143,700.24,DEV_A_19,ADDR_A_19,REFUNDED,1,1.0,HIGH
ORD_ACC_A_149_0,ACC_A_149,2026-08-24T00:00:00,PROD_112,1127.17,DEV_A_19,ADDR_A_19,REFUNDED,1,1.0,HIGH
ORD_ACC_A_149_1,ACC_A_149,2026-08-23T00:00:00,PROD_112,140.52,DEV_A_19,ADDR_A_19,REFUNDED,1,1.0,HIGH
ORD_ACC_A_149_2,ACC_A_149,2026-08-18T00:00:00,PROD_112,876.65,DEV_A_19,ADDR_A_19,REFUNDED,1,1.0,HIGH
ORD_ACC_A_149_3,ACC_A_149,2026-08-17T00:00:00,PROD_143,1296.22,DEV_A_19,ADDR_A_19,REFUNDED,1,1.0,HIGH
ORD_ACC_A_149_4,ACC_A_149,2026-08-27T00:00:00,PROD_143,749.8,DEV_A_19,ADDR_A_19,REFUNDED,1,1.0,HIGH
ORD_ACC_A_149_5,ACC_A_149,2026-08-30T00:00:00,PROD_143,833.09,DEV_A_19,ADDR_A_19,COMPLETED,0,1.0,HIGH
ORD_ACC_A_149_6,ACC_A_149,2026-08-31T00:00:00,PROD_141,888.82,DEV_A_19,ADDR_A_19,REFUNDED,1,1.0,HIGH
ORD_ACC_A_149_7,ACC_A_149,2026-08-18T00:00:00,PROD_143,363.37,DEV_A_19,ADDR_A_19,REFUNDED,1,1.0,HIGH
ORD_ACC_A_149_8,ACC_A_149,2026-08-23T00:00:00,PROD_143,1008.48,DEV_A_19,ADDR_A_19,REFUNDED,1,1.0,HIGH
ORD_ACC_A_149_9,ACC_A_149,2026-08-31T00:00:00,PROD_132,119.28,DEV_A_19,ADDR_A_19,REFUNDED,1,1.0,HIGH
ORD_ACC_A_149_10,ACC_A_149,2026-08-17T00:00:00,PROD_143,1369.63,DEV_A_19,ADDR_A_19,REFUNDED,1,1.0,HIGH
ORD_ACC_A_149_11,ACC_A_149,2026-08-26T00:00:00,PROD_143,340.6,DEV_A_19,ADDR_A_19,REFUNDED,1,1.0,HIGH
ORD_ACC_A_149_12,ACC_A_149,2026-08-25T00:00:00,PROD_143,864.3,DEV_A_19,ADDR_A_19,REFUNDED,1,1.0,HIGH
ORD_ACC_A_149_13,ACC_A_149,2026-08-29T00:00:00,PROD_143,983.81,DEV_A_19,ADDR_A_19,REFUNDED,1,1.0,HIGH
ORD_ACC_A_149_14,ACC_A_149,2026-08-22T00:00:00,PROD_143,720.01,DEV_A_19,ADDR_A_19,REFUNDED,1,1.0,HIGH
ORD_ACC_A_150_0,ACC_A_150,2026-08-17T00:00:00,PROD_143,1290.32,DEV_A_19,ADDR_A_19,COMPLETED,0,1.0,HIGH
ORD_ACC_A_150_1,ACC_A_150,2026-08-17T00:00:00,PROD_143,842.99,DEV_A_19,ADDR_A_19,REFUNDED,1,1.0,HIGH
ORD_ACC_A_150_2,ACC_A_150,2026-08-17T00:00:00,PROD_143,1422.02,DEV_A_19,ADDR_A_19,REFUNDED,1,1.0,HIGH
ORD_ACC_A_150_3,ACC_A_150,2026-08-23T00:00:00,PROD_140,628.01,DEV_A_19,ADDR_A_19,REFUNDED,1,1.0,HIGH
ORD_ACC_A_150_4,ACC_A_150,2026-08-25T00:00:00,PROD_143,183.83,DEV_A_19,ADDR_A_19,REFUNDED,1,1.0,HIGH
ORD_ACC_A_150_5,ACC_A_150,2026-08-25T00:00:00,PROD_143,1084.53,DEV_A_19,ADDR_A_19,REFUNDED,1,1.0,HIGH
ORD_ACC_A_150_6,ACC_A_150,2026-08-26T00:00:00,PROD_143,1390.66,DEV_A_19,ADDR_A_19,REFUNDED,1,1.0,HIGH
ORD_ACC_A_150_7,ACC_A_150,2026-08-28T00:00:00,PROD_100,996.48,DEV_A_19,ADDR_A_19,REFUNDED,1,1.0,HIGH
ORD_ACC_A_150_8,ACC_A_150,2026-08-24T00:00:00,PROD_143,833.65,DEV_A_19,ADDR_A_19,COMPLETED,0,1.0,HIGH
ORD_ACC_A_150_9,ACC_A_150,2026-08-26T00:00:00,PROD_143,1088.45,DEV_A_19,ADDR_A_19,REFUNDED,1,1.0,HIGH
ORD_ACC_A_150_10,ACC_A_150,2026-08-25T00:00:00,PROD_143,1128.93,DEV_A_19,ADDR_A_19,COMPLETED,0,1.0,HIGH
ORD_ACC_A_150_11,ACC_A_150,2026-08-31T00:00:00,PROD_143,502.26,DEV_A_19,ADDR_A_19,COMPLETED,0,1.0,HIGH
ORD_ACC_A_150_12,ACC_A_150,2026-08-26T00:00:00,PROD_143,781.26,DEV_A_19,ADDR_A_19,COMPLETED,0,1.0,HIGH
ORD_ACC_A_150_13,ACC_A_150,2026-08-21T00:00:00,PROD_143,1127.6,DEV_A_19,ADDR_A_19,REFUNDED,1,1.0,HIGH
ORD_ACC_A_150_14,ACC_A_150,2026-08-30T00:00:00,PROD_143,1277.02,DEV_A_19,ADDR_A_19,REFUNDED,1,1.0,HIGH
ORD_ACC_A_150_15,ACC_A_150,2026-08-27T00:00:00,PROD_116,772.66,DEV_A_19,ADDR_A_19,REFUNDED,1,1.0,HIGH
ORD_ACC_A_150_16,ACC_A_150,2026-08-28T00:00:00,PROD_143,1269.09,DEV_A_19,ADDR_A_19,REFUNDED,1,1.0,HIGH
ORD_ACC_A_150_17,ACC_A_150,2026-08-28T00:00:00,PROD_143,1111.38,DEV_A_19,ADDR_A_19,REFUNDED,1,1.0,HIGH
ORD_ACC_A_150_18,ACC_A_150,2026-08-25T00:00:00,PROD_143,708.58,DEV_A_19,ADDR_A_19,REFUNDED,1,1.0,HIGH
ORD_ACC_A_150_19,ACC_A_150,2026-08-17T00:00:00,PROD_125,1374.6,DEV_A_19,ADDR_A_19,REFUNDED,1,1.0,HIGH
ORD_ACC_A_150_20,ACC_A_150,2026-08-17T00:00:00,PROD_143,118.97,DEV_A_19,ADDR_A_19,REFUNDED,1,1.0,HIGH
ORD_ACC_A_150_21,ACC_A_150,2026-08-25T00:00:00,PROD_143,1458.73,DEV_A_19,ADDR_A_19,REFUNDED,1,1.0,HIGH
ORD_ACC_A_151_0,ACC_A_151,2026-08-29T00:00:00,PROD_109,542.53,DEV_A_19,ADDR_A_19,REFUNDED,1,1.0,HIGH
ORD_ACC_A_151_1,ACC_A_151,2026-08-26T00:00:00,PROD_143,887.1,DEV_A_19,ADDR_A_19,REFUNDED,1,1.0,HIGH
ORD_ACC_A_151_2,ACC_A_151,2026-08-22T00:00:00,PROD_143,949.94,DEV_A_19,ADDR_A_19,COMPLETED,0,1.0,HIGH
ORD_ACC_A_151_3,ACC_A_151,2026-08-25T00:00:00,PROD_143,761.05,DEV_A_19,ADDR_A_19,REFUNDED,1,1.0,HIGH
ORD_ACC_A_151_4,ACC_A_151,2026-08-30T00:00:00,PROD_143,540.21,DEV_A_19,ADDR_A_19,REFUNDED,1,1.0,HIGH
ORD_ACC_A_151_5,ACC_A_151,2026-08-24T00:00:00,PROD_143,1104.18,DEV_A_19,ADDR_A_19,COMPLETED,0,1.0,HIGH
ORD_ACC_A_151_6,ACC_A_151,2026-08-21T00:00:00,PROD_143,852.57,DEV_A_19,ADDR_A_19,REFUNDED,1,1.0,HIGH
ORD_ACC_A_151_7,ACC_A_151,2026-08-28T00:00:00,PROD_143,1268.04,DEV_A_19,ADDR_A_19,REFUNDED,1,1.0,HIGH
ORD_ACC_A_151_8,ACC_A_151,2026-08-29T00:00:00,PROD_143,317.19,DEV_A_19,ADDR_A_19,REFUNDED,1,1.0,HIGH
ORD_ACC_A_151_9,ACC_A_151,2026-08-29T00:00:00,PROD_103,888.2,DEV_A_19,ADDR_A_19,COMPLETED,0,1.0,HIGH
ORD_ACC_A_151_10,ACC_A_151,2026-08-28T00:00:00,PROD_143,604.56,DEV_A_19,ADDR_A_19,REFUNDED,1,1.0,HIGH
ORD_ACC_A_151_11,ACC_A_151,2026-08-23T00:00:00,PROD_143,1379.48,DEV_A_19,ADDR_A_19,REFUNDED,1,1.0,HIGH
ORD_ACC_A_151_12,ACC_A_151,2026-08-27T00:00:00,PROD_143,1265.41,DEV_A_19,ADDR_A_19,REFUNDED,1,1.0,HIGH
ORD_ACC_A_151_13,ACC_A_151,2026-08-28T00:00:00,PROD_143,977.66,DEV_A_19,ADDR_A_19,REFUNDED,1,1.0,HIGH
ORD_ACC_A_151_14,ACC_A_151,2026-08-30T00:00:00,PROD_124,308.1,DEV_A_19,ADDR_A_19,REFUNDED,1,1.0,HIGH
ORD_ACC_A_151_15,ACC_A_151,2026-08-22T00:00:00,PROD_143,1219.13,DEV_A_19,ADDR_A_19,REFUNDED,1,1.0,HIGH
ORD_ACC_A_151_16,ACC_A_151,2026-08-22T00:00:00,PROD_143,1369.9,DEV_A_19,ADDR_A_19,REFUNDED,1,1.0,HIGH
ORD_ACC_A_151_17,ACC_A_151,2026-08-25T00:00:00,PROD_143,649.12,DEV_A_19,ADDR_A_19,REFUNDED,1,1.0,HIGH
ORD_ACC_A_151_18,ACC_A_151,2026-08-27T00:00:00,PROD_102,575.75,DEV_A_19,ADDR_A_19,REFUNDED,1,1.0,HIGH
ORD_ACC_A_151_19,ACC_A_151,2026-08-30T00:00:00,PROD_143,764.4,DEV_A_19,ADDR_A_19,REFUNDED,1,1.0,HIGH
ORD_ACC_A_151_20,ACC_A_151,2026-08-29T00:00:00,PROD_148,1016.33,DEV_A_19,ADDR_A_19,COMPLETED,0,1.0,HIGH
ORD_ACC_A_151_21,ACC_A_151,2026-08-21T00:00:00,PROD_143,1067.23,DEV_A_19,ADDR_A_19,REFUNDED,1,1.0,HIGH
ORD_ACC_A_151_22,ACC_A_151,2026-08-29T00:00:00,PROD_143,1249.88,DEV_A_19,ADDR_A_19,REFUNDED,1,1.0,HIGH
ORD_ACC_A_151_23,ACC_A_151,2026-08-21T00:00:00,PROD_143,1402.91,DEV_A_19,ADDR_A_19,REFUNDED,1,1.0,HIGH
ORD_ACC_A_151_24,ACC_A_151,2026-08-29T00:00:00,PROD_143,252.61,DEV_A_19,ADDR_A_19,COMPLETED,0,1.0,HIGH
ORD_ACC_A_152_0,ACC_A_152,2026-08-31T00:00:00,PROD_143,978.08,DEV_A_19,ADDR_A_19,REFUNDED,1,1.0,HIGH
ORD_ACC_A_152_1,ACC_A_152,2026-08-31T00:00:00,PROD_143,1239.27,DEV_A_19,ADDR_A_19,REFUNDED,1,1.0,HIGH
ORD_ACC_A_152_2,ACC_A_152,2026-08-31T00:00:00,PROD_126,995.06,DEV_A_19,ADDR_A_19,REFUNDED,1,1.0,HIGH
ORD_ACC_A_152_3,ACC_A_152,2026-08-31T00:00:00,PROD_143,306.77,DEV_A_19,ADDR_A_19,REFUNDED,1,1.0,HIGH
ORD_ACC_A_152_4,ACC_A_152,2026-08-31T00:00:00,PROD_143,534.16,DEV_A_19,ADDR_A_19,REFUNDED,1,1.0,HIGH
ORD_ACC_A_152_5,ACC_A_152,2026-08-30T00:00:00,PROD_143,296.21,DEV_A_19,ADDR_A_19,REFUNDED,1,1.0,HIGH
ORD_ACC_A_152_6,ACC_A_152,2026-08-31T00:00:00,PROD_143,1286.31,DEV_A_19,ADDR_A_19,COMPLETED,0,1.0,HIGH
ORD_ACC_A_152_7,ACC_A_152,2026-08-30T00:00:00,PROD_143,1040.68,DEV_A_19,ADDR_A_19,REFUNDED,1,1.0,HIGH
ORD_ACC_A_152_8,ACC_A_152,2026-08-31T00:00:00,PROD_143,319.75,DEV_A_19,ADDR_A_19,REFUNDED,1,1.0,HIGH
ORD_ACC_A_152_9,ACC_A_152,2026-08-31T00:00:00,PROD_134,1103.87,DEV_A_19,ADDR_A_19,COMPLETED,0,1.0,HIGH
ORD_ACC_A_152_10,ACC_A_152,2026-08-30T00:00:00,PROD_131,580.71,DEV_A_19,ADDR_A_19,REFUNDED,1,1.0,HIGH
ORD_ACC_A_152_11,ACC_A_152,2026-08-31T00:00:00,PROD_143,183.07,DEV_A_19,ADDR_A_19,REFUNDED,1,1.0,HIGH
ORD_ACC_A_152_12,ACC_A_152,2026-08-31T00:00:00,PROD_110,1447.16,DEV_A_19,ADDR_A_19,COMPLETED,0,1.0,HIGH
ORD_ACC_A_152_13,ACC_A_152,2026-08-31T00:00:00,PROD_143,169.63,DEV_A_19,ADDR_A_19,COMPLETED,0,1.0,HIGH
ORD_ACC_A_152_14,ACC_A_152,2026-08-30T00:00:00,PROD_143,1119.95,DEV_A_19,ADDR_A_19,REFUNDED,1,1.0,HIGH
ORD_ACC_A_152_15,ACC_A_152,2026-08-30T00:00:00,PROD_143,741.18,DEV_A_19,ADDR_A_19,REFUNDED,1,1.0,HIGH
ORD_ACC_A_152_16,ACC_A_152,2026-08-31T00:00:00,PROD_143,419.06,DEV_A_19,ADDR_A_19,REFUNDED,1,1.0,HIGH
ORD_ACC_A_152_17,ACC_A_152,2026-08-30T00:00:00,PROD_131,1050.75,DEV_A_19,ADDR_A_19,REFUNDED,1,1.0,HIGH
ORD_ACC_A_152_18,ACC_A_152,2026-08-31T00:00:00,PROD_143,512.91,DEV_A_19,ADDR_A_19,COMPLETED,0,1.0,HIGH
ORD_ACC_A_153_0,ACC_A_153,2026-08-20T00:00:00,PROD_143,483.53,DEV_A_19,ADDR_A_19,REFUNDED,1,1.0,HIGH
ORD_ACC_A_153_1,ACC_A_153,2026-08-21T00:00:00,PROD_126,1182.98,DEV_A_19,ADDR_A_19,REFUNDED,1,1.0,HIGH
ORD_ACC_A_153_2,ACC_A_153,2026-08-21T00:00:00,PROD_143,1357.05,DEV_A_19,ADDR_A_19,REFUNDED,1,1.0,HIGH
ORD_ACC_A_153_3,ACC_A_153,2026-08-22T00:00:00,PROD_143,901.23,DEV_A_19,ADDR_A_19,REFUNDED,1,1.0,HIGH
ORD_ACC_A_153_4,ACC_A_153,2026-08-22T00:00:00,PROD_143,811.01,DEV_A_19,ADDR_A_19,REFUNDED,1,1.0,HIGH
ORD_ACC_A_153_5,ACC_A_153,2026-08-21T00:00:00,PROD_143,463.54,DEV_A_19,ADDR_A_19,REFUNDED,1,1.0,HIGH
ORD_ACC_A_153_6,ACC_A_153,2026-08-26T00:00:00,PROD_143,808.29,DEV_A_19,ADDR_A_19,COMPLETED,0,1.0,HIGH
ORD_ACC_A_153_7,ACC_A_153,2026-08-19T00:00:00,PROD_118,170.44,DEV_A_19,ADDR_A_19,COMPLETED,0,1.0,HIGH
ORD_ACC_A_153_8,ACC_A_153,2026-08-23T00:00:00,PROD_143,929.0,DEV_A_19,ADDR_A_19,REFUNDED,1,1.0,HIGH
ORD_ACC_A_153_9,ACC_A_153,2026-08-22T00:00:00,PROD_133,902.17,DEV_A_19,ADDR_A_19,REFUNDED,1,1.0,HIGH
ORD_ACC_A_153_10,ACC_A_153,2026-08-28T00:00:00,PROD_122,470.3,DEV_A_19,ADDR_A_19,COMPLETED,0,1.0,HIGH
ORD_ACC_A_153_11,ACC_A_153,2026-08-30T00:00:00,PROD_143,1010.92,DEV_A_19,ADDR_A_19,COMPLETED,0,1.0,HIGH
ORD_ACC_A_153_12,ACC_A_153,2026-08-28T00:00:00,PROD_129,1386.78,DEV_A_19,ADDR_A_19,REFUNDED,1,1.0,HIGH
ORD_ACC_A_153_13,ACC_A_153,2026-08-23T00:00:00,PROD_143,1181.04,DEV_A_19,ADDR_A_19,REFUNDED,1,1.0,HIGH
ORD_ACC_A_153_14,ACC_A_153,2026-08-20T00:00:00,PROD_143,435.08,DEV_A_19,ADDR_A_19,REFUNDED,1,1.0,HIGH
ORD_ACC_A_153_15,ACC_A_153,2026-08-26T00:00:00,PROD_117,1406.14,DEV_A_19,ADDR_A_19,REFUNDED,1,1.0,HIGH
ORD_ACC_A_153_16,ACC_A_153,2026-08-22T00:00:00,PROD_146,128.77,DEV_A_19,ADDR_A_19,REFUNDED,1,1.0,HIGH
ORD_ACC_A_154_0,ACC_A_154,2026-08-30T00:00:00,PROD_143,650.83,DEV_A_19,ADDR_A_19,REFUNDED,1,1.0,HIGH
ORD_ACC_A_154_1,ACC_A_154,2026-08-29T00:00:00,PROD_132,458.44,DEV_A_19,ADDR_A_19,REFUNDED,1,1.0,HIGH
ORD_ACC_A_154_2,ACC_A_154,2026-08-28T00:00:00,PROD_143,989.91,DEV_A_19,ADDR_A_19,REFUNDED,1,1.0,HIGH
ORD_ACC_A_154_3,ACC_A_154,2026-08-31T00:00:00,PROD_146,721.53,DEV_A_19,ADDR_A_19,REFUNDED,1,1.0,HIGH
ORD_ACC_A_154_4,ACC_A_154,2026-08-28T00:00:00,PROD_143,1405.7,DEV_A_19,ADDR_A_19,REFUNDED,1,1.0,HIGH
ORD_ACC_A_154_5,ACC_A_154,2026-08-28T00:00:00,PROD_143,351.03,DEV_A_19,ADDR_A_19,REFUNDED,1,1.0,HIGH
ORD_ACC_A_154_6,ACC_A_154,2026-08-30T00:00:00,PROD_143,698.38,DEV_A_19,ADDR_A_19,REFUNDED,1,1.0,HIGH
ORD_ACC_A_155_0,ACC_A_155,2026-08-31T00:00:00,PROD_143,717.3,DEV_A_19,ADDR_A_19,COMPLETED,0,1.0,HIGH
ORD_ACC_A_155_1,ACC_A_155,2026-08-30T00:00:00,PROD_143,328.32,DEV_A_19,ADDR_A_19,COMPLETED,0,1.0,HIGH
ORD_ACC_A_155_2,ACC_A_155,2026-08-30T00:00:00,PROD_143,1270.12,DEV_A_19,ADDR_A_19,REFUNDED,1,1.0,HIGH
ORD_ACC_A_155_3,ACC_A_155,2026-08-30T00:00:00,PROD_137,606.73,DEV_A_19,ADDR_A_19,REFUNDED,1,1.0,HIGH
ORD_ACC_A_155_4,ACC_A_155,2026-08-30T00:00:00,PROD_143,733.32,DEV_A_19,ADDR_A_19,REFUNDED,1,1.0,HIGH
ORD_ACC_A_155_5,ACC_A_155,2026-08-30T00:00:00,PROD_143,1232.0,DEV_A_19,ADDR_A_19,REFUNDED,1,1.0,HIGH
ORD_ACC_A_155_6,ACC_A_155,2026-08-30T00:00:00,PROD_143,246.52,DEV_A_19,ADDR_A_19,REFUNDED,1,1.0,HIGH
ORD_ACC_A_155_7,ACC_A_155,2026-08-30T00:00:00,PROD_147,1399.93,DEV_A_19,ADDR_A_19,REFUNDED,1,1.0,HIGH
ORD_ACC_A_155_8,ACC_A_155,2026-08-31T00:00:00,PROD_143,605.56,DEV_A_19,ADDR_A_19,REFUNDED,1,1.0,HIGH
ORD_ACC_A_155_9,ACC_A_155,2026-08-31T00:00:00,PROD_114,1466.43,DEV_A_19,ADDR_A_19,REFUNDED,1,1.0,HIGH
ORD_ACC_A_155_10,ACC_A_155,2026-08-31T00:00:00,PROD_143,997.6,DEV_A_19,ADDR_A_19,REFUNDED,1,1.0,HIGH
ORD_ACC_A_155_11,ACC_A_155,2026-08-31T00:00:00,PROD_143,962.77,DEV_A_19,ADDR_A_19,REFUNDED,1,1.0,HIGH
ORD_ACC_A_155_12,ACC_A_155,2026-08-30T00:00:00,PROD_143,605.09,DEV_A_19,ADDR_A_19,REFUNDED,1,1.0,HIGH
ORD_ACC_A_155_13,ACC_A_155,2026-08-31T00:00:00,PROD_143,1200.25,DEV_A_19,ADDR_A_19,REFUNDED,1,1.0,HIGH
ORD_ACC_A_155_14,ACC_A_155,2026-08-30T00:00:00,PROD_143,1342.93,DEV_A_19,ADDR_A_19,REFUNDED,1,1.0,HIGH
ORD_ACC_A_155_15,ACC_A_155,2026-08-31T00:00:00,PROD_143,1175.83,DEV_A_19,ADDR_A_19,REFUNDED,1,1.0,HIGH
ORD_ACC_A_155_16,ACC_A_155,2026-08-31T00:00:00,PROD_126,817.83,DEV_A_19,ADDR_A_19,REFUNDED,1,1.0,HIGH
ORD_ACC_A_155_17,ACC_A_155,2026-08-31T00:00:00,PROD_131,959.69,DEV_A_19,ADDR_A_19,REFUNDED,1,1.0,HIGH
ORD_ACC_A_155_18,ACC_A_155,2026-08-31T00:00:00,PROD_143,338.85,DEV_A_19,ADDR_A_19,REFUNDED,1,1.0,HIGH
ORD_ACC_A_155_19,ACC_A_155,2026-08-30T00:00:00,PROD_143,501.78,DEV_A_19,ADDR_A_19,REFUNDED,1,1.0,HIGH
